1675373701.364185,13177.0,-807.0,2181.0,354.25,-5.6875,-79.0625,-1.0,-4.0,1.0,0x684a
1675373701.4891121,9092.0,-1761.0,2393.0,276.375,-9.9375,99.75,0.0,6.0,1.0,0x683f
1675373701.611053,10707.0,-3635.0,2176.0,354.125,-5.5625,-79.0625,0.0,-1.0,-6.0,0x684a
1675373701.743097,8982.0,-1716.0,2384.0,276.5,-9.9375,100.0,-2.0,7.0,12.0,0x683f
1675373701.861423,11355.0,-3394.0,2362.0,354.125,-5.375,-79.25,0.0,-4.0,0.0,0x684a
1675373701.977309,9036.0,-1736.0,2393.0,276.875,-9.6875,100.1875,1.0,10.0,0.0,0x683f
1675373702.0885499,8631.0,2477.0,985.0,354.1875,-5.4375,-79.25,0.0,-5.0,-2.0,0x684a
1675373702.200713,8604.0,3406.0,694.0,277.1875,-9.5,100.25,9.0,7.0,3.0,0x683f
1675373702.310409,8951.0,2621.0,973.0,354.1875,-5.5,-79.25,-4.0,-2.0,0.0,0x684a
1675373702.421301,8580.0,3413.0,769.0,276.9375,-9.5625,100.125,-11.0,5.0,0.0,0x683f
1675373702.529887,9037.0,2673.0,987.0,353.8125,-5.375,-79.1875,-3.0,-5.0,-10.0,0x684a
1675373702.643877,8577.0,3369.0,691.0,276.25,-9.625,100.125,-7.0,4.0,0.0,0x683f
1675373702.754866,8766.0,2508.0,982.0,353.4375,-5.25,-79.125,-7.0,-2.0,-14.0,0x684a
1675373702.86687,8616.0,3412.0,765.0,275.9375,-9.75,100.0625,-8.0,6.0,0.0,0x683f
1675373702.978146,8982.0,2692.0,945.0,353.6875,-5.125,-78.9375,-3.0,-4.0,2.0,0x684a
1675373703.088341,8543.0,3362.0,799.0,276.0,-9.75,100.0,-4.0,7.0,0.0,0x683f
1675373703.198909,9099.0,2605.0,856.0,354.0,-5.125,-78.875,-2.0,-4.0,-7.0,0x684a
1675373703.312323,8604.0,3358.0,714.0,276.1875,-9.75,100.0625,-1.0,5.0,-2.0,0x683f
1675373703.4232042,9117.0,2661.0,828.0,354.0,-5.125,-78.875,-2.0,-3.0,-6.0,0x684a
1675373703.5350459,8614.0,3398.0,675.0,276.0,-9.8125,100.0625,-3.0,5.0,-6.0,0x683f
1675373703.6464362,9150.0,2815.0,962.0,353.5625,-5.1875,-78.75,-4.0,-4.0,0.0,0x684a
1675373703.756951,8594.0,3391.0,678.0,276.125,-9.9375,100.125,-4.0,5.0,3.0,0x683f
1675373703.866772,8971.0,2677.0,987.0,353.625,-5.1875,-78.75,-4.0,-4.0,-5.0,0x684a
1675373703.976504,8557.0,3372.0,731.0,276.3125,-9.9375,100.125,-7.0,7.0,1.0,0x683f
1675373704.0850291,8963.0,2709.0,953.0,353.6875,-5.1875,-78.6875,-4.0,-2.0,9.0,0x684a
1675373704.193536,8577.0,3387.0,697.0,276.4375,-9.875,100.125,-8.0,9.0,-2.0,0x683f
1675373704.3031738,8689.0,2569.0,1033.0,353.9375,-5.125,-78.875,-8.0,-6.0,2.0,0x684a
1675373704.412832,8516.0,3362.0,736.0,276.6875,-9.875,100.25,-8.0,10.0,-1.0,0x683f
1675373704.521761,9000.0,2754.0,1011.0,354.0625,-5.0625,-79.0625,0.0,-2.0,0.0,0x684a
1675373704.632603,8541.0,3378.0,734.0,276.9375,-9.875,100.25,-10.0,5.0,-2.0,0x683f
1675373704.743777,8636.0,2512.0,1087.0,354.1875,-5.0,-79.0625,-5.0,0.0,-5.0,0x684a
1675373704.853296,8559.0,3337.0,716.0,276.9375,-9.875,100.3125,-8.0,6.0,-3.0,0x683f
1675373704.963985,8632.0,2524.0,1083.0,354.1875,-4.9375,-78.875,-1.0,-4.0,18.0,0x684a
1675373705.0735931,8613.0,3379.0,646.0,276.75,-9.9375,100.375,2.0,3.0,-3.0,0x683f
1675373705.213684,8364.0,2202.0,1020.0,353.9375,-4.8125,-79.0,-1.0,1.0,-2.0,0x684a
1675373705.324146,8606.0,3413.0,700.0,276.5625,-9.8125,100.5,-12.0,7.0,-4.0,0x683f
1675373705.441279,8434.0,2331.0,1040.0,353.4375,-4.5625,-79.1875,1.0,-2.0,-2.0,0x684a
1675373705.551372,8566.0,3350.0,734.0,276.3125,-9.8125,100.5,0.0,3.0,0.0,0x683f
1675373705.662517,8528.0,2457.0,1092.0,353.375,-4.5,-79.125,-1.0,-5.0,-1.0,0x684a
1675373705.771625,8607.0,3393.0,717.0,276.25,-9.6875,100.4375,-9.0,5.0,0.0,0x683f
1675373705.8823192,8449.0,2305.0,1060.0,353.625,-4.5625,-78.9375,-1.0,2.0,6.0,0x684a
1675373705.993531,8673.0,3400.0,684.0,276.0,-9.6875,100.375,-7.0,1.0,1.0,0x683f
1675373706.1034722,8596.0,2545.0,1138.0,353.4375,-4.625,-78.4375,7.0,-10.0,28.0,0x684a
1675373706.21446,8589.0,3388.0,671.0,277.1875,-9.5,100.375,-36.0,26.0,24.0,0x683f
1675373706.3249211,8507.0,2485.0,1087.0,353.4375,-4.8125,-78.9375,3.0,6.0,-7.0,0x684a
1675373706.437415,8611.0,3393.0,657.0,277.125,-9.625,100.25,-21.0,7.0,0.0,0x683f
1675373706.552635,8493.0,2369.0,1043.0,353.3125,-4.9375,-78.5625,0.0,-1.0,4.0,0x684a
1675373706.663035,8590.0,3417.0,683.0,276.5625,-10.0,100.25,8.0,9.0,7.0,0x683f
1675373706.7728488,8856.0,2542.0,900.0,353.25,-4.6875,-78.4375,-9.0,-14.0,-21.0,0x684a
1675373706.884338,8515.0,3373.0,734.0,276.5625,-10.0625,100.1875,-7.0,7.0,3.0,0x683f
1675373706.995817,8336.0,2226.0,963.0,353.3125,-4.75,-78.375,2.0,-7.0,11.0,0x684a
1675373707.105275,8564.0,3374.0,691.0,277.1875,-10.125,100.3125,-18.0,15.0,-17.0,0x683f
1675373707.21711,8446.0,2363.0,970.0,353.3125,-4.75,-78.3125,0.0,-2.0,-1.0,0x684a
1675373707.327771,8562.0,3394.0,689.0,276.625,-10.1875,100.4375,-6.0,8.0,-2.0,0x683f
1675373707.441854,8573.0,2567.0,1134.0,353.5625,-4.625,-78.125,-5.0,-6.0,5.0,0x684a
1675373707.553375,8510.0,3376.0,769.0,276.5,-10.1875,100.4375,9.0,8.0,0.0,0x683f
1675373707.663061,8637.0,2677.0,1114.0,353.5,-4.625,-78.1875,6.0,-3.0,2.0,0x684a
1675373707.773421,8622.0,3414.0,680.0,276.875,-10.1875,100.5,-13.0,9.0,0.0,0x683f
1675373707.882812,8467.0,2439.0,1042.0,353.6875,-4.5625,-78.25,2.0,-4.0,3.0,0x684a
1675373707.9933052,8509.0,3356.0,743.0,277.625,-10.25,100.5625,-17.0,7.0,0.0,0x683f
1675373708.102974,8869.0,2802.0,1161.0,354.0,-4.5,-78.375,-3.0,-3.0,0.0,0x684a
1675373708.212456,8372.0,3628.0,432.0,269.875,-11.9375,96.75,-105.0,-403.0,33.0,0x683f
1675373708.321505,8662.0,2682.0,1103.0,353.875,-4.375,-77.8125,0.0,-2.0,-15.0,0x684a
1675373708.429782,8411.0,3455.0,946.0,235.9375,-26.6875,60.3125,-182.0,60.0,-68.0,0x683f
1675373708.541147,8582.0,2488.0,1083.0,356.1875,-4.875,-77.4375,14.0,5.0,-8.0,0x684a
1675373708.6507452,8718.0,3104.0,1015.0,207.4375,-36.9375,12.125,300.0,298.0,-302.0,0x683f
1675373708.761305,8636.0,2506.0,1062.0,356.1875,-6.0,-78.9375,7.0,-16.0,23.0,0x684a
1675373708.8714619,8833.0,3220.0,970.0,210.0625,-17.125,31.75,62.0,-238.0,141.0,0x683f
1675373708.984831,8655.0,2636.0,1091.0,353.4375,-6.9375,-79.1875,-4.0,5.0,-16.0,0x684a
1675373709.094273,8807.0,2971.0,1052.0,214.0625,-24.875,30.8125,-154.0,-299.0,107.0,0x683f
1675373709.205407,8823.0,2612.0,947.0,350.8125,-7.4375,-80.25,-34.0,-45.0,-64.0,0x684a
1675373709.3139358,8824.0,3056.0,1130.0,199.5,-35.0625,21.5625,-373.0,523.0,-280.0,0x683f
1675373709.423625,8860.0,2761.0,943.0,350.8125,-6.125,-81.5625,13.0,7.0,-11.0,0x684a
1675373709.5330062,8667.0,2789.0,1087.0,184.875,-19.5625,32.625,25.0,54.0,-120.0,0x683f
1675373709.643438,8716.0,2500.0,864.0,350.1875,-5.125,-83.3125,-2.0,-20.0,24.0,0x684a
1675373709.754082,8546.0,2896.0,1009.0,166.875,-13.8125,41.5,74.0,-92.0,-80.0,0x683f
1675373709.8647559,8885.0,2654.0,849.0,349.375,-4.625,-84.0,32.0,7.0,-4.0,0x684a
1675373709.9748302,8607.0,2974.0,883.0,166.0,-10.8125,39.75,-94.0,-58.0,78.0,0x683f
1675373710.085338,9054.0,2820.0,1021.0,348.0625,-4.3125,-84.875,7.0,-7.0,21.0,0x684a
1675373710.201327,8579.0,2848.0,1084.0,165.375,-1.625,31.5,216.0,187.0,-497.0,0x683f
1675373710.311326,8650.0,2561.0,880.0,344.0625,-3.9375,-85.4375,-25.0,22.0,-26.0,0x684a
1675373710.4250739,8730.0,3033.0,953.0,166.0625,-3.375,28.5,-121.0,-85.0,22.0,0x683f
1675373710.532593,8855.0,2571.0,769.0,342.0625,-3.6875,-85.9375,-21.0,0.0,-66.0,0x684a
1675373710.644782,8641.0,2720.0,1032.0,166.0,-5.75,28.875,-198.0,-435.0,564.0,0x683f
1675373710.7560298,8675.0,2541.0,793.0,343.0,-3.5625,-85.875,36.0,-4.0,-26.0,0x684a
1675373710.8664541,8501.0,2587.0,949.0,164.625,-6.875,30.9375,-959.0,509.0,2162.0,0x683f
1675373710.9805481,8866.0,2906.0,989.0,344.5625,-4.625,-85.9375,64.0,47.0,4.0,0x684a
1675373711.1037812,8446.0,2433.0,1054.0,161.4375,-4.875,30.5,-7.0,-64.0,2470.0,0x683f
1675373711.219457,8952.0,2704.0,1044.0,345.125,-5.3125,-85.8125,90.0,116.0,-22.0,0x684a
1675373711.36449,8513.0,2690.0,841.0,159.4375,-1.3125,32.5625,-724.0,-227.0,1689.0,0x683f
1675373711.480544,8901.0,2751.0,838.0,342.625,-3.375,-85.1875,38.0,65.0,-68.0,0x684a
1675373711.595687,8699.0,2796.0,832.0,162.625,-3.0625,29.5625,-1439.0,-392.0,2616.0,0x683f
1675373711.7092469,8908.0,2732.0,888.0,343.125,-2.6875,-84.6875,86.0,119.0,22.0,0x684a
1675373711.82203,8763.0,2640.0,1080.0,159.375,3.875,25.5,-998.0,-877.0,2330.0,0x683f
1675373711.93206,8772.0,2542.0,778.0,341.0625,-2.3125,-85.4375,30.0,122.0,41.0,0x684a
1675373712.0424771,8980.0,2706.0,1149.0,158.375,4.9375,24.75,-434.0,-525.0,848.0,0x683f
1675373712.1528032,9080.0,2691.0,787.0,336.6875,-1.875,-85.25,-109.0,-67.0,-73.0,0x684a
1675373712.263529,8854.0,2860.0,724.0,157.625,6.75,24.125,-98.0,-146.0,-374.0,0x683f
1675373712.372351,8931.0,2586.0,736.0,333.875,-1.3125,-85.5,-82.0,-38.0,-111.0,0x684a
1675373712.4821918,8725.0,2918.0,835.0,156.0625,6.75,25.3125,-167.0,-8.0,-551.0,0x683f
1675373712.593078,9197.0,2621.0,789.0,335.5625,-2.75,-85.5625,-108.0,-32.0,-113.0,0x684a
1675373712.7022562,8498.0,2978.0,699.0,153.375,9.4375,21.625,170.0,341.0,-1695.0,0x683f
1675373712.813144,9421.0,2662.0,960.0,336.625,-2.8125,-85.5,-189.0,-52.0,-149.0,0x684a
1675373712.927634,8809.0,2615.0,983.0,152.0,8.25,23.9375,427.0,369.0,-1502.0,0x683f
1675373713.03707,9218.0,2669.0,880.0,338.75,-1.625,-85.3125,-77.0,-78.0,-91.0,0x684a
1675373713.148235,8740.0,2761.0,853.0,149.4375,11.0625,25.8125,606.0,340.0,-1398.0,0x683f
1675373713.258208,9147.0,2794.0,827.0,340.0,-1.9375,-85.0,21.0,-80.0,-22.0,0x684a
1675373713.370188,8782.0,2847.0,867.0,150.6875,5.9375,28.875,178.0,399.0,-698.0,0x683f
1675373713.481822,8900.0,2726.0,828.0,341.3125,-1.5,-86.1875,-31.0,-68.0,127.0,0x684a
1675373713.5939908,8771.0,2862.0,927.0,150.4375,4.75,33.375,80.0,156.0,-220.0,0x683f
1675373713.704443,9257.0,2698.0,780.0,342.0625,-1.9375,-85.8125,-59.0,-64.0,56.0,0x684a
1675373713.820985,8641.0,2882.0,1180.0,155.1875,1.0,35.5625,-149.0,-323.0,386.0,0x683f
1675373713.9342442,9258.0,2638.0,918.0,344.125,-2.0625,-85.8125,217.0,32.0,-38.0,0x684a
1675373714.0457652,8651.0,2842.0,1072.0,160.625,-3.1875,31.375,-2.0,-637.0,604.0,0x683f
1675373714.15776,8963.0,2839.0,894.0,346.5625,-2.0625,-85.875,35.0,-8.0,-99.0,0x684a
1675373714.267561,8798.0,2863.0,929.0,165.6875,-4.875,32.375,-548.0,-818.0,694.0,0x683f
1675373714.378879,8789.0,2864.0,921.0,348.375,-2.25,-86.125,130.0,71.0,-65.0,0x684a
1675373714.487724,8871.0,2984.0,984.0,171.4375,-5.875,30.125,-434.0,-462.0,1206.0,0x683f
1675373714.597779,8879.0,2848.0,944.0,351.125,-2.375,-85.9375,82.0,49.0,-15.0,0x684a
1675373714.70985,8752.0,3007.0,995.0,175.5,-3.5625,31.3125,-1928.0,-996.0,2663.0,0x683f
1675373714.818943,8684.0,2816.0,913.0,351.5625,-3.0625,-85.4375,84.0,58.0,101.0,0x684a
1675373714.929877,8702.0,2916.0,1003.0,178.0,0.1875,29.1875,-1522.0,-1600.0,2069.0,0x683f
1675373715.039017,8724.0,2954.0,984.0,349.75,-4.625,-85.625,65.0,62.0,165.0,0x684a
1675373715.149354,8594.0,2923.0,997.0,183.6875,0.4375,29.1875,429.0,172.0,-480.0,0x683f
1675373715.260312,8693.0,2826.0,845.0,349.1875,-5.5625,-85.4375,-16.0,-26.0,-66.0,0x684a
1675373715.3723252,8142.0,2511.0,645.0,186.3125,1.875,30.4375,695.0,311.0,-1110.0,0x683f
1675373715.4834409,8759.0,2922.0,924.0,347.125,-5.375,-85.0625,-56.0,-31.0,-66.0,0x684a
1675373715.5946019,8967.0,2973.0,910.0,187.875,-0.25,30.5,346.0,297.0,-1149.0,0x683f
1675373715.7049558,8714.0,2868.0,946.0,345.9375,-5.75,-85.5,-5.0,10.0,-45.0,0x684a
1675373715.8137789,8716.0,2581.0,1148.0,189.125,-4.375,33.5625,65.0,167.0,-333.0,0x683f
1675373715.9245281,8603.0,2693.0,880.0,344.8125,-6.6875,-85.9375,-53.0,40.0,-29.0,0x684a
1675373716.035228,9019.0,2920.0,1084.0,187.875,-11.9375,39.5,-692.0,-414.0,487.0,0x683f
1675373716.146069,8569.0,2488.0,722.0,344.1875,-6.9375,-85.75,79.0,-24.0,0.0,0x684a
1675373716.254843,8932.0,2731.0,894.0,189.5625,-12.0625,43.3125,-1648.0,-738.0,1742.0,0x683f
1675373716.36495,8721.0,2749.0,803.0,343.5,-7.25,-84.25,12.0,-25.0,83.0,0x684a
1675373716.474985,8428.0,2458.0,778.0,189.0625,-6.6875,45.0,455.0,119.0,-1017.0,0x683f
1675373716.587475,8767.0,2518.0,745.0,341.9375,-8.0625,-83.875,-31.0,-22.0,-10.0,0x684a
1675373716.6959171,8601.0,3051.0,1015.0,190.0,-10.5,40.1875,367.0,388.0,-1258.0,0x683f
1675373716.8217201,8720.0,2541.0,767.0,340.5,-7.5,-85.0,-38.0,11.0,-89.0,0x684a
1675373716.933092,8421.0,2659.0,818.0,190.4375,-10.0625,39.9375,264.0,494.0,-1369.0,0x683f
1675373717.0431092,8812.0,2651.0,861.0,339.25,-7.125,-85.0,22.0,-30.0,68.0,0x684a
1675373717.153256,8783.0,2976.0,1123.0,190.75,-10.4375,39.125,132.0,434.0,-965.0,0x683f
1675373717.262393,8757.0,2246.0,695.0,337.9375,-6.8125,-86.3125,-48.0,-2.0,-110.0,0x684a
1675373717.372572,8686.0,2925.0,1125.0,188.375,-10.0625,38.8125,144.0,379.0,-584.0,0x683f
1675373717.4830139,8663.0,2513.0,778.0,338.5625,-5.8125,-86.375,-42.0,-2.0,-40.0,0x684a
1675373717.5935419,8686.0,2802.0,873.0,185.4375,-10.5,39.375,343.0,243.0,-3.0,0x683f
1675373717.706641,8788.0,2857.0,936.0,338.5625,-5.75,-86.5625,-11.0,31.0,52.0,0x684a
1675373717.8152452,8693.0,2860.0,859.0,182.5625,-14.375,38.0625,43.0,-175.0,443.0,0x683f
1675373717.927616,8641.0,2452.0,679.0,338.1875,-5.375,-86.75,46.0,28.0,-23.0,0x684a
1675373718.036607,8576.0,2968.0,784.0,181.6875,-16.375,38.125,-773.0,-695.0,476.0,0x683f
1675373718.146243,8604.0,2564.0,609.0,337.875,-4.625,-86.3125,49.0,115.0,22.0,0x684a
1675373718.2565901,8802.0,2928.0,866.0,180.5,-13.25,41.375,-1861.0,558.0,2588.0,0x683f
1675373718.3666492,8699.0,2514.0,676.0,338.0,-5.25,-86.25,60.0,104.0,84.0,0x684a
1675373718.4745548,8554.0,2942.0,870.0,179.375,-13.4375,44.5,-2294.0,102.0,2224.0,0x683f
1675373718.5849652,8698.0,2571.0,780.0,336.75,-4.75,-86.4375,59.0,69.0,82.0,0x684a
1675373718.696188,8925.0,3017.0,844.0,175.25,-5.3125,42.125,-1433.0,-1119.0,922.0,0x683f
1675373718.806704,8722.0,2482.0,764.0,335.25,-4.625,-86.8125,-14.0,44.0,51.0,0x684a
1675373718.9168682,8854.0,3012.0,860.0,174.6875,-3.375,40.75,587.0,103.0,-851.0,0x683f
1675373719.026871,8721.0,2457.0,738.0,337.0,-6.375,-87.1875,-108.0,-81.0,-55.0,0x684a
1675373719.136818,8739.0,2703.0,869.0,176.875,-2.6875,44.5,769.0,711.0,-1301.0,0x683f
1675373719.244564,8725.0,2468.0,898.0,337.0,-6.0,-86.625,-24.0,-25.0,-77.0,0x684a
1675373719.354114,8648.0,2862.0,966.0,181.6875,-5.75,42.0625,22.0,796.0,-1314.0,0x683f
1675373719.4633138,9020.0,2884.0,1000.0,339.875,-6.5625,-86.5,-18.0,-28.0,32.0,0x684a
1675373719.575254,8716.0,2978.0,1014.0,187.875,-8.5,42.6875,224.0,865.0,-1193.0,0x683f
1675373719.68559,8806.0,2643.0,1089.0,339.9375,-6.4375,-86.625,-75.0,-33.0,-133.0,0x684a
1675373719.807508,8872.0,3006.0,799.0,191.5625,-10.25,42.9375,157.0,588.0,-844.0,0x683f
1675373719.916169,8908.0,2811.0,856.0,339.875,-6.1875,-86.25,-82.0,-32.0,-111.0,0x684a
1675373720.026112,8784.0,2924.0,916.0,198.625,-17.4375,51.3125,226.0,35.0,-134.0,0x683f
1675373720.1354969,8932.0,3074.0,1060.0,340.6875,-6.1875,-85.875,11.0,7.0,-31.0,0x684a
1675373720.245522,8870.0,2824.0,1036.0,199.75,-17.75,46.75,-836.0,-635.0,170.0,0x683f
1675373720.356304,8786.0,2964.0,1034.0,340.9375,-5.375,-85.4375,46.0,-15.0,-39.0,0x684a
1675373720.46518,8708.0,2705.0,1095.0,205.5625,-23.625,49.6875,-775.0,-275.0,788.0,0x683f
1675373720.5744698,8843.0,3014.0,1061.0,340.375,-5.125,-85.0625,26.0,-16.0,-2.0,0x684a
1675373720.686303,8648.0,2844.0,1060.0,205.5,-20.0,47.25,-1553.0,-510.0,1729.0,0x683f
1675373720.7963672,8861.0,2918.0,925.0,341.8125,-6.6875,-84.4375,53.0,-52.0,-36.0,0x684a
1675373720.9059331,8686.0,2885.0,1012.0,200.6875,-15.5625,38.625,114.0,58.0,-214.0,0x683f
1675373721.016324,8677.0,2729.0,800.0,342.4375,-6.0625,-85.5625,-7.0,-2.0,-2.0,0x684a
1675373721.1257758,8572.0,3072.0,744.0,192.6875,-12.8125,29.75,-375.0,103.0,10.0,0x683f
1675373721.236137,8697.0,2755.0,881.0,339.8125,-6.25,-84.1875,6.0,13.0,-1.0,0x684a
1675373721.344595,8583.0,3079.0,841.0,198.4375,-19.1875,22.75,9.0,114.0,61.0,0x683f
1675373721.4543412,8727.0,2737.0,1125.0,336.375,-4.9375,-82.6875,-8.0,8.0,-8.0,0x684a
1675373721.5655072,8639.0,3076.0,1022.0,203.125,-23.6875,20.625,52.0,-365.0,105.0,0x683f
1675373721.6760051,8736.0,2613.0,1001.0,339.3125,-4.625,-81.25,-10.0,-11.0,4.0,0x684a
1675373721.786141,8761.0,3242.0,897.0,212.625,-50.8125,23.8125,506.0,38.0,-134.0,0x683f
1675373721.89628,8652.0,2426.0,865.0,344.25,-4.6875,-79.1875,30.0,-31.0,-6.0,0x684a
1675373722.005505,8492.0,3327.0,226.0,262.1875,-49.625,75.625,145.0,174.0,-426.0,0x683f
1675373722.114187,8979.0,2767.0,1101.0,344.875,-5.0,-79.3125,-1.0,12.0,26.0,0x684a
1675373722.224962,8607.0,3514.0,759.0,303.875,-1.25,88.1875,-195.0,-345.0,120.0,0x683f
1675373722.334396,8836.0,2674.0,1050.0,345.75,-5.125,-78.125,10.0,-8.0,-35.0,0x684a
1675373722.4454248,8539.0,3409.0,736.0,321.0625,1.6875,103.375,-3.0,-17.0,104.0,0x683f
1675373722.553584,8976.0,2725.0,1062.0,344.5625,-4.875,-78.0,-10.0,1.0,-27.0,0x684a
1675373722.664999,8536.0,3376.0,821.0,321.8125,1.9375,106.375,-4.0,-2.0,-20.0,0x683f
1675373722.773193,8857.0,2646.0,957.0,344.9375,-5.25,-78.25,-11.0,10.0,-13.0,0x684a
1675373722.8813682,8515.0,3359.0,720.0,320.4375,1.5625,105.9375,-30.0,18.0,2.0,0x683f
1675373722.990786,8974.0,2779.0,1010.0,344.875,-5.5625,-78.8125,-4.0,5.0,-2.0,0x684a
1675373723.1013381,8502.0,3302.0,657.0,317.625,1.1875,105.5625,59.0,47.0,26.0,0x683f
1675373723.2135859,8866.0,2795.0,1073.0,344.875,-5.1875,-78.6875,11.0,-1.0,11.0,0x684a
1675373723.326478,8466.0,3252.0,706.0,319.25,2.0,107.5625,-4.0,4.0,0.0,0x683f
1675373723.4374778,9009.0,2859.0,1022.0,345.4375,-5.0625,-78.5625,2.0,0.0,-5.0,0x684a
1675373723.547253,8496.0,3291.0,735.0,319.1875,1.4375,106.5,12.0,24.0,4.0,0x683f
1675373723.655369,8732.0,2871.0,1154.0,346.25,-5.3125,-78.8125,1.0,-3.0,-5.0,0x684a
1675373723.767488,8485.0,3330.0,722.0,318.75,1.0,106.3125,-4.0,9.0,-10.0,0x683f
1675373723.8830311,8686.0,2886.0,1220.0,346.3125,-5.25,-78.875,0.0,-2.0,-2.0,0x684a
1675373723.994713,8484.0,3356.0,725.0,317.5625,0.75,106.125,-4.0,3.0,-4.0,0x683f
1675373724.10729,8642.0,2881.0,1191.0,345.75,-5.0,-78.875,4.0,-4.0,0.0,0x684a
1675373724.217825,8480.0,3286.0,801.0,316.75,0.5625,105.9375,-6.0,8.0,-8.0,0x683f
1675373724.328131,8399.0,2479.0,1182.0,345.9375,-4.875,-78.8125,10.0,3.0,8.0,0x684a
1675373724.437307,8494.0,3313.0,788.0,316.625,0.4375,105.8125,-1.0,6.0,-3.0,0x683f
1675373724.54866,8435.0,2469.0,1170.0,346.0,-5.0,-78.8125,4.0,-7.0,13.0,0x684a
1675373724.65807,8475.0,3295.0,761.0,316.5,0.4375,105.8125,0.0,6.0,-3.0,0x683f
1675373724.768001,8413.0,2414.0,1151.0,345.6875,-5.0625,-78.75,-5.0,-2.0,-6.0,0x684a
1675373724.8780951,8472.0,3309.0,769.0,316.4375,0.5625,105.875,0.0,3.0,-4.0,0x683f
1675373724.990271,8372.0,2275.0,1178.0,345.5625,-4.9375,-78.9375,4.0,4.0,12.0,0x684a
1675373725.102071,8495.0,3338.0,727.0,316.8125,0.75,105.875,-6.0,0.0,-9.0,0x683f
1675373725.213783,9010.0,2900.0,1050.0,346.1875,-4.8125,-79.25,11.0,0.0,3.0,0x684a
1675373725.322203,8479.0,3336.0,712.0,316.625,0.6875,105.6875,-15.0,2.0,3.0,0x683f
1675373725.433246,8292.0,2232.0,1032.0,346.375,-4.6875,-78.75,5.0,-2.0,-13.0,0x684a
1675373725.544783,8508.0,3365.0,749.0,315.625,0.625,105.6875,19.0,6.0,-1.0,0x683f
1675373725.6543171,8813.0,2750.0,483.0,346.375,-4.625,-78.375,6.0,-7.0,-13.0,0x684a
1675373725.765866,8470.0,3300.0,665.0,315.0625,0.625,106.0,1.0,4.0,-9.0,0x683f
1675373725.8813,8406.0,2596.0,750.0,346.5625,-4.5,-78.125,4.0,-5.0,-13.0,0x684a
1675373725.991091,8524.0,3324.0,734.0,315.25,0.375,105.9375,-10.0,2.0,-6.0,0x683f
1675373726.103062,8361.0,2545.0,776.0,346.4375,-4.625,-78.125,1.0,1.0,0.0,0x684a
1675373726.213587,8518.0,3353.0,784.0,314.875,0.3125,106.0,-3.0,2.0,-3.0,0x683f
1675373726.321589,8633.0,2612.0,689.0,346.3125,-5.0,-78.5,6.0,-2.0,2.0,0x684a
1675373726.4307442,8520.0,3338.0,747.0,315.0,0.25,106.125,-11.0,0.0,-10.0,0x683f
1675373726.540448,8498.0,2500.0,1023.0,346.4375,-5.0,-78.5,-2.0,-2.0,19.0,0x684a
1675373726.6480489,8522.0,3338.0,786.0,315.5,0.125,106.0625,-20.0,6.0,1.0,0x683f
1675373726.757893,8910.0,2820.0,1064.0,346.6875,-5.1875,-78.75,2.0,5.0,15.0,0x684a
1675373726.866861,8478.0,3339.0,744.0,315.875,0.25,106.125,-5.0,4.0,-6.0,0x683f
1675373726.974159,8717.0,2455.0,994.0,346.375,-5.1875,-78.8125,0.0,-6.0,-6.0,0x684a
1675373727.084159,8481.0,3340.0,796.0,315.4375,0.4375,106.1875,29.0,9.0,-14.0,0x683f
1675373727.192857,8705.0,2763.0,1167.0,346.6875,-5.0625,-79.1875,3.0,-9.0,-9.0,0x684a
1675373727.302885,8476.0,3323.0,788.0,315.875,0.375,106.25,-4.0,-2.0,-10.0,0x683f
1675373727.429887,8968.0,2651.0,914.0,346.8125,-4.9375,-79.5,6.0,-1.0,5.0,0x684a
1675373727.5394392,8474.0,3283.0,735.0,316.4375,0.5625,106.25,-6.0,9.0,0.0,0x683f
1675373727.650035,8970.0,2803.0,995.0,347.125,-4.875,-79.6875,3.0,1.0,-6.0,0x684a
1675373727.7582378,8514.0,3315.0,770.0,316.9375,0.5,106.1875,-10.0,7.0,-4.0,0x683f
1675373727.871596,8969.0,2759.0,1028.0,346.9375,-4.875,-79.5625,0.0,-1.0,-6.0,0x684a
1675373727.982482,8463.0,3295.0,741.0,316.5625,0.375,106.1875,15.0,0.0,1.0,0x683f
1675373728.108095,8896.0,2568.0,986.0,346.375,-4.8125,-79.4375,-4.0,-4.0,0.0,0x684a
1675373728.2184231,8501.0,3350.0,718.0,317.0,0.4375,106.125,-3.0,10.0,-13.0,0x683f
1675373728.3282099,8739.0,2596.0,976.0,346.75,-4.8125,-79.1875,2.0,-3.0,-8.0,0x684a
1675373728.439082,8498.0,3341.0,720.0,317.125,0.125,106.0,-10.0,-9.0,0.0,0x683f
1675373728.5478961,8658.0,2538.0,960.0,346.375,-4.25,-79.1875,-62.0,-11.0,-1.0,0x684a
1675373728.657347,8499.0,3385.0,732.0,316.9375,0.125,105.875,-8.0,0.0,4.0,0x683f
1675373728.7696152,8737.0,2940.0,1211.0,345.375,-2.875,-79.0625,55.0,55.0,-36.0,0x684a
1675373728.879346,8485.0,3347.0,720.0,317.4375,-0.0625,105.6875,4.0,3.0,7.0,0x683f
1675373729.0043032,8665.0,2650.0,967.0,345.5,-2.6875,-78.75,-7.0,-5.0,-2.0,0x684a
1675373729.1151621,8466.0,3308.0,721.0,317.5,-0.375,105.625,-11.0,0.0,3.0,0x683f
1675373729.22981,8674.0,2655.0,1002.0,346.0,-2.5625,-78.625,-2.0,-2.0,1.0,0x684a
1675373729.339666,8470.0,3310.0,755.0,317.5625,-0.4375,105.625,3.0,3.0,2.0,0x683f
1675373729.451266,8692.0,2489.0,895.0,346.0,-2.75,-78.8125,-3.0,-4.0,5.0,0x684a
1675373729.561252,8479.0,3336.0,705.0,317.8125,-0.375,105.625,3.0,2.0,5.0,0x683f
1675373729.671458,8686.0,2682.0,1072.0,346.375,-2.8125,-78.9375,-12.0,-1.0,0.0,0x684a
1675373729.781217,8492.0,3314.0,713.0,318.625,-0.5,105.6875,-14.0,0.0,-2.0,0x683f
1675373729.889739,8624.0,2538.0,955.0,346.9375,-2.6875,-78.9375,-4.0,-3.0,3.0,0x684a
1675373729.998336,8505.0,3388.0,737.0,318.4375,-0.6875,105.625,12.0,-6.0,43.0,0x683f
1675373730.109258,8762.0,2649.0,1116.0,347.25,-3.1875,-79.125,-43.0,-34.0,0.0,0x684a
1675373730.2204192,8598.0,3505.0,635.0,317.5625,-2.875,106.875,231.0,-65.0,62.0,0x683f
1675373730.3283079,8486.0,2836.0,700.0,352.75,-3.125,-82.75,-135.0,-34.0,-22.0,0x684a
1675373730.436167,8466.0,3453.0,608.0,334.875,-4.625,101.3125,-47.0,89.0,47.0,0x683f
1675373730.5440588,8430.0,2913.0,1046.0,10.4375,-4.75,-81.4375,-198.0,-60.0,-32.0,0x684a
1675373730.6526332,8376.0,3806.0,666.0,348.875,-7.3125,91.125,9.0,77.0,218.0,0x683f
1675373730.760801,8366.0,3433.0,1382.0,29.25,-3.5625,-75.875,-59.0,-184.0,76.0,0x684a
1675373730.872044,8367.0,4021.0,752.0,12.3125,-11.1875,99.0625,262.0,124.0,-122.0,0x683f
1675373730.981503,8335.0,3801.0,1103.0,55.9375,-6.75,-75.1875,152.0,27.0,49.0,0x684a
1675373731.090254,8417.0,4015.0,637.0,37.3125,-3.9375,107.25,-184.0,197.0,5.0,0x683f
1675373731.200595,7715.0,4108.0,242.0,80.5625,-8.0625,-77.3125,57.0,11.0,171.0,0x684a
1675373731.30856,8962.0,4408.0,654.0,67.5,4.5,107.125,-393.0,-267.0,-62.0,0x683f
1675373731.419948,7856.0,4217.0,958.0,101.4375,-11.9375,-78.375,23.0,106.0,-51.0,0x684a
1675373731.532338,8735.0,4512.0,715.0,72.3125,-1.4375,99.0,89.0,-158.0,81.0,0x683f
1675373731.643836,7775.0,4309.0,1220.0,111.625,-9.75,-75.5,-16.0,-199.0,-77.0,0x684a
1675373731.75328,8066.0,4553.0,575.0,66.3125,-16.4375,99.8125,-250.0,138.0,0.0,0x683f
1675373731.863658,7593.0,4621.0,750.0,114.9375,-2.6875,-77.0,-48.0,73.0,125.0,0x684a
1675373731.97316,7917.0,4940.0,615.0,59.375,-18.9375,102.375,191.0,-317.0,477.0,0x683f
1675373732.083426,7292.0,5234.0,578.0,110.6875,-3.875,-72.5625,242.0,164.0,-256.0,0x684a
1675373732.193563,7877.0,5013.0,688.0,46.9375,-11.5,99.6875,147.0,209.0,-10.0,0x683f
1675373732.301452,6724.0,5091.0,-2.0,108.0,-12.0,-72.125,202.0,-28.0,-100.0,0x684a
1675373732.412384,8146.0,5271.0,779.0,54.5625,-0.5,97.625,-107.0,-18.0,117.0,0x683f
1675373732.522219,6595.0,5177.0,200.0,108.875,-17.6875,-76.625,-7.0,378.0,60.0,0x684a
1675373732.6479812,7105.0,4922.0,330.0,53.1875,-9.75,87.125,319.0,124.0,-88.0,0x683f
1675373732.7591958,6277.0,5430.0,389.0,95.3125,-13.8125,-73.3125,183.0,-95.0,-72.0,0x684a
1675373732.8687181,7363.0,5510.0,704.0,20.1875,-18.3125,96.8125,87.0,67.0,-273.0,0x683f
1675373732.979,5988.0,5529.0,250.0,69.8125,-6.8125,-77.0625,2.0,80.0,67.0,0x684a
1675373733.089282,6368.0,5684.0,441.0,356.375,-18.25,100.1875,-1.0,-24.0,-166.0,0x683f
1675373733.198454,6286.0,4895.0,756.0,46.1875,-2.9375,-75.4375,294.0,-122.0,-92.0,0x684a
1675373733.307442,6427.0,4882.0,525.0,333.375,-9.3125,96.4375,-55.0,46.0,-213.0,0x683f
1675373733.414849,6098.0,4572.0,604.0,23.8125,-13.5,-80.6875,230.0,-109.0,-90.0,0x684a
1675373733.5237298,6120.0,5321.0,578.0,328.5625,4.875,98.125,-118.0,-49.0,-133.0,0x683f
1675373733.631349,5460.0,4150.0,211.0,12.125,-13.25,-84.5,-118.0,483.0,125.0,0x684a
1675373733.73931,5745.0,5111.0,573.0,326.6875,1.8125,92.375,354.0,146.0,262.0,0x683f
1675373733.846914,5292.0,4078.0,547.0,5.375,-7.9375,-79.75,56.0,-126.0,-67.0,0x684a
1675373733.955325,5917.0,4649.0,902.0,307.0625,-17.25,95.25,90.0,299.0,-140.0,0x683f
1675373734.062387,5819.0,3996.0,1055.0,1.5,-1.0,-80.4375,-54.0,30.0,148.0,0x684a
1675373734.170613,5696.0,4496.0,597.0,300.4375,-18.125,98.5625,-416.0,26.0,-129.0,0x683f
1675373734.279716,5698.0,3876.0,1050.0,355.4375,2.125,-78.5625,208.0,-79.0,98.0,0x684a
1675373734.389378,5495.0,4370.0,596.0,291.5625,-15.0,100.5,275.0,-56.0,-52.0,0x683f
1675373734.498637,5224.0,3276.0,900.0,352.0,-7.6875,-77.8125,88.0,-219.0,-82.0,0x684a
1675373734.608438,5431.0,4244.0,558.0,299.9375,-0.8125,99.25,-11.0,17.0,-89.0,0x683f
1675373734.719286,5240.0,3271.0,888.0,349.25,-9.6875,-81.8125,114.0,154.0,92.0,0x684a
1675373734.82946,5471.0,3801.0,415.0,307.6875,0.1875,95.4375,-112.0,-193.0,52.0,0x683f
1675373734.938526,4946.0,3050.0,899.0,350.0625,-6.75,-78.8125,-64.0,33.0,-286.0,0x684a
1675373735.048888,5180.0,3539.0,461.0,299.375,-16.5625,99.4375,90.0,250.0,0.0,0x683f
1675373735.159014,5347.0,2587.0,1280.0,353.5625,-0.9375,-78.0625,-52.0,-87.0,47.0,0x684a
1675373735.270752,5073.0,3291.0,16.0,290.5625,-14.6875,103.5625,-62.0,-126.0,-92.0,0x683f
1675373735.381346,5371.0,2777.0,236.0,348.875,3.25,-80.0,-22.0,309.0,-5.0,0x684a
1675373735.4903522,4918.0,3013.0,218.0,301.1875,-10.5625,107.25,307.0,17.0,6.0,0x683f
1675373735.6006908,5145.0,2063.0,353.0,356.25,0.25,-76.6875,-60.0,-101.0,-51.0,0x684a
1675373735.710597,5301.0,2738.0,288.0,322.125,-1.875,105.0,-74.0,38.0,-151.0,0x683f
1675373735.819587,4345.0,2599.0,416.0,14.0625,-5.125,-82.4375,62.0,-108.0,95.0,0x684a
1675373735.930652,4912.0,2794.0,362.0,337.9375,3.3125,102.625,-52.0,-208.0,12.0,0x683f
1675373736.045405,4503.0,2110.0,1145.0,26.5625,-8.3125,-82.5625,-174.0,-5.0,-45.0,0x684a
1675373736.154328,4609.0,2780.0,193.0,339.6875,-10.0625,97.9375,-22.0,86.0,-68.0,0x683f
1675373736.2661471,4196.0,2232.0,988.0,39.9375,-1.75,-81.5,45.0,-147.0,63.0,0x684a
1675373736.376992,4436.0,2668.0,349.0,334.625,-17.1875,103.25,-115.0,66.0,-29.0,0x683f
1675373736.487576,3202.0,2439.0,41.0,34.4375,0.0,-81.375,-56.0,108.0,128.0,0x684a
1675373736.5992808,4101.0,2319.0,398.0,322.875,-16.5,104.6875,-109.0,-421.0,167.0,0x683f
1675373736.709773,3330.0,2036.0,-108.0,13.75,-0.375,-75.5625,89.0,29.0,-34.0,0x684a
1675373736.820558,4026.0,2450.0,328.0,312.6875,-9.75,101.375,239.0,102.0,76.0,0x683f
1675373736.9354482,3223.0,2054.0,19.0,9.9375,-6.0,-76.25,46.0,-86.0,-55.0,0x684a
1675373737.0436769,3827.0,2205.0,515.0,323.375,-1.0,100.0625,-66.0,-53.0,-227.0,0x683f
1675373737.157418,3902.0,1336.0,939.0,17.875,-8.375,-78.5,-122.0,-37.0,-71.0,0x684a
1675373737.2690828,3710.0,2376.0,246.0,332.75,-9.8125,97.625,366.0,-335.0,289.0,0x683f
1675373737.378489,2085.0,2875.0,-588.0,33.125,-1.3125,-78.3125,-88.0,-163.0,-11.0,0x684a
1675373737.487217,3523.0,2385.0,13.0,340.0,-17.0,102.0,181.0,139.0,-43.0,0x683f
1675373737.6004748,3249.0,2283.0,439.0,53.6875,0.8125,-78.25,-198.0,64.0,-26.0,0x684a
1675373737.709766,3668.0,1988.0,579.0,10.625,-9.0,107.5625,-261.0,-624.0,-19.0,0x683f
1675373737.817452,2160.0,2905.0,-356.0,73.75,-1.125,-74.1875,-49.0,-154.0,-353.0,0x684a
1675373737.927391,3596.0,2317.0,564.0,18.375,-7.8125,110.4375,694.0,-39.0,-103.0,0x683f
1675373738.037202,3183.0,2521.0,525.0,100.4375,-4.625,-76.125,-110.0,-17.0,-286.0,0x684a
1675373738.146179,3697.0,2311.0,503.0,62.1875,0.125,111.8125,-242.0,55.0,-68.0,0x683f
1675373738.2575302,3327.0,2972.0,59.0,135.3125,-7.1875,-79.25,159.0,121.0,46.0,0x684a
1675373738.367274,3818.0,2279.0,328.0,95.1875,1.25,105.6875,84.0,-404.0,83.0,0x683f
1675373738.4765592,3547.0,2579.0,943.0,160.9375,-5.875,-74.8125,-128.0,-44.0,-236.0,0x684a
1675373738.586381,3655.0,2037.0,521.0,116.6875,-8.875,101.25,-46.0,162.0,62.0,0x683f
1675373738.696458,4349.0,2849.0,-153.0,189.625,-0.0625,-78.125,-117.0,-86.0,-30.0,0x684a
1675373738.8068428,3646.0,2241.0,733.0,137.625,-9.1875,102.9375,-350.0,12.0,-106.0,0x683f
1675373738.916409,3998.0,2655.0,269.0,206.8125,3.125,-81.6875,-71.0,198.0,82.0,0x684a
1675373739.040789,3590.0,2217.0,327.0,152.75,-4.3125,106.9375,420.0,242.0,300.0,0x683f
1675373739.151493,4854.0,2959.0,0.0,224.5625,-3.9375,-73.8125,8.0,-32.0,-72.0,0x684a
1675373739.2607648,3742.0,2266.0,251.0,177.0625,2.0625,104.9375,-250.0,163.0,-14.0,0x683f
1675373739.369784,4795.0,2261.0,-73.0,240.125,-6.5625,-82.0625,79.0,63.0,54.0,0x684a
1675373739.4786549,3888.0,1912.0,534.0,188.75,7.9375,102.1875,-333.0,-165.0,-73.0,0x683f
1675373739.5882292,4837.0,2436.0,203.0,243.5,-7.625,-83.3125,-80.0,-239.0,-144.0,0x684a
1675373739.700076,4248.0,2131.0,413.0,177.5625,-4.375,96.1875,106.0,-6.0,-329.0,0x683f
1675373739.808487,5061.0,2822.0,370.0,244.4375,-3.8125,-76.625,-18.0,-94.0,25.0,0x684a
1675373739.917399,4643.0,2062.0,514.0,161.9375,-15.875,99.3125,146.0,41.0,56.0,0x683f
1675373740.027821,5429.0,2384.0,704.0,234.5625,1.0625,-78.3125,-104.0,79.0,21.0,0x684a
1675373740.139217,4952.0,2129.0,559.0,145.75,-16.5,101.0,302.0,-254.0,-59.0,0x683f
1675373740.249998,5631.0,2900.0,673.0,226.625,-2.25,-74.3125,149.0,15.0,-244.0,0x684a
1675373740.360971,5486.0,2315.0,-163.0,146.625,-5.625,101.0,-11.0,133.0,0.0,0x683f
1675373740.4718668,6133.0,2993.0,125.0,217.5625,-11.8125,-74.9375,98.0,-107.0,-232.0,0x684a
1675373740.582158,5597.0,2317.0,-21.0,148.25,4.625,99.625,-192.0,-140.0,-115.0,0x683f
1675373740.6943738,6336.0,3424.0,303.0,213.375,-13.125,-78.9375,-165.0,183.0,-61.0,0x684a
1675373740.804564,5646.0,2418.0,174.0,134.1875,-4.5,93.5625,356.0,2.0,-242.0,0x683f
1675373740.914884,6137.0,3316.0,692.0,209.625,-9.9375,-73.375,113.0,-27.0,-79.0,0x684a
1675373741.031323,6233.0,3015.0,136.0,118.9375,-18.125,96.75,144.0,112.0,22.0,0x683f
1675373741.1504729,6028.0,3760.0,796.0,197.5625,-1.25,-76.1875,-70.0,105.0,41.0,0x684a
1675373741.2766578,6438.0,3230.0,374.0,109.875,-17.6875,100.3125,30.0,-444.0,-45.0,0x683f
1675373741.4008162,6206.0,4126.0,590.0,191.875,-3.625,-71.5,113.0,3.0,-184.0,0x684a
1675373741.516787,6469.0,3436.0,546.0,106.8125,-6.6875,100.0,58.0,161.0,54.0,0x683f
1675373741.628352,6571.0,4346.0,525.0,185.1875,-13.0,-75.1875,181.0,-13.0,-43.0,0x684a
1675373741.740057,6206.0,3347.0,641.0,105.0625,4.1875,99.4375,-138.0,-164.0,-181.0,0x683f
1675373741.84791,6409.0,4492.0,634.0,181.25,-13.6875,-78.1875,-148.0,119.0,-67.0,0x684a
1675373741.955573,6283.0,3882.0,604.0,103.4375,-5.25,92.625,262.0,22.0,3.0,0x683f
1675373742.064307,6777.0,4688.0,731.0,180.1875,-7.8125,-74.4375,19.0,-75.0,-61.0,0x684a
1675373742.173146,6404.0,4029.0,606.0,91.5625,-16.1875,99.4375,227.0,160.0,140.0,0x683f
1675373742.282399,6650.0,5167.0,388.0,173.25,-0.875,-74.9375,-138.0,96.0,63.0,0x684a
1675373742.3916018,6596.0,4352.0,668.0,89.0,-14.0,103.0,48.0,-489.0,296.0,0x683f
1675373742.502332,6711.0,4758.0,882.0,167.75,1.9375,-69.75,70.0,86.0,-358.0,0x684a
1675373742.6110861,6765.0,4276.0,406.0,83.1875,-10.125,105.0,72.0,-8.0,-138.0,0x683f
1675373742.7212312,7221.0,5720.0,72.0,173.6875,-3.875,-70.3125,-54.0,-147.0,-203.0,0x684a
1675373742.830409,6777.0,4608.0,721.0,102.25,-2.25,107.375,-175.0,-41.0,-37.0,0x683f
1675373742.941273,7131.0,5453.0,727.0,190.625,-4.875,-74.875,-64.0,423.0,53.0,0x684a
1675373743.0506408,6830.0,4700.0,699.0,122.9375,-2.1875,105.3125,134.0,81.0,453.0,0x683f
1675373743.1620579,7161.0,5118.0,1507.0,203.1875,1.3125,-74.0,-32.0,30.0,-71.0,0x684a
1675373743.272118,6805.0,4719.0,498.0,130.1875,-15.5625,104.3125,122.0,269.0,75.0,0x683f
1675373743.3826308,8360.0,5610.0,1118.0,221.0,4.875,-78.4375,-117.0,-41.0,190.0,0x684a
1675373743.508644,7009.0,4955.0,525.0,142.4375,-13.0,105.6875,-318.0,-272.0,184.0,0x683f
1675373743.617574,8274.0,5290.0,1086.0,229.375,5.9375,-76.0,-135.0,-324.0,-166.0,0x684a
1675373743.730208,7075.0,4827.0,436.0,142.0625,-10.125,104.8125,186.0,-138.0,-206.0,0x683f
1675373743.842038,8237.0,5041.0,499.0,244.625,-2.6875,-75.1875,-108.0,-127.0,-21.0,0x684a
1675373743.9515269,7341.0,4735.0,706.0,171.125,-0.375,106.8125,-236.0,79.0,14.0,0x683f
1675373744.060904,8558.0,4894.0,751.0,257.25,-4.125,-79.375,6.0,174.0,105.0,0x684a
1675373744.171307,7519.0,4635.0,598.0,185.125,3.3125,103.5,-199.0,-299.0,-135.0,0x683f
1675373744.281861,8559.0,4223.0,698.0,264.125,-4.8125,-77.9375,-89.0,-56.0,-215.0,0x684a
1675373744.393214,7437.0,4492.0,247.0,187.1875,-11.625,99.625,-92.0,165.0,124.0,0x683f
1675373744.503801,8953.0,4083.0,611.0,273.375,0.75,-78.0625,-98.0,-135.0,5.0,0x684a
1675373744.612936,7925.0,4504.0,794.0,185.5,-15.0625,99.75,-301.0,-113.0,-51.0,0x683f
1675373744.721903,8634.0,4012.0,881.0,273.625,4.5,-79.1875,14.0,387.0,124.0,0x684a
1675373744.830566,8026.0,4322.0,798.0,184.0625,-13.375,100.8125,171.0,196.0,-158.0,0x683f
1675373744.943706,8882.0,3809.0,901.0,284.0,-2.875,-71.8125,56.0,65.0,-71.0,0x684a
1675373745.054064,8131.0,4295.0,847.0,195.375,-5.5625,102.1875,24.0,122.0,104.0,0x683f
1675373745.1638799,9264.0,3556.0,588.0,287.3125,-5.625,-78.5625,57.0,-19.0,28.0,0x684a
1675373745.274105,8232.0,4193.0,729.0,208.125,0.375,102.0,-132.0,-90.0,-166.0,0x683f
1675373745.385979,9041.0,3491.0,1072.0,295.4375,-8.1875,-80.375,-237.0,-114.0,11.0,0x684a
1675373745.495438,8316.0,4042.0,664.0,210.6875,-10.3125,95.0,461.0,-54.0,174.0,0x683f
1675373745.6083672,8412.0,3054.0,803.0,302.9375,-1.25,-79.625,-22.0,-163.0,-25.0,0x684a
1675373745.7151942,8420.0,3923.0,725.0,211.8125,-15.8125,98.0625,103.0,123.0,81.0,0x683f
1675373745.825608,8888.0,3220.0,1056.0,308.0625,2.75,-80.75,-133.0,73.0,14.0,0x684a
1675373745.935814,8478.0,3717.0,771.0,221.4375,-15.125,101.875,95.0,-71.0,-110.0,0x683f
1675373746.044081,8541.0,2497.0,734.0,312.9375,3.25,-76.25,-65.0,103.0,-292.0,0x684a
1675373746.1511161,8509.0,3577.0,844.0,227.375,-10.375,102.1875,110.0,41.0,27.0,0x683f
1675373746.261889,8685.0,2878.0,899.0,326.5625,-3.9375,-79.9375,5.0,-69.0,-127.0,0x684a
1675373746.3692741,8574.0,3571.0,827.0,242.5,-6.1875,101.5625,-145.0,39.0,-91.0,0x683f
1675373746.48256,8546.0,2745.0,981.0,339.8125,-6.625,-80.625,32.0,69.0,-42.0,0x684a
1675373746.593194,8537.0,3476.0,679.0,251.5,-7.4375,97.8125,31.0,-14.0,95.0,0x683f
1675373746.704149,8479.0,2562.0,976.0,340.3125,-4.375,-80.875,-55.0,152.0,-21.0,0x684a
1675373746.813387,8550.0,3461.0,785.0,251.0625,-11.25,99.8125,-128.0,-24.0,142.0,0x683f
1675373746.9223838,8744.0,2576.0,884.0,336.25,0.5625,-83.625,-81.0,23.0,-54.0,0x684a
1675373747.032327,8532.0,3467.0,717.0,250.0625,-5.5,99.0625,5.0,-14.0,140.0,0x683f
1675373747.1433432,8667.0,2849.0,1007.0,335.1875,-1.5,-84.9375,-40.0,114.0,-94.0,0x684a
1675373747.2530408,8459.0,3447.0,696.0,253.0,-5.1875,100.875,41.0,6.0,110.0,0x683f
1675373747.36323,8603.0,2651.0,859.0,342.875,-3.3125,-82.3125,33.0,-22.0,-4.0,0x684a
1675373747.473085,8449.0,3357.0,679.0,258.5,-3.4375,100.5625,19.0,12.0,-4.0,0x683f
1675373747.5841541,8878.0,2688.0,997.0,345.1875,-5.875,-80.4375,-5.0,-3.0,-35.0,0x684a
1675373747.696254,8502.0,3389.0,750.0,257.1875,-3.625,99.9375,9.0,-4.0,-8.0,0x683f
1675373747.806303,9191.0,2772.0,964.0,344.25,-6.1875,-80.25,16.0,0.0,12.0,0x684a
1675373747.915971,8526.0,3428.0,744.0,254.375,-4.25,99.0,12.0,-8.0,21.0,0x683f
1675373748.024961,9072.0,2698.0,1011.0,344.8125,-6.125,-80.125,12.0,-17.0,14.0,0x684a
1675373748.135829,8508.0,3415.0,716.0,252.1875,-4.0625,98.4375,-20.0,-5.0,0.0,0x683f
1675373748.245548,8994.0,2615.0,926.0,346.5625,-6.625,-79.4375,9.0,-4.0,9.0,0x684a
1675373748.3565729,8461.0,3369.0,759.0,252.875,-4.3125,98.1875,-1.0,10.0,3.0,0x683f
1675373748.468395,9115.0,2733.0,1018.0,347.8125,-6.875,-79.1875,6.0,-15.0,11.0,0x684a
1675373748.5805252,8516.0,3381.0,744.0,252.5625,-4.5,98.0625,-7.0,0.0,2.0,0x683f
1675373748.6904378,8982.0,2727.0,959.0,348.75,-6.9375,-79.0625,12.0,-6.0,16.0,0x684a
1675373748.802192,8505.0,3395.0,746.0,253.875,-4.375,98.3125,-26.0,2.0,-3.0,0x683f
1675373748.911811,9027.0,2789.0,996.0,349.5,-6.875,-78.9375,10.0,3.0,22.0,0x684a
1675373749.020994,8481.0,3400.0,691.0,253.875,-4.5,98.25,-3.0,-3.0,0.0,0x683f
1675373749.1329181,8572.0,2641.0,1043.0,349.6875,-6.75,-78.875,9.0,-8.0,11.0,0x684a
1675373749.2422478,8531.0,3432.0,706.0,253.625,-4.5625,98.125,-5.0,-1.0,3.0,0x683f
1675373749.3516202,8770.0,2625.0,800.0,349.5,-6.6875,-78.9375,6.0,-4.0,10.0,0x684a
1675373749.4602392,8540.0,3410.0,707.0,252.875,-4.625,98.125,0.0,-2.0,-3.0,0x683f
1675373749.570998,8778.0,2900.0,683.0,349.8125,-6.6875,-78.6875,5.0,-7.0,0.0,0x684a
1675373749.68109,8500.0,3391.0,670.0,252.375,-4.6875,98.0625,-6.0,2.0,3.0,0x683f
1675373749.7912939,8832.0,2816.0,639.0,350.3125,-6.625,-78.3125,-2.0,-7.0,-1.0,0x684a
1675373749.9016829,8542.0,3406.0,729.0,252.1875,-4.75,98.0625,2.0,7.0,4.0,0x683f
1675373750.01112,8704.0,2697.0,644.0,350.5625,-6.5625,-78.0625,6.0,-12.0,1.0,0x684a
1675373750.121762,8493.0,3405.0,691.0,252.1875,-4.8125,98.0625,6.0,-1.0,-2.0,0x683f
1675373750.261898,9000.0,2603.0,818.0,350.8125,-6.5,-78.25,12.0,-6.0,11.0,0x684a
1675373750.371458,8539.0,3412.0,767.0,251.625,-4.9375,98.25,-3.0,-5.0,-3.0,0x683f
1675373750.480951,9145.0,2786.0,984.0,350.8125,-6.375,-78.4375,10.0,-13.0,11.0,0x684a
1675373750.591202,8619.0,3458.0,732.0,251.3125,-4.875,98.1875,5.0,11.0,11.0,0x683f
1675373750.702241,8907.0,2617.0,903.0,350.3125,-6.4375,-78.5,12.0,-4.0,10.0,0x684a
1675373750.81185,8686.0,3460.0,683.0,251.1875,-4.9375,98.375,-11.0,4.0,6.0,0x683f
1675373750.9251149,8647.0,2480.0,925.0,350.125,-6.3125,-78.4375,12.0,-1.0,-1.0,0x684a
1675373751.036177,8672.0,3451.0,638.0,250.9375,-5.0,98.4375,2.0,4.0,-5.0,0x683f
1675373751.147829,8454.0,2399.0,1005.0,350.1875,-6.5625,-78.8125,14.0,7.0,-21.0,0x684a
1675373751.260276,8639.0,3444.0,743.0,250.875,-5.125,98.4375,-1.0,-2.0,0.0,0x683f
1675373751.3709419,8976.0,2522.0,872.0,349.9375,-7.0,-78.8125,3.0,-5.0,-10.0,0x684a
1675373751.482632,8646.0,3436.0,697.0,250.375,-5.0625,98.3125,-17.0,0.0,10.0,0x683f
1675373751.596757,8136.0,2362.0,1113.0,349.75,-7.25,-78.625,2.0,-5.0,2.0,0x684a
1675373751.706814,8704.0,3479.0,664.0,249.6875,-4.9375,98.25,0.0,4.0,2.0,0x683f
1675373751.816874,8936.0,2528.0,695.0,349.75,-7.25,-78.625,9.0,-7.0,-13.0,0x684a
1675373751.9263391,8681.0,3433.0,619.0,249.75,-4.9375,98.25,-23.0,-3.0,-12.0,0x683f
1675373752.039387,8950.0,2799.0,667.0,349.5625,-7.0625,-78.4375,4.0,-7.0,0.0,0x684a
1675373752.1523762,8615.0,3437.0,683.0,248.875,-5.125,98.1875,4.0,-1.0,-3.0,0x683f
1675373752.262631,8864.0,2767.0,596.0,349.1875,-7.125,-78.0625,-1.0,-12.0,-4.0,0x684a
1675373752.3729532,8612.0,3457.0,735.0,249.0625,-5.0625,98.125,-4.0,8.0,10.0,0x683f
1675373752.484385,8660.0,2591.0,711.0,349.625,-7.3125,-78.125,8.0,-6.0,-10.0,0x684a
1675373752.594317,8689.0,3481.0,652.0,249.375,-5.0625,98.1875,-9.0,1.0,-3.0,0x683f
1675373752.705079,8731.0,2601.0,889.0,349.3125,-7.3125,-78.3125,7.0,-6.0,3.0,0x684a
1675373752.814243,8702.0,3460.0,628.0,249.5625,-5.125,98.3125,-10.0,0.0,0.0,0x683f
1675373752.925225,9223.0,2776.0,889.0,349.375,-7.25,-78.25,9.0,-7.0,3.0,0x684a
1675373753.033909,8610.0,3417.0,676.0,249.6875,-5.1875,98.3125,-2.0,5.0,-1.0,0x683f
1675373753.142981,9179.0,2877.0,1004.0,349.0625,-7.25,-78.1875,10.0,-5.0,14.0,0x684a
1675373753.254069,8546.0,3405.0,757.0,249.875,-5.125,98.375,-3.0,1.0,-1.0,0x683f
1675373753.363122,8949.0,2622.0,967.0,349.125,-7.1875,-78.4375,7.0,-2.0,-2.0,0x684a
1675373753.471286,8675.0,3447.0,653.0,250.0625,-5.25,98.4375,-11.0,4.0,-2.0,0x683f
1675373753.579974,8955.0,2675.0,1004.0,349.125,-7.1875,-78.5,7.0,-3.0,7.0,0x684a
1675373753.690547,8521.0,3411.0,764.0,250.0625,-5.25,98.4375,-6.0,2.0,-1.0,0x683f
1675373753.799294,8947.0,2648.0,925.0,349.1875,-7.125,-78.5,9.0,-3.0,3.0,0x684a
1675373753.907844,8619.0,3424.0,715.0,250.125,-5.25,98.4375,-9.0,6.0,-2.0,0x683f
1675373754.0172002,8709.0,2557.0,984.0,349.125,-7.0625,-78.5625,8.0,-3.0,-3.0,0x684a
1675373754.1256058,8715.0,3423.0,678.0,250.0625,-5.25,98.4375,-5.0,4.0,-6.0,0x683f
1675373754.2352371,9138.0,2740.0,1013.0,349.0625,-7.0625,-78.5625,8.0,-4.0,4.0,0x684a
1675373754.344084,8643.0,3432.0,650.0,250.125,-5.25,98.4375,-5.0,0.0,-3.0,0x683f
1675373754.453182,8791.0,2669.0,1066.0,349.125,-7.0625,-78.5625,11.0,-4.0,-1.0,0x684a
1675373754.563731,8593.0,3418.0,711.0,250.0,-5.3125,98.4375,-10.0,2.0,-4.0,0x683f
1675373754.671993,8956.0,2704.0,940.0,349.125,-7.3125,-78.5,12.0,-2.0,2.0,0x684a
1675373754.7819679,8680.0,3425.0,674.0,249.75,-5.3125,98.4375,-14.0,5.0,-3.0,0x683f
1675373754.891304,8764.0,2586.0,940.0,348.75,-7.375,-78.5625,5.0,-1.0,0.0,0x684a
1675373755.0028071,8684.0,3439.0,664.0,249.125,-5.25,98.4375,-4.0,3.0,-1.0,0x683f
1675373755.117158,9080.0,2547.0,641.0,348.5,-7.3125,-78.375,4.0,-7.0,0.0,0x684a
1675373755.227833,8612.0,3449.0,668.0,248.75,-5.25,98.375,1.0,0.0,-4.0,0x683f
1675373755.338593,8923.0,2886.0,822.0,348.9375,-7.25,-78.375,12.0,-7.0,4.0,0x684a
1675373755.451325,8622.0,3439.0,614.0,248.9375,-5.25,98.3125,-15.0,6.0,-1.0,0x683f
1675373755.561502,8721.0,2571.0,542.0,349.3125,-7.3125,-78.75,8.0,-15.0,-1.0,0x684a
1675373755.67431,8604.0,3474.0,564.0,249.0,-5.0625,98.1875,-13.0,3.0,-1.0,0x683f
1675373755.7862668,8676.0,2679.0,616.0,349.75,-7.625,-78.75,10.0,-1.0,-3.0,0x684a
1675373755.897799,8516.0,3426.0,685.0,249.3125,-5.1875,98.125,-8.0,-3.0,-1.0,0x683f
1675373756.023461,8822.0,2919.0,863.0,350.1875,-8.125,-79.125,3.0,5.0,44.0,0x684a
1675373756.134348,8687.0,3514.0,575.0,249.0625,-5.0625,98.0625,5.0,18.0,14.0,0x683f
1675373756.246016,8948.0,2959.0,910.0,349.75,-8.125,-79.4375,5.0,0.0,-7.0,0x684a
1675373756.353894,8592.0,3460.0,642.0,248.875,-5.125,98.0,5.0,5.0,-7.0,0x683f
1675373756.46715,8147.0,2419.0,739.0,349.875,-8.3125,-78.9375,7.0,-2.0,9.0,0x684a
1675373756.577392,8532.0,3416.0,655.0,249.125,-5.375,98.0625,0.0,5.0,3.0,0x683f
1675373756.68734,8755.0,2756.0,640.0,350.0625,-8.25,-79.0,-4.0,-5.0,-13.0,0x684a
1675373756.799798,8561.0,3452.0,555.0,249.5625,-5.3125,98.0625,-1.0,3.0,0.0,0x683f
1675373756.907488,8598.0,2763.0,766.0,349.75,-8.125,-79.125,0.0,1.0,-11.0,0x684a
1675373757.016076,8595.0,3436.0,593.0,249.75,-5.25,98.125,-17.0,6.0,3.0,0x683f
1675373757.126942,8531.0,2631.0,669.0,349.1875,-7.4375,-79.0,1.0,-5.0,-13.0,0x684a
1675373757.237442,8545.0,3442.0,653.0,249.6875,-5.4375,98.0,-11.0,4.0,6.0,0x683f
1675373757.34901,8469.0,2506.0,559.0,348.875,-6.0,-78.5,-8.0,-4.0,12.0,0x684a
1675373757.456091,8515.0,3415.0,711.0,250.4375,-5.625,97.9375,-11.0,6.0,-2.0,0x683f
1675373757.567504,8757.0,2737.0,958.0,348.1875,-4.4375,-78.625,0.0,4.0,1.0,0x684a
1675373757.6758559,8470.0,3355.0,717.0,251.125,-5.875,98.0625,1.0,-2.0,2.0,0x683f
1675373757.78629,8732.0,2743.0,1029.0,348.375,-3.5,-79.25,-11.0,-2.0,5.0,0x684a
1675373757.898029,8508.0,3356.0,666.0,251.8125,-5.9375,98.125,-13.0,2.0,0.0,0x683f
1675373758.007266,8729.0,2600.0,1010.0,348.0,-2.875,-79.125,20.0,-7.0,19.0,0x684a
1675373758.117033,8523.0,3378.0,768.0,252.125,-5.9375,98.1875,-5.0,-1.0,-1.0,0x683f
1675373758.2257972,8686.0,2588.0,1037.0,348.125,-2.6875,-78.625,4.0,-9.0,-6.0,0x684a
1675373758.3344462,8496.0,3399.0,758.0,251.875,-5.9375,98.3125,0.0,4.0,-2.0,0x683f
1675373758.445941,8903.0,2745.0,985.0,348.0625,-2.4375,-78.5,-2.0,0.0,-7.0,0x684a
1675373758.5557709,8518.0,3411.0,745.0,251.875,-6.0,98.4375,-6.0,2.0,-9.0,0x683f
1675373758.668256,8536.0,2523.0,1085.0,347.9375,-2.375,-78.1875,3.0,-1.0,3.0,0x684a
1675373758.7949922,8543.0,3352.0,746.0,251.6875,-6.125,98.5625,-5.0,-7.0,10.0,0x683f
1675373758.906792,8557.0,2636.0,802.0,348.5625,-3.625,-77.4375,-4.0,-20.0,27.0,0x684a
1675373759.019118,8502.0,3266.0,995.0,239.0,-8.1875,90.125,82.0,-165.0,209.0,0x683f
1675373759.14658,8465.0,2585.0,903.0,349.125,-2.9375,-76.125,13.0,-1.0,13.0,0x684a
1675373759.25772,8787.0,3397.0,1181.0,205.8125,-17.9375,58.0625,-140.0,-11.0,-308.0,0x683f
1675373759.3697631,8640.0,2823.0,905.0,347.375,-0.875,-78.6875,34.0,-24.0,65.0,0x684a
1675373759.478208,8648.0,3266.0,1156.0,172.8125,-32.625,14.375,24.0,309.0,-434.0,0x683f
1675373759.589378,8838.0,2841.0,953.0,349.125,-2.5625,-80.125,68.0,125.0,-4.0,0x684a
1675373759.703617,8716.0,3175.0,890.0,153.25,-27.8125,25.5625,119.0,-408.0,13.0,0x683f
1675373759.8131819,8782.0,2631.0,992.0,349.875,-7.5,-79.3125,-38.0,-1.0,22.0,0x684a
1675373759.925568,8605.0,3056.0,886.0,156.375,-15.0625,34.0625,51.0,-95.0,-23.0,0x683f
1675373760.0372758,8763.0,2579.0,875.0,350.5,-10.0625,-79.5,-48.0,20.0,-48.0,0x684a
1675373760.148851,8617.0,3101.0,873.0,155.6875,-14.25,27.9375,-122.0,-272.0,300.0,0x683f
1675373760.2603781,8832.0,2543.0,970.0,353.875,-8.8125,-79.9375,-75.0,-18.0,-24.0,0x684a
1675373760.373852,8704.0,2838.0,1110.0,152.5625,-7.5625,18.0,-94.0,135.0,-158.0,0x683f
1675373760.484781,8876.0,2574.0,954.0,6.125,-11.375,-79.8125,77.0,-43.0,-9.0,0x684a
1675373760.59778,8907.0,2983.0,1140.0,150.375,2.1875,19.4375,-19.0,11.0,-130.0,0x683f
1675373760.708978,8925.0,2656.0,1064.0,14.3125,-11.875,-79.125,29.0,-15.0,15.0,0x684a
1675373760.8192482,8823.0,2990.0,1090.0,149.75,5.25,21.8125,-59.0,-20.0,-24.0,0x683f
1675373760.9348311,8940.0,2522.0,1042.0,15.375,-11.4375,-79.0625,17.0,-16.0,-3.0,0x684a
1675373761.045713,8884.0,2997.0,946.0,150.875,3.5,23.9375,-6.0,-3.0,-13.0,0x683f
1675373761.158806,8810.0,2460.0,1152.0,15.3125,-11.125,-79.375,-1.0,-5.0,3.0,0x684a
1675373761.269034,8743.0,3145.0,943.0,152.125,4.4375,22.8125,-26.0,-6.0,-15.0,0x683f
1675373761.379282,9027.0,2609.0,1184.0,15.5625,-11.25,-79.5625,13.0,-4.0,4.0,0x684a
1675373761.48827,8681.0,3163.0,1078.0,153.125,2.8125,22.6875,-17.0,-9.0,-29.0,0x683f
1675373761.600224,8644.0,2518.0,1186.0,16.0,-11.0,-79.5625,9.0,-2.0,-2.0,0x684a
1675373761.7119622,8675.0,3017.0,1099.0,155.4375,0.25,24.5625,-3.0,-3.0,-6.0,0x683f
1675373761.821444,8911.0,2619.0,1032.0,16.25,-10.75,-79.875,14.0,3.0,0.0,0x684a
1675373761.933603,8733.0,3120.0,1547.0,158.375,-13.3125,26.0,174.0,190.0,-248.0,0x683f
1675373762.04304,8886.0,2503.0,948.0,15.8125,-10.3125,-80.0625,-8.0,-15.0,4.0,0x684a
1675373762.151233,8561.0,3138.0,953.0,167.5625,-52.0625,65.5625,-206.0,-33.0,-230.0,0x683f
1675373762.26095,8825.0,2534.0,925.0,14.0,-10.3125,-80.1875,10.0,-6.0,0.0,0x684a
1675373762.37169,8504.0,3158.0,905.0,183.0,-51.125,113.1875,-193.0,-73.0,0.0,0x683f
