1679502401.4500952,9472.0,8354.0,-2781.0,21.25,-24.0625,94.875,-385.0,-897.0,-64.0,17.0,-5.0,16.0,-0.25,-1.5625,-0.875,93079.25,0x683f
1679502401.5274482,9468.0,8371.0,-2750.0,21.25,-24.0,94.875,-390.0,-899.0,-66.0,9.0,-7.0,10.0,-0.5625,-0.75,-0.25,93079.25,0x683f
1679502401.599238,9501.0,8397.0,-2739.0,21.4375,-24.0,94.875,-386.0,-893.0,-67.0,9.0,-2.0,11.0,-0.5625,0.5625,0.0625,93079.25,0x683f
1679502401.6688352,9484.0,8456.0,-2724.0,21.625,-24.0,94.875,-395.0,-896.0,-66.0,7.0,-5.0,8.0,-0.8125,-1.125,-0.5,93079.25,0x683f
1679502401.738017,9412.0,8402.0,-2763.0,21.625,-24.0,94.8125,-384.0,-899.0,-63.0,14.0,-7.0,10.0,-0.5,-1.1875,-0.4375,93074.0,0x683f
1679502401.8087308,9716.0,8993.0,-2581.0,21.625,-23.9375,94.8125,-387.0,-895.0,-70.0,11.0,-3.0,4.0,-0.3125,0.375,-0.375,93074.0,0x683f
1679502401.8755121,9501.0,8549.0,-2725.0,21.9375,-23.9375,94.75,-385.0,-898.0,-68.0,12.0,-5.0,6.0,-0.1875,0.6875,-0.25,93074.0,0x683f
1679502401.943455,9497.0,8396.0,-2722.0,22.0,-23.875,94.75,-392.0,-898.0,-66.0,5.0,-5.0,9.0,0.5,0.9375,0.0625,93074.0,0x683f
1679502402.0057511,8469.0,3333.0,499.0,22.0625,-23.875,94.75,-390.0,-896.0,-62.0,6.0,-3.0,12.0,0.375,0.5625,0.125,93074.0,0x683f
1679502402.068606,8467.0,3354.0,455.0,22.25,-23.875,94.75,-384.0,-895.0,-69.0,12.0,-2.0,4.0,0.875,-0.6875,-0.3125,93079.0,0x683f
1679502402.1329658,8492.0,3308.0,511.0,22.3125,-23.8125,94.6875,-380.0,-897.0,-57.0,21.0,-10.0,15.0,0.0,-2.5,-2.0625,93079.0,0x683f
1679502402.195433,8474.0,3302.0,489.0,22.5,-23.5625,94.5625,-371.0,-915.0,-59.0,20.0,-19.0,11.0,0.6875,-1.375,-3.0,93079.0,0x683f
1679502402.260957,8479.0,3305.0,505.0,23.125,-23.4375,94.5,-383.0,-900.0,-80.0,6.0,-3.0,-9.0,-0.1875,1.3125,-0.1875,93079.0,0x683f
1679502402.32454,8454.0,3322.0,498.0,23.25,-23.4375,94.5625,-379.0,-893.0,-46.0,6.0,4.0,25.0,-0.5,1.8125,0.6875,93079.0,0x683f
1679502402.391542,8853.0,3667.0,359.0,23.4375,-23.4375,94.5625,-403.0,-897.0,-56.0,-12.0,0.0,10.0,1.25,2.375,0.3125,93079.0,0x683f
1679502402.458326,8463.0,3293.0,443.0,23.5625,-23.4375,94.5,-382.0,-900.0,-62.0,15.0,-2.0,10.0,0.6875,-2.625,0.25,93083.25,0x683f
1679502402.5271602,8465.0,3293.0,505.0,23.5,-23.4375,94.375,-376.0,-899.0,-56.0,12.0,-4.0,12.0,-0.125,-0.0625,-0.5,93083.25,0x683f
1679502402.597207,8461.0,3280.0,522.0,23.5,-23.375,94.375,-386.0,-903.0,-57.0,0.0,-2.0,10.0,0.0,1.0,-0.5,93083.25,0x683f
1679502402.6591868,8445.0,3305.0,488.0,23.6875,-23.375,94.375,-388.0,-897.0,-70.0,1.0,0.0,-1.0,-0.375,-0.3125,0.0,93083.25,0x683f
1679502402.719717,8682.0,3302.0,492.0,23.5625,-23.375,94.375,-373.0,-898.0,-55.0,15.0,-1.0,13.0,-0.75,-0.5,0.0,93083.25,0x683f
1679502402.782702,8709.0,3349.0,486.0,23.625,-23.3125,94.375,-380.0,-901.0,-59.0,5.0,-1.0,8.0,-0.375,0.9375,0.375,93083.25,0x683f
1679502402.848704,8594.0,3286.0,488.0,23.875,-23.3125,94.375,-380.0,-903.0,-64.0,6.0,-6.0,7.0,0.4375,0.6875,0.125,93078.5,0x683f
1679502402.915851,8437.0,3299.0,493.0,23.9375,-23.3125,94.375,-384.0,-900.0,-62.0,3.0,-3.0,7.0,0.0625,-0.375,0.5625,93078.5,0x683f
1679502402.9898932,8479.0,3342.0,515.0,24.3125,-23.3125,94.375,-379.0,-901.0,-64.0,10.0,-3.0,8.0,-0.1875,-0.625,0.375,93078.5,0x683f
1679502403.057775,8450.0,3305.0,507.0,24.5625,-23.3125,94.375,-387.0,-900.0,-65.0,0.0,-4.0,9.0,-0.5,1.1875,0.0,93078.5,0x683f
1679502403.125458,8441.0,3288.0,490.0,24.625,-23.3125,94.375,-384.0,-898.0,-60.0,3.0,-2.0,9.0,0.1875,-1.125,-0.6875,93078.5,0x683f
1679502403.192009,8479.0,3336.0,509.0,24.5625,-23.3125,94.375,-390.0,-900.0,-69.0,8.0,0.0,11.0,-1.0625,-1.3125,0.5,93078.5,0x683f
1679502403.264839,8798.0,3663.0,367.0,24.4375,-23.3125,94.375,-381.0,-894.0,-61.0,7.0,3.0,7.0,-0.75,-1.5625,-0.375,93082.0,0x683f
1679502403.334411,8465.0,3290.0,498.0,24.4375,-23.3125,94.375,-381.0,-905.0,-62.0,4.0,-2.0,3.0,-0.375,-1.6875,0.0,93082.0,0x683f
1679502403.4135768,8509.0,3343.0,498.0,24.5625,-23.3125,94.3125,-373.0,-904.0,-55.0,15.0,-4.0,10.0,-0.4375,-0.0625,-0.125,93082.0,0x683f
1679502403.488256,8429.0,3284.0,492.0,24.5,-23.3125,94.375,-381.0,-904.0,-62.0,11.0,-6.0,8.0,-0.25,1.1875,0.5625,93082.0,0x683f
1679502403.568237,8492.0,3309.0,516.0,24.5625,-23.3125,94.375,-382.0,-899.0,-61.0,2.0,-5.0,11.0,-0.0625,0.375,0.0,93082.0,0x683f
1679502403.641942,8487.0,3333.0,502.0,24.75,-23.3125,94.4375,-380.0,-900.0,-60.0,3.0,-3.0,0.0,0.25,1.0625,-0.0625,93072.75,0x683f
1679502403.713357,8450.0,3325.0,489.0,24.75,-23.3125,94.375,-385.0,-897.0,-60.0,2.0,0.0,8.0,-0.3125,-3.125,-0.125,93072.75,0x683f
1679502403.783551,8437.0,3309.0,521.0,24.75,-23.3125,94.375,-384.0,-902.0,-59.0,11.0,-3.0,8.0,-0.75,-2.25,0.0,93072.75,0x683f
1679502403.855906,8497.0,3347.0,485.0,24.75,-23.3125,94.3125,-379.0,-896.0,-69.0,9.0,1.0,-1.0,-0.625,0.375,0.125,93072.75,0x683f
1679502403.919044,8430.0,3314.0,496.0,24.5625,-23.3125,94.375,-368.0,-905.0,-56.0,17.0,-8.0,10.0,0.0,4.5,0.625,93072.75,0x683f
1679502403.981596,8487.0,3368.0,477.0,25.0,-23.3125,94.5,-399.0,-901.0,-69.0,-10.0,-4.0,2.0,-0.3125,2.75,0.4375,93081.0,0x683f
1679502404.0422301,8855.0,3672.0,335.0,25.0625,-23.3125,94.5,-382.0,-901.0,-58.0,6.0,-4.0,12.0,0.0625,-2.125,-0.6875,93081.0,0x683f
1679502404.104439,8498.0,3324.0,521.0,25.0,-23.25,94.4375,-375.0,-900.0,-62.0,12.0,-5.0,4.0,-0.1875,-1.625,-0.8125,93081.0,0x683f
1679502404.168088,8481.0,3336.0,445.0,25.0625,-23.1875,94.4375,-370.0,-909.0,-62.0,15.0,-11.0,6.0,-0.1875,-0.9375,-0.875,93081.0,0x683f
1679502404.2377212,8443.0,3318.0,491.0,25.25,-23.125,94.375,-370.0,-903.0,-61.0,13.0,-256.0,8.0,1.0,6.0625,0.75,93081.0,0x683f
1679502404.307051,8465.0,3314.0,506.0,25.625,-23.125,94.5,-390.0,-897.0,-70.0,-1.0,0.0,0.0,0.375,2.4375,0.0625,93081.0,0x683f
1679502404.381663,8574.0,3438.0,432.0,25.75,-23.125,94.5625,-393.0,-900.0,-72.0,-9.0,-2.0,1.0,-0.0625,0.8125,-0.0625,93089.0,0x683f
1679502404.457592,8751.0,3557.0,385.0,25.6875,-23.125,94.5,-373.0,-897.0,-59.0,11.0,1.0,11.0,-0.125,-2.4375,-0.25,93089.0,0x683f
1679502404.5244732,8496.0,3339.0,466.0,25.6875,-23.0625,94.4375,-377.0,-905.0,-67.0,10.0,-7.0,3.0,0.5,-1.375,-0.5,93089.0,0x683f
1679502404.5888362,8469.0,3304.0,486.0,25.625,-23.0625,94.375,-366.0,-903.0,-61.0,18.0,-4.0,8.0,0.6875,-1.0,-0.125,93089.0,0x683f
1679502404.653358,8769.0,3549.0,402.0,25.875,-23.0625,94.3125,-371.0,-902.0,-61.0,6.0,-1.0,10.0,1.0,2.125,0.375,93089.0,0x683f
1679502404.7166982,8758.0,3552.0,407.0,26.25,-23.0,94.3125,-380.0,-904.0,-66.0,3.0,-4.0,2.0,0.9375,1.875,0.375,93089.0,0x683f
1679502404.779104,8773.0,3550.0,388.0,26.4375,-23.0,94.3125,-369.0,-899.0,-59.0,14.0,0.0,8.0,0.8125,1.875,0.1875,93080.0,0x683f
1679502404.845985,8522.0,3322.0,504.0,26.5625,-23.0,94.3125,-389.0,-899.0,-59.0,-10.0,1.0,7.0,0.4375,0.5,-0.5,93080.0,0x683f
1679502404.912931,8468.0,3294.0,473.0,26.6875,-23.0,94.25,-382.0,-901.0,-56.0,0.0,-1.0,11.0,0.5,1.625,0.3125,93080.0,0x683f
1679502404.977613,8761.0,3523.0,414.0,26.625,-23.0,94.25,-383.0,-902.0,-63.0,0.0,-2.0,4.0,-0.4375,-0.125,0.5625,93080.0,0x683f
1679502405.04202,8499.0,3329.0,475.0,26.6875,-23.0,94.25,-375.0,-898.0,-60.0,8.0,1.0,7.0,-0.125,1.0,0.3125,93080.0,0x683f
1679502405.107795,8471.0,3299.0,485.0,26.6875,-23.0,94.25,-382.0,-897.0,-62.0,1.0,2.0,4.0,-0.375,-0.75,0.125,93085.0,0x683f
1679502405.1682959,8461.0,3309.0,468.0,26.8125,-23.0,94.25,-380.0,-899.0,-57.0,3.0,0.0,10.0,-0.625,-1.1875,0.25,93085.0,0x683f
1679502405.229116,8754.0,3542.0,402.0,26.6875,-23.0,94.25,-377.0,-903.0,-63.0,5.0,-3.0,3.0,-0.5,-0.5,0.3125,93085.0,0x683f
1679502405.290196,8791.0,3573.0,395.0,26.625,-23.0,94.25,-376.0,-902.0,-61.0,6.0,-2.0,5.0,-0.375,-0.8125,0.0625,93085.0,0x683f
1679502405.353701,8497.0,3334.0,503.0,26.75,-23.0,94.25,-373.0,-902.0,-60.0,9.0,-4.0,6.0,-0.3125,0.125,0.0,93085.0,0x683f
1679502405.42174,8493.0,3318.0,485.0,27.0,-23.0,94.25,-375.0,-903.0,-60.0,8.0,-3.0,6.0,-0.0625,0.0625,-0.3125,93085.0,0x683f
1679502405.4903932,8493.0,3332.0,472.0,27.0,-23.0,94.25,-373.0,-906.0,-61.0,9.0,-6.0,5.0,0.1875,-0.625,-0.3125,93086.0,0x683f
1679502405.571618,8473.0,3319.0,462.0,27.1875,-23.0,94.1875,-370.0,-899.0,-58.0,13.0,0.0,8.0,0.5,1.25,0.0,93086.0,0x683f
1679502405.650669,8920.0,3703.0,364.0,27.5,-23.0,94.25,-379.0,-904.0,-55.0,4.0,-4.0,11.0,1.0,1.5625,0.125,93086.0,0x683f
1679502405.714828,8543.0,3344.0,431.0,27.75,-23.0,94.25,-372.0,-893.0,-58.0,10.0,7.0,6.0,0.6875,1.6875,0.875,93086.0,0x683f
1679502405.778105,8435.0,3298.0,453.0,27.9375,-22.9375,94.1875,-443.0,-908.0,-106.0,-53.0,-14.0,-40.0,0.5625,-1.6875,0.9375,93086.0,0x683f
1679502405.8444061,8895.0,3638.0,418.0,26.75,-23.125,93.5625,-421.0,-952.0,16.0,-68.0,-68.0,42.0,7.125,-33.9375,5.6875,93086.0,0x683f
1679502405.9081988,9066.0,3565.0,605.0,23.25,-23.9375,91.125,-590.0,-1045.0,83.0,-187.0,-151.0,91.0,31.3125,-91.0625,26.75,93091.25,0x683f
1679502405.9739761,8732.0,3310.0,718.0,14.25,-27.5,85.1875,-782.0,-1145.0,202.0,-328.0,-279.0,129.0,45.1875,-123.9375,88.9375,93091.25,0x683f
1679502406.0415769,8573.0,3171.0,880.0,3.25,-34.6875,78.25,-878.0,-1102.0,377.0,-288.0,-336.0,182.0,61.1875,-52.125,183.0,93091.25,0x683f
1679502406.104567,8749.0,3376.0,714.0,351.0,-48.0,68.9375,-693.0,-665.0,194.0,97.0,-14.0,-87.0,85.5625,33.5,231.0,93091.25,0x683f
1679502406.169697,8519.0,3257.0,845.0,342.25,-60.5,58.0,-646.0,-150.0,111.0,262.0,221.0,-121.0,91.875,-2.0625,192.4375,93091.25,0x683f
1679502406.233411,8550.0,3086.0,889.0,335.9375,-64.5,33.5,-522.0,10.0,183.0,369.0,228.0,-172.0,70.4375,-119.875,71.25,93091.25,0x683f
1679502406.301294,8581.0,3042.0,777.0,334.875,-57.3125,19.6875,-583.0,3.0,309.0,242.0,182.0,-189.0,27.25,-136.75,-12.125,93081.75,0x683f
1679502406.3712718,8519.0,3204.0,410.0,336.5,-49.75,19.4375,-742.0,-323.0,450.0,-27.0,-129.0,-154.0,-16.375,-113.9375,-59.1875,93081.75,0x683f
1679502406.4432142,8832.0,3324.0,677.0,339.125,-40.625,22.5,-596.0,-613.0,622.0,12.0,-311.0,-64.0,-14.5,-51.0625,-42.8125,93081.75,0x683f
1679502406.503356,8910.0,3364.0,669.0,340.5,-37.3125,23.875,-593.0,-529.0,663.0,17.0,-211.0,-36.0,-5.3125,-42.9375,-34.625,93081.75,0x683f
1679502406.56356,8778.0,3247.0,730.0,341.75,-35.4375,24.5625,-550.0,-525.0,771.0,15.0,-150.0,21.0,-0.6875,-2.5625,-9.125,93081.75,0x683f
1679502406.629903,8604.0,3160.0,797.0,342.1875,-36.4375,25.375,-277.0,-455.0,854.0,230.0,-100.0,67.0,-5.875,91.5,7.5,93085.25,0x683f
1679502406.6979132,8605.0,3152.0,692.0,342.875,-42.6875,27.8125,-565.0,-504.0,642.0,143.0,-162.0,6.0,-1.0,107.3125,9.8125,93085.25,0x683f
1679502406.7669828,8453.0,3039.0,634.0,343.625,-52.75,32.3125,-903.0,-430.0,213.0,-122.0,-112.0,-287.0,3.1875,139.4375,25.9375,93085.25,0x683f
1679502406.836917,8659.0,3017.0,899.0,343.0625,-58.75,35.4375,-1067.0,-511.0,122.0,-244.0,-208.0,-291.0,-17.625,21.375,42.8125,93085.25,0x683f
1679502406.9001658,8634.0,3214.0,767.0,338.9375,-61.1875,32.8125,-937.0,-253.0,309.0,-77.0,1.0,-87.0,-39.4375,-7.8125,61.3125,93085.25,0x683f
1679502406.963338,8584.0,3224.0,723.0,333.75,-63.0,29.1875,-969.0,-79.0,226.0,-94.0,137.0,-161.0,-50.75,-7.5,55.25,93085.25,0x683f
1679502407.029265,8622.0,3149.0,446.0,327.625,-62.125,23.5,-857.0,-38.0,522.0,-32.0,83.0,64.0,-51.8125,-65.5625,47.375,93082.5,0x683f
1679502407.0946739,8742.0,3219.0,955.0,322.0,-59.875,19.5625,-917.0,-59.0,450.0,-16.0,96.0,9.0,-54.6875,-67.375,36.0,93082.5,0x683f
1679502407.157556,8718.0,3270.0,937.0,319.0625,-55.8125,18.125,-604.0,-224.0,599.0,198.0,-51.0,64.0,-42.0,-93.25,15.125,93082.5,0x683f
1679502407.22401,8404.0,2900.0,543.0,316.8125,-51.125,16.9375,-646.0,-254.0,678.0,101.0,-73.0,57.0,-18.75,-73.5,2.1875,93082.5,0x683f
1679502407.29087,8366.0,2836.0,487.0,315.5,-46.25,16.4375,-555.0,-338.0,776.0,23.0,-197.0,50.0,-8.125,-30.8125,0.8125,93082.5,0x683f
1679502407.3577652,8454.0,3128.0,660.0,315.125,-44.8125,16.0625,-613.0,-314.0,695.0,78.0,-121.0,26.0,-2.25,-3.75,6.8125,93082.5,0x683f
1679502407.4210691,8453.0,3153.0,616.0,314.6875,-45.0625,15.875,-630.0,-237.0,657.0,72.0,-30.0,-2.0,-2.0625,-0.125,2.4375,93080.5,0x683f
1679502407.488283,8500.0,3161.0,631.0,314.5,-45.25,16.0,-717.0,-211.0,623.0,11.0,-30.0,-23.0,-2.875,0.8125,-0.375,93080.5,0x683f
1679502407.5592132,8433.0,3155.0,681.0,314.375,-45.5625,16.1875,-749.0,-207.0,608.0,6.0,-18.0,-20.0,-1.1875,-4.4375,1.0,93080.5,0x683f
1679502407.62353,8467.0,3156.0,666.0,314.3125,-45.5625,16.3125,-729.0,-223.0,652.0,-28.0,-30.0,-6.0,-1.625,7.9375,2.0625,93080.5,0x683f
1679502407.689584,8474.0,3181.0,639.0,314.1875,-45.875,16.3125,-721.0,-229.0,636.0,-16.0,-38.0,-17.0,0.75,4.125,2.5,93080.5,0x683f
1679502407.75381,8458.0,3149.0,674.0,314.125,-46.25,16.5625,-760.0,-267.0,618.0,-32.0,-78.0,-25.0,-1.3125,-4.1875,1.3125,93080.5,0x683f
1679502407.8166301,8475.0,3180.0,679.0,314.0625,-46.1875,16.8125,-748.0,-270.0,601.0,-4.0,-82.0,-35.0,-3.125,-7.1875,1.5,93082.5,0x683f
1679502407.878069,8498.0,3209.0,703.0,314.1875,-46.0625,18.3125,-701.0,-270.0,644.0,5.0,-53.0,0.0,-8.5625,10.4375,-0.4375,93082.5,0x683f
1679502407.94267,8574.0,3306.0,802.0,314.125,-47.0,19.375,-750.0,-213.0,584.0,-32.0,8.0,-46.0,-7.875,3.6875,-1.9375,93082.5,0x683f
1679502408.006646,8549.0,3296.0,844.0,314.1875,-46.5,20.0,-692.0,-141.0,643.0,31.0,84.0,5.0,-9.625,-12.0625,-10.875,93082.5,0x683f
1679502408.070563,8560.0,3273.0,841.0,314.375,-46.1875,20.875,-726.0,-264.0,662.0,-19.0,-21.0,27.0,-5.4375,-7.0,-2.6875,93082.5,0x683f
1679502408.135473,8557.0,3325.0,678.0,314.375,-45.625,21.0625,-706.0,-311.0,634.0,4.0,-53.0,-3.0,-1.0625,-13.4375,-2.8125,93082.5,0x683f
1679502408.198966,8567.0,3344.0,751.0,314.25,-45.1875,21.125,-681.0,-379.0,648.0,15.0,-129.0,5.0,-4.5625,6.9375,7.0625,93079.75,0x683f
1679502408.262409,8567.0,3334.0,730.0,314.125,-44.9375,21.75,-643.0,-200.0,652.0,49.0,56.0,8.0,-12.25,-5.375,-8.1875,93079.75,0x683f
1679502408.3252149,8506.0,3054.0,707.0,314.375,-44.625,22.875,-695.0,-223.0,636.0,-19.0,45.0,0.0,-9.75,-1.75,-8.6875,93079.75,0x683f
1679502408.396888,8700.0,3259.0,814.0,314.4375,-44.5625,23.5625,-683.0,-236.0,629.0,4.0,44.0,-10.0,-6.5,-5.4375,-5.8125,93079.75,0x683f
1679502408.461041,8648.0,3284.0,737.0,314.625,-44.25,24.25,-673.0,-271.0,688.0,11.0,17.0,49.0,-1.5625,4.3125,-3.5625,93079.75,0x683f
1679502408.522666,8540.0,3163.0,621.0,315.0,-44.25,24.5625,-745.0,-318.0,634.0,-44.0,-6.0,-10.0,2.25,-3.0,-6.1875,93079.75,0x683f
1679502408.587422,8760.0,3134.0,770.0,315.375,-43.625,24.8125,-721.0,-394.0,715.0,-45.0,-95.0,71.0,-3.5625,-6.0,-9.9375,93081.0,0x683f
1679502408.657342,8580.0,3021.0,962.0,315.8125,-43.5625,25.25,-612.0,-381.0,750.0,100.0,140.0,-115.0,6.6875,22.9375,-0.9375,93081.0,0x683f
1679502408.7250361,8553.0,2935.0,967.0,316.6875,-44.4375,25.75,-676.0,-447.0,551.0,11.0,-143.0,-78.0,0.875,10.375,-4.875,93081.0,0x683f
1679502408.791404,8572.0,2915.0,954.0,316.75,-44.25,26.1875,-841.0,-407.0,598.0,-159.0,-94.0,-33.0,-13.4375,-16.6875,-7.375,93081.0,0x683f
1679502408.853817,8587.0,2944.0,875.0,316.75,-42.875,26.6875,-821.0,-385.0,700.0,-99.0,-1.0,38.0,4.25,-18.125,-5.0625,93081.0,0x683f
1679502408.9176672,8713.0,2855.0,894.0,316.5625,-41.9375,26.625,-1116.0,-727.0,542.0,-2.0,93.0,61.0,13.0625,-39.0,-8.3125,93086.5,0x683f
1679502408.9802601,8899.0,3074.0,888.0,316.6875,-39.375,25.9375,-573.0,-500.0,619.0,49.0,-169.0,-61.0,-4.375,-29.875,-6.875,93086.5,0x683f
1679502409.042034,8634.0,2906.0,984.0,316.875,-37.875,26.0,-585.0,-351.0,733.0,17.0,-11.0,38.0,-1.375,-14.25,-13.125,93086.5,0x683f
1679502409.103937,8624.0,2867.0,958.0,317.5625,-36.8125,26.3125,-581.0,-365.0,705.0,6.0,-17.0,1.0,-2.4375,-10.125,-20.25,93086.5,0x683f
1679502409.166983,8677.0,2907.0,928.0,317.5625,-36.1875,26.5,-658.0,-536.0,529.0,17.0,-165.0,-114.0,2.625,5.4375,-8.5625,93086.5,0x683f
1679502409.229988,8694.0,2822.0,927.0,316.8125,-36.0,26.5625,-623.0,-453.0,671.0,-70.0,-166.0,-107.0,0.4375,6.4375,-5.5,93086.5,0x683f
1679502409.291533,8572.0,2793.0,925.0,316.9375,-36.0625,26.75,-574.0,-549.0,595.0,3.0,-192.0,-112.0,3.0,-4.0625,1.5,93082.0,0x683f
1679502409.356645,8543.0,3044.0,898.0,315.875,-36.9375,26.625,-621.0,-449.0,745.0,18.0,-67.0,20.0,6.8125,30.5625,8.75,93082.0,0x683f
1679502409.4203641,8598.0,3123.0,844.0,314.9375,-39.125,26.5,-653.0,-329.0,633.0,-52.0,-34.0,-36.0,6.1875,29.75,5.125,93082.0,0x683f
1679502409.4881878,8460.0,3039.0,845.0,314.5,-40.8125,26.5,-835.0,-395.0,641.0,-188.0,-49.0,23.0,15.0,3.375,8.5,93082.0,0x683f
1679502409.5492532,8526.0,2843.0,619.0,313.0,-41.5625,24.5,-733.0,-282.0,680.0,-82.0,22.0,14.0,18.375,11.8125,19.125,93082.0,0x683f
1679502409.611354,8554.0,2950.0,647.0,312.375,-42.125,23.0,-667.0,-254.0,636.0,-9.0,35.0,-33.0,10.625,-8.4375,22.75,93082.0,0x683f
1679502409.679492,8507.0,2975.0,480.0,311.3125,-42.125,21.3125,-618.0,-275.0,653.0,-24.0,2.0,-44.0,5.25,4.4375,12.6875,93083.0,0x683f
1679502409.7481349,8468.0,3139.0,682.0,310.625,-42.3125,20.4375,-709.0,-267.0,658.0,-24.0,15.0,1.0,2.9375,-10.3125,9.625,93083.0,0x683f
1679502409.812032,8469.0,3131.0,647.0,310.125,-41.9375,19.9375,-656.0,-194.0,677.0,-11.0,25.0,-15.0,-5.0,-0.9375,5.0625,93083.0,0x683f
1679502409.882551,8436.0,3114.0,598.0,309.4375,-42.375,20.125,-648.0,-227.0,655.0,32.0,22.0,-15.0,-7.625,0.125,7.0625,93083.0,0x683f
1679502409.950525,8425.0,3152.0,594.0,309.0625,-42.5,20.375,-595.0,-153.0,636.0,68.0,99.0,-39.0,-9.875,3.4375,0.1875,93083.0,0x683f
1679502410.026219,8500.0,3136.0,626.0,308.75,-42.375,22.125,-677.0,-162.0,564.0,-21.0,70.0,55.0,-26.25,-8.6875,-5.8125,93083.0,0x683f
1679502410.093906,8704.0,3280.0,679.0,308.1875,-42.25,23.625,-655.0,-250.0,689.0,10.0,42.0,18.0,-13.375,1.25,0.3125,93071.5,0x683f
1679502410.1601129,8804.0,3496.0,1012.0,308.0,-42.0,24.3125,-677.0,-286.0,679.0,-41.0,29.0,27.0,-10.3125,-6.1875,-1.5625,93071.5,0x683f
1679502410.2644491,8658.0,3138.0,705.0,307.4375,-41.1875,24.6875,-651.0,-283.0,701.0,-24.0,-8.0,42.0,-6.3125,-12.9375,1.9375,93071.5,0x683f
1679502410.33294,8690.0,3172.0,809.0,307.0625,-40.1875,24.875,-545.0,-187.0,378.0,-120.0,-250.0,198.0,-8.0625,-5.5625,-12.0,93071.5,0x683f
1679502410.394787,8880.0,3170.0,726.0,307.0,-39.6875,25.4375,-592.0,-255.0,626.0,53.0,5.0,-49.0,-15.8125,-24.0625,-5.3125,93071.5,0x683f
1679502410.458396,8560.0,3081.0,789.0,306.8125,-37.9375,26.25,-709.0,-488.0,796.0,-185.0,-123.0,58.0,-8.8125,-28.875,-3.625,93080.25,0x683f
1679502410.523104,8619.0,3046.0,700.0,306.1875,-35.9375,25.875,-497.0,-300.0,764.0,153.0,54.0,20.0,-2.5625,-27.75,5.6875,93080.25,0x683f
1679502410.587818,8688.0,3011.0,672.0,305.8125,-34.1875,25.6875,-653.0,-447.0,711.0,-34.0,-27.0,-55.0,-4.375,-36.875,-0.9375,93080.25,0x683f
1679502410.649487,8688.0,2908.0,796.0,305.375,-33.0625,25.5625,-473.0,-383.0,707.0,57.0,-27.0,-36.0,-5.375,-28.875,1.9375,93080.25,0x683f
1679502410.716449,8442.0,2718.0,658.0,305.125,-32.125,25.75,-471.0,-540.0,633.0,59.0,-187.0,-19.0,-5.375,-14.1875,-1.875,93080.25,0x683f
1679502410.78303,8265.0,2482.0,720.0,305.1875,-31.5625,26.0,-513.0,-340.0,663.0,-24.0,-3.0,-51.0,0.875,2.125,-8.125,93080.25,0x683f
1679502410.8516638,8666.0,2829.0,815.0,305.8125,-31.375,26.0625,-478.0,-348.0,751.0,32.0,19.0,0.0,8.375,11.625,-8.5625,93079.5,0x683f
1679502410.9253051,8546.0,2777.0,799.0,306.9375,-31.8125,26.0,-491.0,-397.0,739.0,56.0,-32.0,25.0,10.5625,16.0625,-10.75,93079.5,0x683f
1679502410.991303,8533.0,2790.0,756.0,308.0,-32.5,26.0625,-563.0,-478.0,677.0,15.0,-5.0,23.0,9.9375,10.1875,-3.5625,93079.5,0x683f
1679502411.056894,8624.0,2962.0,773.0,308.625,-33.0625,26.125,-542.0,-400.0,745.0,-25.0,-91.0,-80.0,0.4375,19.75,-3.5,93079.5,0x683f
1679502411.122308,8554.0,2960.0,706.0,308.125,-33.8125,26.5,-401.0,-586.0,755.0,146.0,-223.0,27.0,1.375,23.0,7.25,93079.5,0x683f
1679502411.188403,8639.0,2850.0,864.0,308.0625,-35.9375,26.6875,-573.0,-357.0,739.0,-26.0,29.0,48.0,2.8125,46.375,10.1875,93079.5,0x683f
1679502411.2612638,8491.0,2603.0,548.0,307.1875,-39.0625,26.625,-683.0,-378.0,709.0,-83.0,10.0,-77.0,19.875,26.5,6.375,93077.25,0x683f
1679502411.325953,8575.0,2944.0,539.0,307.0625,-39.9375,24.75,-782.0,-362.0,750.0,-63.0,-15.0,63.0,25.75,-12.125,22.625,93077.25,0x683f
1679502411.3944361,8517.0,2952.0,591.0,305.5625,-40.25,22.25,-636.0,-258.0,615.0,11.0,35.0,-65.0,11.875,-9.0,25.125,93077.25,0x683f
1679502411.456713,8522.0,3256.0,530.0,304.3125,-40.25,20.3125,-587.0,-265.0,653.0,46.0,-7.0,-48.0,3.1875,-1.4375,16.125,93077.25,0x683f
1679502411.5201359,8574.0,3251.0,566.0,303.9375,-40.6875,19.875,-561.0,-216.0,663.0,78.0,36.0,-34.0,-2.5,3.8125,-4.375,93077.25,0x683f
1679502411.589451,8524.0,3102.0,484.0,304.0625,-40.6875,20.4375,-648.0,-252.0,651.0,4.0,1.0,-27.0,-10.9375,-0.75,-5.0625,93084.25,0x683f
1679502411.658952,8408.0,2843.0,242.0,304.0,-40.625,21.5,-639.0,-262.0,711.0,-16.0,13.0,17.0,-10.9375,0.5625,-2.125,93084.25,0x683f
1679502411.7221582,8449.0,2899.0,338.0,303.8125,-40.5,22.1875,-645.0,-269.0,719.0,-8.0,12.0,29.0,-8.9375,-1.9375,1.125,93084.25,0x683f
1679502411.787125,8353.0,2894.0,426.0,303.5625,-40.125,22.625,-666.0,-286.0,693.0,-35.0,-9.0,9.0,-11.0,-11.6875,-1.0625,93084.25,0x683f
1679502411.856291,8482.0,3143.0,623.0,303.125,-39.5,22.9375,-658.0,-352.0,696.0,-35.0,-56.0,0.0,-8.375,-8.125,3.5,93084.25,0x683f
1679502411.9195762,8516.0,3138.0,637.0,302.75,-38.8125,23.1875,-592.0,-246.0,722.0,22.0,55.0,21.0,-10.125,-1.375,1.5625,93084.25,0x683f
1679502411.982183,8632.0,3255.0,622.0,302.3125,-39.25,23.875,-597.0,-221.0,689.0,24.0,86.0,-4.0,-10.4375,6.625,2.4375,93078.75,0x683f
1679502412.04463,8518.0,3014.0,390.0,302.125,-39.8125,24.625,-660.0,-292.0,652.0,-30.0,22.0,-30.0,-10.0625,9.0625,1.875,93078.75,0x683f
1679502412.1092238,8574.0,3255.0,672.0,301.875,-40.3125,25.3125,-639.0,-279.0,697.0,-3.0,40.0,22.0,-6.125,9.5625,3.125,93078.75,0x683f
1679502412.1686962,8651.0,3309.0,647.0,301.75,-40.5,25.75,-655.0,-284.0,714.0,-18.0,39.0,43.0,-6.8125,-5.0,1.375,93078.75,0x683f
1679502412.2324312,8607.0,3300.0,609.0,301.375,-40.3125,25.8125,-643.0,-319.0,738.0,-8.0,6.0,66.0,-4.5,-9.25,4.375,93078.75,0x683f
1679502412.295638,8657.0,3136.0,870.0,300.9375,-39.9375,25.5625,-649.0,-358.0,682.0,4.0,-19.0,4.0,0.8125,-10.3125,5.6875,93078.75,0x683f
1679502412.356919,8521.0,2779.0,509.0,300.5,-39.5625,25.0,-607.0,-324.0,719.0,16.0,-5.0,32.0,3.1875,-13.875,5.0625,93085.75,0x683f
1679502412.420079,8599.0,2927.0,761.0,300.125,-39.125,24.375,-565.0,-241.0,603.0,52.0,71.0,-89.0,-5.0,-10.1875,-1.5625,93085.75,0x683f
1679502412.48276,8761.0,3062.0,649.0,299.75,-38.125,24.6875,-716.0,-408.0,648.0,-110.0,-86.0,-52.0,-14.1875,-14.25,2.125,93085.75,0x683f
1679502412.548352,8594.0,2955.0,574.0,299.3125,-37.0625,25.75,-571.0,-381.0,720.0,-11.0,-102.0,-48.0,-24.5,-28.1875,-9.75,93085.75,0x683f
1679502412.612649,8598.0,2992.0,625.0,299.0,-35.25,27.125,-723.0,-499.0,751.0,-157.0,-133.0,38.0,-17.0625,-39.375,-7.3125,93085.75,0x683f
1679502412.6781409,8394.0,2652.0,450.0,298.625,-33.4375,27.0625,-311.0,-423.0,702.0,143.0,-57.0,-37.0,0.0625,-8.5,-0.25,93085.75,0x683f
1679502412.746347,8443.0,2708.0,552.0,297.8125,-32.625,27.0625,-481.0,-519.0,761.0,47.0,-143.0,26.0,-7.5,-18.875,-0.9375,93074.0,0x683f
1679502412.814071,8704.0,2725.0,638.0,297.6875,-32.0625,27.1875,-548.0,-258.0,743.0,-27.0,122.0,4.0,3.3125,-4.6875,-5.1875,93074.0,0x683f
1679502412.882894,8417.0,2582.0,1020.0,298.1875,-31.75,27.0625,-575.0,-466.0,570.0,-60.0,-87.0,-173.0,9.8125,-8.125,-11.1875,93074.0,0x683f
1679502412.947507,8601.0,2591.0,744.0,298.3125,-31.1875,27.0625,-310.0,-481.0,856.0,111.0,21.0,237.0,9.375,0.4375,0.9375,93074.0,0x683f
1679502413.01874,8587.0,2757.0,853.0,298.625,-31.5,27.125,-598.0,-396.0,669.0,-85.0,-14.0,-74.0,-2.6875,6.75,-4.5625,93074.0,0x683f
1679502413.083626,8587.0,2817.0,838.0,299.0,-31.5,27.5625,-464.0,-417.0,698.0,21.0,-40.0,-8.0,-1.25,-3.625,-7.4375,93074.0,0x683f
1679502413.147968,8541.0,2828.0,836.0,299.5,-31.625,27.8125,-341.0,-473.0,792.0,172.0,-82.0,54.0,4.25,35.75,-8.75,93080.5,0x683f
1679502413.213233,8545.0,2926.0,806.0,300.625,-33.25,28.3125,-455.0,-369.0,818.0,126.0,7.0,121.0,6.8125,24.1875,-6.875,93080.5,0x683f
1679502413.27969,8579.0,2986.0,675.0,301.1875,-36.1875,29.25,-657.0,-384.0,576.0,-71.0,2.0,-107.0,11.375,66.5625,-5.6875,93080.5,0x683f
1679502413.3472471,8461.0,2887.0,698.0,300.9375,-39.125,30.3125,-551.0,-415.0,649.0,66.0,-30.0,-6.0,10.25,49.3125,-3.5,93080.5,0x683f
1679502413.422384,8477.0,2872.0,751.0,301.5625,-42.5625,31.125,-609.0,-487.0,610.0,101.0,-114.0,5.0,25.25,84.3125,14.1875,93080.5,0x683f
1679502413.501041,8483.0,2885.0,824.0,301.75,-50.0625,31.125,-865.0,-443.0,625.0,-105.0,-126.0,92.0,52.25,59.9375,30.9375,93080.0,0x683f
1679502413.580384,8515.0,3111.0,657.0,302.5625,-57.375,27.3125,-709.0,-358.0,513.0,41.0,-44.0,-63.0,71.5625,113.25,17.375,93080.0,0x683f
1679502413.664306,8708.0,3298.0,652.0,305.875,-61.0625,26.5625,-618.0,-103.0,438.0,221.0,121.0,18.0,60.1875,15.875,-35.1875,93080.0,0x683f
1679502413.746277,8303.0,2602.0,672.0,313.125,-59.6875,30.375,-987.0,-229.0,394.0,-140.0,33.0,-48.0,35.5625,-10.6875,-59.3125,93080.0,0x683f
1679502413.8267572,8406.0,2983.0,605.0,317.875,-56.4375,32.75,-1093.0,-239.0,312.0,-208.0,44.0,-114.0,26.8125,-95.125,-57.625,93080.0,0x683f
1679502413.905779,8638.0,3145.0,633.0,321.0,-47.125,29.8125,-823.0,-246.0,488.0,-104.0,85.0,-90.0,7.1875,-120.5,-43.1875,93081.5,0x683f
1679502413.9884548,8576.0,3076.0,735.0,321.9375,-37.875,28.25,-608.0,-341.0,646.0,36.0,26.0,-34.0,-11.375,-91.0,-24.125,93081.5,0x683f
1679502414.0575411,8594.0,3140.0,759.0,321.875,-32.4375,28.25,-504.0,-402.0,770.0,3.0,-7.0,20.0,-19.5625,-51.4375,-18.375,93081.5,0x683f
1679502414.1264472,8610.0,3167.0,757.0,321.875,-28.875,29.1875,-463.0,-457.0,760.0,31.0,-20.0,-9.0,-13.0625,-26.75,-9.9375,93081.5,0x683f
1679502414.187522,8630.0,3151.0,775.0,321.8125,-27.375,29.625,-421.0,-426.0,836.0,24.0,5.0,77.0,-2.1875,-39.5,-4.375,93081.5,0x683f
1679502414.2514172,8604.0,3109.0,828.0,321.5625,-25.8125,29.4375,-383.0,-431.0,828.0,20.0,-12.0,58.0,-6.3125,-20.6875,-3.25,93078.75,0x683f
1679502414.318356,8607.0,3159.0,737.0,321.375,-24.75,29.625,-317.0,-482.0,879.0,36.0,-46.0,59.0,-0.8125,0.4375,0.6875,93078.75,0x683f
1679502414.380609,8585.0,3112.0,781.0,321.5625,-25.0,29.75,-407.0,-483.0,778.0,6.0,-42.0,7.0,1.1875,0.1875,-3.8125,93078.75,0x683f
1679502414.442092,8331.0,2654.0,644.0,321.8125,-25.0625,29.625,-399.0,-654.0,782.0,16.0,-215.0,10.0,16.75,9.0625,0.1875,93078.75,0x683f
1679502414.5042748,8500.0,3111.0,754.0,322.0,-26.3125,28.0,-419.0,-842.0,753.0,12.0,-413.0,-48.0,40.875,40.3125,27.25,93078.75,0x683f
1679502414.571166,8361.0,2991.0,1015.0,320.125,-29.6875,24.9375,-456.0,-576.0,525.0,91.0,-111.0,-262.0,28.0,30.375,57.8125,93078.75,0x683f
1679502414.639162,8467.0,3116.0,925.0,317.375,-32.625,23.25,-319.0,-281.0,454.0,202.0,95.0,-350.0,-30.375,47.125,45.3125,93079.5,0x683f
1679502414.7073631,9056.0,3418.0,877.0,315.6875,-36.75,28.375,-344.0,-216.0,567.0,251.0,182.0,-89.0,-83.0,48.4375,-34.0625,93079.5,0x683f
1679502414.7716649,8595.0,3151.0,853.0,318.375,-38.8125,38.1875,-258.0,-329.0,618.0,364.0,163.0,44.0,-103.5625,204.0625,-104.0625,93079.5,0x683f
1679502414.835304,8574.0,3206.0,810.0,330.3125,-43.5625,60.8125,-562.0,-484.0,383.0,64.0,116.0,35.0,-66.1875,300.1875,-157.1875,93079.5,0x683f
1679502414.895871,9083.0,3451.0,621.0,348.5,-39.1875,80.875,-642.0,-817.0,79.0,-43.0,-47.0,-9.0,-32.4375,266.75,-196.375,93079.5,0x683f
1679502414.9609768,8747.0,3443.0,500.0,10.3125,-29.0625,92.4375,-713.0,-1279.0,-214.0,-262.0,-410.0,-159.0,9.9375,224.6875,-160.0,93079.5,0x683f
1679502415.028183,8961.0,3737.0,349.0,31.8125,-18.625,96.25,-810.0,-1264.0,-266.0,-477.0,-310.0,-158.0,21.0,70.25,-95.4375,93080.75,0x683f
1679502415.094878,8344.0,3192.0,467.0,38.375,-15.0,96.625,-579.0,-973.0,-135.0,-324.0,-32.0,-24.0,-22.6875,30.9375,9.375,93080.75,0x683f
1679502415.1616871,8474.0,3339.0,518.0,37.4375,-16.5,98.9375,-393.0,-904.0,-74.0,-108.0,21.0,78.0,-35.0625,11.5625,38.875,93080.75,0x683f
1679502415.2264378,8377.0,3228.0,415.0,36.0,-18.1875,101.0625,-383.0,-856.0,-123.0,-82.0,52.0,51.0,-16.875,5.25,13.8125,93080.75,0x683f
1679502415.293171,8977.0,3826.0,410.0,34.3125,-18.6875,101.5625,-258.0,-953.0,-37.0,57.0,-44.0,149.0,-7.5,-31.0625,-1.875,93080.75,0x683f
1679502415.357623,8831.0,3618.0,319.0,32.5,-18.9375,101.4375,-278.0,-940.0,-48.0,56.0,-37.0,142.0,-1.4375,-14.375,-2.9375,93080.75,0x683f
1679502415.425398,8354.0,3191.0,435.0,32.25,-18.75,101.0,-311.0,-902.0,-109.0,4.0,9.0,68.0,1.3125,-2.6875,-2.75,93081.75,0x683f
1679502415.492258,9226.0,4033.0,620.0,32.0625,-18.6875,100.8125,-365.0,-910.0,-153.0,-50.0,1.0,21.0,-0.1875,-7.875,-1.5625,93081.75,0x683f
1679502415.560353,9073.0,3776.0,313.0,31.0,-19.0,100.5625,-336.0,-911.0,-126.0,-16.0,0.0,43.0,-2.375,-16.125,-0.0625,93081.75,0x683f
1679502415.624494,9054.0,3791.0,302.0,30.125,-19.25,100.4375,-307.0,-918.0,-106.0,15.0,-8.0,61.0,-0.5,-3.625,1.0,93081.75,0x683f
1679502415.686336,8337.0,3155.0,490.0,30.0,-19.25,99.9375,-314.0,-911.0,-104.0,4.0,0.0,55.0,1.0,-2.8125,-0.5625,93081.75,0x683f
1679502415.7483158,8838.0,3583.0,393.0,29.9375,-19.3125,99.625,-347.0,-909.0,-129.0,-22.0,2.0,25.0,-0.3125,-2.4375,-0.125,93076.5,0x683f
1679502415.810396,8564.0,3329.0,492.0,29.5625,-19.4375,99.375,-338.0,-911.0,-105.0,-10.0,0.0,45.0,-0.8125,-5.125,-0.75,93076.5,0x683f
1679502415.87502,8933.0,3653.0,392.0,29.1875,-19.5625,99.0,-332.0,-912.0,-103.0,-3.0,0.0,41.0,0.5,-9.0625,-1.375,93076.5,0x683f
1679502415.950578,8316.0,3171.0,575.0,29.0,-19.5625,98.75,-327.0,-912.0,-117.0,0.0,0.0,23.0,0.125,-1.5625,-0.3125,93076.5,0x683f
1679502416.017621,8360.0,3145.0,526.0,28.9375,-19.5625,98.625,-315.0,-913.0,-105.0,14.0,1.0,37.0,-0.1875,3.625,0.875,93076.5,0x683f
1679502416.089747,9031.0,3772.0,346.0,29.125,-19.5625,98.5625,-346.0,-917.0,-105.0,-15.0,-3.0,32.0,1.1875,5.5625,0.875,93076.5,0x683f
1679502416.154495,8371.0,3191.0,532.0,29.3125,-19.6875,98.375,-350.0,-911.0,-103.0,-19.0,1.0,32.0,0.75,2.375,1.5625,93072.75,0x683f
1679502416.217557,9170.0,3960.0,479.0,29.1875,-19.8125,98.25,-347.0,-910.0,-107.0,-14.0,2.0,25.0,1.1875,-1.375,0.875,93072.75,0x683f
1679502416.281836,8873.0,3767.0,418.0,29.0,-19.9375,98.0625,-345.0,-910.0,-115.0,-10.0,2.0,13.0,0.5625,-6.25,-0.3125,93072.75,0x683f
1679502416.3523798,9050.0,3799.0,294.0,28.625,-19.9375,97.875,-335.0,-916.0,-107.0,-4.0,0.0,16.0,0.5,-0.625,0.3125,93072.75,0x683f
1679502416.41798,9255.0,3915.0,492.0,28.4375,-19.9375,97.8125,-335.0,-911.0,-101.0,-2.0,-2.0,24.0,0.625,-0.25,-0.25,93072.75,0x683f
1679502416.490958,8446.0,3356.0,556.0,28.5625,-19.9375,97.625,-337.0,-916.0,-102.0,-4.0,-2.0,20.0,0.875,-1.3125,-1.125,93072.75,0x683f
1679502416.554018,8418.0,3358.0,546.0,28.5,-19.875,97.5,-332.0,-915.0,-98.0,1.0,0.0,22.0,0.625,1.1875,-1.0,93082.5,0x683f
1679502416.620884,8331.0,3197.0,418.0,28.5625,-19.8125,97.375,-339.0,-909.0,-101.0,-6.0,5.0,17.0,-0.125,-1.1875,-1.0,93082.5,0x683f
1679502416.6893618,8481.0,3395.0,489.0,28.5625,-19.8125,97.3125,-342.0,-909.0,-103.0,-8.0,-1.0,12.0,1.0,0.625,-0.5625,93082.5,0x683f
1679502416.7551181,8518.0,3373.0,561.0,28.4375,-19.8125,97.25,-341.0,-905.0,-101.0,-2.0,8.0,21.0,-0.0625,-0.25,0.1875,93082.5,0x683f
1679502416.819701,8440.0,3344.0,485.0,28.5,-19.875,97.1875,-339.0,-910.0,-92.0,-6.0,3.0,23.0,0.0625,-0.125,0.0,93082.5,0x683f
1679502416.8865001,8528.0,3512.0,602.0,28.25,-19.875,97.125,-347.0,-909.0,-94.0,-9.0,4.0,20.0,-0.3125,-2.1875,-0.25,93082.5,0x683f
1679502416.959371,8322.0,3179.0,401.0,28.125,-19.9375,97.0625,-336.0,-915.0,-92.0,-6.0,-1.0,17.0,-0.3125,-3.75,-0.625,93085.5,0x683f
1679502417.023917,8423.0,3322.0,508.0,27.875,-20.0,96.9375,-335.0,-915.0,-96.0,0.0,0.0,15.0,0.0,-2.125,0.25,93085.5,0x683f
1679502417.0842721,8849.0,3582.0,482.0,27.25,-20.0,96.875,-318.0,-918.0,-85.0,8.0,2.0,17.0,-0.375,0.0,-0.1875,93085.5,0x683f
1679502417.1506078,8468.0,3355.0,477.0,27.1875,-19.9375,96.8125,-332.0,-913.0,-86.0,3.0,1.0,17.0,0.25,-0.125,-0.5,93085.5,0x683f
1679502417.219289,8402.0,3302.0,493.0,27.125,-19.9375,96.75,-336.0,-916.0,-92.0,1.0,2.0,15.0,0.0625,-0.625,-0.0625,93085.5,0x683f
1679502417.2839098,8543.0,3488.0,617.0,27.25,-19.9375,96.6875,-325.0,-912.0,-87.0,9.0,3.0,20.0,-0.25,-1.0,0.25,93071.75,0x683f
1679502417.351872,9003.0,3814.0,203.0,27.125,-19.9375,96.6875,-339.0,-914.0,-92.0,0.0,-2.0,18.0,0.0,-0.5,-0.4375,93071.75,0x683f
1679502417.419738,8417.0,3335.0,520.0,27.0625,-19.9375,96.625,-332.0,-918.0,-89.0,2.0,0.0,13.0,0.25,0.0,0.3125,93071.75,0x683f
1679502417.489227,8470.0,3350.0,564.0,26.9375,-19.9375,96.625,-333.0,-917.0,-96.0,1.0,-3.0,7.0,-0.0625,-0.0625,0.9375,93071.75,0x683f
1679502417.552813,8588.0,3506.0,649.0,26.8125,-20.0,96.625,-335.0,-915.0,-98.0,-1.0,-3.0,6.0,-0.5625,0.3125,0.5,93071.75,0x683f
1679502417.6203678,8542.0,3482.0,627.0,26.625,-20.0,96.5625,-336.0,-915.0,-100.0,-2.0,1.0,8.0,-0.5625,0.0,0.1875,93071.75,0x683f
1679502417.683319,8447.0,3348.0,589.0,26.625,-20.0,96.5625,-332.0,-917.0,-93.0,3.0,-3.0,13.0,-0.3125,-1.25,-0.25,93079.25,0x683f
1679502417.749923,9001.0,3803.0,410.0,26.625,-20.0,96.5625,-334.0,-917.0,-98.0,0.0,-3.0,6.0,-0.375,1.5,0.375,93079.25,0x683f
1679502417.819922,8336.0,3181.0,460.0,26.5625,-20.0,96.5625,-334.0,-914.0,-94.0,3.0,2.0,11.0,-0.4375,1.6875,0.125,93079.25,0x683f
1679502417.889803,8352.0,3164.0,473.0,26.5,-20.0,96.5625,-339.0,-912.0,-93.0,-4.0,4.0,10.0,-0.4375,-0.125,-0.125,93079.25,0x683f
1679502417.9543989,9088.0,3885.0,403.0,26.25,-20.0,96.625,-340.0,-915.0,-101.0,0.0,0.0,9.0,-0.5,-0.875,0.1875,93079.25,0x683f
1679502418.019638,9124.0,3910.0,457.0,26.25,-20.0,96.625,-337.0,-913.0,-100.0,0.0,2.0,6.0,-0.3125,0.9375,0.5,93079.25,0x683f
1679502418.093467,8324.0,3192.0,483.0,26.25,-20.0,96.625,-334.0,-915.0,-100.0,-2.0,0.0,6.0,-0.875,1.5625,0.25,93084.5,0x683f
1679502418.161471,8486.0,3342.0,540.0,26.25,-20.0,96.6875,-338.0,-911.0,-100.0,-3.0,2.0,11.0,-0.5625,-0.875,-0.125,93084.5,0x683f
1679502418.225269,9141.0,3942.0,458.0,26.3125,-20.0,96.75,-340.0,-911.0,-102.0,-4.0,3.0,3.0,-0.625,-1.3125,-0.1875,93084.5,0x683f
1679502418.29086,8334.0,3156.0,517.0,26.0,-20.0,96.75,-335.0,-909.0,-100.0,3.0,4.0,10.0,-1.1875,-0.8125,-0.25,93084.5,0x683f
1679502418.353531,8500.0,3338.0,598.0,26.0625,-20.0,96.8125,-341.0,-913.0,-102.0,-5.0,0.0,8.0,-0.9375,-0.375,-0.25,93084.5,0x683f
1679502418.420088,9002.0,3777.0,284.0,25.9375,-20.0,96.875,-343.0,-914.0,-105.0,-6.0,1.0,7.0,-1.25,-1.0625,0.4375,93088.25,0x683f
1679502418.488367,8370.0,3188.0,526.0,25.5,-20.0625,96.875,-328.0,-922.0,-95.0,-6.0,-8.0,12.0,-0.625,-0.25,0.9375,93088.25,0x683f
1679502418.553144,9584.0,4085.0,711.0,25.125,-20.1875,96.875,-349.0,-911.0,-102.0,-11.0,1.0,8.0,-1.0,-10.125,2.1875,93088.25,0x683f
1679502418.619833,8346.0,3187.0,527.0,23.9375,-20.5,96.625,-372.0,-918.0,-94.0,-15.0,-2.0,20.0,-1.75,-22.75,2.875,93088.25,0x683f
1679502418.6855319,9159.0,3759.0,406.0,22.1875,-21.0625,96.0625,-354.0,-903.0,-46.0,-30.0,-3.0,36.0,2.0,-16.1875,7.375,93088.25,0x683f
1679502418.752743,9354.0,3746.0,513.0,20.0625,-21.5,95.0,-379.0,-904.0,-24.0,-18.0,4.0,50.0,10.3125,-59.625,1.0,93088.25,0x683f
1679502418.817369,9161.0,3721.0,555.0,17.375,-22.0625,93.0625,-475.0,-977.0,-79.0,-138.0,-73.0,-44.0,17.5,0.0625,18.625,93069.25,0x683f
1679502418.879703,9257.0,3746.0,603.0,15.0,-23.5625,91.25,-627.0,-993.0,-142.0,-229.0,-97.0,-132.0,19.3125,-135.875,37.375,93069.25,0x683f
1679502418.944628,8940.0,3550.0,576.0,3.375,-26.375,85.0,-597.0,-942.0,3.0,-161.0,-67.0,-72.0,19.1875,-188.625,57.9375,93069.25,0x683f
1679502419.0096672,8479.0,3147.0,854.0,351.4375,-28.6875,77.875,-567.0,-881.0,224.0,-88.0,-48.0,29.0,22.75,-153.3125,87.25,93069.25,0x683f
1679502419.07488,8627.0,3311.0,802.0,340.75,-33.125,70.8125,-650.0,-818.0,237.0,-114.0,-43.0,-32.0,17.0625,-77.75,114.5625,93069.25,0x683f
1679502419.137799,8677.0,3308.0,770.0,331.8125,-37.9375,65.1875,-640.0,-716.0,291.0,-33.0,-5.0,-64.0,14.75,-59.25,120.0,93069.25,0x683f
1679502419.2020092,8497.0,3155.0,851.0,323.75,-42.375,59.1875,-619.0,-611.0,297.0,50.0,-2.0,-80.0,14.6875,-42.875,111.5625,93085.5,0x683f
1679502419.273532,8554.0,3167.0,709.0,315.8125,-46.875,51.9375,-687.0,-541.0,333.0,33.0,-26.0,-86.0,13.375,-47.4375,94.4375,93085.5,0x683f
1679502419.3428779,8605.0,3318.0,869.0,309.25,-49.3125,43.875,-632.0,-458.0,413.0,114.0,-26.0,-51.0,12.0625,-16.1875,79.625,93085.5,0x683f
1679502419.409054,8423.0,3137.0,598.0,304.5,-52.5,38.1875,-752.0,-394.0,358.0,35.0,-27.0,-107.0,10.5,4.5625,64.625,93085.5,0x683f
1679502419.471503,8691.0,3308.0,384.0,301.0625,-55.0625,33.6875,-731.0,-361.0,408.0,72.0,-49.0,-58.0,4.75,25.6875,47.1875,93085.5,0x683f
1679502419.534394,8936.0,3285.0,736.0,299.125,-58.0,31.875,-831.0,-365.0,374.0,0.0,-90.0,-66.0,5.5625,33.375,36.3125,93085.5,0x683f
1679502419.5972538,8893.0,3298.0,755.0,297.625,-60.6875,30.125,-880.0,-334.0,395.0,-43.0,-95.0,-11.0,7.75,41.3125,37.25,93085.75,0x683f
1679502419.659004,8414.0,2601.0,377.0,295.875,-64.5,28.5,-992.0,-215.0,326.0,-101.0,-21.0,-34.0,0.4375,64.3125,50.5625,93085.75,0x683f
1679502419.721596,8718.0,2963.0,938.0,292.9375,-69.0625,25.75,-1021.0,-78.0,254.0,-101.0,65.0,-52.0,-14.875,44.9375,64.0625,93085.75,0x683f
