1678222318.720553,8404.0,3669.0,2394.0,2.0,-16.375,91.4375,-275.0,-949.0,-22.0,7.0,-8.0,0.0,-0.125,-0.8125,0.125,94873.75,0x683f
1678222318.782735,8305.0,3665.0,2400.0,1.875,-16.375,91.4375,-262.0,-942.0,-26.0,18.0,0.0,0.0,0.6875,0.1875,0.75,94868.25,0x683f
1678222318.84131,8266.0,3571.0,2400.0,2.125,-16.375,91.4375,-274.0,-937.0,-34.0,3.0,0.0,-12.0,0.375,1.8125,-0.3125,94868.25,0x683f
1678222318.901678,8562.0,4475.0,2397.0,2.125,-16.375,91.5,-277.0,-941.0,-37.0,0.0,0.0,-12.0,-0.75,0.875,-0.125,94868.25,0x683f
1678222318.963727,7857.0,3387.0,2392.0,2.3125,-16.375,91.5,-280.0,-943.0,-28.0,-3.0,-2.0,-3.0,0.125,2.3125,0.125,94868.25,0x683f
1678222319.026579,8203.0,3648.0,2399.0,2.5625,-16.375,91.5,-276.0,-946.0,-26.0,0.0,-3.0,1.0,-0.125,0.0625,-0.0625,94868.25,0x683f
1678222319.08933,7946.0,3472.0,2398.0,2.625,-16.375,91.5,-272.0,-946.0,-18.0,1.0,0.0,3.0,0.9375,0.9375,-0.5,94868.25,0x683f
1678222319.149525,8053.0,3508.0,2399.0,2.875,-16.3125,91.4375,-275.0,-940.0,-34.0,0.0,0.0,-9.0,1.1875,2.3125,-0.9375,94856.25,0x683f
1678222319.209376,8075.0,3568.0,2407.0,3.0,-16.25,91.4375,-267.0,-943.0,-37.0,6.0,-2.0,-12.0,-0.375,-0.75,-1.375,94856.25,0x683f
1678222319.267699,8745.0,3410.0,731.0,3.1875,-16.125,91.5,-276.0,-947.0,-46.0,-4.0,-5.0,-20.0,-1.4375,0.625,-2.125,94856.25,0x683f
1678222319.328862,8634.0,3397.0,751.0,3.375,-16.0,91.625,-269.0,-928.0,-47.0,4.0,18.0,-15.0,-2.4375,-0.625,-2.1875,94856.25,0x683f
1678222319.391676,8509.0,3354.0,789.0,3.4375,-15.75,91.875,-263.0,-946.0,-16.0,2.0,-8.0,17.0,-2.875,-0.25,-4.75,94856.25,0x683f
1678222319.453286,8564.0,3519.0,906.0,3.6875,-15.5,92.0,-278.0,-950.0,-48.0,-15.0,-6.0,-15.0,-2.4375,2.4375,-3.3125,94856.25,0x683f
1678222319.511564,8540.0,3381.0,756.0,4.0,-15.375,92.125,-256.0,-933.0,-38.0,0.0,3.0,-7.0,-2.375,3.0,-1.6875,94856.25,0x683f
1678222319.572565,8517.0,3312.0,788.0,4.3125,-15.3125,92.1875,-234.0,-949.0,-22.0,24.0,-4.0,14.0,-0.125,2.0625,-0.4375,94872.0,0x683f
1678222319.650709,8746.0,3480.0,769.0,4.4375,-15.3125,92.1875,-253.0,-953.0,-38.0,7.0,-7.0,2.0,0.1875,-1.8125,0.75,94872.0,0x683f
1678222319.7277088,8595.0,3522.0,933.0,4.375,-15.375,92.1875,-253.0,-951.0,-55.0,7.0,-3.0,-13.0,2.5625,-4.25,0.1875,94872.0,0x683f
1678222319.789695,8499.0,3301.0,790.0,4.3125,-15.375,91.875,-264.0,-951.0,-34.0,3.0,-3.0,-1.0,3.5,-1.375,0.25,94872.0,0x683f
1678222319.8508658,8636.0,3531.0,940.0,4.5,-15.375,91.8125,-253.0,-943.0,-45.0,6.0,1.0,-15.0,0.0625,1.5625,0.75,94872.0,0x683f
1678222319.907986,8796.0,3651.0,840.0,4.5,-15.375,91.8125,-252.0,-948.0,-43.0,9.0,-5.0,-10.0,-0.75,1.4375,-0.4375,94879.0,0x683f
1678222319.9689112,8521.0,3312.0,785.0,4.6875,-15.3125,91.9375,-265.0,-949.0,-38.0,-5.0,-7.0,-5.0,-1.125,1.125,-0.4375,94879.0,0x683f
1678222320.0323992,8513.0,3299.0,828.0,4.6875,-15.3125,91.9375,-256.0,-944.0,-39.0,4.0,0.0,-24.0,0.6875,0.6875,-0.1875,94879.0,0x683f
1678222320.0952718,8496.0,3328.0,796.0,4.875,-15.1875,91.75,-301.0,-943.0,31.0,6.0,14.0,117.0,4.3125,3.0625,-3.9375,94879.0,0x683f
1678222320.1546922,8765.0,3511.0,779.0,6.1875,-14.875,92.125,-227.0,-949.0,-69.0,22.0,-2.0,-31.0,-9.6875,17.125,-8.0625,94879.0,0x683f
1678222320.2170398,8629.0,3535.0,916.0,7.5,-14.5625,93.0625,-308.0,-950.0,-113.0,-26.0,7.0,-50.0,-8.6875,1.75,-3.125,94879.0,0x683f
1678222320.2798452,8476.0,3346.0,770.0,7.3125,-14.4375,93.5625,-236.0,-936.0,-62.0,3.0,-2.0,10.0,-2.8125,-4.5,-0.9375,94879.0,0x683f
1678222320.3417861,8645.0,3507.0,936.0,7.25,-14.5,93.5,-282.0,-970.0,2.0,-37.0,-3.0,45.0,1.3125,5.375,2.5625,94863.25,0x683f
1678222320.4029372,8553.0,3359.0,764.0,7.0625,-14.625,93.5,-257.0,-964.0,-73.0,-9.0,-17.0,-15.0,-0.75,-9.625,0.75,94863.25,0x683f
1678222320.464013,8510.0,3362.0,771.0,6.5625,-14.6875,93.4375,-226.0,-939.0,-74.0,20.0,8.0,-17.0,-0.875,-1.6875,0.8125,94863.25,0x683f
1678222320.5260348,8578.0,3450.0,897.0,6.4375,-14.75,93.5,-242.0,-951.0,-76.0,4.0,-6.0,-12.0,-0.625,-1.5625,1.0625,94863.25,0x683f
1678222320.588526,8602.0,3512.0,934.0,6.5625,-14.75,93.5,-247.0,-954.0,-58.0,2.0,-7.0,0.0,-0.5625,0.0625,0.1875,94863.25,0x683f
1678222320.648972,8629.0,3497.0,907.0,6.625,-14.6875,93.5,-250.0,-948.0,-51.0,0.0,-4.0,4.0,0.5625,-0.8125,-0.875,94863.25,0x683f
1678222320.7084491,8633.0,3514.0,911.0,6.625,-14.6875,93.5,-253.0,-952.0,-61.0,-4.0,-6.0,-3.0,0.375,-0.625,-0.125,94876.75,0x683f
1678222320.768152,8540.0,3392.0,800.0,6.75,-14.6875,93.4375,-257.0,-945.0,-65.0,-8.0,1.0,-7.0,-1.0625,-2.75,-0.5,94876.75,0x683f
1678222320.827755,8517.0,3306.0,788.0,6.625,-14.6875,93.4375,-256.0,-948.0,-58.0,-7.0,-1.0,-1.0,0.25,-2.125,0.0625,94876.75,0x683f
1678222320.8897972,8487.0,3311.0,821.0,6.3125,-14.6875,93.375,-248.0,-945.0,-69.0,1.0,1.0,-12.0,-1.125,-3.5625,-0.6875,94876.75,0x683f
1678222320.95059,8547.0,3381.0,805.0,5.9375,-14.6875,93.4375,-244.0,-945.0,-58.0,4.0,1.0,0.0,-1.5,-4.5,-1.25,94876.75,0x683f
1678222321.010201,8484.0,3326.0,803.0,5.75,-14.625,93.4375,-249.0,-951.0,-57.0,0.0,-4.0,0.0,-0.875,-3.6875,-0.375,94876.75,0x683f
1678222321.070372,8609.0,3519.0,915.0,5.5625,-14.625,93.4375,-249.0,-951.0,-56.0,-1.0,-4.0,0.0,-0.4375,-3.0,-0.5625,94851.0,0x683f
1678222321.129799,8485.0,3333.0,786.0,5.25,-14.625,93.375,-253.0,-953.0,-61.0,-4.0,-6.0,-4.0,0.625,-3.3125,0.125,94851.0,0x683f
1678222321.188676,8561.0,3420.0,886.0,5.125,-14.625,93.3125,-227.0,-949.0,-72.0,21.0,-2.0,-16.0,0.5625,-3.1875,0.25,94851.0,0x683f
1678222321.248255,8748.0,3529.0,933.0,5.1875,-14.625,93.3125,-237.0,-938.0,-69.0,10.0,8.0,-13.0,-1.0,-4.3125,0.3125,94851.0,0x683f
1678222321.309222,8345.0,3151.0,738.0,5.0,-14.625,93.375,-250.0,-950.0,-58.0,-2.0,-3.0,-1.0,-1.6875,0.4375,-0.25,94851.0,0x683f
1678222321.369007,8338.0,3187.0,724.0,5.0,-14.6875,93.4375,-244.0,-944.0,-73.0,4.0,2.0,-15.0,-0.125,2.75,1.6875,94851.0,0x683f
1678222321.429682,8551.0,3368.0,775.0,5.0,-14.75,93.5,-240.0,-932.0,-72.0,10.0,13.0,-13.0,-1.5625,0.3125,1.3125,94866.75,0x683f
1678222321.4893172,8655.0,3510.0,906.0,4.875,-14.8125,93.6875,-275.0,-957.0,-47.0,-24.0,-11.0,14.0,-2.25,-2.25,-0.375,94866.75,0x683f
1678222321.548575,8611.0,3509.0,946.0,4.625,-14.8125,93.625,-252.0,-968.0,-60.0,0.0,-22.0,0.0,2.5625,-5.1875,1.125,94866.75,0x683f
1678222321.608169,8643.0,3499.0,975.0,4.5,-14.9375,93.5,-238.0,-936.0,-71.0,15.0,8.0,-13.0,1.5,-1.375,3.3125,94866.75,0x683f
1678222321.669514,8556.0,3343.0,789.0,4.4375,-15.125,93.375,-237.0,-950.0,-69.0,19.0,-6.0,-13.0,2.75,3.0625,4.75,94866.75,0x683f
1678222321.728838,8551.0,3365.0,769.0,4.5,-15.375,93.3125,-243.0,-954.0,-65.0,16.0,-10.0,-10.0,3.0,6.375,5.5,94866.75,0x683f
1678222321.789166,8604.0,3385.0,796.0,4.875,-15.5625,93.3125,-246.0,-945.0,-63.0,17.0,-2.0,-8.0,1.8125,7.9375,3.8125,94866.75,0x683f
1678222321.847778,8636.0,3523.0,932.0,5.1875,-15.75,93.375,-267.0,-943.0,-48.0,-1.0,-1.0,7.0,1.4375,7.25,2.5,94865.75,0x683f
1678222321.9072452,8612.0,3496.0,898.0,5.4375,-15.8125,93.375,-255.0,-947.0,-62.0,12.0,-6.0,-6.0,2.0,8.6875,3.75,94865.75,0x683f
1678222321.967308,8530.0,3384.0,759.0,5.8125,-16.0,93.4375,-260.0,-945.0,-63.0,10.0,-4.0,-5.0,1.5625,9.9375,3.125,94865.75,0x683f
1678222322.026274,8623.0,3520.0,908.0,6.375,-16.0625,93.625,-288.0,-938.0,-53.0,-16.0,1.0,6.0,0.125,7.875,0.8125,94865.75,0x683f
1678222322.087012,8619.0,3506.0,920.0,6.625,-16.0625,93.6875,-284.0,-938.0,-52.0,-11.0,1.0,8.0,0.1875,4.6875,0.1875,94865.75,0x683f
1678222322.147438,8548.0,3370.0,761.0,6.6875,-16.0625,93.75,-282.0,-941.0,-65.0,-9.0,-1.0,-3.0,0.625,4.4375,0.6875,94865.75,0x683f
1678222322.206651,8566.0,3373.0,762.0,6.875,-16.125,93.8125,-284.0,-935.0,-66.0,-11.0,4.0,-3.0,0.8125,4.5625,1.25,94875.25,0x683f
1678222322.266796,8564.0,3395.0,782.0,7.0625,-16.1875,93.8125,-292.0,-936.0,-62.0,-18.0,3.0,0.0,0.875,2.375,0.3125,94875.25,0x683f
1678222322.328539,8659.0,3494.0,898.0,7.125,-16.25,93.8125,-305.0,-942.0,-63.0,-30.0,-3.0,0.0,0.4375,-0.0625,-0.5625,94875.25,0x683f
1678222322.389845,8628.0,3503.0,922.0,6.9375,-16.3125,93.75,-277.0,-945.0,-62.0,-1.0,-6.0,-1.0,0.8125,-5.5,-0.0625,94875.25,0x683f
1678222322.448101,8629.0,3511.0,912.0,6.5625,-16.375,93.625,-259.0,-936.0,-65.0,16.0,2.0,-6.0,-0.4375,-4.5625,0.5,94875.25,0x683f
1678222322.508323,8506.0,3350.0,716.0,6.4375,-16.3125,93.5625,-249.0,-938.0,-73.0,26.0,0.0,-13.0,-0.6875,-2.875,-0.4375,94875.25,0x683f
1678222322.5706508,8617.0,3498.0,916.0,6.4375,-16.25,93.625,-265.0,-940.0,-74.0,8.0,-1.0,-14.0,-0.75,1.0625,-0.875,94884.0,0x683f
1678222322.630107,8522.0,3361.0,763.0,6.5,-16.1875,93.6875,-280.0,-940.0,-66.0,-6.0,-1.0,-5.0,0.0,2.8125,0.25,94884.0,0x683f
1678222322.690758,8533.0,3354.0,822.0,6.625,-16.1875,93.75,-271.0,-943.0,-57.0,2.0,-4.0,4.0,0.3125,1.3125,-0.1875,94884.0,0x683f
1678222322.7498298,8624.0,3481.0,887.0,6.6875,-16.1875,93.6875,-265.0,-946.0,-66.0,7.0,-6.0,-5.0,0.875,1.375,-0.3125,94884.0,0x683f
1678222322.809949,8543.0,3377.0,724.0,6.75,-16.1875,93.6875,-262.0,-941.0,-73.0,10.0,-2.0,-11.0,-0.5625,-0.5625,-0.75,94884.0,0x683f
1678222322.8697119,8464.0,3228.0,674.0,6.875,-16.125,93.75,-265.0,-942.0,-70.0,7.0,-2.0,-7.0,-1.0625,1.25,-0.6875,94884.0,0x683f
1678222322.9296708,8663.0,3497.0,881.0,6.875,-16.0625,93.875,-287.0,-940.0,-66.0,-16.0,0.0,-3.0,0.0,0.4375,-0.875,94884.0,0x683f
1678222322.9907541,8641.0,3527.0,935.0,6.875,-16.0625,93.8125,-254.0,-941.0,-70.0,16.0,-1.0,-7.0,-0.1875,-1.4375,0.125,94860.75,0x683f
1678222323.050244,8598.0,3392.0,842.0,6.875,-16.0,93.8125,-255.0,-941.0,-67.0,13.0,-6.0,-4.0,-0.625,0.125,-0.25,94860.75,0x683f
1678222323.109353,8563.0,3372.0,730.0,6.875,-16.0,93.9375,-278.0,-944.0,-66.0,-5.0,-1.0,-3.0,-0.875,0.0625,-0.5,94860.75,0x683f
1678222323.169499,8646.0,3472.0,902.0,6.8125,-16.0,93.9375,-260.0,-940.0,-59.0,10.0,-2.0,7.0,-1.1875,-3.0625,-0.6875,94860.75,0x683f
1678222323.2310731,8531.0,3362.0,761.0,6.6875,-15.9375,93.9375,-272.0,-947.0,-73.0,-1.0,-2.0,-13.0,-0.4375,-1.75,-0.9375,94860.75,0x683f
1678222323.291261,8550.0,3347.0,777.0,6.5625,-15.875,93.9375,-253.0,-939.0,-70.0,15.0,0.0,-5.0,-1.125,-2.1875,-0.6875,94860.75,0x683f
1678222323.351159,8515.0,3354.0,740.0,6.5,-15.875,93.9375,-269.0,-946.0,-75.0,-1.0,-5.0,-10.0,-0.5625,-1.875,-0.0625,94864.75,0x683f
1678222323.409211,8637.0,3516.0,856.0,6.375,-15.875,94.0,-253.0,-943.0,-82.0,14.0,-2.0,-16.0,-1.625,-2.125,0.5625,94864.75,0x683f
1678222323.470269,8543.0,3392.0,738.0,6.3125,-15.8125,94.125,-263.0,-941.0,-73.0,2.0,0.0,-7.0,-1.875,0.5625,-0.5,94864.75,0x683f
1678222323.5319118,8587.0,3408.0,770.0,6.375,-15.75,94.1875,-285.0,-942.0,-77.0,-17.0,0.0,-7.0,-0.9375,-1.4375,-1.9375,94864.75,0x683f
1678222323.591498,8543.0,3374.0,788.0,6.1875,-15.6875,94.125,-260.0,-936.0,-86.0,5.0,4.0,-18.0,-0.375,-5.3125,-0.625,94864.75,0x683f
1678222323.651058,8429.0,3254.0,671.0,5.8125,-15.625,94.125,-270.0,-945.0,-70.0,-5.0,-3.0,-1.0,-2.5625,-10.75,-0.8125,94864.75,0x683f
1678222323.709564,8620.0,3503.0,916.0,5.125,-15.75,94.0625,-262.0,-940.0,-56.0,3.0,0.0,11.0,-0.5,-8.375,1.25,94870.25,0x683f
1678222323.77166,8610.0,3515.0,946.0,4.8125,-15.8125,93.9375,-274.0,-997.0,7.0,-17.0,-94.0,109.0,2.375,-1.75,1.25,94870.25,0x683f
1678222323.8316412,8703.0,3527.0,736.0,4.5625,-16.25,93.25,-211.0,-1045.0,54.0,42.0,-112.0,130.0,30.0,8.25,20.1875,94870.25,0x683f
1678222323.890226,8721.0,3406.0,585.0,4.9375,-18.0,91.375,-336.0,-1085.0,119.0,-33.0,-153.0,141.0,48.1875,44.9375,43.0625,94870.25,0x683f
1678222323.95002,8506.0,3370.0,819.0,5.1875,-21.0,89.625,-569.0,-1068.0,-96.0,-217.0,-152.0,-102.0,40.625,29.8125,59.75,94870.25,0x683f
1678222324.011294,8556.0,3190.0,862.0,1.5625,-24.625,87.75,-703.0,-1041.0,-117.0,-275.0,-144.0,-156.0,20.875,-52.5625,99.375,94870.25,0x683f
1678222324.072577,8626.0,3232.0,1010.0,351.0625,-31.5,84.1875,-658.0,-855.0,-79.0,-154.0,1.0,-183.0,-1.0625,-71.3125,116.75,94870.25,0x683f
1678222324.133281,8681.0,3181.0,1045.0,339.125,-38.9375,80.9375,-707.0,-701.0,-58.0,-87.0,65.0,-163.0,-16.8125,-70.9375,121.375,94872.0,0x683f
1678222324.194185,8564.0,3292.0,802.0,330.375,-44.25,78.0,-602.0,-466.0,23.0,101.0,240.0,-127.0,-20.5625,-58.8125,122.625,94872.0,0x683f
1678222324.2536662,8618.0,3187.0,961.0,320.8125,-49.9375,73.625,-698.0,-348.0,33.0,52.0,256.0,-144.0,-7.0625,-82.8125,88.625,94872.0,0x683f
1678222324.312023,8713.0,3286.0,868.0,312.75,-52.9375,64.8125,-517.0,-295.0,254.0,249.0,263.0,24.0,14.9375,-66.125,54.3125,94872.0,0x683f
1678222324.3708339,9036.0,3375.0,878.0,309.75,-51.5625,56.0,-660.0,-382.0,452.0,132.0,50.0,141.0,34.0625,-129.375,-6.375,94872.0,0x683f
1678222324.432127,8773.0,3174.0,830.0,309.25,-47.6875,50.0,-505.0,-416.0,366.0,218.0,86.0,-65.0,19.6875,-89.3125,-31.125,94872.0,0x683f
1678222324.490813,8786.0,3076.0,878.0,310.3125,-41.9375,47.5,-468.0,-615.0,413.0,187.0,-77.0,-79.0,-11.6875,-91.75,-72.3125,94869.25,0x683f
1678222324.5504372,8578.0,3037.0,941.0,312.625,-35.3125,48.0625,-463.0,-874.0,445.0,103.0,-279.0,-88.0,-25.9375,-86.6875,-77.5,94869.25,0x683f
1678222324.609942,8688.0,3076.0,885.0,313.75,-30.3125,48.6875,-372.0,-877.0,420.0,89.0,-185.0,-173.0,-23.9375,-64.0,-42.75,94869.25,0x683f
1678222324.67231,8678.0,3067.0,852.0,314.0625,-24.8125,48.9375,-296.0,-829.0,674.0,102.0,-228.0,133.0,-7.375,-69.125,-36.3125,94869.25,0x683f
1678222324.7334661,8563.0,3088.0,875.0,314.3125,-22.125,48.5,-437.0,-737.0,576.0,-13.0,-57.0,43.0,3.625,-47.5625,-14.375,94869.25,0x683f
1678222324.7927308,8663.0,3171.0,889.0,314.25,-21.1875,48.4375,-352.0,-765.0,656.0,127.0,-33.0,-1.0,-4.125,-6.875,-5.375,94869.25,0x683f
1678222324.8529851,8590.0,3111.0,915.0,314.625,-21.5625,49.0,-249.0,-823.0,764.0,125.0,-161.0,267.0,0.75,80.75,15.125,94865.75,0x683f
1678222324.9108238,8717.0,3155.0,905.0,316.9375,-28.0,51.625,-637.0,-625.0,-109.0,-176.0,53.0,-646.0,-11.3125,77.625,9.9375,94865.75,0x683f
1678222324.9685109,8774.0,3052.0,825.0,316.875,-30.9375,52.75,-765.0,-969.0,334.0,-261.0,-299.0,-174.0,1.9375,61.875,54.1875,94865.75,0x683f
1678222325.0265338,8798.0,3228.0,786.0,314.6875,-35.875,52.75,-820.0,-713.0,383.0,-226.0,-91.0,-89.0,2.625,82.9375,108.75,94865.75,0x683f
1678222325.0868192,8650.0,3236.0,770.0,310.0,-43.4375,52.4375,-736.0,-518.0,444.0,-37.0,57.0,18.0,-11.9375,68.125,105.375,94865.75,0x683f
1678222325.147365,8656.0,3253.0,859.0,305.3125,-51.8125,54.75,-805.0,-256.0,184.0,-20.0,227.0,-149.0,-38.75,93.25,98.625,94865.75,0x683f
1678222325.20869,8574.0,3207.0,841.0,300.5625,-58.4375,58.625,-650.0,-202.0,392.0,195.0,225.0,142.0,-35.6875,99.0625,78.9375,94865.75,0x683f
1678222325.268377,8604.0,3244.0,904.0,297.5,-64.25,66.9375,-768.0,-183.0,-84.0,117.0,206.0,-244.0,-44.0,18.625,16.625,94865.0,0x683f
1678222325.327626,8723.0,3258.0,750.0,295.0625,-64.1875,69.125,-565.0,-431.0,211.0,316.0,-29.0,65.0,-55.1875,11.625,-17.1875,94865.0,0x683f
1678222325.385431,8780.0,3206.0,859.0,295.0,-63.9375,77.125,-1022.0,-557.0,28.0,-143.0,-133.0,-66.0,-23.875,-12.875,-29.625,94865.0,0x683f
1678222325.44352,8789.0,3122.0,893.0,295.4375,-62.3125,77.0625,-874.0,-597.0,137.0,2.0,-227.0,56.0,-10.5625,55.8125,-4.0,94865.0,0x683f
1678222325.5011609,8813.0,3131.0,943.0,296.3125,-62.875,83.5625,-947.0,-443.0,-7.0,-71.0,-25.0,4.0,-4.5,-4.4375,-5.8125,94865.0,0x683f
1678222325.5592341,8781.0,3112.0,907.0,296.1875,-62.25,81.5625,-801.0,-404.0,194.0,66.0,46.0,127.0,-1.9375,-0.6875,-6.0,94865.0,0x683f
1678222325.618221,8819.0,3095.0,922.0,296.25,-62.0625,82.375,-816.0,-490.0,1.0,49.0,-34.0,-59.0,-7.625,-5.1875,-9.125,94861.25,0x683f
1678222325.676888,8777.0,3094.0,876.0,295.6875,-61.25,80.0,-880.0,-492.0,69.0,-21.0,-26.0,-18.0,-0.625,-46.375,-10.375,94861.25,0x683f
1678222325.733516,8780.0,3110.0,919.0,295.125,-60.625,77.8125,-841.0,-473.0,76.0,13.0,-3.0,-23.0,-2.0,6.4375,-4.125,94861.25,0x683f
1678222325.791559,8795.0,3097.0,905.0,295.0,-60.1875,77.1875,-797.0,-468.0,65.0,114.0,2.0,-14.0,3.0625,-16.875,-7.0625,94861.25,0x683f
1678222325.84917,8792.0,3061.0,903.0,295.0,-59.9375,77.125,-891.0,-494.0,49.0,-42.0,-16.0,-60.0,0.125,-6.125,-2.625,94861.25,0x683f
1678222325.907,8774.0,3093.0,916.0,294.9375,-59.75,76.75,-846.0,-493.0,87.0,0.0,-12.0,-25.0,-1.1875,0.4375,-2.1875,94861.25,0x683f
1678222325.96404,8803.0,3100.0,896.0,294.75,-59.6875,76.75,-812.0,-458.0,94.0,34.0,23.0,-19.0,-1.5625,-2.8125,-0.9375,94861.25,0x683f
1678222326.022453,8793.0,3096.0,913.0,294.5,-59.6875,77.3125,-882.0,-514.0,83.0,-55.0,-31.0,-2.0,-1.5625,5.5,0.75,94859.0,0x683f
1678222326.079189,8790.0,3103.0,900.0,294.25,-59.9375,77.625,-910.0,-481.0,61.0,-62.0,-1.0,-44.0,0.8125,-4.5625,3.75,94859.0,0x683f
1678222326.137001,8806.0,3082.0,923.0,293.6875,-60.0,77.0,-797.0,-450.0,131.0,51.0,26.0,21.0,-0.375,0.625,1.75,94859.0,0x683f
1678222326.194609,8792.0,3095.0,926.0,293.5,-60.0625,77.5625,-822.0,-468.0,-5.0,27.0,10.0,-110.0,-2.0625,1.0,-3.9375,94859.0,0x683f
1678222326.252939,8815.0,3123.0,899.0,293.125,-59.6875,77.0625,-848.0,-489.0,93.0,0.0,-13.0,-21.0,-3.8125,-8.4375,-3.3125,94859.0,0x683f
1678222326.3104188,8781.0,3135.0,878.0,292.75,-59.5,76.6875,-832.0,-465.0,106.0,12.0,18.0,-8.0,0.75,-5.8125,-2.0625,94859.0,0x683f
1678222326.368897,8802.0,3145.0,897.0,292.4375,-59.5625,76.9375,-874.0,-509.0,81.0,-28.0,-25.0,-30.0,-2.4375,3.8125,3.5625,94863.0,0x683f
1678222326.4273002,8804.0,3164.0,936.0,292.0625,-59.6875,76.875,-835.0,-428.0,24.0,10.0,53.0,-88.0,-4.5625,-9.9375,0.0,94863.0,0x683f
1678222326.4857101,8777.0,3163.0,869.0,291.8125,-59.375,76.125,-837.0,-470.0,127.0,6.0,14.0,6.0,0.5,-9.5625,-4.375,94863.0,0x683f
1678222326.543892,8795.0,3165.0,910.0,291.5625,-58.8125,74.6875,-830.0,-482.0,51.0,34.0,-18.0,-77.0,-2.75,-26.125,-8.0,94863.0,0x683f
1678222326.601438,8772.0,3200.0,832.0,291.0,-58.4375,73.875,-818.0,-507.0,164.0,13.0,-12.0,-9.0,-1.9375,-3.3125,-1.9375,94863.0,0x683f
1678222326.66023,8823.0,3231.0,862.0,291.0,-57.9375,72.75,-738.0,-505.0,220.0,93.0,-8.0,66.0,-0.0625,-1.5,-2.9375,94863.0,0x683f
1678222326.7185369,8797.0,3224.0,853.0,291.0625,-58.0625,73.1875,-864.0,-491.0,118.0,-32.0,4.0,-31.0,3.0625,-2.5,1.0625,94863.0,0x683f
1678222326.777289,8802.0,3161.0,854.0,290.8125,-57.9375,72.6875,-823.0,-454.0,147.0,7.0,42.0,-7.0,-0.25,-5.5625,-2.9375,94869.0,0x683f
1678222326.833518,8827.0,3200.0,898.0,290.75,-57.6875,72.5,-807.0,-482.0,147.0,21.0,18.0,-10.0,0.1875,-3.8125,-2.1875,94869.0,0x683f
1678222326.8916469,8749.0,3148.0,893.0,290.75,-57.8125,73.0625,-850.0,-484.0,76.0,-16.0,10.0,-71.0,-0.3125,-1.625,-0.9375,94869.0,0x683f
1678222326.9496331,8785.0,3237.0,808.0,290.625,-57.5,72.375,-786.0,-475.0,139.0,40.0,26.0,-20.0,-0.625,-9.375,-4.5625,94869.0,0x683f
1678222327.008607,8794.0,3219.0,768.0,290.5625,-57.1875,72.25,-783.0,-414.0,138.0,40.0,92.0,-25.0,-2.3125,-13.75,-7.8125,94869.0,0x683f
1678222327.0706198,8832.0,3010.0,911.0,290.6875,-56.1875,71.5,-621.0,-365.0,165.0,192.0,153.0,-6.0,-7.75,1.25,-19.125,94869.0,0x683f
1678222327.132243,8926.0,3258.0,835.0,291.4375,-52.875,69.25,-325.0,-350.0,278.0,456.0,202.0,69.0,-28.25,-40.0,-37.6875,94869.0,0x683f
1678222327.192072,8741.0,3171.0,764.0,292.5,-50.3125,70.3125,-900.0,-481.0,10.0,-145.0,108.0,-200.0,-6.6875,-103.0625,-60.25,94869.0,0x683f
1678222327.249322,8784.0,3178.0,790.0,292.8125,-46.5,67.6875,-1030.0,-855.0,357.0,-318.0,-231.0,102.0,-8.9375,-10.3125,-25.0625,94869.0,0x683f
1678222327.309004,8767.0,3206.0,706.0,293.3125,-45.9375,67.1875,-252.0,-668.0,473.0,211.0,-33.0,101.0,9.4375,-5.0,6.4375,94869.0,0x683f
1678222327.37017,8768.0,3233.0,700.0,293.75,-46.5,67.3125,-790.0,-651.0,438.0,-73.0,-102.0,127.0,-1.3125,18.375,11.25,94869.0,0x683f
1678222327.429352,8876.0,3172.0,706.0,294.0,-49.375,70.5625,-849.0,-754.0,251.0,-104.0,-152.0,38.0,4.5,72.9375,38.4375,94869.0,0x683f
1678222327.4892201,8801.0,3156.0,762.0,294.125,-52.375,73.6875,-792.0,-597.0,112.0,-9.0,-29.0,-44.0,8.9375,86.6875,45.0,94869.0,0x683f
1678222327.547937,8772.0,3163.0,755.0,294.0,-55.625,77.8125,-933.0,-510.0,-34.0,-121.0,27.0,-151.0,10.25,1.8125,24.25,94863.75,0x683f
1678222327.6064582,8736.0,3238.0,809.0,292.6875,-56.6875,75.9375,-783.0,-454.0,48.0,36.0,84.0,-93.0,4.625,4.1875,25.0,94863.75,0x683f
1678222327.668246,8754.0,3016.0,991.0,291.5,-57.875,75.25,-774.0,-414.0,55.0,75.0,101.0,-59.0,3.625,-13.625,11.125,94863.75,0x683f
1678222327.729187,8795.0,3050.0,989.0,291.0625,-58.125,74.4375,-731.0,-406.0,65.0,101.0,92.0,-73.0,-2.125,6.25,0.875,94863.75,0x683f
1678222327.7874272,8760.0,3077.0,937.0,291.1875,-57.9375,74.625,-785.0,-517.0,96.0,45.0,-14.0,-41.0,-2.375,2.1875,-3.9375,94863.75,0x683f
1678222327.845443,8777.0,3090.0,939.0,291.3125,-58.0625,75.6875,-931.0,-542.0,70.0,-69.0,-1.0,-43.0,-0.75,10.0,1.5625,94863.75,0x683f
1678222327.904524,8782.0,3090.0,883.0,291.25,-57.8125,74.9375,-761.0,-456.0,119.0,55.0,46.0,-19.0,-0.625,-11.5625,-5.125,94867.0,0x683f
1678222327.9644852,8709.0,3201.0,691.0,291.0625,-57.25,74.0625,-829.0,-484.0,103.0,25.0,38.0,-46.0,-0.375,-19.75,-7.25,94867.0,0x683f
1678222328.026957,8741.0,3213.0,703.0,291.25,-56.375,73.0,-691.0,-425.0,111.0,131.0,99.0,-32.0,-7.25,-6.125,-12.375,94867.0,0x683f
1678222328.087192,8766.0,3141.0,692.0,291.5,-55.375,72.8125,-708.0,-277.0,73.0,94.0,259.0,-97.0,-5.9375,-51.875,-30.6875,94867.0,0x683f
1678222328.14435,8717.0,3177.0,681.0,292.125,-52.75,71.8125,-519.0,-333.0,232.0,261.0,230.0,47.0,-19.1875,18.875,-43.0,94867.0,0x683f
1678222328.2021708,8784.0,3148.0,710.0,293.6875,-49.3125,71.5,-946.0,-608.0,157.0,-144.0,-173.0,99.0,-1.625,-86.3125,-46.625,94867.0,0x683f
1678222328.260396,8792.0,3134.0,755.0,294.0,-47.0625,69.4375,-1040.0,-1061.0,258.0,-201.0,-504.0,30.0,8.125,-37.0,-22.8125,94867.0,0x683f
1678222328.3197188,8822.0,3141.0,749.0,294.0625,-47.0,68.75,-691.0,-666.0,519.0,-83.0,-119.0,208.0,5.0625,39.25,17.375,94861.25,0x683f
1678222328.378465,8877.0,3102.0,795.0,294.125,-49.4375,70.875,-841.0,-814.0,242.0,-96.0,-211.0,33.0,2.6875,67.1875,40.3125,94861.25,0x683f
1678222328.437391,8752.0,3131.0,778.0,294.0625,-52.9375,74.6875,-794.0,-598.0,13.0,-4.0,-35.0,-131.0,3.0625,83.5625,49.0625,94861.25,0x683f
1678222328.4945621,8640.0,3099.0,691.0,293.5625,-55.875,76.8125,-758.0,-516.0,112.0,127.0,44.0,3.0,9.1875,34.8125,36.875,94861.25,0x683f
1678222328.5548632,8762.0,3009.0,1012.0,292.9375,-58.8125,80.25,-794.0,-365.0,-19.0,37.0,148.0,-126.0,1.375,27.5,24.4375,94861.25,0x683f
1678222328.614511,8780.0,3037.0,987.0,291.9375,-59.9375,81.4375,-745.0,-337.0,4.0,96.0,143.0,-70.0,-6.4375,14.3125,10.6875,94861.25,0x683f
1678222328.674371,8752.0,3039.0,948.0,291.6875,-60.0625,81.75,-787.0,-388.0,6.0,84.0,86.0,-36.0,-3.4375,-14.875,-7.125,94853.0,0x683f
1678222328.732844,8779.0,3048.0,961.0,291.8125,-59.625,82.0625,-805.0,-477.0,27.0,-22.0,1.0,-52.0,-2.625,2.3125,-9.125,94853.0,0x683f
1678222328.7911181,8768.0,3051.0,922.0,292.25,-58.9375,81.6875,-762.0,-507.0,56.0,78.0,-7.0,-16.0,-0.5625,0.375,-2.5625,94853.0,0x683f
1678222328.851237,8772.0,3088.0,819.0,292.25,-58.8125,81.375,-898.0,-473.0,27.0,-22.0,35.0,-52.0,-0.375,-27.875,-5.1875,94853.0,0x683f
1678222328.91135,8715.0,3124.0,820.0,291.9375,-58.3125,80.0625,-710.0,-478.0,138.0,72.0,6.0,19.0,-7.25,27.8125,-0.5,94853.0,0x683f
1678222328.970978,8659.0,3202.0,733.0,292.3125,-58.5,82.5625,-917.0,-434.0,-48.0,-14.0,86.0,-91.0,-3.1875,-12.25,-5.5,94853.0,0x683f
1678222329.0315032,8686.0,3130.0,705.0,292.4375,-58.1875,83.125,-726.0,-341.0,-3.0,106.0,171.0,-65.0,-3.375,4.9375,-16.0,94855.25,0x683f
1678222329.089626,8953.0,3128.0,784.0,292.75,-55.25,78.0625,-323.0,-243.0,80.0,482.0,302.0,-34.0,-13.375,-94.5625,-62.5,94855.25,0x683f
1678222329.1492312,8763.0,3116.0,757.0,293.0625,-51.4375,74.0,-1009.0,-635.0,-107.0,34.0,-168.0,-67.0,0.25,-127.6875,-64.875,94855.25,0x683f
1678222329.208278,8744.0,3158.0,701.0,293.6875,-46.125,68.4375,-989.0,-1348.0,319.0,-411.0,-876.0,97.0,13.625,-48.75,-23.0625,94855.25,0x683f
1678222329.2679949,8736.0,3111.0,715.0,294.0,-46.0625,67.0625,-800.0,-646.0,372.0,-46.0,-22.0,53.0,9.6875,21.5,7.125,94855.25,0x683f
1678222329.327113,8802.0,3125.0,769.0,294.3125,-46.6875,67.625,-752.0,-609.0,155.0,-23.0,0.0,-105.0,-1.0625,15.8125,5.1875,94855.25,0x683f
1678222329.3852239,8753.0,3121.0,706.0,294.4375,-46.75,67.6875,-779.0,-634.0,216.0,-127.0,-45.0,-26.0,-2.25,7.6875,3.0625,94855.25,0x683f
1678222329.441854,8970.0,3158.0,682.0,294.375,-47.5,68.5,-808.0,-747.0,227.0,-117.0,-132.0,-24.0,2.4375,43.4375,23.0,94871.0,0x683f
1678222329.500061,8999.0,3426.0,958.0,294.4375,-50.375,71.0625,-738.0,-722.0,139.0,17.0,-130.0,-63.0,3.375,52.5625,33.6875,94871.0,0x683f
1678222329.557407,8712.0,2998.0,646.0,294.0,-52.6875,72.8125,-858.0,-635.0,166.0,-74.0,-72.0,-5.0,8.1875,24.625,35.5,94871.0,0x683f
1678222329.617616,8725.0,3155.0,851.0,292.8125,-55.25,73.5,-821.0,-513.0,155.0,-9.0,15.0,1.0,7.4375,39.125,45.625,94871.0,0x683f
1678222329.675081,8754.0,3083.0,931.0,291.375,-58.25,74.6875,-770.0,-445.0,131.0,67.0,46.0,-4.0,13.375,7.625,36.875,94871.0,0x683f
1678222329.7339368,8780.0,3057.0,948.0,290.125,-60.25,73.6875,-755.0,-370.0,86.0,96.0,106.0,-64.0,13.4375,12.375,26.9375,94871.0,0x683f
1678222329.7917671,8776.0,3070.0,950.0,289.8125,-61.125,72.4375,-709.0,-306.0,29.0,149.0,144.0,-112.0,11.4375,-12.0,1.0625,94865.25,0x683f
1678222329.849181,8762.0,3084.0,979.0,290.3125,-60.8125,71.375,-761.0,-352.0,58.0,95.0,100.0,-93.0,2.625,5.625,-6.0625,94865.25,0x683f
1678222329.905801,8770.0,3105.0,933.0,290.6875,-60.5625,71.75,-876.0,-422.0,55.0,-23.0,36.0,-96.0,1.625,-9.5,-9.75,94865.25,0x683f
1678222329.962583,8812.0,3095.0,953.0,291.0625,-59.9375,71.1875,-851.0,-455.0,124.0,10.0,-18.0,-21.0,-0.125,5.8125,-3.625,94865.25,0x683f
1678222330.0200598,8796.0,3130.0,956.0,291.375,-59.9375,71.9375,-880.0,-463.0,126.0,-31.0,3.0,-25.0,3.0,-1.3125,-4.25,94865.25,0x683f
1678222330.0794291,8811.0,3102.0,987.0,291.75,-59.625,71.5625,-879.0,-465.0,130.0,-33.0,4.0,-26.0,0.6875,-2.5625,-3.0625,94865.25,0x683f
1678222330.1366222,8828.0,3117.0,953.0,292.0,-59.6875,71.9375,-877.0,-467.0,122.0,-31.0,2.0,-29.0,-0.5,0.9375,-1.125,94865.25,0x683f
1678222330.194314,8810.0,3093.0,934.0,291.9375,-59.6875,72.125,-843.0,-466.0,115.0,3.0,4.0,-36.0,-1.5625,-1.75,-1.1875,94846.0,0x683f
1678222330.253283,8797.0,3090.0,983.0,292.0625,-59.6875,72.5625,-843.0,-460.0,113.0,-8.0,10.0,-37.0,-1.875,5.4375,1.625,94846.0,0x683f
1678222330.312709,8810.0,3085.0,976.0,292.0625,-59.8125,72.8125,-842.0,-471.0,123.0,5.0,0.0,-22.0,0.9375,-1.4375,0.0625,94846.0,0x683f
1678222330.370792,8783.0,3088.0,958.0,292.0625,-59.875,72.9375,-848.0,-460.0,107.0,0.0,9.0,-36.0,-0.5,-0.1875,-0.375,94846.0,0x683f
1678222330.428514,8814.0,3066.0,974.0,292.25,-59.875,73.0625,-848.0,-466.0,111.0,0.0,4.0,-30.0,-1.0625,-0.6875,-0.875,94846.0,0x683f
1678222330.4865348,8784.0,3080.0,996.0,292.4375,-59.8125,73.3125,-843.0,-475.0,107.0,4.0,-3.0,-33.0,-0.6875,-1.9375,-1.9375,94846.0,0x683f
1678222330.547502,8792.0,3097.0,992.0,292.4375,-59.75,73.5,-834.0,-476.0,111.0,3.0,-7.0,-32.0,-0.4375,0.875,-0.125,94846.0,0x683f
1678222330.6069329,8811.0,3075.0,996.0,292.5,-59.8125,73.75,-835.0,-466.0,103.0,12.0,6.0,-33.0,1.0,-0.25,-1.0625,94853.0,0x683f
1678222330.665328,8818.0,3061.0,988.0,292.625,-59.75,74.0,-848.0,-472.0,97.0,0.0,2.0,-37.0,0.875,2.125,-0.8125,94853.0,0x683f
1678222330.727531,8803.0,3086.0,960.0,292.625,-59.6875,74.0625,-820.0,-465.0,107.0,35.0,17.0,-40.0,2.625,-5.4375,-1.875,94853.0,0x683f
1678222330.786767,8840.0,3218.0,908.0,292.625,-59.1875,72.5,-846.0,-481.0,114.0,-5.0,-1.0,-42.0,7.625,-40.875,-9.8125,94853.0,0x683f
1678222330.846591,8794.0,3234.0,871.0,292.4375,-56.6875,65.6875,-696.0,-487.0,281.0,115.0,6.0,40.0,22.25,-129.0625,-30.0625,94853.0,0x683f
1678222330.906278,8788.0,3178.0,920.0,292.3125,-51.5,56.6875,-655.0,-539.0,381.0,99.0,-38.0,47.0,23.3125,-96.9375,-33.25,94853.0,0x683f
1678222330.967365,8777.0,3169.0,913.0,293.75,-47.375,52.4375,-661.0,-518.0,439.0,69.0,14.0,38.0,27.5,-40.625,-37.6875,94866.5,0x683f
1678222331.0250418,8812.0,3022.0,1002.0,296.8125,-45.125,51.5,-717.0,-486.0,401.0,-25.0,57.0,-31.0,31.4375,1.5625,-38.6875,94866.5,0x683f
1678222331.082381,8787.0,3124.0,872.0,300.9375,-43.25,51.375,-672.0,-486.0,376.0,-18.0,57.0,-37.0,26.9375,26.375,-42.625,94866.5,0x683f
1678222331.139489,8704.0,3166.0,822.0,305.125,-42.1875,52.5,-742.0,-584.0,317.0,-84.0,-7.0,-124.0,19.6875,9.0625,-47.9375,94866.5,0x683f
1678222331.197639,8701.0,3171.0,736.0,308.5,-40.875,53.5625,-806.0,-693.0,326.0,-165.0,-93.0,-110.0,10.0625,30.875,-38.1875,94866.5,0x683f
1678222331.255571,8705.0,3162.0,758.0,311.0,-39.75,54.625,-550.0,-679.0,420.0,73.0,-62.0,-16.0,4.9375,-8.625,-28.9375,94866.5,0x683f
1678222331.3143418,8729.0,3175.0,758.0,312.6875,-38.9375,55.5625,-732.0,-687.0,292.0,-217.0,-118.0,-138.0,2.5625,2.625,-20.375,94856.5,0x683f
1678222331.373722,8736.0,3213.0,712.0,313.1875,-37.875,54.6875,-579.0,-640.0,493.0,-29.0,-6.0,32.0,10.0625,28.375,7.125,94856.5,0x683f
1678222331.4311948,8760.0,3221.0,750.0,313.125,-37.625,53.5625,-654.0,-597.0,421.0,-55.0,27.0,-39.0,11.375,-89.0625,-15.625,94856.5,0x683f
1678222331.490365,8753.0,3209.0,697.0,312.375,-34.75,51.625,-490.0,-645.0,488.0,65.0,-12.0,-12.0,-8.8125,-25.0625,-12.375,94856.5,0x683f
1678222331.5516522,8798.0,3225.0,763.0,312.25,-33.3125,51.375,-549.0,-693.0,521.0,-39.0,-53.0,8.0,-0.75,-43.6875,-6.75,94856.5,0x683f
1678222331.6982489,8748.0,3214.0,723.0,312.375,-29.9375,49.75,-511.0,-694.0,560.0,-21.0,-45.0,12.0,1.25,-6.0625,-2.375,94862.0,0x683f
1678222331.7619,8645.0,3130.0,816.0,313.125,-30.0625,49.6875,-529.0,-796.0,607.0,-36.0,-179.0,68.0,3.0,14.5625,5.25,94862.0,0x683f
1678222331.821293,8663.0,3196.0,848.0,313.5625,-32.625,49.8125,-562.0,-966.0,558.0,-32.0,-335.0,25.0,21.875,54.5,43.25,94862.0,0x683f
1678222331.879406,8739.0,3099.0,881.0,312.625,-36.875,48.3125,-469.0,-855.0,541.0,119.0,-270.0,20.0,22.375,63.9375,72.875,94862.0,0x683f
1678222331.938087,8868.0,3410.0,748.0,310.6875,-42.25,47.8125,-482.0,-681.0,393.0,189.0,-152.0,-84.0,7.625,84.5625,71.5625,94862.0,0x683f
1678222331.994981,8769.0,3320.0,857.0,309.1875,-47.1875,48.375,-408.0,-535.0,342.0,365.0,-9.0,-106.0,4.9375,49.9375,24.5625,94862.0,0x683f
1678222332.0555131,8577.0,3120.0,927.0,309.9375,-49.5,50.625,-457.0,-373.0,110.0,321.0,90.0,-270.0,-2.75,88.875,-31.0625,94862.0,0x683f
1678222332.117111,8580.0,3196.0,836.0,315.5625,-49.9375,58.625,-436.0,-371.0,160.0,285.0,175.0,-185.0,2.75,87.1875,-91.1875,94865.5,0x683f
1678222332.178578,8558.0,3211.0,770.0,324.75,-46.4375,67.1875,-680.0,-387.0,-16.0,-38.0,180.0,-269.0,0.0,72.625,-145.3125,94865.5,0x683f
1678222332.238732,8852.0,3281.0,774.0,335.5,-39.9375,73.875,-651.0,-520.0,38.0,-9.0,201.0,-169.0,-12.0625,126.25,-134.3125,94865.5,0x683f
1678222332.2980301,8653.0,3387.0,658.0,350.5,-32.3125,82.6875,-742.0,-734.0,-110.0,-187.0,72.0,-213.0,-17.625,98.75,-153.0,94865.5,0x683f
1678222332.36047,8502.0,3408.0,750.0,1.5,-23.875,86.6875,-692.0,-985.0,-136.0,-247.0,-150.0,-161.0,-33.875,41.1875,-143.5625,94865.5,0x683f
1678222332.421194,8712.0,3430.0,564.0,10.375,-16.875,90.0,-430.0,-1117.0,-64.0,-144.0,-178.0,-64.0,-38.0625,83.5,-93.625,94865.5,0x683f
1678222332.4799721,8875.0,3594.0,891.0,18.9375,-12.5625,93.1875,-544.0,-1134.0,-184.0,-330.0,-178.0,-130.0,-29.9375,67.4375,-51.25,94860.75,0x683f
1678222332.5382242,8863.0,3579.0,831.0,21.4375,-11.0625,95.0,-371.0,-1219.0,126.0,-107.0,-290.0,334.0,-26.5,20.625,-2.5,94860.75,0x683f
1678222332.60148,8688.0,3526.0,826.0,22.4375,-11.8125,95.375,2.0,-1094.0,411.0,19.0,-75.0,258.0,11.5625,41.6875,25.25,94860.75,0x683f
1678222332.663717,8674.0,3535.0,889.0,21.875,-12.5,95.4375,-247.0,-959.0,-195.0,-6.0,20.0,-120.0,-4.125,-29.9375,1.5,94860.75,0x683f
1678222332.72425,8601.0,3391.0,720.0,19.8125,-12.8125,95.5,-244.0,-877.0,-202.0,-26.0,74.0,-111.0,-9.75,-36.9375,-3.5,94860.75,0x683f
1678222332.78385,8650.0,3476.0,812.0,17.8125,-12.625,95.3125,-208.0,-926.0,-135.0,6.0,26.0,-46.0,0.9375,-22.6875,-3.5,94860.75,0x683f
1678222332.843634,8628.0,3505.0,912.0,16.0625,-12.625,94.8125,-196.0,-980.0,-106.0,36.0,-35.0,-19.0,0.6875,-35.4375,-1.25,94867.75,0x683f
1678222332.9044192,8660.0,3497.0,907.0,14.0,-12.6875,94.4375,-84.0,-997.0,-26.0,131.0,-50.0,46.0,-0.9375,-21.375,1.6875,94867.75,0x683f
1678222332.965036,8666.0,3494.0,914.0,12.9375,-12.875,94.25,-178.0,-962.0,-93.0,24.0,-4.0,-28.0,-0.5625,-2.1875,1.0625,94867.75,0x683f
1678222333.024418,8655.0,3514.0,879.0,12.8125,-12.9375,94.25,-229.0,-936.0,-114.0,-6.0,14.0,-45.0,-1.375,-6.625,1.25,94867.75,0x683f
1678222333.089269,8654.0,3465.0,847.0,0.0,0.0,0.0,-181.0,-964.0,-89.0,45.0,-12.0,0.0,0.25,-7.6875,0.125,94867.75,0x683f
1678222333.152087,8638.0,3467.0,878.0,11.8125,-13.0,94.1875,-190.0,-964.0,-55.0,25.0,-8.0,9.0,-1.0625,1.625,0.25,94867.75,0x683f
1678222333.214499,8648.0,3476.0,880.0,11.875,-12.9375,94.25,-207.0,-956.0,-82.0,10.0,-3.0,-14.0,0.0,-1.4375,-0.875,94863.25,0x683f
1678222333.274024,8630.0,3494.0,892.0,11.8125,-12.875,94.25,-197.0,-955.0,-91.0,27.0,0.0,-18.0,-0.3125,-2.125,-0.1875,94863.25,0x683f
1678222333.3337212,8667.0,3508.0,889.0,11.9375,-12.75,94.3125,-194.0,-959.0,-77.0,22.0,-6.0,-5.0,0.5,1.75,-0.8125,94863.25,0x683f
1678222333.394192,8629.0,3494.0,889.0,12.125,-12.75,94.3125,-209.0,-954.0,-82.0,4.0,-1.0,-17.0,-0.5625,1.125,0.75,94863.25,0x683f
1678222333.454837,8680.0,3494.0,897.0,12.125,-12.75,94.375,-210.0,-952.0,-87.0,6.0,5.0,-15.0,-0.375,2.375,0.9375,94863.25,0x683f
1678222333.515193,8636.0,3500.0,890.0,12.0625,-12.8125,94.4375,-213.0,-954.0,-92.0,11.0,-1.0,-13.0,-0.5,0.6875,0.75,94863.25,0x683f
1678222333.579694,8631.0,3461.0,875.0,11.875,-12.875,94.5,-207.0,-951.0,-85.0,16.0,2.0,-10.0,-0.375,-0.375,1.3125,94863.25,0x683f
1678222333.6411562,8637.0,3490.0,896.0,11.6875,-12.875,94.5625,-213.0,-953.0,-101.0,7.0,-1.0,-22.0,-0.6875,-0.625,0.875,94862.5,0x683f
1678222333.7022731,8661.0,3492.0,855.0,11.4375,-12.9375,94.6875,-215.0,-955.0,-97.0,6.0,0.0,-19.0,-0.25,-0.625,1.5625,94862.5,0x683f
1678222333.762918,8658.0,3504.0,902.0,11.1875,-13.0,94.6875,-213.0,-954.0,-94.0,3.0,-4.0,-16.0,-0.5,-2.125,0.125,94862.5,0x683f
1678222333.8239539,8662.0,3537.0,910.0,11.0,-13.0,94.6875,-225.0,-959.0,-89.0,-3.0,-6.0,-10.0,-0.25,-2.625,0.1875,94862.5,0x683f
1678222333.8840141,8665.0,3515.0,890.0,10.5625,-13.0625,94.625,-220.0,-952.0,-84.0,8.0,-2.0,-10.0,0.375,-7.125,0.6875,94862.5,0x683f
1678222333.9444401,8630.0,3473.0,902.0,10.25,-13.0625,94.5625,-202.0,-956.0,-93.0,19.0,-4.0,-16.0,-0.375,-1.25,0.125,94862.5,0x683f
1678222334.004448,8669.0,3514.0,873.0,10.0625,-13.0,94.625,-202.0,-952.0,-86.0,19.0,0.0,-9.0,-0.125,-1.9375,0.6875,94872.5,0x683f
1678222334.064054,8628.0,3509.0,906.0,9.9375,-13.0625,94.625,-207.0,-954.0,-98.0,14.0,-2.0,-20.0,0.0625,1.125,0.9375,94872.5,0x683f
1678222334.1234229,8632.0,3481.0,914.0,10.0625,-13.0625,94.6875,-221.0,-953.0,-93.0,0.0,0.0,-12.0,-0.4375,2.9375,0.375,94872.5,0x683f
1678222334.1822112,8649.0,3486.0,885.0,10.0,-13.0,94.75,-235.0,-954.0,-81.0,-13.0,-2.0,-1.0,0.3125,0.875,-0.625,94872.5,0x683f
1678222334.241141,8624.0,3511.0,938.0,10.0,-13.0,94.75,-213.0,-948.0,-94.0,7.0,3.0,-14.0,-0.4375,-2.4375,-0.375,94872.5,0x683f
1678222334.300558,8648.0,3488.0,902.0,9.8125,-13.0,94.75,-214.0,-949.0,-91.0,6.0,2.0,-11.0,-0.3125,0.625,-0.3125,94872.5,0x683f
1678222334.360588,8533.0,3449.0,673.0,9.6875,-13.0,94.8125,-220.0,-955.0,-96.0,1.0,-3.0,-15.0,0.25,0.125,0.875,94865.0,0x683f
1678222334.420207,8667.0,3512.0,891.0,9.5,-13.0625,94.8125,-218.0,-951.0,-85.0,4.0,0.0,-4.0,0.375,0.5625,0.625,94865.0,0x683f
1678222334.4801831,8652.0,3487.0,917.0,9.25,-13.0625,94.8125,-219.0,-953.0,-98.0,2.0,-2.0,-17.0,0.375,-2.0625,0.5625,94865.0,0x683f
1678222334.5410821,8574.0,3386.0,778.0,8.9375,-13.0625,94.8125,-205.0,-949.0,-85.0,17.0,2.0,-5.0,0.3125,-4.625,0.25,94865.0,0x683f
1678222334.599644,8644.0,3500.0,920.0,8.6875,-13.0625,94.75,-221.0,-958.0,-96.0,1.0,-6.0,-17.0,0.25,-3.8125,-0.3125,94865.0,0x683f
1678222334.65991,8573.0,3346.0,795.0,8.4375,-13.125,94.75,-212.0,-948.0,-85.0,10.0,3.0,-6.0,0.5,-4.5,-0.125,94865.0,0x683f
1678222334.718444,8646.0,3498.0,899.0,8.125,-13.125,94.6875,-214.0,-955.0,-83.0,8.0,-3.0,-5.0,1.0625,-1.4375,0.875,94865.0,0x683f
1678222334.7777998,8645.0,3479.0,926.0,7.875,-13.1875,94.625,-207.0,-960.0,-93.0,17.0,-9.0,-15.0,1.0625,-0.125,2.1875,94863.25,0x683f
1678222334.838461,8657.0,3518.0,947.0,7.75,-13.25,94.625,-205.0,-953.0,-84.0,19.0,-2.0,-6.0,0.5,0.4375,0.9375,94863.25,0x683f
1678222334.896308,8563.0,3347.0,801.0,7.625,-13.25,94.6875,-225.0,-954.0,-96.0,0.0,-3.0,-18.0,-0.0625,0.9375,-0.625,94863.25,0x683f
1678222334.955925,8642.0,3460.0,875.0,7.5625,-13.1875,94.6875,-217.0,-943.0,-84.0,7.0,3.0,0.0,-0.5625,-0.125,-1.0,94863.25,0x683f
1678222335.015807,8645.0,3500.0,948.0,7.5625,-13.1875,94.6875,-239.0,-966.0,-72.0,-18.0,-14.0,1.0,0.375,0.0,-0.25,94863.25,0x683f
1678222335.076401,8646.0,3505.0,926.0,7.0,-13.1875,94.625,-215.0,-961.0,-100.0,2.0,-5.0,-27.0,1.125,-3.75,1.75,94863.25,0x683f
1678222335.13569,8626.0,3524.0,912.0,6.625,-13.25,94.625,-193.0,-943.0,-85.0,28.0,7.0,-8.0,-0.125,-0.4375,0.5,94863.0,0x683f
1678222335.194606,8569.0,3383.0,803.0,6.6875,-13.1875,94.6875,-233.0,-943.0,-84.0,-12.0,4.0,-7.0,0.5625,2.5625,0.25,94863.0,0x683f
1678222335.253813,8641.0,3524.0,911.0,6.6875,-13.1875,94.6875,-230.0,-960.0,-84.0,-6.0,-9.0,-5.0,0.5625,-1.1875,0.1875,94863.0,0x683f
1678222335.313323,8650.0,3482.0,861.0,6.5,-13.1875,94.625,-218.0,-952.0,-84.0,6.0,0.0,-7.0,1.3125,-1.0,0.8125,94863.0,0x683f
1678222335.372821,8542.0,3350.0,783.0,5.9375,-13.25,94.5625,-216.0,-950.0,-84.0,9.0,0.0,-7.0,1.375,1.3125,1.625,94863.0,0x683f
1678222335.446193,8612.0,3472.0,894.0,5.875,-13.375,94.5,-225.0,-956.0,-84.0,1.0,-5.0,-9.0,1.5,1.9375,1.375,94863.0,0x683f
1678222335.505676,8570.0,3354.0,763.0,5.6875,-13.4375,94.4375,-219.0,-952.0,-81.0,8.0,0.0,-2.0,0.625,-0.625,0.5,94866.0,0x683f
1678222335.563909,8630.0,3499.0,915.0,5.4375,-13.375,94.4375,-228.0,-950.0,-89.0,-5.0,1.0,-17.0,-0.5625,0.5,-0.75,94866.0,0x683f
1678222335.62366,8638.0,3498.0,930.0,5.0625,-13.375,94.4375,-222.0,-951.0,-83.0,4.0,0.0,-8.0,-0.6875,-2.125,-1.25,94866.0,0x683f
1678222335.6832771,8591.0,3482.0,890.0,4.6875,-13.25,94.5,-223.0,-950.0,-80.0,1.0,0.0,-5.0,-1.3125,-1.3125,-1.3125,94866.0,0x683f
1678222335.743519,8594.0,3508.0,873.0,4.4375,-13.25,94.5625,-199.0,-963.0,-79.0,25.0,-11.0,-3.0,-0.625,0.875,0.4375,94866.0,0x683f
1678222335.801712,8638.0,3512.0,895.0,4.5625,-13.1875,94.6875,-186.0,-964.0,-66.0,37.0,-12.0,11.0,1.6875,15.8125,3.375,94866.0,0x683f
1678222335.861747,8645.0,3504.0,892.0,5.6875,-13.25,94.8125,-219.0,-937.0,-97.0,4.0,13.0,-16.0,2.6875,26.8125,3.5625,94866.0,0x683f
1678222335.920452,8622.0,3492.0,892.0,6.5,-13.25,95.0,-267.0,-952.0,-85.0,-42.0,-1.0,-2.0,0.75,14.9375,1.3125,94864.25,0x683f
1678222335.9799502,8621.0,3509.0,884.0,6.3125,-13.3125,95.0625,-262.0,-949.0,-87.0,-35.0,0.0,-2.0,-1.4375,-5.125,-0.9375,94864.25,0x683f
1678222336.037956,8810.0,3620.0,905.0,5.375,-13.3125,95.0625,-220.0,-953.0,-80.0,5.0,-2.0,3.0,-1.125,-10.6875,-2.0,94864.25,0x683f
1678222336.095414,8767.0,3453.0,730.0,4.6875,-13.25,94.9375,-219.0,-944.0,-94.0,5.0,6.0,-11.0,0.625,-1.75,-0.875,94864.25,0x683f
1678222336.1529338,8755.0,3474.0,739.0,4.375,-13.1875,94.9375,-225.0,-947.0,-91.0,0.0,3.0,-9.0,0.0625,-2.0625,-0.5625,94864.25,0x683f
1678222336.213388,8740.0,3487.0,775.0,3.875,-13.1875,94.875,-226.0,-953.0,-90.0,-1.0,-2.0,-8.0,-0.0625,-4.5625,-0.8125,94864.25,0x683f
1678222336.271442,8766.0,3567.0,904.0,3.3125,-13.1875,94.875,-226.0,-951.0,-80.0,-2.0,0.0,0.0,-0.8125,-2.4375,-0.1875,94858.0,0x683f
1678222336.329294,8787.0,3607.0,910.0,3.0625,-13.1875,94.8125,-222.0,-953.0,-85.0,2.0,-2.0,-5.0,-0.125,-3.0,-0.625,94858.0,0x683f
1678222336.3899982,8817.0,3571.0,910.0,2.875,-13.1875,94.8125,-211.0,-954.0,-84.0,9.0,-2.0,-4.0,0.0625,-2.0,-0.5625,94858.0,0x683f
1678222336.4541519,8641.0,3517.0,919.0,2.3125,-13.1875,94.75,-217.0,-952.0,-83.0,-3.0,-3.0,-2.0,-0.8125,0.0625,-0.75,94858.0,0x683f
1678222336.512683,8809.0,3448.0,760.0,2.1875,-13.125,94.8125,-211.0,-955.0,-91.0,12.0,-3.0,-10.0,0.0,-0.75,-0.6875,94858.0,0x683f
1678222336.571157,8774.0,3592.0,918.0,2.125,-13.0625,94.8125,-231.0,-942.0,-82.0,-8.0,8.0,-2.0,-1.0625,0.875,-1.0625,94858.0,0x683f
1678222336.631093,8708.0,3444.0,745.0,1.5625,-13.0625,94.875,-220.0,-948.0,-86.0,1.0,2.0,-5.0,-0.8125,-0.875,-0.1875,94868.5,0x683f
1678222336.692127,8655.0,3343.0,650.0,1.5625,-13.0625,94.9375,-222.0,-948.0,-93.0,-2.0,1.0,-8.0,-0.25,2.375,1.1875,94868.5,0x683f
1678222336.754833,8631.0,3526.0,918.0,1.375,-13.125,95.0,-222.0,-954.0,-88.0,2.0,-2.0,-7.0,-0.125,3.3125,1.75,94868.5,0x683f
1678222336.8154502,8650.0,3500.0,926.0,1.0625,-13.25,95.0,-218.0,-950.0,-88.0,6.0,0.0,-4.0,-0.1875,2.375,1.0625,94868.5,0x683f
1678222336.8736901,8822.0,3608.0,957.0,1.0,-13.25,95.0625,-220.0,-954.0,-92.0,8.0,-2.0,-6.0,-0.125,0.4375,0.125,94868.5,0x683f
1678222336.931828,8896.0,3652.0,950.0,0.5625,-13.25,95.0625,-218.0,-950.0,-100.0,3.0,0.0,-16.0,-0.25,0.5625,-0.25,94868.5,0x683f
1678222336.995357,8525.0,3377.0,794.0,0.25,-13.1875,95.125,-219.0,-950.0,-101.0,6.0,-1.0,-11.0,-0.8125,0.0,-0.625,94868.5,0x683f
1678222337.05632,8760.0,3516.0,772.0,0.375,-13.1875,95.1875,-223.0,-954.0,-90.0,-2.0,0.0,-4.0,-0.4375,1.6875,-0.75,94867.5,0x683f
1678222337.114281,8832.0,3582.0,946.0,0.4375,-13.125,95.25,-228.0,-950.0,-92.0,-5.0,0.0,-4.0,-0.25,-0.875,-1.0,94867.5,0x683f
1678222337.17455,8636.0,3519.0,944.0,0.1875,-13.0625,95.25,-218.0,-949.0,-95.0,4.0,1.0,-8.0,-0.25,-1.4375,-1.0,94867.5,0x683f
1678222337.236487,8838.0,3607.0,951.0,0.0,-13.0,95.25,-218.0,-949.0,-107.0,0.0,1.0,-20.0,-0.4375,0.0625,-0.375,94867.5,0x683f
1678222337.296331,8765.0,3573.0,974.0,359.9375,-13.0,95.25,-217.0,-957.0,-86.0,12.0,-3.0,12.0,0.8125,-0.9375,-0.0625,94867.5,0x683f
1678222337.3607051,8563.0,3361.0,753.0,359.9375,-13.0,95.25,-222.0,-951.0,-106.0,1.0,-1.0,-18.0,-0.25,0.875,-0.25,94867.5,0x683f
1678222337.422078,8625.0,3531.0,890.0,0.0,-13.0,95.25,-209.0,-946.0,-88.0,16.0,5.0,-4.0,0.875,-1.8125,-1.0,94856.5,0x683f
1678222337.484869,8641.0,3535.0,938.0,359.9375,-12.9375,95.25,-211.0,-956.0,-101.0,-2.0,-5.0,-16.0,0.0625,1.625,0.0,94856.5,0x683f
1678222337.5456882,8647.0,3538.0,916.0,359.9375,-12.9375,95.25,-219.0,-946.0,-93.0,-6.0,3.0,-3.0,0.6875,2.0625,1.125,94856.5,0x683f
1678222337.6051998,8632.0,3504.0,907.0,0.0625,-13.0,95.25,-218.0,-953.0,-92.0,-2.0,0.0,-2.0,1.1875,1.0,1.0625,94856.5,0x683f
1678222337.665712,8674.0,3518.0,906.0,0.1875,-13.0,95.1875,-221.0,-950.0,-91.0,0.0,0.0,-4.0,-0.125,-1.1875,-0.25,94856.5,0x683f
1678222337.725157,8555.0,3376.0,812.0,0.125,-13.0625,95.1875,-218.0,-949.0,-93.0,3.0,1.0,-6.0,-0.0625,-2.0625,-0.625,94856.5,0x683f
1678222337.7849019,8637.0,3521.0,928.0,0.125,-13.0625,95.1875,-219.0,-952.0,-97.0,3.0,0.0,-10.0,-0.3125,-1.125,0.1875,94858.0,0x683f
1678222337.845651,8650.0,3509.0,905.0,0.125,-13.0625,95.1875,-214.0,-951.0,-89.0,6.0,0.0,-4.0,-0.375,-0.6875,0.5,94858.0,0x683f
1678222337.910421,8572.0,3386.0,761.0,0.1875,-13.0625,95.1875,-217.0,-950.0,-98.0,5.0,0.0,-8.0,0.25,-1.0,0.5,94858.0,0x683f
1678222337.972116,8651.0,3512.0,915.0,0.3125,-13.0625,95.1875,-213.0,-953.0,-94.0,7.0,0.0,-9.0,-0.1875,-0.6875,0.1875,94858.0,0x683f
1678222338.032856,8629.0,3509.0,943.0,0.6875,-13.0,95.1875,-213.0,-953.0,-95.0,7.0,-2.0,-11.0,-0.375,-0.375,-0.0625,94858.0,0x683f
1678222338.0951822,8464.0,3264.0,668.0,0.8125,-13.0,95.1875,-216.0,-950.0,-87.0,0.0,0.0,-4.0,-0.0625,0.875,0.0625,94858.0,0x683f
1678222338.155784,8621.0,3492.0,901.0,1.0,-13.0,95.1875,-228.0,-953.0,-93.0,-6.0,0.0,-4.0,0.125,-0.375,0.5625,94873.5,0x683f
1678222338.215934,8659.0,3542.0,900.0,1.125,-13.0625,95.1875,-209.0,-952.0,-94.0,11.0,-1.0,-7.0,0.5,0.3125,0.5625,94873.5,0x683f
1678222338.27506,8648.0,3505.0,912.0,1.6875,-13.0,95.25,-228.0,-948.0,-95.0,-6.0,2.0,-7.0,-0.125,0.3125,0.3125,94873.5,0x683f
1678222338.334837,8755.0,3533.0,817.0,1.9375,-13.0,95.25,-214.0,-950.0,-91.0,4.0,-1.0,-10.0,-0.4375,-0.9375,0.25,94873.5,0x683f
1678222338.395009,8557.0,3383.0,780.0,2.1875,-13.0625,95.25,-210.0,-950.0,-103.0,9.0,0.0,-13.0,-0.1875,1.0,1.0625,94873.5,0x683f
1678222338.4553988,8540.0,3349.0,764.0,2.5625,-13.0625,95.25,-221.0,-951.0,-89.0,1.0,0.0,-1.0,-0.0625,2.25,0.125,94873.5,0x683f
1678222338.515993,8626.0,3541.0,910.0,3.25,-13.0625,95.25,-239.0,-950.0,-101.0,-14.0,4.0,-11.0,-0.75,-0.875,-0.625,94873.5,0x683f
1678222338.574498,8935.0,3682.0,976.0,3.375,-13.0625,95.25,-218.0,-948.0,-90.0,1.0,2.0,-4.0,-0.375,-2.0,-0.3125,94867.75,0x683f
1678222338.63519,8594.0,3544.0,876.0,3.5,-13.0625,95.25,-209.0,-956.0,-101.0,12.0,-5.0,-13.0,-0.125,0.125,0.5,94867.75,0x683f
1678222338.695308,8668.0,3506.0,905.0,3.875,-13.125,95.25,-214.0,-955.0,-101.0,8.0,-4.0,-13.0,0.0,1.3125,1.0,94867.75,0x683f
1678222338.754782,8799.0,3597.0,936.0,4.25,-13.125,95.3125,-213.0,-951.0,-97.0,9.0,0.0,-8.0,-0.1875,2.9375,0.5,94867.75,0x683f
1678222338.8136861,8810.0,3577.0,896.0,4.875,-13.125,95.375,-236.0,-951.0,-89.0,-13.0,-1.0,0.0,-0.5,1.5625,-0.8125,94867.75,0x683f
1678222338.871904,8725.0,3507.0,760.0,5.125,-13.0625,95.375,-226.0,-959.0,-78.0,-3.0,-8.0,10.0,-0.5625,-0.5625,0.75,94867.75,0x683f
1678222338.932628,8461.0,3256.0,624.0,5.3125,-13.1875,95.25,-355.0,-1070.0,-43.0,-131.0,-119.0,42.0,11.0,-7.375,5.3125,94865.5,0x683f
1678222338.992146,8609.0,3538.0,880.0,3.0,-14.875,93.1875,-340.0,-1154.0,57.0,-88.0,-208.0,110.0,41.75,-28.375,56.75,94865.5,0x683f
1678222339.051114,8794.0,3482.0,804.0,359.5625,-19.8125,91.0,-324.0,-1093.0,-9.0,8.0,-171.0,7.0,33.75,54.1875,116.25,94865.5,0x683f
1678222339.110559,8665.0,3309.0,614.0,357.1875,-25.625,90.75,-574.0,-944.0,-141.0,-131.0,-69.0,-131.0,25.875,29.4375,122.75,94865.5,0x683f
