1678223008.8379898,8029.0,3491.0,2396.0,345.25,-18.75,87.625,-332.0,-923.0,36.0,-16.0,3.0,-1.0,0.3125,2.5,-3.625,94860.25,0x683f
1678223008.9048839,8001.0,3383.0,2399.0,345.375,-18.6875,87.6875,-333.0,-931.0,37.0,-18.0,-3.0,0.0,-0.0625,1.4375,1.8125,94860.25,0x683f
1678223008.9653592,7952.0,3442.0,2389.0,345.1875,-18.8125,87.6875,-322.0,-909.0,35.0,-5.0,19.0,0.0,-1.1875,-3.5625,-1.125,94860.25,0x683f
1678223009.0290618,7999.0,3515.0,2396.0,345.1875,-18.625,87.6875,-316.0,-922.0,42.0,-3.0,-2.0,1.0,-0.8125,-3.4375,-4.75,94863.25,0x683f
1678223009.092712,7942.0,3432.0,2394.0,345.25,-18.3125,87.625,-322.0,-925.0,31.0,-14.0,4.0,-6.0,-1.0625,-5.125,-4.0,94863.25,0x683f
1678223009.1561542,8117.0,3542.0,2397.0,345.125,-18.0625,87.5625,-312.0,-916.0,39.0,-8.0,15.0,0.0,-0.75,-5.3125,-3.5,94863.25,0x683f
1678223009.217765,8072.0,3436.0,2394.0,345.0625,-17.9375,87.5625,-305.0,-926.0,38.0,-3.0,-4.0,-1.0,-0.6875,-2.5,-1.0,94863.25,0x683f
1678223009.280298,7884.0,3062.0,2379.0,344.9375,-18.0625,87.5625,-303.0,-931.0,26.0,0.0,-2.0,-14.0,-0.5625,0.875,3.6875,94863.25,0x683f
1678223009.3426402,8817.0,3605.0,896.0,344.625,-18.25,87.625,-301.0,-941.0,34.0,7.0,-11.0,-3.0,-2.1875,-2.5625,2.9375,94863.25,0x683f
1678223009.406661,8555.0,3362.0,743.0,344.375,-18.5,87.6875,-312.0,-962.0,54.0,0.0,-33.0,16.0,1.8125,3.625,5.375,94858.0,0x683f
1678223009.4717171,8549.0,3373.0,767.0,344.125,-18.875,87.5,-345.0,-927.0,64.0,-25.0,11.0,25.0,3.8125,-1.125,9.0625,94858.0,0x683f
1678223009.534285,8550.0,3369.0,797.0,343.5,-19.625,87.25,-308.0,-900.0,51.0,23.0,20.0,7.0,7.125,10.625,17.625,94858.0,0x683f
1678223009.596294,8671.0,3501.0,937.0,343.25,-20.6875,86.9375,-354.0,-876.0,34.0,-7.0,39.0,-13.0,8.4375,9.4375,11.5625,94858.0,0x683f
1678223009.654473,9108.0,3526.0,807.0,343.1875,-21.3125,86.75,-372.0,-917.0,46.0,-15.0,-6.0,-5.0,5.4375,4.375,10.25,94858.0,0x683f
1678223009.717013,8790.0,3434.0,840.0,343.0,-22.0,86.5,-383.0,-908.0,52.0,-15.0,-1.0,-1.0,6.25,11.625,11.8125,94858.0,0x683f
1678223009.776354,8645.0,3407.0,955.0,342.875,-22.875,86.5,-402.0,-905.0,24.0,-15.0,7.0,-35.0,4.1875,10.0,18.0,94859.0,0x683f
1678223009.839805,8835.0,3489.0,964.0,342.0,-24.0,86.5,-386.0,-861.0,25.0,15.0,30.0,-29.0,-2.0625,-6.8125,14.5,94859.0,0x683f
1678223009.900015,8823.0,3414.0,829.0,340.75,-24.5625,86.5,-371.0,-921.0,36.0,37.0,-31.0,-18.0,-4.875,-13.0,6.0,94859.0,0x683f
1678223009.959848,8682.0,3355.0,800.0,339.9375,-24.9375,86.4375,-377.0,-927.0,37.0,36.0,-39.0,-15.0,-2.375,2.9375,9.8125,94859.0,0x683f
1678223010.018641,8806.0,3324.0,714.0,339.75,-25.1875,86.8125,-353.0,-895.0,51.0,65.0,-9.0,2.0,-2.875,6.125,10.125,94859.0,0x683f
1678223010.0803,8650.0,3234.0,719.0,340.125,-25.5625,87.125,-406.0,-878.0,45.0,17.0,4.0,2.0,-2.75,3.4375,0.1875,94859.0,0x683f
1678223010.140637,8622.0,3244.0,710.0,340.0625,-25.4375,87.25,-404.0,-911.0,53.0,15.0,-26.0,11.0,-4.0625,-8.3125,-4.3125,94874.5,0x683f
1678223010.201808,8673.0,3263.0,758.0,340.0,-25.125,87.1875,-384.0,-883.0,58.0,31.0,3.0,14.0,-2.625,-12.625,-4.875,94874.5,0x683f
1678223010.260493,8637.0,3274.0,753.0,339.9375,-24.6875,87.0,-380.0,-882.0,45.0,29.0,7.0,-1.0,2.4375,-1.25,-4.125,94874.5,0x683f
1678223010.320853,8721.0,3376.0,833.0,340.4375,-24.375,86.9375,-391.0,-893.0,26.0,13.0,-1.0,-20.0,3.375,7.625,-5.375,94874.5,0x683f
1678223010.3825028,8786.0,3490.0,978.0,341.3125,-24.0,87.0625,-399.0,-897.0,18.0,-1.0,-2.0,-26.0,1.875,8.625,-7.5625,94874.5,0x683f
1678223010.4430678,8807.0,3494.0,957.0,342.1875,-23.5,87.25,-393.0,-887.0,35.0,-2.0,10.0,-7.0,-1.5625,-0.8125,-9.4375,94874.5,0x683f
1678223010.505093,8966.0,3505.0,870.0,342.625,-22.9375,87.3125,-389.0,-886.0,46.0,-6.0,16.0,5.0,-2.0,-2.6875,-10.8125,94863.75,0x683f
1678223010.565987,8903.0,3404.0,785.0,343.125,-22.25,87.3125,-387.0,-900.0,44.0,-15.0,5.0,2.0,-1.0625,-2.125,-13.125,94863.75,0x683f
1678223010.629559,8594.0,3350.0,872.0,343.625,-21.5625,87.3125,-378.0,-907.0,55.0,-17.0,2.0,13.0,-0.875,-1.3125,-10.25,94863.75,0x683f
1678223010.6932201,8600.0,3356.0,800.0,344.1875,-21.1875,87.3125,-373.0,-910.0,64.0,-18.0,2.0,22.0,3.25,11.5,-2.8125,94863.75,0x683f
1678223010.754833,8578.0,3313.0,755.0,345.1875,-21.375,87.3125,-384.0,-903.0,48.0,-26.0,8.0,5.0,6.0,13.0625,3.6875,94863.75,0x683f
1678223010.816427,8596.0,3349.0,837.0,345.4375,-21.75,87.1875,-371.0,-896.0,26.0,-7.0,13.0,-17.0,2.8125,3.125,6.1875,94863.75,0x683f
1678223010.879136,8890.0,3491.0,908.0,345.0625,-22.125,87.25,-339.0,-908.0,22.0,44.0,2.0,-17.0,0.125,0.875,7.9375,94866.75,0x683f
1678223010.942749,8782.0,3492.0,933.0,345.125,-22.5625,87.375,-354.0,-913.0,28.0,22.0,-8.0,-11.0,2.625,16.1875,4.9375,94866.75,0x683f
1678223011.0080159,8714.0,3351.0,711.0,346.0,-22.6875,87.625,-323.0,-960.0,70.0,44.0,-45.0,36.0,9.0,35.5625,6.875,94866.75,0x683f
1678223011.0717812,8758.0,3449.0,802.0,348.0625,-23.1875,87.875,-437.0,-860.0,47.0,-55.0,39.0,5.0,10.875,20.0,-1.625,94866.75,0x683f
1678223011.133343,8785.0,3405.0,714.0,348.625,-22.75,87.5,-375.0,-913.0,49.0,14.0,1.0,5.0,4.375,-16.5625,-9.1875,94866.75,0x683f
1678223011.193814,8496.0,3235.0,661.0,348.6875,-22.375,87.0,-386.0,-872.0,15.0,-21.0,29.0,-39.0,8.0625,6.4375,-2.75,94866.75,0x683f
1678223011.258137,8787.0,3430.0,676.0,349.375,-22.3125,86.75,-406.0,-893.0,-8.0,-32.0,13.0,-57.0,3.25,6.125,-0.3125,94867.25,0x683f
1678223011.323283,8804.0,3405.0,715.0,349.375,-22.625,87.25,-384.0,-893.0,4.0,0.0,6.0,-38.0,-1.3125,0.0,3.0,94867.25,0x683f
1678223011.38333,8765.0,3344.0,740.0,349.0625,-22.875,87.5,-363.0,-897.0,29.0,17.0,5.0,-9.0,-3.4375,-1.25,2.5625,94867.25,0x683f
1678223011.446113,8746.0,3328.0,666.0,348.875,-22.875,87.6875,-358.0,-913.0,46.0,26.0,-9.0,15.0,-4.375,-2.3125,0.25,94867.25,0x683f
1678223011.512303,8730.0,3332.0,687.0,348.8125,-22.8125,87.8125,-361.0,-907.0,55.0,13.0,-7.0,30.0,-3.25,-0.25,-2.0625,94867.25,0x683f
1678223011.574396,8763.0,3387.0,702.0,348.9375,-22.375,87.75,-373.0,-905.0,71.0,0.0,0.0,36.0,-2.25,-7.375,-7.25,94867.25,0x683f
1678223011.634013,8747.0,3358.0,737.0,348.875,-21.9375,87.5625,-376.0,-907.0,73.0,-9.0,1.0,35.0,-0.9375,-8.6875,-7.875,94861.25,0x683f
1678223011.695529,8759.0,3354.0,773.0,348.875,-21.625,87.3125,-379.0,-907.0,49.0,-21.0,4.0,2.0,1.75,-5.4375,-5.1875,94861.25,0x683f
1678223011.756628,8562.0,3234.0,791.0,348.75,-21.4375,87.0625,-376.0,-911.0,29.0,-13.0,-3.0,-13.0,1.375,-6.375,-0.1875,94861.25,0x683f
1678223011.817133,8766.0,3315.0,811.0,348.375,-21.5625,86.9375,-359.0,-904.0,27.0,1.0,6.0,-20.0,0.6875,-3.1875,4.375,94861.25,0x683f
1678223011.880095,8733.0,3287.0,788.0,347.9375,-21.8125,86.9375,-358.0,-907.0,30.0,9.0,2.0,-14.0,-2.375,-4.5625,4.4375,94861.25,0x683f
1678223011.9421701,8702.0,3290.0,797.0,347.375,-22.0,87.0,-354.0,-908.0,51.0,10.0,-12.0,19.0,-3.5625,-6.0,2.875,94861.25,0x683f
1678223012.003191,8961.0,3485.0,952.0,346.8125,-22.0625,86.9375,-345.0,-912.0,70.0,26.0,-1.0,23.0,-1.125,-5.4375,2.5625,94861.25,0x683f
1678223012.064624,8979.0,3521.0,957.0,346.5625,-22.0625,86.75,-350.0,-915.0,62.0,18.0,-8.0,11.0,0.75,-5.25,-1.1875,94861.75,0x683f
1678223012.1239161,8909.0,3362.0,831.0,346.5,-21.9375,86.5625,-352.0,-915.0,54.0,14.0,-7.0,0.0,1.875,-1.1875,-0.3125,94861.75,0x683f
1678223012.184108,9044.0,3370.0,834.0,346.6875,-21.9375,86.4375,-338.0,-913.0,50.0,28.0,-6.0,-5.0,2.5,0.875,2.0625,94861.75,0x683f
1678223012.2457201,8900.0,3365.0,864.0,346.75,-22.0,86.375,-341.0,-897.0,46.0,29.0,8.0,-12.0,1.4375,-0.9375,0.375,94861.75,0x683f
1678223012.310912,8896.0,3404.0,843.0,347.0,-21.8125,86.3125,-339.0,-897.0,45.0,14.0,12.0,-15.0,1.6875,1.3125,-4.9375,94861.75,0x683f
1678223012.3723168,8826.0,3347.0,824.0,347.3125,-21.4375,86.3125,-359.0,-897.0,38.0,-1.0,13.0,-19.0,-0.625,-4.4375,-7.8125,94861.75,0x683f
1678223012.4337862,8511.0,3248.0,742.0,347.5625,-21.0,86.3125,-357.0,-919.0,46.0,-9.0,-3.0,-11.0,-0.4375,1.1875,-5.5,94864.0,0x683f
1678223012.4981298,8784.0,3407.0,710.0,347.875,-20.75,86.4375,-372.0,-907.0,48.0,-20.0,2.0,0.0,-1.8125,-0.8125,-2.375,94864.0,0x683f
1678223012.563921,8510.0,3237.0,776.0,347.875,-20.6875,86.5,-357.0,-912.0,64.0,-12.0,5.0,8.0,-0.5625,0.4375,0.0,94864.0,0x683f
1678223012.624287,8878.0,3393.0,794.0,347.9375,-20.75,86.5,-360.0,-915.0,61.0,-12.0,0.0,7.0,-0.3125,-0.5,0.0625,94864.0,0x683f
1678223012.691442,8516.0,3243.0,768.0,347.8125,-20.8125,86.5,-350.0,-910.0,65.0,0.0,3.0,7.0,0.5,0.125,2.1875,94864.0,0x683f
1678223012.757532,8490.0,3266.0,681.0,347.75,-20.9375,86.4375,-341.0,-913.0,58.0,8.0,0.0,1.0,1.0,0.75,1.125,94864.0,0x683f
1678223012.823762,8424.0,3269.0,510.0,347.75,-20.9375,86.4375,-343.0,-904.0,52.0,4.0,10.0,-2.0,0.0,0.8125,0.0,94863.0,0x683f
1678223012.8888278,8446.0,3266.0,519.0,347.8125,-20.9375,86.4375,-348.0,-906.0,58.0,-1.0,7.0,-2.0,-0.25,-0.1875,-1.375,94863.0,0x683f
1678223012.948271,8683.0,3377.0,523.0,347.875,-20.8125,86.4375,-361.0,-911.0,51.0,-17.0,-1.0,-3.0,-1.25,-1.75,-0.9375,94863.0,0x683f
1678223013.01214,8452.0,3249.0,539.0,347.6875,-20.8125,86.4375,-356.0,-913.0,62.0,-7.0,0.0,4.0,-1.6875,-2.5625,0.3125,94863.0,0x683f
1678223013.073833,8801.0,3420.0,639.0,347.5,-20.875,86.4375,-350.0,-917.0,58.0,0.0,-2.0,0.0,-0.6875,-2.6875,0.5,94863.0,0x683f
1678223013.138101,8727.0,3354.0,729.0,347.25,-20.875,86.4375,-349.0,-911.0,52.0,0.0,2.0,-4.0,-1.4375,-5.6875,0.0,94863.0,0x683f
1678223013.1989062,8825.0,3400.0,766.0,346.875,-20.8125,86.375,-350.0,-908.0,58.0,-2.0,11.0,-1.0,-0.625,-2.875,0.1875,94863.0,0x683f
1678223013.260764,8767.0,3384.0,758.0,346.6875,-20.9375,86.375,-351.0,-902.0,47.0,2.0,4.0,-10.0,-0.875,-0.3125,3.625,94863.0,0x683f
1678223013.320328,9046.0,3484.0,757.0,346.375,-21.0625,86.4375,-341.0,-906.0,42.0,10.0,5.0,-17.0,-2.375,-3.5,0.375,94863.0,0x683f
1678223013.38238,8802.0,3382.0,713.0,346.1875,-21.0,86.5,-363.0,-921.0,48.0,-12.0,-7.0,-6.0,-3.1875,-8.5625,-3.4375,94863.0,0x683f
1678223013.442603,8794.0,3460.0,905.0,345.8125,-20.8125,86.5,-347.0,-909.0,63.0,2.0,4.0,7.0,-1.75,-4.8125,1.625,94863.0,0x683f
1678223013.502848,8892.0,3409.0,766.0,345.5,-20.9375,86.5,-339.0,-903.0,60.0,11.0,10.0,4.0,-0.25,-0.6875,2.375,94863.0,0x683f
1678223013.5633779,8771.0,3342.0,764.0,345.3125,-21.0625,86.5,-339.0,-911.0,41.0,13.0,1.0,-14.0,0.125,2.8125,3.9375,94859.5,0x683f
1678223013.620725,8521.0,3230.0,787.0,345.25,-21.3125,86.5625,-336.0,-919.0,37.0,20.0,-7.0,-16.0,-1.0,1.1875,2.5625,94859.5,0x683f
1678223013.680324,8748.0,3333.0,758.0,345.375,-21.3125,86.6875,-338.0,-908.0,50.0,17.0,3.0,-1.0,-2.0625,-0.0625,-0.375,94859.5,0x683f
1678223013.742666,8735.0,3351.0,733.0,345.4375,-21.25,86.8125,-345.0,-910.0,56.0,9.0,1.0,6.0,-1.3125,1.375,-1.9375,94859.5,0x683f
1678223013.8023412,8806.0,3376.0,699.0,345.625,-21.0625,86.9375,-356.0,-915.0,49.0,-3.0,-2.0,0.0,-0.4375,1.875,-2.5625,94859.5,0x683f
1678223013.862667,8611.0,3296.0,634.0,345.8125,-20.9375,86.9375,-375.0,-920.0,42.0,-24.0,-6.0,-5.0,-1.25,-1.1875,-1.8125,94859.5,0x683f
1678223013.92432,8802.0,3463.0,808.0,345.75,-21.0,87.0,-374.0,-920.0,46.0,-22.0,-6.0,0.0,-1.375,-3.375,3.5,94868.5,0x683f
1678223013.988041,8472.0,3251.0,710.0,345.3125,-21.3125,87.0625,-374.0,-907.0,41.0,-18.0,4.0,-5.0,-0.875,-0.25,4.75,94868.5,0x683f
1678223014.04961,8683.0,3319.0,747.0,344.9375,-21.5625,87.0,-373.0,-901.0,47.0,-15.0,5.0,2.0,-0.3125,-2.4375,4.625,94868.5,0x683f
1678223014.113356,8595.0,3321.0,867.0,344.4375,-21.9375,86.9375,-378.0,-900.0,36.0,-10.0,6.0,-11.0,-0.75,-4.6875,7.1875,94868.5,0x683f
1678223014.172915,8967.0,3527.0,933.0,343.375,-22.5,86.9375,-401.0,-897.0,13.0,-25.0,7.0,-33.0,-4.0,-14.125,8.125,94868.5,0x683f
1678223014.235274,8886.0,3405.0,814.0,341.9375,-23.0,87.0,-473.0,-922.0,-16.0,-87.0,-22.0,-63.0,-11.0,-29.5,15.5625,94868.5,0x683f
1678223014.29523,8640.0,3292.0,751.0,337.625,-24.5625,86.875,-661.0,-994.0,-100.0,-253.0,-104.0,-148.0,-24.875,-58.8125,46.0625,94869.5,0x683f
1678223014.3577652,8706.0,3156.0,772.0,329.625,-27.8125,86.5,-751.0,-954.0,-101.0,-294.0,-88.0,-154.0,-46.6875,-100.5,79.25,94869.5,0x683f
1678223014.4185941,8566.0,3106.0,921.0,317.9375,-32.6875,85.9375,-731.0,-864.0,-61.0,-171.0,-35.0,-104.0,-68.25,-104.9375,110.375,94869.5,0x683f
1678223014.478761,8894.0,3324.0,903.0,305.0625,-39.5,86.5,-763.0,-758.0,-43.0,-141.0,-1.0,-89.0,-87.9375,-60.3125,137.9375,94869.5,0x683f
1678223014.540833,8512.0,3158.0,914.0,291.0625,-47.8125,89.1875,-825.0,-615.0,-108.0,-89.0,45.0,-123.0,-105.8125,-36.6875,147.0625,94869.5,0x683f
1678223014.60182,8606.0,3204.0,912.0,275.9375,-56.0625,91.9375,-862.0,-387.0,-106.0,-37.0,141.0,-88.0,-113.0,-82.8125,127.0,94869.5,0x683f
1678223014.662155,8739.0,2902.0,738.0,260.75,-62.6875,88.0625,-859.0,-309.0,-152.0,18.0,125.0,-180.0,-103.125,-137.875,95.8125,94869.5,0x683f
1678223014.722431,8825.0,3066.0,860.0,247.5,-65.75,71.5,-638.0,-256.0,83.0,255.0,117.0,-67.0,-78.5625,-194.5,62.4375,94853.5,0x683f
1678223014.783963,9049.0,3119.0,751.0,238.3125,-63.625,53.875,-680.0,-312.0,136.0,193.0,38.0,-136.0,-64.75,-132.9375,19.25,94853.5,0x683f
1678223014.845814,8649.0,2844.0,437.0,232.9375,-57.1875,44.6875,-582.0,-388.0,249.0,241.0,-15.0,-128.0,-51.1875,-153.5625,-34.375,94853.5,0x683f
1678223014.9121861,8442.0,2586.0,868.0,231.6875,-50.625,43.3125,-696.0,-548.0,268.0,75.0,-115.0,-187.0,-46.875,-104.5,-52.3125,94853.5,0x683f
1678223014.976511,8804.0,2686.0,523.0,232.125,-43.625,43.9375,-474.0,-727.0,411.0,189.0,-223.0,-106.0,-37.875,-88.875,-69.0625,94853.5,0x683f
1678223015.039628,8611.0,2518.0,455.0,234.0,-37.375,45.9375,-554.0,-783.0,373.0,41.0,-220.0,-164.0,-27.375,-56.25,-57.75,94853.5,0x683f
1678223015.104633,8798.0,2518.0,878.0,235.125,-33.3125,47.3125,-541.0,-870.0,488.0,-8.0,-263.0,-68.0,-15.8125,-38.0625,-30.8125,94860.25,0x683f
1678223015.1693819,8758.0,2500.0,802.0,235.5,-30.875,47.8125,-486.0,-801.0,535.0,17.0,-177.0,-29.0,-9.5625,-15.75,-10.125,94860.25,0x683f
1678223015.229245,8781.0,2532.0,806.0,235.3125,-30.0625,47.5625,-479.0,-672.0,649.0,25.0,-20.0,52.0,8.5625,-6.25,1.3125,94860.25,0x683f
1678223015.296391,8925.0,2688.0,790.0,235.5625,-31.25,47.8125,-454.0,-621.0,613.0,12.0,33.0,15.0,-3.8125,64.3125,16.8125,94860.25,0x683f
1678223015.386708,8720.0,2501.0,645.0,236.3125,-34.9375,50.125,-555.0,-597.0,468.0,6.0,19.0,-46.0,-7.0625,70.5,5.0625,94860.25,0x683f
1678223015.449099,8825.0,2719.0,413.0,237.5625,-37.5,51.375,-575.0,-826.0,551.0,33.0,-235.0,59.0,28.625,42.5625,19.5,94861.0,0x683f
1678223015.508747,8514.0,2473.0,677.0,237.9375,-41.125,50.25,-601.0,-816.0,452.0,78.0,-225.0,22.0,48.125,43.9375,35.5625,94861.0,0x683f
1678223015.568992,8425.0,2747.0,727.0,238.4375,-44.0,47.625,-551.0,-697.0,544.0,130.0,-176.0,69.0,61.5,46.75,22.5,94861.0,0x683f
1678223015.6333382,8697.0,2848.0,486.0,240.5,-46.75,44.8125,-579.0,-537.0,528.0,141.0,-50.0,58.0,70.9375,35.0,-0.0625,94861.0,0x683f
1678223015.697567,8794.0,3071.0,925.0,244.125,-47.4375,42.6875,-560.0,-421.0,522.0,159.0,32.0,16.0,78.9375,47.375,-31.1875,94861.0,0x683f
1678223015.762018,8524.0,2872.0,802.0,249.9375,-48.0,42.5625,-639.0,-343.0,425.0,67.0,104.0,-62.0,82.1875,58.25,-63.4375,94861.0,0x683f
1678223015.8242471,8724.0,2690.0,486.0,257.5625,-47.375,43.75,-783.0,-343.0,291.0,-65.0,124.0,-186.0,77.0,27.625,-91.75,94852.0,0x683f
1678223015.887265,8745.0,2821.0,344.0,266.5625,-43.8125,44.5625,-836.0,-354.0,253.0,-163.0,104.0,-261.0,58.8125,9.25,-94.8125,94852.0,0x683f
1678223015.9514182,8868.0,3184.0,919.0,274.0625,-39.5,45.5,-761.0,-477.0,296.0,-239.0,55.0,-285.0,29.875,2.375,-82.5,94852.0,0x683f
1678223016.014422,8927.0,3119.0,888.0,277.875,-36.5,46.375,-741.0,-562.0,334.0,-166.0,13.0,-212.0,7.4375,-21.625,-65.625,94852.0,0x683f
1678223016.077142,8263.0,2453.0,1069.0,280.6875,-33.125,47.0625,-643.0,-631.0,436.0,-100.0,-24.0,-109.0,1.625,-37.875,-43.375,94852.0,0x683f
1678223016.144563,8589.0,2971.0,955.0,282.5,-28.875,46.9375,-498.0,-693.0,525.0,-17.0,-92.0,-18.0,-6.1875,-38.875,-33.375,94852.0,0x683f
1678223016.206829,8729.0,3125.0,992.0,283.3125,-26.625,47.375,-497.0,-776.0,567.0,-57.0,-131.0,-25.0,-6.1875,-30.5,-22.0,94861.75,0x683f
1678223016.267523,8696.0,3180.0,884.0,283.5625,-25.4375,47.5,-382.0,-693.0,701.0,39.0,-40.0,103.0,-9.9375,36.0625,10.0,94861.75,0x683f
1678223016.32765,8747.0,3109.0,989.0,283.625,-26.1875,47.75,-567.0,-705.0,797.0,-166.0,-34.0,138.0,6.125,10.375,7.8125,94861.75,0x683f
1678223016.389219,8577.0,2949.0,1055.0,283.5625,-27.375,47.8125,-491.0,-648.0,608.0,-35.0,3.0,-36.0,0.0625,32.75,10.375,94861.75,0x683f
1678223016.4525352,8449.0,2898.0,1100.0,283.75,-28.5,48.125,-478.0,-633.0,504.0,-21.0,10.0,-49.0,1.25,13.5,3.25,94861.75,0x683f
1678223016.51443,8649.0,2933.0,1023.0,283.875,-28.9375,48.25,-508.0,-676.0,576.0,-32.0,-36.0,5.0,1.4375,5.375,0.9375,94861.75,0x683f
1678223016.575149,8618.0,3029.0,1090.0,283.9375,-29.1875,48.25,-593.0,-707.0,598.0,-111.0,-74.0,39.0,3.125,4.875,6.6875,94857.25,0x683f
1678223016.643929,8635.0,2921.0,970.0,283.4375,-30.5,48.0625,-567.0,-702.0,607.0,-63.0,-70.0,31.0,2.75,22.25,24.625,94857.25,0x683f
1678223016.707851,8390.0,2551.0,831.0,283.0,-32.6875,47.5,-698.0,-620.0,581.0,-168.0,-11.0,24.0,7.9375,5.8125,42.9375,94857.25,0x683f
1678223016.772831,8791.0,3190.0,892.0,281.25,-34.25,46.0,-688.0,-537.0,622.0,-86.0,34.0,58.0,-2.875,-14.375,44.3125,94857.25,0x683f
1678223016.836472,8582.0,2977.0,1016.0,278.375,-36.5625,44.375,-732.0,-479.0,565.0,-179.0,76.0,-25.0,1.4375,18.0,56.9375,94857.25,0x683f
1678223016.898963,8578.0,3033.0,906.0,274.75,-38.75,42.25,-693.0,-394.0,484.0,-73.0,112.0,-84.0,-3.3125,-22.6875,46.625,94857.25,0x683f
1678223016.962093,8493.0,3026.0,888.0,272.125,-39.5,40.625,-642.0,-366.0,517.0,-45.0,157.0,-82.0,-8.875,-11.0625,43.375,94863.0,0x683f
1678223017.0257611,8534.0,2779.0,1260.0,269.0625,-40.125,39.5625,-594.0,-297.0,463.0,37.0,179.0,-114.0,-22.875,-25.5,21.375,94863.0,0x683f
1678223017.0882409,8828.0,2897.0,1034.0,267.0625,-39.875,40.375,-592.0,-339.0,437.0,36.0,147.0,-135.0,-31.875,-16.1875,-2.75,94863.0,0x683f
1678223017.151726,9378.0,3270.0,849.0,266.8125,-38.9375,42.3125,-492.0,-373.0,454.0,79.0,106.0,-142.0,-35.5,-0.4375,-21.75,94863.0,0x683f
1678223017.215002,8832.0,2915.0,823.0,268.0,-36.375,45.125,-463.0,-535.0,479.0,119.0,2.0,-57.0,-34.3125,-40.625,-60.9375,94863.0,0x683f
1678223017.276903,8856.0,2773.0,784.0,271.125,-31.875,48.375,-434.0,-754.0,474.0,83.0,-131.0,-78.0,-21.1875,-9.0,-71.25,94863.0,0x683f
1678223017.3408158,8873.0,2471.0,633.0,274.5,-28.25,50.375,-459.0,-836.0,468.0,25.0,-212.0,-57.0,-11.0625,-25.375,-62.125,94854.75,0x683f
1678223017.399383,8626.0,2670.0,817.0,276.5,-25.25,51.125,-428.0,-850.0,524.0,-9.0,-149.0,-31.0,1.875,-28.375,-35.625,94854.75,0x683f
1678223017.461043,8553.0,2723.0,977.0,277.25,-22.5625,50.6875,-366.0,-864.0,565.0,31.0,-151.0,9.0,7.6875,-39.375,-18.0625,94854.75,0x683f
1678223017.523861,8664.0,2815.0,1027.0,277.25,-20.5625,49.6875,-334.0,-830.0,614.0,7.0,-130.0,18.0,7.4375,-21.6875,-2.25,94854.75,0x683f
1678223017.5862021,8719.0,2797.0,860.0,276.6875,-20.5,49.1875,-381.0,-805.0,637.0,-35.0,-111.0,37.0,5.4375,3.25,9.3125,94854.75,0x683f
1678223017.6494458,8698.0,2562.0,764.0,276.5625,-21.375,49.0,-290.0,-899.0,561.0,67.0,-210.0,-36.0,5.6875,16.25,6.875,94854.75,0x683f
1678223017.712588,8798.0,2686.0,733.0,275.9375,-23.0625,47.875,-433.0,-930.0,688.0,-42.0,-267.0,80.0,35.6875,18.125,46.75,94863.25,0x683f
1678223017.775126,8768.0,2771.0,886.0,273.625,-26.0,44.5,-443.0,-813.0,702.0,-1.0,-206.0,70.0,58.0625,31.75,72.8125,94863.25,0x683f
1678223017.83804,8584.0,2684.0,910.0,270.125,-30.4375,38.375,-591.0,-647.0,774.0,-94.0,-122.0,111.0,72.0,-2.75,78.1875,94863.25,0x683f
1678223017.899754,8742.0,2904.0,952.0,266.25,-32.625,31.75,-630.0,-588.0,735.0,-152.0,-157.0,7.0,66.875,-21.125,90.9375,94863.25,0x683f
1678223017.9606478,8607.0,3008.0,956.0,260.9375,-33.0625,24.3125,-666.0,-500.0,718.0,-55.0,-148.0,37.0,57.0,-41.375,89.25,94863.25,0x683f
1678223018.021719,8525.0,2959.0,846.0,256.0625,-33.1875,17.6875,-742.0,-352.0,689.0,-208.0,-116.0,-99.0,44.8125,-51.1875,85.5625,94863.25,0x683f
1678223018.084353,8834.0,3061.0,766.0,252.0,-30.75,11.8125,-421.0,-76.0,567.0,77.0,84.0,-260.0,42.375,-36.5625,71.3125,94863.25,0x683f
1678223018.1494138,8806.0,2993.0,1155.0,248.0625,-31.1875,6.8125,-497.0,-4.0,560.0,11.0,95.0,-272.0,31.125,-3.125,51.375,94855.5,0x683f
1678223018.211179,8541.0,3139.0,1063.0,245.9375,-30.75,3.625,-417.0,112.0,563.0,59.0,158.0,-278.0,18.5625,-3.375,35.6875,94855.5,0x683f
1678223018.273839,8532.0,3081.0,880.0,244.4375,-31.125,1.9375,-480.0,65.0,660.0,26.0,92.0,-177.0,3.6875,-1.125,19.6875,94855.5,0x683f
1678223018.3360891,8517.0,3131.0,841.0,243.0625,-31.875,1.125,-689.0,42.0,552.0,-171.0,59.0,-279.0,-4.4375,-8.375,13.875,94855.5,0x683f
1678223018.39686,8658.0,3282.0,864.0,243.6875,-27.9375,1.625,-629.0,-17.0,680.0,-169.0,7.0,-185.0,-0.75,-94.1875,-15.875,94855.5,0x683f
1678223018.45883,8412.0,3047.0,979.0,245.1875,-18.125,3.125,-341.0,-59.0,1153.0,-36.0,-8.0,222.0,-24.8125,-210.875,-36.6875,94855.5,0x683f
1678223018.517764,8239.0,2782.0,883.0,246.875,-4.875,5.4375,262.0,17.0,1075.0,267.0,6.0,136.0,-58.25,-168.0,-11.125,94859.0,0x683f
1678223018.5791109,8885.0,3300.0,513.0,245.9375,1.625,8.5625,90.0,-277.0,1293.0,69.0,-85.0,275.0,-33.9375,-80.8125,10.9375,94859.0,0x683f
1678223018.643311,8486.0,3049.0,680.0,244.6875,3.6875,10.1875,139.0,-162.0,828.0,56.0,16.0,-111.0,-18.125,27.1875,30.5625,94859.0,0x683f
1678223018.7058911,8178.0,2775.0,919.0,243.375,-1.875,11.1875,107.0,-228.0,821.0,175.0,-37.0,-137.0,-8.9375,206.4375,28.125,94859.0,0x683f
1678223018.767369,8454.0,2800.0,1247.0,243.4375,-20.625,10.4375,-17.0,-323.0,730.0,327.0,-156.0,-171.0,53.5,451.25,43.0,94859.0,0x683f
1678223018.830558,8405.0,2968.0,1180.0,243.4375,-51.125,6.875,-262.0,-162.0,-11.0,501.0,-89.0,-622.0,98.5625,600.75,80.9375,94859.0,0x683f
1678223018.897249,8465.0,3113.0,1057.0,240.5,-85.75,-4.0625,-688.0,80.0,-795.0,283.0,-15.0,-709.0,84.1875,640.0625,165.25,94858.75,0x683f
1678223018.959467,8703.0,3312.0,928.0,233.0,-57.3125,-160.0625,-1591.0,359.0,-877.0,-765.0,179.0,-379.0,63.625,112.75,28.9375,94858.75,0x683f
1678223019.0206652,8312.0,2868.0,1232.0,238.8125,-60.75,-161.5625,-1439.0,291.0,-622.0,-527.0,102.0,-159.0,23.625,-232.0625,-41.0625,94858.75,0x683f
1678223019.086411,8742.0,3234.0,902.0,246.3125,-77.8125,-149.4375,-1315.0,225.0,-364.0,-290.0,83.0,-213.0,8.625,-476.8125,-60.125,94858.75,0x683f
1678223019.151896,8781.0,3515.0,969.0,252.9375,-62.5625,-4.4375,-490.0,64.0,541.0,329.0,28.0,91.0,-23.9375,-396.0,-23.75,94858.75,0x683f
1678223019.21554,8748.0,3303.0,991.0,252.0,-49.875,-1.3125,-948.0,134.0,217.0,-143.0,128.0,-444.0,-42.4375,-153.4375,5.0625,94858.75,0x683f
1678223019.2792351,8745.0,3217.0,1039.0,251.3125,-36.8125,2.9375,-236.0,82.0,528.0,400.0,67.0,-174.0,-68.4375,-167.125,-23.875,94855.25,0x683f
1678223019.341967,8783.0,3300.0,1017.0,251.625,-34.375,7.3125,-338.0,-239.0,674.0,98.0,-227.0,-75.0,-30.625,38.75,-21.625,94855.25,0x683f
1678223019.404941,8684.0,3322.0,814.0,252.6875,-42.625,8.9375,-747.0,-143.0,549.0,-54.0,-35.0,-135.0,31.875,243.0,8.1875,94855.25,0x683f
1678223019.4677591,8818.0,2910.0,850.0,254.875,-54.0625,9.1875,-635.0,-100.0,546.0,167.0,-49.0,-33.0,38.6875,169.5,-18.875,94855.25,0x683f
1678223019.5331242,8328.0,2948.0,990.0,256.375,-72.125,10.75,-954.0,-184.0,80.0,-191.0,-71.0,-265.0,40.0,348.75,59.375,94855.25,0x683f
1678223019.59719,8389.0,2990.0,703.0,254.875,-88.9375,-0.875,-1137.0,173.0,-88.0,-156.0,157.0,-96.0,22.3125,164.4375,43.75,94855.25,0x683f
1678223019.660204,8372.0,3005.0,851.0,253.3125,-81.375,-159.25,-1098.0,243.0,-176.0,-129.0,191.0,-39.0,7.625,97.75,23.1875,94845.75,0x683f
1678223019.7249868,8255.0,2778.0,744.0,252.0,-75.875,-161.875,-1051.0,230.0,-267.0,-124.0,151.0,-71.0,5.4375,46.5625,13.75,94845.75,0x683f
1678223019.787434,8433.0,3094.0,861.0,252.0,-75.3125,-160.8125,-1192.0,174.0,-277.0,-288.0,39.0,-46.0,9.625,-12.625,14.5625,94845.75,0x683f
1678223019.850058,8534.0,3126.0,900.0,250.75,-74.9375,-153.75,-1295.0,10.0,-286.0,-389.0,-123.0,-27.0,2.1875,13.5625,69.75,94845.75,0x683f
1678223019.913485,8695.0,3289.0,742.0,245.6875,-72.375,-138.125,-1217.0,-97.0,-414.0,-282.0,-294.0,-193.0,3.5,-120.9375,105.1875,94845.75,0x683f
1678223019.978359,8781.0,3241.0,826.0,242.0,-71.1875,-102.1875,-523.0,-57.0,-337.0,607.0,-426.0,-233.0,14.125,-167.4375,73.5,94845.75,0x683f
1678223020.042078,8487.0,3005.0,1008.0,242.375,-69.125,-88.625,396.0,72.0,183.0,1399.0,-229.0,240.0,24.6875,-17.75,-24.0,94861.0,0x683f
1678223020.1036448,8671.0,3492.0,316.0,250.0625,-75.125,-87.625,28.0,309.0,398.0,985.0,94.0,397.0,21.625,48.5,-229.0,94861.0,0x683f
1678223020.165868,8195.0,2746.0,513.0,264.3125,-79.5,-176.375,-3489.0,-744.0,-1384.0,-2139.0,-587.0,-856.0,9.3125,76.0625,-136.0,94861.0,0x683f
1678223020.227623,8444.0,3097.0,363.0,265.1875,-76.125,176.625,-1973.0,-136.0,-546.0,-846.0,-66.0,-268.0,-34.8125,22.4375,172.0,94861.0,0x683f
1678223020.2951932,8404.0,2978.0,955.0,251.9375,-74.1875,-139.0,-384.0,13.0,37.0,810.0,-103.0,342.0,-22.0625,-93.8125,129.25,94861.0,0x683f
1678223020.3598888,8421.0,3177.0,653.0,253.4375,-77.875,-116.6875,752.0,604.0,445.0,1711.0,420.0,537.0,12.0,-30.3125,-168.5625,94861.0,0x683f
1678223020.424403,8314.0,3068.0,680.0,264.8125,-77.6875,179.875,-1864.0,-533.0,-743.0,-1441.0,-480.0,-673.0,-5.5,118.0,-109.5,94849.25,0x683f
1678223020.4874618,8489.0,2927.0,979.0,266.625,-76.9375,169.9375,-1287.0,-26.0,-352.0,-283.0,76.0,-113.0,-9.625,-15.25,36.75,94849.25,0x683f
1678223020.550199,8619.0,3167.0,776.0,264.5,-79.1875,176.9375,-655.0,33.0,-60.0,308.0,43.0,122.0,3.125,-45.9375,1.0625,94849.25,0x683f
1678223020.609429,8787.0,3310.0,692.0,265.8125,-81.0,171.4375,-955.0,-182.0,-141.0,-44.0,-129.0,253.0,18.6875,-14.625,-21.375,94849.25,0x683f
1678223020.6702662,8607.0,3096.0,809.0,268.375,-81.9375,159.375,-1049.0,-139.0,-232.0,-28.0,-59.0,-71.0,14.4375,-35.5625,-21.625,94849.25,0x683f
1678223020.73519,8711.0,3145.0,743.0,270.5625,-83.0625,141.1875,-1002.0,-191.0,-203.0,-153.0,-126.0,-145.0,13.25,-32.875,-23.625,94849.25,0x683f
1678223020.796,8785.0,3225.0,714.0,272.25,-84.0625,174.375,-939.0,-98.0,-156.0,84.0,31.0,-120.0,6.0625,-62.125,-16.25,94849.75,0x683f
1678223020.859079,8805.0,3210.0,827.0,272.4375,-83.75,173.8125,-961.0,-71.0,-175.0,16.0,40.0,-157.0,-17.625,18.1875,-0.1875,94849.75,0x683f
1678223020.925096,8615.0,3153.0,774.0,270.9375,-83.5625,174.0625,-911.0,-91.0,-85.0,48.0,3.0,-32.0,-25.125,20.0625,1.6875,94849.75,0x683f
1678223020.986915,8523.0,3142.0,837.0,268.9375,-82.75,127.625,-1078.0,-220.0,47.0,-105.0,-123.0,128.0,-16.125,17.4375,-1.625,94849.75,0x683f
1678223021.049633,8535.0,3088.0,843.0,268.5625,-82.1875,129.5,-983.0,-258.0,152.0,-39.0,-169.0,212.0,7.25,-3.75,-11.25,94849.75,0x683f
1678223021.110976,8444.0,2933.0,931.0,270.125,-81.9375,122.6875,-1038.0,-239.0,5.0,-59.0,-117.0,51.0,22.5625,-22.375,-11.5,94849.75,0x683f
1678223021.17302,8422.0,2894.0,851.0,272.0,-82.0,111.625,-990.0,-103.0,-168.0,-18.0,23.0,-121.0,25.6875,-19.25,-5.25,94865.0,0x683f
1678223021.235188,8431.0,2943.0,781.0,273.0625,-82.1875,102.5,-862.0,-14.0,-216.0,109.0,115.0,-191.0,15.75,-22.25,-1.0625,94865.0,0x683f
1678223021.302242,8453.0,2907.0,863.0,273.75,-82.25,94.75,-881.0,-18.0,-275.0,90.0,112.0,-264.0,0.625,1.6875,1.0,94865.0,0x683f
1678223021.360251,8382.0,2832.0,957.0,273.25,-82.4375,98.0,-951.0,-45.0,-261.0,20.0,80.0,-240.0,-15.0,16.9375,8.0625,94865.0,0x683f
1678223021.420127,8686.0,3160.0,838.0,271.75,-82.5,107.5625,-1042.0,-158.0,-102.0,-58.0,-58.0,-1.0,-30.8125,11.625,-1.875,94865.0,0x683f
1678223021.481111,8705.0,3216.0,784.0,269.5625,-82.1875,110.3125,-1034.0,-302.0,142.0,-50.0,-192.0,190.0,-27.4375,-0.4375,-0.8125,94865.0,0x683f
1678223021.544926,8282.0,2845.0,996.0,267.9375,-82.375,112.3125,-1012.0,-310.0,131.0,-40.0,-191.0,180.0,-7.8125,0.125,3.5,94853.0,0x683f
1678223021.6081269,8498.0,2962.0,924.0,267.9375,-82.125,103.0,-1012.0,-230.0,54.0,-41.0,-100.0,84.0,15.0625,-14.8125,-5.125,94853.0,0x683f
1678223021.67007,8477.0,2962.0,923.0,268.9375,-81.875,93.9375,-963.0,-127.0,-86.0,6.0,50.0,-126.0,25.0625,-13.6875,-7.375,94853.0,0x683f
1678223021.7356591,8459.0,3005.0,893.0,270.4375,-81.6875,90.4375,-905.0,-16.0,-232.0,64.0,125.0,-232.0,15.875,-6.6875,-1.25,94853.0,0x683f
1678223021.79526,8461.0,2964.0,898.0,270.875,-81.75,89.8125,-904.0,-4.0,-231.0,66.0,136.0,-231.0,-1.875,7.6875,2.1875,94853.0,0x683f
1678223021.857173,8485.0,2981.0,946.0,270.5,-81.8125,96.375,-945.0,-95.0,-156.0,25.0,41.0,-141.0,-11.125,23.0,2.8125,94853.0,0x683f
1678223021.922184,8458.0,2992.0,955.0,269.75,-81.75,106.75,-1018.0,-203.0,0.0,-47.0,-69.0,39.0,-11.9375,20.6875,4.4375,94855.5,0x683f
1678223021.983259,8783.0,3320.0,768.0,268.8125,-81.6875,113.0,-1005.0,-278.0,77.0,-35.0,-149.0,133.0,-3.5,4.1875,2.75,94855.5,0x683f
1678223022.045671,8345.0,2893.0,1034.0,268.6875,-81.75,113.625,-1005.0,-264.0,45.0,-35.0,-131.0,97.0,11.75,-2.25,-2.0625,94855.5,0x683f
1678223022.104689,8455.0,3163.0,697.0,270.1875,-81.5,107.6875,-990.0,-147.0,-103.0,-20.0,-9.0,-59.0,25.8125,-7.25,-5.4375,94855.5,0x683f
1678223022.166892,8277.0,3019.0,801.0,271.5,-81.3125,104.5625,-879.0,-44.0,-265.0,90.0,99.0,-228.0,16.75,6.75,-2.625,94855.5,0x683f
1678223022.226877,8479.0,3134.0,797.0,272.0,-80.875,109.5,-893.0,2.0,-316.0,74.0,148.0,-265.0,-7.1875,15.375,-2.5625,94855.5,0x683f
1678223022.291216,8423.0,3021.0,930.0,271.125,-80.5,117.4375,-926.0,-39.0,-233.0,40.0,103.0,-159.0,-22.75,19.1875,-4.5,94855.25,0x683f
1678223022.35429,8407.0,3029.0,922.0,270.0,-79.8125,123.25,-1061.0,-246.0,-8.0,-95.0,-102.0,88.0,-19.0,7.5625,0.3125,94855.25,0x683f
1678223022.411447,8419.0,3031.0,941.0,268.8125,-79.9375,124.5,-998.0,-274.0,38.0,-32.0,-134.0,134.0,-1.25,-7.8125,3.6875,94855.25,0x683f
1678223022.4773471,8403.0,3020.0,922.0,269.25,-80.125,119.5625,-1013.0,-246.0,1.0,-46.0,-100.0,83.0,14.0625,-8.0625,-1.125,94855.25,0x683f
1678223022.5384982,8403.0,3008.0,924.0,270.75,-80.1875,114.25,-940.0,-107.0,-128.0,22.0,62.0,-59.0,18.5625,-7.8125,-9.4375,94855.25,0x683f
1678223022.5996852,8409.0,3003.0,889.0,272.375,-79.5625,111.1875,-971.0,-41.0,-249.0,-13.0,123.0,-185.0,8.375,4.1875,-14.8125,94855.25,0x683f
1678223022.660566,8477.0,3071.0,856.0,273.4375,-78.8125,109.3125,-932.0,-95.0,-203.0,29.0,83.0,-140.0,0.25,5.5,-10.75,94859.5,0x683f
1678223022.722958,8397.0,3084.0,850.0,273.8125,-78.0625,112.875,-1108.0,-218.0,-151.0,-149.0,-32.0,-70.0,-11.3125,14.8125,-1.125,94859.5,0x683f
1678223022.7876742,8556.0,3084.0,948.0,272.625,-78.125,113.5625,-1109.0,-151.0,-134.0,-149.0,32.0,-57.0,-31.875,-29.1875,-2.8125,94859.5,0x683f
1678223022.855638,8489.0,2910.0,584.0,269.0625,-78.875,102.8125,-1147.0,-34.0,-209.0,-184.0,148.0,-174.0,-53.6875,-56.25,4.25,94859.5,0x683f
1678223022.91569,8647.0,3041.0,634.0,264.8125,-79.5,84.8125,-1059.0,89.0,-132.0,23.0,284.0,-105.0,-54.0,-90.6875,7.0,94859.5,0x683f
1678223022.9777868,8645.0,2852.0,758.0,260.625,-79.0625,66.6875,-902.0,105.0,55.0,84.0,270.0,-26.0,-46.375,10.6875,19.3125,94859.5,0x683f
1678223023.0396202,8811.0,2779.0,855.0,257.0,-80.75,78.0,-814.0,77.0,-73.0,153.0,231.0,-106.0,-41.0,66.125,11.5,94855.5,0x683f
1678223023.103571,8428.0,2445.0,1067.0,255.8125,-80.4375,97.125,-823.0,-1.0,-28.0,143.0,159.0,-8.0,-26.4375,15.5,-34.4375,94855.5,0x683f
1678223023.1689532,9017.0,2901.0,912.0,257.375,-77.75,97.5,-815.0,-197.0,-104.0,193.0,8.0,-111.0,-12.1875,-31.9375,-66.9375,94855.5,0x683f
1678223023.2337852,9088.0,2816.0,784.0,261.1875,-73.3125,84.4375,-724.0,-397.0,-20.0,221.0,-105.0,-48.0,-10.0,-95.1875,-82.4375,94855.5,0x683f
1678223023.295586,8956.0,2807.0,842.0,263.25,-67.1875,73.0,-812.0,-595.0,45.0,86.0,-221.0,-72.0,-6.25,-42.6875,-68.9375,94855.5,0x683f
1678223023.355642,8973.0,2879.0,757.0,266.1875,-62.25,69.6875,-722.0,-682.0,184.0,168.0,-273.0,-39.0,-2.4375,-64.25,-70.5625,94855.5,0x683f
1678223023.4216828,9003.0,2842.0,737.0,269.1875,-57.25,68.5625,-959.0,-724.0,90.0,-153.0,-195.0,-132.0,-5.0,-42.5625,-63.125,94864.0,0x683f
1678223023.4854882,8878.0,2809.0,801.0,270.5625,-49.9375,62.0,-712.0,-711.0,194.0,38.0,-154.0,-101.0,4.3125,-179.0,-73.6875,94864.0,0x683f
1678223023.54684,8887.0,2818.0,823.0,269.625,-43.6875,54.875,-802.0,-593.0,525.0,-138.0,-13.0,94.0,20.0625,-185.875,-15.3125,94864.0,0x683f
1678223023.6112409,8865.0,2762.0,845.0,267.25,-37.1875,48.625,-535.0,-614.0,606.0,13.0,-16.0,19.0,9.25,-141.9375,-18.9375,94864.0,0x683f
1678223023.674158,8894.0,2743.0,841.0,265.0,-27.5,43.5,-419.0,-649.0,574.0,222.0,9.0,89.0,2.5,-191.375,-34.375,94864.0,0x683f
1678223023.735115,8879.0,2755.0,837.0,264.3125,-24.0625,43.0,-438.0,-633.0,552.0,-37.0,-22.0,-102.0,-15.3125,-13.5,-8.125,94864.0,0x683f
1678223023.797977,8894.0,2771.0,817.0,264.1875,-23.1875,43.3125,-457.0,-621.0,591.0,-71.0,-2.0,-63.0,-3.75,-19.0625,-5.5625,94860.0,0x683f
1678223023.860789,8877.0,2712.0,828.0,263.8125,-22.0625,43.5,-420.0,-635.0,633.0,-76.0,-10.0,-32.0,-3.25,-0.8125,-9.5625,94860.0,0x683f
1678223023.9268212,8866.0,2692.0,847.0,263.6875,-21.4375,43.75,-429.0,-647.0,656.0,-62.0,-21.0,12.0,-4.875,-0.75,-7.3125,94860.0,0x683f
1678223023.98982,8924.0,2750.0,769.0,263.5,-21.5625,44.25,-419.0,-666.0,683.0,-58.0,-29.0,30.0,-2.75,14.1875,-4.5625,94860.0,0x683f
1678223024.054812,8938.0,2774.0,798.0,263.125,-22.375,44.8125,-419.0,-738.0,649.0,-76.0,-129.0,-74.0,-6.0625,27.25,4.25,94860.0,0x683f
1678223024.1178482,8902.0,2501.0,723.0,262.625,-22.6875,45.1875,-354.0,-883.0,466.0,0.0,-268.0,-126.0,3.625,-35.5,5.0625,94860.0,0x683f
1678223024.187916,8911.0,2755.0,780.0,259.875,-22.625,43.125,-520.0,-938.0,638.0,-143.0,-319.0,-21.0,24.875,-7.625,51.5,94864.25,0x683f
1678223024.25101,9013.0,2872.0,890.0,255.6875,-25.8125,40.375,-445.0,-808.0,525.0,-17.0,-236.0,-145.0,33.625,39.4375,79.125,94864.25,0x683f
1678223024.317219,9016.0,3143.0,842.0,251.0625,-30.75,36.8125,-484.0,-671.0,408.0,24.0,-94.0,-351.0,25.375,25.5625,70.0,94864.25,0x683f
1678223024.3835158,8770.0,2991.0,773.0,246.875,-35.3125,34.1875,-614.0,-308.0,413.0,-53.0,165.0,-215.0,5.6875,41.0625,59.375,94864.25,0x683f
1678223024.4446971,8763.0,3041.0,848.0,245.125,-37.25,33.5,-465.0,-11.0,535.0,133.0,418.0,-110.0,-12.5625,26.875,24.25,94864.25,0x683f
1678223024.508765,8890.0,3039.0,337.0,244.9375,-39.3125,35.375,-552.0,-43.0,609.0,48.0,389.0,28.0,-34.875,68.375,-25.5625,94864.25,0x683f
1678223024.570805,8377.0,2584.0,833.0,247.375,-40.625,41.8125,-802.0,-260.0,533.0,-163.0,236.0,-20.0,-38.625,-3.5625,-52.5,94865.75,0x683f
1678223024.635658,8355.0,2335.0,787.0,249.3125,-37.0625,44.875,-612.0,-446.0,676.0,16.0,117.0,118.0,-30.1875,-44.125,-58.9375,94865.75,0x683f
1678223024.697918,8391.0,2692.0,619.0,251.5,-34.125,47.5625,-613.0,-643.0,693.0,-62.0,-44.0,146.0,-20.4375,14.375,-42.1875,94865.75,0x683f
1678223024.7607,8403.0,2672.0,621.0,254.0625,-31.8125,49.625,-591.0,-782.0,654.0,-73.0,-146.0,115.0,2.375,-21.5,-38.4375,94865.75,0x683f
1678223024.826489,8504.0,2771.0,709.0,255.0,-28.9375,48.5,-700.0,-724.0,463.0,-4.0,-39.0,50.0,23.9375,-118.625,-25.75,94865.75,0x683f
1678223024.892925,8513.0,2760.0,660.0,253.625,-23.75,45.375,-553.0,-644.0,537.0,-136.0,-34.0,-89.0,16.5625,-116.25,-16.75,94865.75,0x683f
1678223024.954883,8421.0,2711.0,628.0,251.5,-18.6875,42.8125,-349.0,-572.0,651.0,-40.0,58.0,-32.0,4.1875,-60.6875,5.3125,94860.75,0x683f
1678223025.014358,8773.0,2853.0,630.0,250.5625,-18.1875,42.75,-144.0,-684.0,820.0,170.0,-51.0,141.0,-15.0,84.25,15.8125,94860.75,0x683f
1678223025.0776908,8527.0,2825.0,725.0,251.4375,-22.8125,44.75,-362.0,-770.0,657.0,32.0,-134.0,24.0,-2.75,125.0625,23.0,94860.75,0x683f
1678223025.140605,8208.0,2486.0,773.0,252.4375,-29.375,46.625,-604.0,-779.0,529.0,-128.0,-142.0,-86.0,6.6875,81.4375,34.4375,94860.75,0x683f
1678223025.206583,8358.0,2632.0,842.0,251.9375,-33.0625,46.5625,-477.0,-670.0,510.0,64.0,-78.0,-52.0,14.0625,34.3125,35.375,94860.75,0x683f
1678223025.276497,8315.0,2540.0,796.0,250.25,-36.5,45.25,-507.0,-724.0,568.0,142.0,-85.0,116.0,23.0625,29.5625,41.625,94860.75,0x683f
1678223025.3439271,8583.0,3033.0,869.0,248.9375,-41.625,44.3125,-636.0,-524.0,593.0,15.0,-12.0,69.0,32.375,72.0,37.125,94865.0,0x683f
1678223025.407029,8918.0,3284.0,851.0,249.125,-46.0625,43.5625,-700.0,-448.0,544.0,15.0,13.0,58.0,43.1875,71.5625,30.8125,94865.0,0x683f
1678223025.468656,8422.0,2852.0,1159.0,250.0,-49.9375,42.0625,-648.0,-348.0,489.0,102.0,74.0,22.0,43.75,50.0,17.8125,94865.0,0x683f
1678223025.52981,8398.0,2957.0,1097.0,251.0,-53.75,42.625,-768.0,-262.0,287.0,11.0,128.0,-157.0,32.625,75.125,2.5,94865.0,0x683f
1678223025.590157,8614.0,2901.0,626.0,253.625,-55.375,44.1875,-618.0,-279.0,310.0,259.0,85.0,-46.0,33.0625,51.1875,-17.9375,94865.0,0x683f
1678223025.6534379,8598.0,3170.0,826.0,257.375,-58.1875,49.375,-753.0,-274.0,130.0,37.0,127.0,-224.0,35.9375,101.5625,-27.1875,94865.0,0x683f
1678223025.714118,8430.0,3012.0,692.0,262.625,-58.6875,54.8125,-768.0,-362.0,68.0,66.0,60.0,-221.0,38.4375,40.6875,-58.75,94854.0,0x683f
1678223025.774734,8529.0,2926.0,805.0,268.5,-56.6875,58.75,-970.0,-411.0,-42.0,-157.0,58.0,-324.0,34.4375,-5.6875,-79.875,94854.0,0x683f
1678223025.834688,8623.0,2899.0,725.0,273.25,-50.75,57.0625,-838.0,-651.0,189.0,-90.0,-122.0,-159.0,15.5,-81.6875,-78.0,94854.0,0x683f
1678223025.8947709,8653.0,2905.0,718.0,275.6875,-45.625,55.125,-880.0,-718.0,201.0,-189.0,-149.0,-200.0,8.8125,-82.1875,-52.5625,94854.0,0x683f
1678223025.954453,8539.0,2856.0,917.0,275.75,-41.25,52.1875,-887.0,-616.0,330.0,-246.0,-34.0,-128.0,3.5,-71.5625,-4.375,94854.0,0x683f
1678223026.015338,8625.0,2861.0,843.0,273.9375,-35.625,48.1875,-428.0,-485.0,499.0,122.0,112.0,-48.0,-0.5625,-188.1875,-40.4375,94854.0,0x683f
1678223026.078273,8525.0,2748.0,993.0,273.0,-29.625,45.9375,-496.0,-699.0,685.0,-7.0,-86.0,96.0,1.625,45.375,-2.1875,94855.75,0x683f
1678223026.140682,8640.0,2897.0,1005.0,274.1875,-31.125,46.6875,-585.0,-680.0,571.0,-78.0,-69.0,-3.0,11.25,20.4375,-0.6875,94855.75,0x683f
1678223026.199262,8904.0,3032.0,944.0,274.6875,-31.875,46.5,-597.0,-624.0,508.0,-61.0,-14.0,-56.0,6.625,2.3125,2.5,94855.75,0x683f
1678223026.263343,8848.0,3052.0,862.0,274.6875,-31.9375,46.1875,-545.0,-588.0,531.0,-26.0,12.0,-43.0,0.1875,5.4375,1.125,94855.75,0x683f
1678223026.32586,8636.0,2867.0,992.0,274.75,-32.3125,46.3125,-635.0,-614.0,503.0,-112.0,-14.0,-69.0,2.5,-11.3125,-2.25,94855.75,0x683f
1678223026.3870678,8627.0,3167.0,669.0,274.375,-31.25,45.625,-603.0,-605.0,555.0,-94.0,-6.0,-30.0,6.0,-41.75,-6.8125,94855.75,0x683f
1678223026.448541,8510.0,3053.0,686.0,273.75,-28.8125,44.125,-636.0,-681.0,556.0,-163.0,-82.0,-60.0,10.0,-68.9375,-6.0,94855.75,0x683f
1678223026.508637,8536.0,3288.0,782.0,272.1875,-25.5,41.625,-656.0,-737.0,642.0,-234.0,-148.0,-18.0,24.125,-97.9375,19.625,94860.0,0x683f
1678223026.5686998,8554.0,3152.0,772.0,268.875,-23.8125,38.0625,-682.0,-558.0,702.0,-286.0,-4.0,-3.0,24.375,-18.5,65.8125,94860.0,0x683f
1678223026.630522,8872.0,3493.0,725.0,264.5,-26.0625,35.1875,-674.0,-410.0,669.0,-243.0,98.0,-50.0,6.25,0.1875,91.875,94860.0,0x683f
1678223026.693137,8432.0,2876.0,1239.0,258.9375,-29.5625,33.1875,-599.0,-259.0,560.0,-114.0,207.0,-152.0,-18.1875,12.5,94.75,94860.0,0x683f
1678223026.757171,8171.0,2353.0,1162.0,253.4375,-32.75,32.25,-551.0,-240.0,448.0,-62.0,184.0,-248.0,-35.1875,-10.75,76.5625,94860.0,0x683f
1678223026.820548,8186.0,2371.0,846.0,248.4375,-34.25,32.375,-570.0,-282.0,525.0,-3.0,136.0,-133.0,-60.5625,-22.625,53.75,94860.0,0x683f
1678223026.8846421,8451.0,2677.0,619.0,243.0625,-34.25,34.125,-612.0,-353.0,517.0,-90.0,102.0,-164.0,-72.125,-37.75,35.125,94854.5,0x683f
1678223026.9484391,8284.0,2656.0,637.0,239.5625,-32.3125,36.4375,-347.0,-504.0,651.0,57.0,37.0,-65.0,-68.375,-65.8125,7.125,94854.5,0x683f
1678223027.014421,9216.0,2890.0,565.0,237.625,-30.1875,39.125,-420.0,-596.0,620.0,73.0,-101.0,-28.0,-53.3125,-40.1875,-15.6875,94854.5,0x683f
1678223027.080698,8404.0,2168.0,735.0,237.375,-27.4375,42.25,-365.0,-726.0,623.0,83.0,-133.0,-15.0,-40.5,-3.0625,-38.1875,94854.5,0x683f
1678223027.145764,8660.0,2212.0,957.0,239.5,-25.0625,45.5,-307.0,-849.0,628.0,108.0,-215.0,6.0,-25.4375,6.5625,-42.75,94854.5,0x683f
1678223027.208794,8496.0,2463.0,500.0,241.5,-23.0,47.0625,-334.0,-927.0,524.0,30.0,-262.0,-123.0,-3.625,-14.75,-26.0625,94854.5,0x683f
1678223027.274097,8589.0,2666.0,554.0,241.625,-20.9375,46.25,-461.0,-844.0,454.0,-184.0,-134.0,-199.0,15.5625,-79.0,-3.6875,94858.75,0x683f
1678223027.335764,8798.0,2952.0,560.0,239.625,-17.0625,44.0625,-441.0,-728.0,566.0,-163.0,-78.0,-112.0,18.1875,-85.4375,6.5,94858.75,0x683f
1678223027.397105,9043.0,2953.0,637.0,236.875,-12.6875,41.375,-253.0,-541.0,789.0,-8.0,61.0,81.0,17.375,-115.375,8.125,94858.75,0x683f
1678223027.460622,8699.0,2541.0,850.0,234.5625,-10.0625,40.1875,-241.0,-632.0,883.0,-129.0,-21.0,109.0,4.25,-5.0,18.0625,94858.75,0x683f
1678223027.525998,8349.0,2128.0,977.0,233.3125,-11.5,39.625,-315.0,-787.0,822.0,-72.0,-166.0,118.0,10.875,2.9375,27.5,94858.75,0x683f
1678223027.589525,8080.0,1737.0,996.0,231.6875,-14.875,38.625,-247.0,-879.0,739.0,4.0,-287.0,0.0,20.5,68.0625,42.3125,94858.75,0x683f
1678223027.6555321,8621.0,2739.0,581.0,230.125,-19.5625,36.625,-338.0,-795.0,547.0,0.0,-213.0,-168.0,43.9375,21.0,37.6875,94859.0,0x683f
1678223027.724153,8686.0,3071.0,576.0,228.8125,-22.0,33.25,-241.0,-641.0,816.0,148.0,-143.0,69.0,63.4375,46.625,27.1875,94859.0,0x683f
1678223027.787053,8424.0,2704.0,1143.0,229.875,-26.8125,30.125,-291.0,-498.0,754.0,171.0,-69.0,4.0,75.75,151.8125,9.3125,94859.0,0x683f
1678223027.851367,8533.0,2909.0,1066.0,232.6875,-35.8125,28.5,-433.0,-402.0,582.0,188.0,-31.0,-113.0,74.125,152.8125,-6.0625,94859.0,0x683f
1678223027.918188,8643.0,3010.0,930.0,238.4375,-46.5625,28.8125,-525.0,-301.0,454.0,185.0,43.0,-143.0,66.6875,194.1875,-21.25,94859.0,0x683f
1678223027.9833548,8594.0,3192.0,872.0,243.9375,-54.875,33.8125,-717.0,-112.0,164.0,65.0,202.0,-314.0,52.0,140.0625,-38.0625,94856.75,0x683f
1678223028.046985,8726.0,3338.0,548.0,250.125,-57.75,39.9375,-746.0,-67.0,178.0,87.0,259.0,-182.0,43.75,66.4375,-73.375,94856.75,0x683f
1678223028.115129,8546.0,3114.0,838.0,258.375,-58.8125,50.5625,-1024.0,-199.0,-44.0,-204.0,175.0,-355.0,32.75,110.4375,-85.9375,94856.75,0x683f
1678223028.177292,8755.0,2928.0,835.0,267.3125,-57.5,62.3125,-1236.0,-406.0,-242.0,-408.0,59.0,-486.0,14.25,75.125,-75.8125,94856.75,0x683f
1678223028.240601,8596.0,3041.0,984.0,270.4375,-50.9375,58.5,-885.0,-623.0,124.0,-123.0,-96.0,-198.0,17.3125,-222.3125,-62.25,94856.75,0x683f
1678223028.300669,8909.0,3435.0,762.0,268.5,-39.4375,47.75,-742.0,-543.0,363.0,-11.0,35.0,-58.0,9.125,-214.6875,-36.1875,94856.75,0x683f
1678223028.3649018,9323.0,3447.0,901.0,266.4375,-30.125,43.0625,-427.0,-595.0,612.0,139.0,-120.0,136.0,1.25,-126.875,-24.6875,94849.75,0x683f
1678223028.428216,8913.0,3183.0,856.0,265.3125,-26.0625,41.0625,-462.0,-633.0,672.0,-22.0,-28.0,-29.0,9.0625,-80.625,1.875,94849.75,0x683f
1678223028.49246,8806.0,3091.0,914.0,263.8125,-23.0625,39.5625,-456.0,-600.0,687.0,-72.0,-25.0,-7.0,-3.0,-52.375,-3.1875,94849.75,0x683f
1678223028.556454,8519.0,2878.0,1001.0,263.125,-21.375,39.375,-418.0,-606.0,721.0,-63.0,-25.0,15.0,-5.25,-19.5,-7.6875,94849.75,0x683f
1678223028.6189408,8530.0,2881.0,1026.0,263.25,-20.5625,39.5625,-465.0,-597.0,667.0,-122.0,-11.0,-40.0,-2.0625,-10.8125,-7.875,94849.75,0x683f
1678223028.68135,8487.0,2851.0,1017.0,264.0625,-19.3125,39.5625,-448.0,-600.0,725.0,-114.0,-11.0,16.0,-4.5,-20.625,-4.5625,94849.75,0x683f
1678223028.742168,8546.0,2953.0,944.0,263.875,-18.625,39.625,-494.0,-662.0,750.0,-170.0,-69.0,27.0,0.5,-21.0625,0.5625,94862.5,0x683f
1678223028.805564,8455.0,2827.0,702.0,262.8125,-18.875,39.3125,-528.0,-683.0,787.0,-206.0,-97.0,70.0,6.875,9.3125,28.125,94862.5,0x683f
1678223028.869775,8460.0,3192.0,820.0,260.6875,-21.125,38.1875,-611.0,-533.0,674.0,-253.0,27.0,-45.0,13.0,-12.0625,59.4375,94862.5,0x683f
1678223028.9299042,8600.0,3047.0,1202.0,256.875,-23.375,35.9375,-625.0,-471.0,621.0,-211.0,75.0,-115.0,2.9375,-5.625,77.3125,94862.5,0x683f
1678223028.995258,8430.0,2891.0,1211.0,251.9375,-25.75,34.125,-557.0,-392.0,578.0,-114.0,104.0,-165.0,-9.9375,-4.125,87.6875,94862.5,0x683f
1678223029.0593438,8492.0,2688.0,1127.0,246.625,-28.5625,32.875,-554.0,-337.0,521.0,-77.0,125.0,-198.0,-25.5,9.75,85.4375,94862.5,0x683f
1678223029.124971,8806.0,2964.0,858.0,240.625,-32.875,32.5625,-550.0,-297.0,500.0,11.0,163.0,-198.0,-41.3125,23.625,72.875,94851.75,0x683f
1678223029.1876311,8627.0,2733.0,746.0,236.375,-36.0625,33.6875,-567.0,-308.0,465.0,14.0,133.0,-188.0,-54.0625,5.1875,38.8125,94851.75,0x683f
1678223029.251442,8739.0,2958.0,443.0,233.25,-37.0625,36.375,-476.0,-405.0,548.0,114.0,59.0,-80.0,-60.4375,-0.8125,2.1875,94851.75,0x683f
1678223029.314742,9094.0,3150.0,663.0,232.75,-37.875,40.8125,-605.0,-572.0,443.0,-32.0,-72.0,-158.0,-53.25,31.0625,-17.625,94851.75,0x683f
1678223029.3764539,8525.0,2528.0,850.0,233.1875,-37.1875,44.5625,-467.0,-753.0,485.0,122.0,-198.0,-67.0,-44.625,-9.0625,-25.0,94851.75,0x683f
1678223029.438275,8166.0,2131.0,855.0,233.4375,-35.5,47.625,-506.0,-831.0,519.0,63.0,-241.0,-18.0,-32.5625,-21.9375,-22.0625,94851.75,0x683f
1678223029.5012841,8572.0,2678.0,577.0,233.5,-34.1875,49.375,-520.0,-806.0,475.0,31.0,-191.0,-52.0,-20.875,-13.1875,-11.1875,94859.5,0x683f
1678223029.5646012,8377.0,2345.0,861.0,233.1875,-33.125,49.3125,-547.0,-744.0,645.0,-12.0,-121.0,109.0,5.3125,-11.5,1.375,94859.5,0x683f
1678223029.625952,8646.0,2498.0,654.0,233.0,-33.75,48.75,-508.0,-678.0,681.0,39.0,-67.0,145.0,12.6875,33.125,13.375,94859.5,0x683f
1678223029.6880279,8425.0,2432.0,814.0,233.4375,-36.3125,49.3125,-723.0,-614.0,595.0,-142.0,-16.0,81.0,3.5625,47.625,12.875,94859.5,0x683f
1678223029.752034,8445.0,2488.0,817.0,233.9375,-38.8125,50.5625,-728.0,-580.0,386.0,-113.0,9.0,-98.0,3.6875,32.75,6.6875,94859.5,0x683f
1678223029.81647,8460.0,2532.0,766.0,234.3125,-40.1875,51.4375,-543.0,-582.0,462.0,94.0,2.0,1.0,-1.4375,49.75,7.1875,94859.5,0x683f
1678223029.879593,8676.0,2658.0,705.0,235.5,-43.5625,54.5,-765.0,-572.0,288.0,-89.0,5.0,-123.0,5.125,18.1875,3.5,94850.75,0x683f
1678223029.9407392,8671.0,2664.0,651.0,235.4375,-44.5,55.125,-588.0,-574.0,398.0,80.0,4.0,-3.0,2.9375,41.875,9.125,94850.75,0x683f
1678223030.002982,8819.0,2732.0,609.0,235.9375,-46.6875,57.0,-760.0,-599.0,282.0,-109.0,-8.0,-72.0,5.6875,25.125,10.1875,94850.75,0x683f
1678223030.063927,8636.0,2592.0,534.0,235.75,-47.5,57.25,-733.0,-531.0,317.0,-9.0,24.0,-39.0,1.75,12.1875,6.4375,94850.75,0x683f
1678223030.1229749,8767.0,2648.0,528.0,235.625,-48.3125,57.6875,-824.0,-522.0,291.0,-90.0,28.0,-55.0,3.8125,11.5,2.5625,94850.75,0x683f
1678223030.1810079,8794.0,2678.0,558.0,235.0,-48.875,57.8125,-745.0,-517.0,308.0,-6.0,27.0,-34.0,3.9375,0.4375,-1.125,94850.75,0x683f
1678223030.244215,8661.0,2633.0,529.0,234.9375,-48.875,57.8125,-777.0,-524.0,291.0,-42.0,20.0,-46.0,2.875,0.3125,-2.5,94850.75,0x683f
1678223030.307134,8661.0,2598.0,531.0,234.8125,-48.9375,57.8125,-811.0,-576.0,293.0,-71.0,-32.0,-49.0,3.4375,-5.1875,-1.5,94850.25,0x683f
1678223030.371913,8446.0,2454.0,725.0,234.6875,-48.375,56.875,-887.0,-556.0,232.0,-153.0,-11.0,-122.0,9.3125,-37.6875,-8.6875,94850.25,0x683f
1678223030.437706,8660.0,2466.0,484.0,234.25,-46.9375,55.25,-820.0,-540.0,324.0,-105.0,9.0,-59.0,7.9375,-19.875,-10.5,94850.25,0x683f
1678223030.499966,8680.0,2456.0,522.0,234.375,-45.5,53.9375,-701.0,-592.0,365.0,-5.0,-44.0,-31.0,12.4375,-8.5625,-14.75,94850.25,0x683f
1678223030.560076,8639.0,2628.0,603.0,235.625,-44.1875,53.3125,-660.0,-540.0,408.0,23.0,30.0,-17.0,18.125,-18.125,-22.125,94850.25,0x683f
1678223030.6223,8374.0,2397.0,710.0,236.25,-42.75,52.125,-695.0,-534.0,407.0,-52.0,26.0,-50.0,9.125,-8.125,-11.1875,94850.25,0x683f
1678223030.685015,8761.0,2766.0,518.0,236.625,-41.9375,51.5,-710.0,-564.0,409.0,-55.0,6.0,-45.0,11.3125,-6.0,-8.875,94857.25,0x683f
1678223030.750227,8782.0,2729.0,477.0,236.9375,-41.75,51.0625,-644.0,-551.0,413.0,20.0,7.0,-21.0,4.0625,-3.5,-0.4375,94857.25,0x683f
1678223030.813681,8400.0,2381.0,716.0,237.0625,-41.9375,51.0,-714.0,-576.0,507.0,-68.0,-1.0,52.0,2.0,10.375,2.1875,94857.25,0x683f
1678223030.876398,8374.0,2493.0,650.0,237.0,-42.75,51.5,-625.0,-557.0,409.0,42.0,6.0,-35.0,-2.0625,18.8125,4.6875,94857.25,0x683f
1678223030.939022,8374.0,2492.0,709.0,236.875,-43.75,52.3125,-732.0,-562.0,360.0,-53.0,-1.0,-72.0,-3.125,17.9375,3.8125,94857.25,0x683f
1678223031.0028422,8363.0,2498.0,765.0,236.6875,-44.5625,53.0625,-628.0,-556.0,355.0,70.0,-17.0,-36.0,-6.1875,30.875,9.5,94857.25,0x683f
1678223031.069392,8403.0,2507.0,761.0,236.6875,-46.625,54.875,-793.0,-587.0,375.0,-79.0,-36.0,-10.0,-0.3125,38.0625,12.5625,94850.0,0x683f
1678223031.130583,8543.0,2556.0,728.0,237.0,-49.125,57.25,-708.0,-544.0,378.0,33.0,-5.0,32.0,-1.375,74.9375,19.4375,94850.0,0x683f
1678223031.189376,8535.0,2685.0,798.0,237.4375,-51.625,60.125,-764.0,-534.0,320.0,-14.0,-1.0,19.0,-0.125,70.5,19.0,94850.0,0x683f
1678223031.257165,8823.0,2582.0,731.0,238.0625,-55.3125,65.625,-794.0,-543.0,261.0,19.0,-52.0,58.0,-0.1875,85.375,26.375,94850.0,0x683f
1678223031.321568,8995.0,2814.0,746.0,238.375,-59.6875,73.6875,-864.0,-548.0,185.0,-17.0,-74.0,47.0,2.1875,93.8125,44.9375,94850.0,0x683f
1678223031.388832,8741.0,2580.0,608.0,237.8125,-63.8125,83.375,-1039.0,-471.0,-92.0,-190.0,-79.0,-134.0,3.6875,92.625,57.0625,94850.0,0x683f
1678223031.45229,9010.0,2569.0,728.0,235.8125,-68.0625,89.5625,-905.0,-448.0,-33.0,0.0,-79.0,-51.0,12.0625,44.5625,65.625,94856.0,0x683f
1678223031.519857,8829.0,2733.0,781.0,233.3125,-72.1875,97.0625,-904.0,-380.0,-57.0,28.0,-83.0,-21.0,24.1875,-9.4375,56.125,94856.0,0x683f
1678223031.58597,8663.0,2869.0,791.0,231.625,-75.375,96.375,-847.0,-345.0,-45.0,101.0,-100.0,-17.0,25.8125,11.0,47.9375,94856.0,0x683f
1678223031.648692,8558.0,2878.0,783.0,231.0625,-77.9375,95.6875,-820.0,-301.0,10.0,145.0,-82.0,33.0,39.5625,-14.5625,32.125,94856.0,0x683f
1678223031.712272,8701.0,2897.0,705.0,232.0,-79.4375,92.375,-915.0,-288.0,34.0,25.0,-130.0,40.0,44.6875,-0.75,15.875,94856.0,0x683f
1678223031.7733219,8657.0,2858.0,833.0,234.125,-79.9375,82.9375,-869.0,-303.0,92.0,125.0,-93.0,85.0,57.375,-44.0625,-0.9375,94856.0,0x683f
1678223031.836256,8645.0,2609.0,969.0,237.625,-78.6875,67.5,-851.0,-252.0,108.0,110.0,-74.0,34.0,62.5,-31.1875,-25.75,94863.5,0x683f
1678223031.904181,8577.0,2825.0,809.0,243.25,-76.0625,61.0,-870.0,-150.0,37.0,58.0,67.0,-85.0,59.1875,-4.9375,-44.9375,94863.5,0x683f
1678223031.967927,8630.0,3034.0,893.0,249.875,-72.875,61.375,-952.0,-149.0,24.0,-15.0,103.0,-113.0,58.5625,-11.9375,-55.0,94863.5,0x683f
1678223032.02893,8635.0,3241.0,756.0,255.625,-69.75,61.3125,-891.0,-235.0,-21.0,28.0,61.0,-184.0,50.8125,7.375,-53.375,94863.5,0x683f
1678223032.0905972,8670.0,2962.0,860.0,262.0,-66.0,62.75,-813.0,-211.0,-3.0,54.0,110.0,-199.0,27.8125,0.0625,-66.8125,94863.5,0x683f
1678223032.156255,8549.0,2827.0,973.0,266.375,-62.5,63.6875,-995.0,-333.0,-14.0,-92.0,62.0,-168.0,16.4375,-32.125,-56.875,94863.5,0x683f
1678223032.2214541,8572.0,2895.0,981.0,269.125,-59.4375,63.1875,-1031.0,-499.0,114.0,-187.0,-54.0,-109.0,6.4375,-20.5625,-31.125,94851.75,0x683f
1678223032.285915,8618.0,2923.0,954.0,269.8125,-57.4375,60.875,-945.0,-454.0,188.0,-59.0,0.0,-31.0,1.0625,-46.0625,-5.75,94851.75,0x683f
1678223032.35068,8652.0,2920.0,923.0,268.875,-56.125,57.4375,-893.0,-477.0,258.0,-77.0,-19.0,-23.0,2.875,-34.0,3.625,94851.75,0x683f
1678223032.415939,8611.0,2924.0,959.0,267.9375,-54.8125,54.0625,-742.0,-446.0,335.0,49.0,16.0,-6.0,0.4375,-29.4375,4.5,94851.75,0x683f
1678223032.477398,8750.0,3104.0,887.0,267.1875,-54.0,52.25,-810.0,-480.0,338.0,-21.0,-24.0,-23.0,1.375,-72.125,-6.5625,94851.75,0x683f
1678223032.5386481,8694.0,3068.0,832.0,266.1875,-50.1875,47.0,-840.0,-550.0,413.0,10.0,-60.0,-2.0,12.5,-65.5,-6.0,94855.25,0x683f
1678223032.599227,8617.0,3103.0,908.0,265.9375,-48.625,44.625,-811.0,-467.0,387.0,-74.0,-11.0,-72.0,7.5,-4.0625,-1.75,94855.25,0x683f
1678223032.660436,8704.0,3077.0,796.0,266.0,-45.6875,42.5,-549.0,-456.0,483.0,152.0,6.0,-21.0,3.8125,-88.0625,-21.625,94855.25,0x683f
1678223032.720855,8683.0,3078.0,874.0,265.9375,-44.4375,42.125,-601.0,-438.0,485.0,148.0,39.0,-12.0,-9.5625,20.1875,1.875,94855.25,0x683f
1678223032.781329,8699.0,3044.0,854.0,266.1875,-47.9375,45.375,-956.0,-407.0,282.0,-161.0,64.0,-193.0,-4.375,29.5,-2.625,94855.25,0x683f
1678223032.84218,8765.0,3045.0,909.0,267.0625,-46.5625,45.1875,-711.0,-518.0,561.0,-42.0,-50.0,45.0,-0.625,-3.3125,-13.125,94855.25,0x683f
1678223032.9022222,8746.0,3046.0,881.0,267.8125,-45.375,45.3125,-704.0,-633.0,475.0,48.0,-136.0,17.0,1.5625,-26.25,-14.5625,94855.25,0x683f
1678223032.9643369,8761.0,3004.0,886.0,267.75,-45.1875,45.25,-596.0,-537.0,455.0,37.0,-75.0,-43.0,-5.4375,11.4375,11.6875,94864.5,0x683f
1678223033.028607,8781.0,3069.0,874.0,268.4375,-45.875,45.4375,-700.0,-575.0,463.0,24.0,-85.0,-18.0,-0.5,0.1875,4.5,94864.5,0x683f
1678223033.089966,8849.0,3089.0,792.0,268.375,-47.1875,45.8125,-698.0,-512.0,434.0,21.0,-34.0,-29.0,2.0,52.375,12.5,94864.5,0x683f
1678223033.1530292,8548.0,2921.0,913.0,269.625,-50.0625,48.1875,-855.0,-424.0,282.0,-156.0,45.0,-145.0,4.4375,41.25,4.8125,94864.5,0x683f
1678223033.214698,8565.0,2887.0,927.0,270.75,-50.1875,48.5625,-675.0,-449.0,396.0,92.0,0.0,-3.0,-2.375,19.4375,-3.0,94864.5,0x683f
1678223033.275102,8462.0,3002.0,872.0,271.9375,-53.25,52.4375,-298.0,-487.0,503.0,503.0,-27.0,175.0,-21.8125,207.5625,48.1875,94864.5,0x683f
1678223033.339076,8682.0,2937.0,842.0,273.1875,-64.9375,78.5625,-1306.0,-320.0,-351.0,-411.0,77.0,-399.0,3.125,132.375,35.25,94856.75,0x683f
1678223033.398368,8678.0,2907.0,866.0,274.5,-66.0,83.0625,-998.0,-337.0,-92.0,-102.0,58.0,-140.0,15.9375,-102.0625,-36.3125,94856.75,0x683f
1678223033.458576,8717.0,2943.0,849.0,275.3125,-61.25,69.0,-852.0,-520.0,119.0,7.0,-80.0,-48.0,10.125,-108.0625,-46.125,94856.75,0x683f
1678223033.5185149,8546.0,2688.0,758.0,275.3125,-58.25,62.8125,-1099.0,-432.0,61.0,-265.0,26.0,-173.0,6.4375,-86.5,-12.25,94856.75,0x683f
1678223033.579527,8612.0,2861.0,946.0,273.9375,-53.375,53.9375,-718.0,-482.0,350.0,69.0,-10.0,6.0,7.125,-132.9375,-22.0,94856.75,0x683f
1678223033.641206,8625.0,2862.0,988.0,273.25,-48.5,48.5,-591.0,-510.0,481.0,143.0,-24.0,51.0,5.5625,-69.0625,-19.9375,94856.75,0x683f
1678223033.703327,8625.0,2870.0,1005.0,273.3125,-46.375,46.8125,-730.0,-568.0,454.0,-33.0,-70.0,-32.0,4.0,-21.8125,-4.0,94863.25,0x683f
1678223033.7661839,8586.0,2847.0,973.0,272.875,-45.9375,45.8125,-703.0,-498.0,437.0,3.0,-11.0,-36.0,-0.375,3.625,15.25,94863.25,0x683f
1678223033.834392,8757.0,2947.0,971.0,272.25,-46.3125,45.3125,-737.0,-459.0,384.0,-30.0,22.0,-95.0,2.3125,-45.25,-1.3125,94863.25,0x683f
1678223033.895686,8616.0,2817.0,1017.0,272.0625,-43.9375,43.6875,-648.0,-489.0,489.0,29.0,0.0,-22.0,-2.0625,-19.3125,-17.5,94863.25,0x683f
1678223033.955978,8910.0,2997.0,955.0,272.9375,-42.625,44.4375,-632.0,-523.0,454.0,28.0,-14.0,-60.0,-9.125,-14.3125,-19.6875,94863.25,0x683f
1678223034.017612,8892.0,2950.0,935.0,273.125,-41.625,44.625,-699.0,-588.0,490.0,-51.0,-72.0,-34.0,-1.8125,-36.25,-5.5625,94863.25,0x683f
1678223034.079925,8708.0,3127.0,1037.0,273.6875,-40.375,42.875,-735.0,-583.0,487.0,-99.0,-75.0,-59.0,13.8125,-39.375,17.375,94856.0,0x683f
1678223034.143383,8810.0,3092.0,977.0,272.375,-39.6875,40.25,-640.0,-462.0,531.0,-14.0,40.0,-32.0,-4.75,-35.375,30.3125,94856.0,0x683f
1678223034.206795,8641.0,2871.0,776.0,270.875,-37.875,38.625,-528.0,-454.0,613.0,63.0,32.0,1.0,-14.9375,-84.6875,-13.5,94856.0,0x683f
1678223034.269352,9141.0,3252.0,998.0,271.4375,-33.6875,38.6875,-391.0,-569.0,593.0,153.0,-59.0,-42.0,-15.1875,-29.25,-22.75,94856.0,0x683f
1678223034.328665,8711.0,3078.0,968.0,272.375,-33.1875,38.875,-624.0,-597.0,666.0,-86.0,-82.0,28.0,7.9375,3.8125,2.5625,94856.0,0x683f
1678223034.388673,8690.0,3126.0,1029.0,273.125,-35.25,39.0,-679.0,-547.0,527.0,-113.0,-44.0,-94.0,3.875,61.8125,23.8125,94856.0,0x683f
1678223034.451447,8602.0,2917.0,659.0,273.3125,-35.9375,38.6875,-553.0,-437.0,586.0,21.0,55.0,-35.0,-2.8125,-42.875,-7.25,94858.0,0x683f
1678223034.510787,8646.0,2904.0,777.0,273.875,-33.75,38.75,-478.0,-513.0,552.0,95.0,-35.0,-60.0,-12.3125,-13.3125,-16.6875,94858.0,0x683f
1678223034.5751958,8682.0,3005.0,849.0,275.5,-33.75,39.375,-562.0,-561.0,592.0,-17.0,-42.0,-47.0,-0.8125,4.0625,-7.25,94858.0,0x683f
1678223034.638348,9022.0,3258.0,956.0,276.5,-33.625,39.6875,-536.0,-556.0,600.0,21.0,-34.0,-19.0,-3.4375,-0.1875,-3.8125,94858.0,0x683f
1678223034.700526,8651.0,3204.0,831.0,277.5,-33.75,40.1875,-571.0,-528.0,558.0,-17.0,-6.0,-49.0,-4.0,13.875,-6.5,94858.0,0x683f
1678223034.763114,8651.0,3109.0,916.0,278.9375,-34.4375,41.375,-581.0,-572.0,623.0,-17.0,-38.0,17.0,-5.9375,30.8125,-6.0,94858.0,0x683f
1678223034.825423,8455.0,2956.0,1005.0,281.4375,-35.5625,42.875,-571.0,-570.0,538.0,11.0,-35.0,-36.0,-3.875,35.3125,-16.0625,94861.25,0x683f
1678223034.889915,8349.0,2938.0,1023.0,283.625,-36.8125,44.75,-586.0,-580.0,506.0,-13.0,-20.0,-53.0,-5.4375,47.75,-8.625,94861.25,0x683f
1678223034.95474,8650.0,2933.0,982.0,285.625,-38.375,46.6875,-745.0,-628.0,433.0,-142.0,-72.0,-79.0,-2.375,24.8125,-8.5,94861.25,0x683f
1678223035.018156,8610.0,2967.0,1021.0,287.125,-38.6875,47.5625,-640.0,-592.0,507.0,-25.0,-27.0,-7.0,2.125,11.25,-2.5625,94861.25,0x683f
1678223035.0809999,8794.0,3053.0,953.0,288.5625,-39.125,48.0625,-700.0,-614.0,476.0,-80.0,-52.0,-37.0,2.75,11.0625,-1.0625,94861.25,0x683f
1678223035.1431391,8768.0,2983.0,962.0,289.0,-39.3125,47.875,-778.0,-648.0,430.0,-84.0,-84.0,-45.0,10.0,-16.4375,7.6875,94861.25,0x683f
1678223035.2063339,8626.0,2939.0,805.0,288.25,-39.5625,45.1875,-718.0,-626.0,496.0,-101.0,-89.0,-39.0,18.0625,-12.875,32.375,94866.25,0x683f
1678223035.265577,8975.0,3519.0,674.0,286.8125,-40.75,43.125,-778.0,-572.0,488.0,-133.0,-71.0,-54.0,15.5625,3.9375,56.0,94866.25,0x683f
1678223035.330009,8538.0,3104.0,1149.0,283.3125,-43.8125,40.0,-848.0,-470.0,402.0,-128.0,3.0,-127.0,9.1875,-0.9375,80.4375,94866.25,0x683f
1678223035.3989482,8726.0,3227.0,895.0,277.0625,-47.25,34.0625,-785.0,-365.0,461.0,-80.0,26.0,-100.0,2.3125,3.5,84.6875,94866.25,0x683f
1678223035.462433,8846.0,3276.0,975.0,271.9375,-49.6875,29.5,-813.0,-168.0,370.0,-64.0,143.0,-181.0,-17.8125,-18.25,84.875,94866.25,0x683f
1678223035.52571,8621.0,3183.0,963.0,265.9375,-50.8125,25.3125,-710.0,-62.0,343.0,49.0,202.0,-215.0,-47.75,-19.6875,79.125,94866.25,0x683f
1678223035.592095,8757.0,2965.0,928.0,258.875,-51.5625,23.25,-736.0,-93.0,281.0,51.0,145.0,-266.0,-75.75,-29.0625,60.4375,94857.5,0x683f
1678223035.655901,8668.0,2867.0,967.0,252.0,-51.625,24.0,-661.0,-104.0,351.0,104.0,142.0,-195.0,-95.375,-10.3125,49.875,94857.5,0x683f
1678223035.719698,8450.0,2865.0,968.0,247.75,-52.0,26.6875,-713.0,-164.0,405.0,59.0,112.0,-130.0,-102.3125,-18.0625,19.75,94857.5,0x683f
1678223035.783486,8824.0,3071.0,797.0,243.25,-50.0625,33.0,-721.0,-297.0,510.0,9.0,6.0,-5.0,-98.0,-40.625,-22.25,94857.5,0x683f
1678223035.846991,8977.0,2956.0,640.0,241.75,-46.4375,38.0,-723.0,-487.0,531.0,-24.0,-155.0,-24.0,-81.625,-74.625,-45.375,94857.5,0x683f
1678223035.910296,8214.0,1991.0,991.0,241.25,-40.6875,41.1875,-578.0,-786.0,604.0,61.0,-297.0,45.0,-56.0,-89.875,-48.75,94857.5,0x683f
1678223035.97535,8354.0,2465.0,422.0,241.3125,-36.5625,43.25,-501.0,-798.0,560.0,83.0,-259.0,-12.0,-28.125,-21.1875,-21.6875,94862.25,0x683f
1678223036.036887,8443.0,2534.0,553.0,241.375,-34.8125,45.0625,-567.0,-818.0,597.0,-30.0,-227.0,19.0,-22.6875,-2.0625,0.0625,94862.25,0x683f
1678223036.1041322,8540.0,2557.0,567.0,240.75,-34.625,45.6875,-622.0,-620.0,459.0,36.0,0.0,-42.0,-5.875,-40.3125,-7.625,94862.25,0x683f
1678223036.1682901,8404.0,2378.0,496.0,240.625,-33.625,45.9375,-463.0,-632.0,574.0,82.0,-44.0,10.0,-12.0625,22.5,-1.4375,94862.25,0x683f
1678223036.236711,8602.0,2688.0,560.0,241.25,-35.125,47.25,-609.0,-580.0,517.0,-47.0,24.0,-35.0,0.125,46.9375,-0.875,94862.25,0x683f
1678223036.3021052,8326.0,2503.0,495.0,242.3125,-36.75,48.8125,-600.0,-588.0,518.0,-44.0,-4.0,-13.0,-3.0625,17.1875,-2.0625,94862.25,0x683f
1678223036.362586,8576.0,2522.0,743.0,242.3125,-37.125,49.4375,-699.0,-600.0,462.0,-59.0,3.0,-31.0,-2.125,6.0,-3.5,94856.25,0x683f
1678223036.424208,8805.0,2689.0,898.0,241.5,-37.3125,49.8125,-629.0,-586.0,488.0,-34.0,9.0,-13.0,-7.0625,18.125,4.9375,94856.25,0x683f
1678223036.491364,8575.0,2667.0,1020.0,241.25,-38.5625,50.9375,-677.0,-641.0,416.0,5.0,-32.0,-65.0,-0.9375,10.5,4.25,94856.25,0x683f
1678223036.55774,8786.0,2779.0,966.0,241.25,-39.6875,51.8125,-501.0,-584.0,500.0,106.0,-6.0,14.0,-1.625,48.3125,2.75,94856.25,0x683f
1678223036.6215491,8476.0,2266.0,682.0,241.125,-40.8125,52.6875,-702.0,-580.0,478.0,-61.0,9.0,29.0,-3.375,12.875,6.5,94856.25,0x683f
1678223036.682837,8375.0,2442.0,970.0,240.6875,-42.0,53.75,-698.0,-575.0,380.0,-22.0,17.0,-55.0,-1.9375,36.4375,3.6875,94856.25,0x683f
1678223036.742708,8861.0,2653.0,781.0,241.0,-43.75,55.625,-737.0,-590.0,369.0,-37.0,12.0,-31.0,-1.5,51.9375,9.0,94858.0,0x683f
1678223036.807233,8629.0,2614.0,786.0,241.3125,-46.0625,57.8125,-757.0,-623.0,358.0,-32.0,-37.0,0.0,2.8125,56.25,17.9375,94858.0,0x683f
1678223036.871965,8388.0,2697.0,581.0,241.25,-49.25,60.25,-773.0,-561.0,307.0,-40.0,16.0,-37.0,9.75,70.25,27.25,94858.0,0x683f
1678223036.933495,8327.0,2582.0,580.0,241.3125,-52.75,63.0625,-950.0,-532.0,146.0,-137.0,-19.0,-76.0,10.3125,14.9375,22.0625,94858.0,0x683f
1678223036.9947221,8295.0,2503.0,472.0,240.25,-53.9375,61.5625,-781.0,-556.0,264.0,10.0,-40.0,-6.0,11.25,4.5625,25.75,94858.0,0x683f
1678223037.05918,8441.0,2454.0,854.0,239.0625,-55.75,60.75,-842.0,-643.0,287.0,-28.0,-167.0,18.0,14.5625,13.4375,33.0625,94858.0,0x683f
1678223037.123127,8653.0,2319.0,628.0,236.75,-58.375,58.0625,-846.0,-698.0,263.0,-11.0,-262.0,-8.0,27.5625,12.0625,48.0,94859.0,0x683f
1678223037.1861792,8907.0,2717.0,820.0,235.0625,-61.1875,53.9375,-761.0,-654.0,264.0,101.0,-282.0,-14.0,47.625,11.0625,52.25,94859.0,0x683f
1678223037.2479749,8801.0,2639.0,1087.0,234.6875,-63.875,48.8125,-717.0,-543.0,233.0,165.0,-226.0,-51.0,68.75,17.6875,34.875,94859.0,0x683f
1678223037.310569,8875.0,3121.0,722.0,236.0625,-65.5625,42.75,-681.0,-377.0,257.0,211.0,-102.0,-39.0,80.125,7.0625,5.0625,94859.0,0x683f
1678223037.372719,8579.0,2945.0,823.0,240.4375,-65.875,40.25,-781.0,-287.0,227.0,113.0,-29.0,-78.0,94.3125,22.5,-25.9375,94859.0,0x683f
1678223037.459831,8556.0,2817.0,302.0,246.8125,-65.0625,39.5,-814.0,-197.0,231.0,91.0,81.0,-78.0,99.1875,7.4375,-52.875,94859.0,0x683f
1678223037.521873,8680.0,3058.0,748.0,258.25,-63.0625,42.9375,-840.0,-126.0,196.0,34.0,176.0,-128.0,80.8125,25.25,-74.375,94862.0,0x683f
1678223037.585956,8625.0,2814.0,796.0,265.875,-61.1875,46.75,-954.0,-203.0,139.0,-108.0,192.0,-181.0,65.25,23.5,-75.4375,94862.0,0x683f
1678223037.647815,8721.0,2913.0,614.0,272.875,-59.1875,50.875,-1089.0,-318.0,28.0,-249.0,79.0,-283.0,37.5,43.25,-66.5625,94862.0,0x683f
1678223037.7114098,8695.0,3107.0,565.0,278.75,-56.375,54.125,-921.0,-388.0,118.0,-105.0,52.0,-198.0,15.25,-11.5,-52.0,94862.0,0x683f
1678223037.778869,8571.0,3030.0,634.0,281.375,-54.0625,55.0625,-938.0,-579.0,116.0,-147.0,-103.0,-216.0,6.875,-23.3125,-26.6875,94862.0,0x683f
1678223037.841631,8597.0,2816.0,895.0,281.5625,-52.375,53.1875,-762.0,-490.0,288.0,28.0,1.0,-86.0,2.8125,-14.375,1.75,94862.0,0x683f
1678223037.903404,8591.0,2828.0,895.0,281.3125,-52.375,52.4375,-785.0,-476.0,377.0,5.0,5.0,17.0,7.25,10.6875,10.5625,94855.25,0x683f
1678223037.962613,8681.0,2851.0,891.0,281.4375,-53.75,53.0,-870.0,-422.0,273.0,-87.0,56.0,-65.0,8.625,29.4375,5.5625,94855.25,0x683f
1678223038.0253289,8702.0,2849.0,927.0,282.0,-54.4375,53.75,-885.0,-460.0,331.0,-91.0,9.0,-14.0,6.0,15.125,1.5625,94855.25,0x683f
1678223038.086476,8599.0,2975.0,921.0,282.3125,-54.4375,53.4375,-874.0,-526.0,333.0,-78.0,-68.0,-10.0,6.875,-27.1875,-3.8125,94855.25,0x683f
1678223038.147244,8663.0,2922.0,935.0,282.75,-53.0625,50.6875,-825.0,-531.0,332.0,-44.0,-76.0,-47.0,11.0,-54.1875,0.875,94855.25,0x683f
1678223038.21221,8650.0,2916.0,954.0,283.1875,-50.875,46.3125,-669.0,-530.0,449.0,91.0,-83.0,22.0,12.875,-5.6875,10.5,94855.25,0x683f
1678223038.276327,8885.0,2940.0,871.0,283.8125,-52.75,46.1875,-625.0,-451.0,414.0,162.0,-27.0,12.0,11.0,67.75,23.1875,94862.5,0x683f
1678223038.337801,8839.0,2832.0,775.0,284.875,-58.4375,51.375,-931.0,-344.0,56.0,-84.0,51.0,-239.0,-2.3125,170.625,30.9375,94862.5,0x683f
1678223038.398509,8764.0,2889.0,836.0,286.875,-63.125,61.8125,-857.0,-376.0,194.0,17.0,14.0,-14.0,-5.8125,45.5625,-3.625,94862.5,0x683f
1678223038.458845,8960.0,2869.0,895.0,289.0625,-63.625,66.0625,-900.0,-412.0,72.0,-21.0,-14.0,-103.0,-1.6875,-2.0625,-9.5625,94862.5,0x683f
1678223038.5219798,8842.0,3022.0,959.0,290.125,-61.75,62.75,-1096.0,-502.0,37.0,-232.0,-90.0,-174.0,5.5,-110.875,-31.0,94862.5,0x683f
1678223038.584317,8841.0,2879.0,912.0,289.0625,-53.8125,50.1875,-589.0,-521.0,492.0,202.0,-77.0,122.0,4.0,-192.25,-31.0625,94862.5,0x683f
1678223038.6485791,8462.0,2882.0,941.0,288.8125,-47.4375,44.125,-563.0,-548.0,581.0,151.0,-84.0,97.0,3.5,-70.125,-19.5,94857.5,0x683f
1678223038.7115588,8712.0,2958.0,944.0,290.0,-47.625,44.0625,-750.0,-495.0,448.0,-25.0,-35.0,-25.0,-0.3125,63.125,19.4375,94857.5,0x683f
1678223038.772567,8617.0,2838.0,930.0,290.25,-51.25,45.625,-1010.0,-486.0,225.0,-245.0,-47.0,-203.0,7.6875,17.625,37.5,94857.5,0x683f
1678223038.8375711,8576.0,2866.0,923.0,288.6875,-51.875,42.125,-878.0,-376.0,307.0,-82.0,52.0,-131.0,2.6875,-49.875,34.0,94857.5,0x683f
1678223038.900112,8554.0,3091.0,893.0,285.75,-48.875,37.8125,-720.0,-265.0,405.0,18.0,123.0,-108.0,-24.3125,-136.9375,-1.0,94857.5,0x683f
1678223038.9611251,8387.0,2998.0,899.0,285.125,-41.6875,34.375,-498.0,-310.0,563.0,154.0,103.0,-40.0,-30.25,-130.0,-26.25,94857.5,0x683f
1678223039.02392,8346.0,2922.0,901.0,285.4375,-34.625,34.4375,-432.0,-582.0,752.0,125.0,-125.0,88.0,-30.875,-85.6875,-37.9375,94853.25,0x683f
1678223039.087808,8486.0,3113.0,988.0,286.6875,-32.375,35.125,-740.0,-653.0,787.0,37.0,-150.0,133.0,15.625,-16.125,-11.8125,94853.25,0x683f
1678223039.151639,8438.0,3083.0,946.0,288.125,-32.5625,34.0,-526.0,-513.0,691.0,8.0,-54.0,9.0,16.5625,75.5625,8.0,94853.25,0x683f
1678223039.2151308,8414.0,3076.0,1023.0,290.4375,-37.6875,35.25,-818.0,-443.0,356.0,-218.0,5.0,-276.0,1.25,29.25,-0.875,94853.25,0x683f
1678223039.2786958,8440.0,2981.0,962.0,291.3125,-37.25,35.4375,-565.0,-435.0,549.0,5.0,1.0,-46.0,-9.5625,14.375,-12.5625,94853.25,0x683f
1678223039.345289,8517.0,3062.0,944.0,293.1875,-37.4375,37.8125,-529.0,-629.0,581.0,-18.0,-158.0,-13.0,-13.125,26.9375,-9.1875,94853.25,0x683f
1678223039.411637,8483.0,3135.0,1062.0,293.875,-39.5,38.6875,-749.0,-509.0,574.0,-119.0,-38.0,-12.0,6.3125,36.75,21.75,94861.75,0x683f
1678223039.4783082,8431.0,2978.0,980.0,294.375,-41.5625,37.875,-742.0,-406.0,487.0,-70.0,52.0,-99.0,3.1875,-2.25,15.3125,94861.75,0x683f
1678223039.543187,8381.0,3000.0,1042.0,294.125,-41.1875,37.125,-662.0,-414.0,521.0,-26.0,15.0,-84.0,-3.125,-13.625,4.4375,94861.75,0x683f
1678223039.605901,8377.0,2998.0,1006.0,294.375,-40.625,36.625,-660.0,-485.0,582.0,-30.0,-44.0,-42.0,1.5625,-15.0,1.8125,94861.75,0x683f
1678223039.669984,8379.0,3044.0,995.0,295.125,-39.9375,36.0625,-660.0,-526.0,538.0,-20.0,-81.0,-63.0,-2.3125,-25.75,3.4375,94861.75,0x683f
1678223039.734935,8435.0,3041.0,951.0,294.6875,-38.75,35.25,-607.0,-485.0,563.0,4.0,-39.0,-52.0,-4.8125,-20.625,4.9375,94861.75,0x683f
1678223039.7959628,8549.0,3034.0,948.0,294.625,-38.25,35.0625,-611.0,-435.0,598.0,-3.0,7.0,-31.0,-1.8125,-5.6875,-0.6875,94868.0,0x683f
1678223039.857683,8371.0,3040.0,965.0,295.1875,-38.0,35.25,-636.0,-460.0,581.0,-33.0,-13.0,-48.0,-1.6875,-10.8125,-6.6875,94868.0,0x683f
1678223039.9202838,8453.0,3050.0,881.0,296.25,-37.3125,35.625,-645.0,-469.0,564.0,-53.0,-12.0,-69.0,-8.1875,-25.5625,-9.1875,94868.0,0x683f
1678223039.983018,8422.0,3069.0,984.0,296.5625,-35.375,36.0625,-561.0,-510.0,618.0,16.0,-46.0,-22.0,-8.5625,-32.5625,-16.875,94868.0,0x683f
1678223040.0510569,8613.0,3034.0,841.0,297.4375,-33.875,36.25,-577.0,-547.0,655.0,-29.0,-61.0,2.0,2.8125,-3.125,-9.4375,94868.0,0x683f
1678223040.117443,8264.0,2873.0,956.0,299.0625,-34.4375,36.5625,-631.0,-502.0,562.0,-75.0,-20.0,-86.0,7.3125,1.8125,2.4375,94868.0,0x683f
1678223040.182511,8639.0,2989.0,895.0,299.3125,-34.375,35.9375,-640.0,-457.0,597.0,-73.0,21.0,-50.0,-0.5,-5.8125,8.6875,94867.25,0x683f
1678223040.24875,8518.0,3030.0,892.0,298.8125,-34.375,35.625,-622.0,-462.0,622.0,-52.0,8.0,-13.0,-3.375,-16.75,6.875,94867.25,0x683f
1678223040.311787,8689.0,3037.0,882.0,299.3125,-34.0,35.375,-553.0,-530.0,669.0,-4.0,-59.0,6.0,6.125,5.375,1.625,94867.25,0x683f
1678223040.374284,8491.0,3009.0,955.0,299.9375,-34.5625,34.875,-586.0,-482.0,608.0,-20.0,-7.0,-61.0,10.25,6.375,1.0625,94867.25,0x683f
1678223040.439614,8598.0,3039.0,911.0,300.625,-34.4375,34.75,-565.0,-430.0,611.0,-17.0,28.0,-65.0,-6.8125,-10.5625,-11.1875,94867.25,0x683f
1678223040.504628,8761.0,3119.0,891.0,301.6875,-33.4375,35.75,-521.0,-561.0,620.0,-73.0,-97.0,-24.0,-12.0625,0.625,-10.0,94867.25,0x683f
1678223040.569375,8497.0,2937.0,973.0,302.875,-33.1875,36.375,-552.0,-558.0,655.0,-37.0,-62.0,-28.0,0.625,11.0,-1.375,94859.75,0x683f
1678223040.633845,8385.0,2964.0,961.0,303.375,-33.875,36.5625,-596.0,-492.0,598.0,-46.0,-5.0,-49.0,-0.5,-0.25,1.375,94859.75,0x683f
1678223040.697956,8506.0,2945.0,945.0,303.5,-33.75,36.5625,-557.0,-496.0,636.0,-11.0,-10.0,-17.0,-2.75,-6.25,-0.375,94859.75,0x683f
1678223040.761034,8495.0,2913.0,884.0,303.8125,-33.6875,36.75,-557.0,-519.0,629.0,-30.0,-34.0,-29.0,0.125,0.9375,-2.0,94859.75,0x683f
1678223040.820062,8644.0,3008.0,883.0,304.75,-33.9375,37.25,-567.0,-521.0,624.0,-19.0,-28.0,-21.0,-1.1875,7.9375,0.1875,94859.75,0x683f
1678223040.881719,8387.0,2942.0,940.0,305.4375,-34.3125,37.8125,-537.0,-515.0,629.0,15.0,-19.0,-10.0,-4.5625,12.0625,-3.3125,94859.75,0x683f
1678223040.94157,8403.0,2790.0,912.0,306.3125,-35.125,38.6875,-529.0,-497.0,637.0,32.0,10.0,11.0,-5.6875,32.75,-3.6875,94856.25,0x683f
1678223041.006613,8318.0,2810.0,866.0,308.0,-35.9375,40.0625,-611.0,-559.0,583.0,-66.0,-66.0,-25.0,-4.375,11.1875,-8.9375,94856.25,0x683f
1678223041.072008,8550.0,2881.0,878.0,308.6875,-36.3125,40.5,-632.0,-603.0,614.0,-47.0,-90.0,16.0,3.875,30.75,9.0,94856.25,0x683f
1678223041.1379762,8636.0,3101.0,693.0,309.1875,-37.5625,40.25,-700.0,-557.0,617.0,-110.0,-48.0,22.0,8.75,3.5,8.8125,94856.25,0x683f
1678223041.203563,8647.0,3070.0,704.0,309.125,-38.125,39.3125,-764.0,-544.0,543.0,-158.0,-55.0,-52.0,5.75,-6.3125,24.625,94856.25,0x683f
1678223041.2726521,8579.0,3305.0,718.0,307.25,-39.3125,37.5625,-812.0,-480.0,488.0,-186.0,-24.0,-112.0,6.125,-0.75,51.5,94856.25,0x683f
1678223041.337132,8572.0,3273.0,1014.0,302.875,-42.125,34.375,-772.0,-331.0,401.0,-108.0,71.0,-197.0,-8.25,0.5,80.25,94853.75,0x683f
1678223041.399852,8604.0,3230.0,992.0,297.5625,-44.5625,31.5625,-720.0,-243.0,328.0,-27.0,115.0,-265.0,-38.9375,-9.1875,84.375,94853.75,0x683f
1678223041.461644,8659.0,3164.0,1131.0,290.375,-46.9375,29.5,-697.0,-226.0,327.0,19.0,103.0,-255.0,-66.1875,-8.875,79.875,94853.75,0x683f
1678223041.5234392,8122.0,2743.0,673.0,283.75,-48.4375,29.25,-674.0,-242.0,342.0,59.0,75.0,-224.0,-85.125,-23.5,66.4375,94853.75,0x683f
1678223041.587466,8503.0,2977.0,827.0,277.5625,-48.875,30.25,-632.0,-288.0,434.0,94.0,28.0,-126.0,-95.4375,-17.125,49.625,94853.75,0x683f
1678223041.650503,8820.0,2969.0,679.0,272.25,-49.1875,32.9375,-689.0,-382.0,461.0,52.0,-27.0,-73.0,-97.0625,-31.375,19.3125,94853.75,0x683f
1678223041.713259,9129.0,3320.0,751.0,267.8125,-48.125,37.375,-733.0,-479.0,507.0,-2.0,-82.0,-12.0,-85.8125,-32.875,1.9375,94854.75,0x683f
1678223041.775579,8385.0,2190.0,969.0,265.0625,-45.9375,40.1875,-602.0,-503.0,532.0,116.0,-85.0,35.0,-66.875,-65.3125,-17.4375,94854.75,0x683f
1678223041.838797,8695.0,2379.0,723.0,263.9375,-42.0625,42.375,-567.0,-829.0,679.0,82.0,-331.0,139.0,-45.25,-50.0,-33.875,94854.75,0x683f
1678223041.901535,8639.0,2453.0,731.0,264.1875,-39.8125,44.875,-577.0,-804.0,500.0,51.0,-272.0,-32.0,-22.6875,-1.625,-14.5,94854.75,0x683f
1678223041.964607,8273.0,2207.0,866.0,264.1875,-38.875,45.75,-621.0,-733.0,545.0,41.0,-176.0,64.0,-4.5625,-35.25,-7.375,94854.75,0x683f
1678223042.02587,8950.0,2848.0,853.0,264.0625,-37.875,45.1875,-583.0,-650.0,590.0,19.0,-102.0,44.0,12.875,2.0625,-0.875,94854.75,0x683f
1678223042.0877929,9035.0,2905.0,1046.0,264.4375,-38.1875,44.25,-607.0,-712.0,629.0,2.0,-177.0,78.0,22.3125,25.625,13.625,94858.25,0x683f
1678223042.150027,8561.0,2488.0,510.0,264.625,-40.5,42.1875,-642.0,-710.0,656.0,-4.0,-209.0,104.0,54.75,28.25,28.3125,94858.25,0x683f
1678223042.214071,8545.0,2844.0,548.0,265.3125,-44.4375,39.9375,-542.0,-611.0,667.0,143.0,-162.0,130.0,61.5,115.125,30.3125,94858.25,0x683f
1678223042.2770371,8901.0,2978.0,738.0,267.3125,-52.25,40.5625,-682.0,-500.0,505.0,134.0,-102.0,62.0,74.0625,165.875,34.25,94858.25,0x683f
1678223042.33851,8845.0,3216.0,1009.0,270.5,-62.0625,45.5,-800.0,-360.0,233.0,81.0,-43.0,-57.0,72.1875,230.6875,49.5,94858.25,0x683f
1678223042.398669,8669.0,3013.0,815.0,274.375,-73.25,65.3125,-937.0,-239.0,-42.0,1.0,16.0,-159.0,71.4375,157.4375,47.1875,94858.25,0x683f
1678223042.4600909,8591.0,2973.0,856.0,276.8125,-77.125,82.1875,-1072.0,-162.0,-134.0,-114.0,46.0,-151.0,77.625,68.875,33.0,94867.0,0x683f
1678223042.522269,8431.0,2803.0,707.0,281.0,-78.75,84.5625,-930.0,-73.0,-27.0,31.0,116.0,-45.0,79.875,-30.1875,6.625,94867.0,0x683f
1678223042.583203,8717.0,3002.0,829.0,284.75,-78.6875,73.6875,-985.0,-41.0,-110.0,-93.0,141.0,-219.0,73.375,-59.5,-16.0,94867.0,0x683f
1678223042.6456902,8579.0,3281.0,936.0,289.0625,-72.0,45.25,-836.0,-114.0,106.0,62.0,123.0,-142.0,54.0,-215.375,-57.5,94867.0,0x683f
1678223042.706476,8726.0,3203.0,1017.0,292.0,-59.5,31.5,-786.0,-133.0,301.0,37.0,135.0,-156.0,21.625,-237.6875,-75.4375,94867.0,0x683f
1678223042.7666838,8635.0,3218.0,801.0,294.3125,-47.9375,28.3125,-714.0,-256.0,433.0,0.0,63.0,-157.0,-7.0,-105.0625,-62.875,94867.0,0x683f
1678223042.829775,8696.0,3377.0,494.0,296.3125,-41.0,30.0625,-694.0,-449.0,545.0,-62.0,-27.0,-125.0,-42.75,-81.4375,-58.1875,94861.5,0x683f
1678223042.8899882,8888.0,3315.0,605.0,297.0,-37.375,33.75,-661.0,-430.0,541.0,-66.0,2.0,-105.0,-40.5625,-61.4375,-34.125,94861.5,0x683f
1678223042.951273,8681.0,2941.0,922.0,297.3125,-32.625,35.5625,-486.0,-537.0,580.0,42.0,-57.0,-90.0,-34.5625,-68.4375,-43.375,94861.5,0x683f
1678223043.014528,8709.0,3000.0,909.0,298.0,-29.625,37.1875,-574.0,-637.0,580.0,-88.0,-121.0,-98.0,-16.0625,-34.4375,-22.5,94861.5,0x683f
1678223043.0822778,8715.0,3032.0,886.0,297.9375,-27.5625,37.1875,-525.0,-599.0,725.0,-76.0,-57.0,13.0,1.1875,-41.3125,-7.8125,94861.5,0x683f
1678223043.149484,8697.0,3017.0,840.0,297.625,-25.125,36.5625,-431.0,-560.0,717.0,-15.0,-31.0,17.0,-1.875,-32.375,-5.625,94861.5,0x683f
1678223043.211547,8596.0,2906.0,760.0,297.4375,-24.0,36.5,-470.0,-570.0,704.0,-75.0,-61.0,-7.0,-15.4375,-18.125,-2.875,94857.25,0x683f
1678223043.2722318,8723.0,3025.0,899.0,297.125,-23.125,36.25,-451.0,-582.0,731.0,-61.0,-51.0,5.0,-1.5,-16.4375,1.125,94857.25,0x683f
1678223043.336402,8707.0,3026.0,857.0,296.625,-22.5,36.1875,-397.0,-543.0,710.0,-15.0,-4.0,-24.0,-2.1875,-25.5625,-1.8125,94857.25,0x683f
1678223043.399184,8634.0,2978.0,880.0,296.3125,-21.125,36.125,-374.0,-562.0,726.0,-22.0,-21.0,-11.0,-5.3125,-17.4375,-5.4375,94857.25,0x683f
1678223043.4626,8566.0,2940.0,950.0,297.1875,-20.1875,36.4375,-375.0,-565.0,717.0,-37.0,-17.0,-22.0,-4.5625,-13.1875,-8.0,94857.25,0x683f
1678223043.52755,8728.0,2913.0,924.0,297.625,-19.3125,36.9375,-378.0,-562.0,706.0,-61.0,-10.0,-34.0,-5.1875,-16.625,-11.875,94857.25,0x683f
1678223043.592034,8792.0,3217.0,941.0,297.9375,-18.5,37.4375,-368.0,-584.0,727.0,-56.0,-19.0,-10.0,-5.4375,-18.0625,-9.9375,94858.25,0x683f
1678223043.652519,8838.0,3053.0,959.0,298.8125,-17.5,37.75,-325.0,-587.0,734.0,-29.0,-14.0,-4.0,-3.9375,-17.875,-11.5625,94858.25,0x683f
1678223043.712496,8611.0,3086.0,1013.0,299.5,-16.3125,38.0625,-293.0,-607.0,754.0,-16.0,-20.0,4.0,-1.875,-3.125,-13.0625,94858.25,0x683f
1678223043.7767942,8501.0,2959.0,1085.0,300.4375,-15.8125,38.4375,-252.0,-597.0,722.0,-5.0,-31.0,-35.0,-4.375,-7.0625,-15.875,94858.25,0x683f
1678223043.842551,8494.0,2893.0,984.0,301.4375,-15.0,38.75,-239.0,-608.0,718.0,14.0,-15.0,-19.0,-3.4375,2.5,-13.4375,94858.25,0x683f
1678223043.9069471,9087.0,3262.0,839.0,302.375,-14.8125,39.125,-224.0,-625.0,699.0,27.0,-26.0,-35.0,-5.0625,12.5625,-7.625,94858.25,0x683f
1678223043.9690418,8741.0,2943.0,553.0,303.125,-15.8125,39.8125,-273.0,-751.0,761.0,5.0,-166.0,68.0,-1.5,33.4375,3.625,94856.5,0x683f
1678223044.0370119,8618.0,3074.0,914.0,303.375,-17.875,39.5625,-297.0,-837.0,799.0,11.0,-254.0,73.0,23.25,45.0625,26.5625,94856.5,0x683f
1678223044.099627,8836.0,3489.0,702.0,302.3125,-21.5625,37.625,-298.0,-889.0,648.0,74.0,-341.0,-73.0,45.0625,51.875,58.8125,94856.5,0x683f
1678223044.162606,8632.0,3445.0,902.0,299.9375,-26.75,34.125,-263.0,-779.0,553.0,208.0,-287.0,-200.0,50.75,91.125,87.375,94856.5,0x683f
1678223044.223649,8455.0,3109.0,729.0,296.5625,-37.75,29.875,-449.0,-549.0,332.0,137.0,-157.0,-339.0,35.9375,121.625,70.5625,94856.5,0x683f
1678223044.2893429,8709.0,3283.0,1030.0,295.5625,-45.4375,28.75,-536.0,-421.0,319.0,128.0,-38.0,-335.0,22.0625,124.5625,37.625,94856.5,0x683f
1678223044.3572721,8513.0,3206.0,965.0,297.625,-51.8125,32.875,-520.0,-269.0,296.0,250.0,59.0,-211.0,-4.4375,150.875,-57.125,94859.0,0x683f
1678223044.420058,8534.0,3090.0,896.0,305.5,-57.8125,50.375,-457.0,-175.0,119.0,406.0,265.0,-197.0,-4.75,229.125,-108.4375,94859.0,0x683f
1678223044.484503,8462.0,3276.0,668.0,318.1875,-57.25,74.875,-851.0,-289.0,-93.0,-60.0,213.0,-201.0,13.875,195.75,-154.5625,94859.0,0x683f
1678223044.549558,8573.0,3338.0,500.0,333.0,-49.4375,87.4375,-1024.0,-453.0,-71.0,-295.0,202.0,-86.0,26.125,126.3125,-149.0,94859.0,0x683f
1678223044.61729,8592.0,3263.0,630.0,352.75,-38.5625,94.75,-828.0,-604.0,-158.0,-336.0,34.0,-135.0,38.625,127.375,-121.125,94859.0,0x683f
1678223044.682299,8493.0,3466.0,568.0,6.4375,-31.5,96.3125,-783.0,-797.0,-77.0,-264.0,35.0,-23.0,40.4375,90.1875,-99.0625,94859.0,0x683f
1678223044.746306,8365.0,3313.0,453.0,17.125,-25.0625,95.8125,-576.0,-997.0,-146.0,-166.0,-119.0,-69.0,32.0,34.4375,-109.375,94861.5,0x683f
1678223044.8072882,8945.0,3786.0,753.0,25.4375,-18.6875,94.5625,-570.0,-1277.0,-113.0,-236.0,-344.0,-50.0,23.4375,-4.1875,-97.9375,94861.5,0x683f
1678223044.869544,8945.0,3651.0,473.0,30.375,-13.0,92.75,-429.0,-1153.0,14.0,-215.0,-197.0,58.0,5.0,-22.3125,-49.5625,94861.5,0x683f
1678223044.9295769,8683.0,3437.0,549.0,29.25,-11.9375,92.4375,-186.0,-1023.0,125.0,16.0,-65.0,166.0,-12.8125,-38.625,11.4375,94861.5,0x683f
1678223044.989033,8737.0,3502.0,672.0,26.5,-13.125,92.6875,-202.0,-969.0,81.0,20.0,-15.0,126.0,-7.8125,-24.125,26.875,94861.5,0x683f
1678223045.053733,8677.0,3418.0,577.0,22.9375,-15.0625,92.75,-181.0,-953.0,1.0,73.0,-3.0,42.0,-8.25,-22.0,25.25,94861.5,0x683f
1678223045.1164758,8711.0,3480.0,664.0,20.875,-16.1875,92.875,-145.0,-907.0,-68.0,127.0,36.0,-21.0,-1.8125,-0.75,9.1875,94864.5,0x683f
1678223045.176964,8693.0,3394.0,542.0,20.6875,-16.375,92.9375,-194.0,-936.0,-46.0,82.0,2.0,1.0,-0.1875,-0.3125,-1.3125,94864.5,0x683f
1678223045.235772,8665.0,3390.0,555.0,21.125,-16.1875,93.0,-232.0,-931.0,-49.0,33.0,7.0,0.0,0.4375,7.5625,-1.0625,94864.5,0x683f
1678223045.3050501,8485.0,3303.0,554.0,21.6875,-16.125,93.125,-262.0,-952.0,-43.0,5.0,-13.0,12.0,0.4375,8.0625,1.0625,94864.5,0x683f
1678223045.365918,8735.0,3512.0,706.0,22.0625,-16.125,93.1875,-273.0,-956.0,-37.0,-1.0,-15.0,15.0,-0.5,2.8125,-0.625,94864.5,0x683f
1678223045.428632,8747.0,3503.0,612.0,22.125,-16.0625,93.1875,-272.0,-949.0,-32.0,0.0,-8.0,20.0,0.4375,-0.5625,0.3125,94864.5,0x683f
1678223045.488829,8679.0,3420.0,567.0,22.0625,-16.125,93.0,-267.0,-939.0,-25.0,5.0,1.0,24.0,0.6875,1.4375,0.875,94860.5,0x683f
1678223045.5498781,8744.0,3558.0,683.0,22.1875,-16.125,92.9375,-278.0,-933.0,-39.0,-5.0,6.0,9.0,1.5,1.9375,0.6875,94860.5,0x683f
1678223045.610237,8688.0,3411.0,561.0,22.1875,-16.1875,92.875,-276.0,-933.0,-46.0,-2.0,6.0,1.0,1.625,-1.5,1.5625,94860.5,0x683f
1678223045.670491,8718.0,3487.0,598.0,22.0625,-16.3125,92.75,-253.0,-936.0,-39.0,22.0,3.0,6.0,1.125,1.1875,3.3125,94860.5,0x683f
1678223045.731175,8732.0,3492.0,617.0,22.0625,-16.5,92.75,-259.0,-933.0,-58.0,19.0,5.0,-12.0,-0.0625,3.4375,3.625,94860.5,0x683f
1678223045.789323,8785.0,3589.0,693.0,22.0,-16.5625,92.875,-260.0,-921.0,-58.0,19.0,16.0,-10.0,-1.8125,-0.3125,0.375,94860.5,0x683f
1678223045.849779,8833.0,3563.0,653.0,22.0,-16.5625,93.0,-277.0,-910.0,-50.0,2.0,28.0,0.0,-2.625,-2.875,-0.6875,94854.5,0x683f
1678223045.912759,8569.0,3401.0,621.0,21.875,-16.5625,93.125,-271.0,-949.0,-47.0,8.0,-11.0,4.0,-1.875,2.0625,0.375,94854.5,0x683f
1678223045.974255,8749.0,3485.0,582.0,22.0625,-16.5,93.25,-297.0,-925.0,-61.0,-14.0,15.0,-3.0,-0.4375,1.0,-3.0625,94854.5,0x683f
1678223046.036161,8760.0,3501.0,590.0,22.1875,-16.3125,93.25,-276.0,-955.0,-42.0,-1.0,-16.0,10.0,1.4375,-3.375,-4.4375,94854.5,0x683f
1678223046.097377,8739.0,3497.0,616.0,22.375,-16.125,93.125,-304.0,-960.0,-53.0,-31.0,-20.0,-2.0,1.5625,-0.875,-1.3125,94854.5,0x683f
1678223046.156963,8783.0,3623.0,727.0,22.0,-16.125,92.9375,-260.0,-971.0,-18.0,11.0,-30.0,30.0,-0.875,-11.25,-1.125,94854.5,0x683f
1678223046.219334,8694.0,3435.0,550.0,21.625,-16.0,92.875,-282.0,-914.0,-7.0,-11.0,26.0,39.0,-0.625,-9.25,-6.0,94846.75,0x683f
1678223046.279685,8740.0,3506.0,667.0,21.3125,-15.5625,92.5,-280.0,-920.0,1.0,-16.0,22.0,42.0,2.8125,-9.75,-6.6875,94846.75,0x683f
1678223046.340526,8701.0,3419.0,569.0,21.0625,-15.5625,92.125,-283.0,-942.0,-27.0,-20.0,1.0,7.0,3.5625,-0.1875,5.875,94846.75,0x683f
1678223046.4047098,8484.0,3309.0,559.0,20.4375,-16.0,91.9375,-256.0,-953.0,-31.0,14.0,-11.0,0.0,0.625,-5.625,10.1875,94846.75,0x683f
1678223046.466105,8697.0,3407.0,570.0,19.75,-16.6875,91.875,-251.0,-926.0,-38.0,31.0,11.0,-7.0,1.125,3.1875,11.375,94846.75,0x683f
1678223046.52511,8688.0,3416.0,542.0,19.4375,-17.0625,91.875,-241.0,-928.0,-33.0,46.0,8.0,-2.0,-0.6875,-3.25,4.75,94846.75,0x683f
1678223046.585197,8494.0,3308.0,616.0,19.4375,-16.9375,91.8125,-245.0,-941.0,-22.0,34.0,-6.0,8.0,-0.8125,0.1875,-0.6875,94846.75,0x683f
1678223046.6481988,8507.0,3273.0,598.0,19.5625,-16.75,91.875,-269.0,-954.0,-8.0,13.0,-16.0,22.0,-1.6875,-2.125,-1.5625,94862.5,0x683f
1678223046.709124,8869.0,3552.0,726.0,19.5625,-16.6875,91.75,-275.0,-941.0,-2.0,6.0,-2.0,26.0,2.5,2.625,1.4375,94862.5,0x683f
1678223046.76964,8596.0,3428.0,745.0,19.6875,-16.75,91.5625,-287.0,-942.0,-1.0,-4.0,-3.0,24.0,2.75,2.5,0.6875,94862.5,0x683f
1678223046.830868,8549.0,3363.0,655.0,19.875,-16.8125,91.375,-284.0,-935.0,-9.0,-1.0,2.0,13.0,3.0,1.375,0.5,94862.5,0x683f
1678223046.889963,9195.0,3697.0,830.0,19.9375,-16.75,91.1875,-286.0,-937.0,-12.0,-3.0,1.0,7.0,2.625,-2.0,-1.5625,94862.5,0x683f
1678223046.952404,8748.0,3488.0,673.0,19.9375,-16.6875,91.0625,-283.0,-939.0,-7.0,0.0,0.0,10.0,2.75,1.75,0.75,94862.5,0x683f
1678223047.013799,8756.0,3497.0,703.0,20.125,-16.8125,90.9375,-294.0,-922.0,-16.0,-10.0,16.0,0.0,2.1875,2.25,1.25,94862.0,0x683f
1678223047.0745149,8780.0,3616.0,882.0,20.125,-16.875,90.875,-277.0,-918.0,-20.0,12.0,12.0,-7.0,1.8125,-0.0625,0.8125,94862.0,0x683f
1678223047.1375182,8810.0,3583.0,835.0,20.25,-16.9375,90.8125,-283.0,-931.0,-23.0,1.0,6.0,-9.0,1.5625,3.25,0.5625,94862.0,0x683f
1678223047.199931,8767.0,3586.0,811.0,20.4375,-16.9375,90.8125,-288.0,-931.0,-31.0,-1.0,6.0,-16.0,0.8125,3.8125,1.1875,94862.0,0x683f
1678223047.260319,8727.0,3484.0,706.0,20.5,-17.0,90.875,-279.0,-942.0,-12.0,5.0,-5.0,6.0,-0.5,-0.375,1.125,94862.0,0x683f
1678223047.323189,8730.0,3478.0,682.0,20.4375,-17.0625,90.9375,-279.0,-933.0,-7.0,8.0,3.0,8.0,-0.6875,-0.0625,0.375,94862.0,0x683f
1678223047.3854988,8773.0,3476.0,694.0,20.5,-17.0625,90.9375,-294.0,-926.0,-18.0,-6.0,10.0,-2.0,-0.0625,0.1875,-0.875,94859.75,0x683f
1678223047.448512,8731.0,3473.0,680.0,20.5,-17.0,90.9375,-278.0,-929.0,-28.0,8.0,8.0,-12.0,0.0,-0.0625,-1.25,94859.75,0x683f
1678223047.513643,8797.0,3608.0,828.0,20.5625,-16.9375,90.9375,-280.0,-934.0,-32.0,8.0,0.0,-13.0,0.0,-1.0625,-1.0,94859.75,0x683f
1678223047.577322,8783.0,3573.0,800.0,20.5625,-16.875,91.0,-276.0,-932.0,-29.0,7.0,9.0,-5.0,-0.5625,0.0625,0.75,94859.75,0x683f
1678223047.64055,8760.0,3499.0,698.0,20.5625,-16.875,91.0,-278.0,-930.0,-20.0,7.0,6.0,0.0,-0.1875,0.5625,0.0625,94859.75,0x683f
1678223047.700592,8737.0,3482.0,634.0,20.5625,-16.875,91.0,-290.0,-935.0,-11.0,-9.0,4.0,9.0,-0.5625,-1.5,-1.125,94859.75,0x683f
1678223047.7654688,8788.0,3537.0,778.0,20.5,-16.8125,90.9375,-282.0,-940.0,-13.0,-5.0,-2.0,4.0,0.8125,-1.6875,-0.625,94871.25,0x683f
1678223047.827552,8758.0,3472.0,708.0,20.375,-16.875,90.875,-282.0,-937.0,-18.0,2.0,0.0,-3.0,0.5,-2.8125,2.6875,94871.25,0x683f
1678223047.8857899,8731.0,3466.0,706.0,20.0625,-17.0625,90.875,-266.0,-933.0,-18.0,22.0,3.0,-3.0,-0.3125,0.1875,3.875,94871.25,0x683f
1678223047.948243,8796.0,3570.0,835.0,19.9375,-17.1875,90.8125,-282.0,-931.0,-28.0,6.0,2.0,-9.0,-0.5625,-3.75,0.4375,94871.25,0x683f
1678223048.012836,8771.0,3560.0,798.0,19.5,-17.25,90.8125,-300.0,-934.0,-14.0,-7.0,1.0,3.0,-1.0625,-5.9375,1.0625,94871.25,0x683f
1678223048.078209,8780.0,3565.0,784.0,19.25,-17.3125,90.75,-287.0,-920.0,-9.0,2.0,20.0,1.0,0.375,1.5,1.75,94871.25,0x683f
1678223048.1392992,8691.0,3350.0,600.0,19.3125,-17.3125,90.75,-289.0,-921.0,-4.0,1.0,14.0,7.0,1.4375,-3.1875,-4.6875,94857.0,0x683f
1678223048.2003992,8680.0,3395.0,602.0,19.4375,-16.9375,90.5625,-282.0,-954.0,8.0,-5.0,-20.0,8.0,2.25,-0.5,-4.0625,94857.0,0x683f
1678223048.262166,8722.0,3453.0,688.0,19.625,-16.8125,90.4375,-292.0,-950.0,-5.0,-4.0,-9.0,2.0,1.625,0.4375,2.6875,94857.0,0x683f
1678223048.326887,8762.0,3489.0,704.0,19.375,-17.0625,90.25,-267.0,-926.0,-9.0,20.0,13.0,-8.0,2.625,-0.75,2.4375,94857.0,0x683f
1678223048.390464,8684.0,3382.0,593.0,19.4375,-17.125,90.1875,-276.0,-929.0,-17.0,12.0,7.0,-13.0,1.875,2.4375,0.625,94857.0,0x683f
1678223048.454816,8804.0,3586.0,787.0,19.5625,-17.1875,90.25,-283.0,-926.0,-20.0,6.0,10.0,-15.0,-0.4375,0.5625,0.5625,94857.0,0x683f
1678223048.521701,8820.0,3598.0,889.0,19.625,-17.125,90.25,-265.0,-941.0,-16.0,17.0,-3.0,-2.0,-0.5,4.1875,0.5,94861.0,0x683f
1678223048.583061,8787.0,3626.0,794.0,19.875,-17.0625,90.3125,-272.0,-933.0,1.0,15.0,1.0,10.0,-0.4375,0.5,-2.75,94861.0,0x683f
1678223048.644466,8796.0,3620.0,843.0,20.125,-16.8125,90.3125,-269.0,-936.0,13.0,15.0,1.0,19.0,0.6875,1.6875,-4.8125,94861.0,0x683f
1678223048.7093341,8811.0,3611.0,828.0,20.625,-16.4375,90.25,-276.0,-934.0,0.0,-6.0,4.0,-4.0,1.625,2.6875,-4.6875,94861.0,0x683f
1678223048.775597,8793.0,3637.0,811.0,21.0625,-16.1875,90.1875,-287.0,-939.0,-13.0,-12.0,4.0,-6.0,0.9375,1.5625,-4.375,94861.0,0x683f
1678223048.839222,8809.0,3614.0,800.0,21.375,-16.0,90.1875,-292.0,-938.0,-15.0,-21.0,4.0,-12.0,1.5,2.625,-2.875,94861.0,0x683f
1678223048.900519,8693.0,3401.0,588.0,21.5625,-15.9375,90.1875,-290.0,-934.0,-8.0,-21.0,2.0,-10.0,0.5,1.6875,-0.5,94864.0,0x683f
1678223048.960414,8767.0,3492.0,704.0,21.625,-16.0,90.1875,-286.0,-946.0,-4.0,-13.0,0.0,3.0,0.9375,1.3125,2.0625,94864.0,0x683f
1678223049.0200949,8825.0,3622.0,868.0,21.5625,-16.125,90.125,-266.0,-957.0,-4.0,7.0,-15.0,-1.0,1.375,0.8125,3.875,94864.0,0x683f
1678223049.080457,8812.0,3629.0,814.0,21.25,-16.4375,90.0625,-255.0,-927.0,3.0,23.0,19.0,2.0,0.0,-0.6875,4.375,94864.0,0x683f
1678223049.1415381,8804.0,3602.0,805.0,21.25,-16.5,90.0625,-234.0,-932.0,3.0,45.0,13.0,-1.0,2.1875,4.5,1.4375,94864.0,0x683f
1678223049.206027,8672.0,3558.0,866.0,21.8125,-16.4375,90.0625,-273.0,-924.0,-23.0,4.0,15.0,-22.0,1.5625,7.125,-0.25,94864.0,0x683f
1678223049.2704058,8561.0,3434.0,683.0,22.0625,-16.3125,90.125,-273.0,-940.0,-10.0,1.0,0.0,-7.0,-0.9375,1.9375,-3.6875,94854.0,0x683f
1678223049.3337128,8631.0,3514.0,761.0,22.5,-16.0,90.25,-291.0,-935.0,-3.0,-20.0,8.0,4.0,-0.5625,0.3125,-4.75,94854.0,0x683f
1678223049.396886,8570.0,3437.0,715.0,22.6875,-15.8125,90.25,-289.0,-941.0,2.0,-20.0,3.0,6.0,-0.75,0.5,-4.0625,94854.0,0x683f
1678223049.464127,8640.0,3512.0,803.0,22.8125,-15.75,90.25,-293.0,-941.0,0.0,-27.0,2.0,4.0,-0.125,-1.125,-1.875,94854.0,0x683f
1678223049.525978,8632.0,3507.0,790.0,22.6875,-15.6875,90.1875,-277.0,-938.0,-1.0,-4.0,5.0,-1.0,0.5625,-1.0,0.5,94854.0,0x683f
1678223049.589474,8638.0,3522.0,784.0,22.625,-15.8125,90.1875,-266.0,-936.0,-13.0,1.0,7.0,-9.0,0.875,0.75,2.1875,94854.0,0x683f
1678223049.653246,8650.0,3501.0,790.0,21.6875,-15.9375,90.1875,-255.0,-941.0,-11.0,14.0,1.0,-7.0,-0.125,2.0,4.0,94851.5,0x683f
1678223049.717668,8565.0,3385.0,686.0,21.6875,-16.1875,90.3125,-250.0,-939.0,-10.0,25.0,0.0,-6.0,-0.625,4.75,5.0625,94851.5,0x683f
1678223049.77759,8660.0,3517.0,746.0,21.75,-16.3125,90.4375,-294.0,-925.0,-21.0,-17.0,14.0,-13.0,-3.3125,5.6875,3.9375,94851.5,0x683f
1678223049.839463,8646.0,3549.0,819.0,21.6875,-16.375,90.6875,-254.0,-932.0,-13.0,21.0,8.0,-2.0,-3.6875,-4.375,-3.125,94851.5,0x683f
1678223049.8999958,8792.0,3606.0,779.0,21.875,-16.0625,90.8125,-288.0,-939.0,-15.0,-16.0,2.0,-1.0,-0.9375,-0.6875,-5.5625,94851.5,0x683f
1678223049.960416,8790.0,3582.0,738.0,21.9375,-15.8125,90.8125,-293.0,-952.0,-3.0,-26.0,-8.0,10.0,-1.375,-3.125,-3.6875,94851.5,0x683f
1678223050.019933,8708.0,3517.0,656.0,21.75,-15.8125,90.75,-279.0,-940.0,-7.0,-12.0,3.0,6.0,0.1875,-2.5,2.375,94860.0,0x683f
1678223050.0828218,8800.0,3599.0,781.0,21.4375,-15.9375,90.6875,-259.0,-931.0,-12.0,10.0,10.0,0.0,-0.9375,-5.25,1.625,94860.0,0x683f
1678223050.144188,8762.0,3589.0,784.0,21.1875,-15.9375,90.6875,-264.0,-932.0,-10.0,4.0,9.0,0.0,-1.25,-5.0625,-4.25,94860.0,0x683f
1678223050.204347,8777.0,3604.0,774.0,21.125,-15.6875,90.625,-296.0,-916.0,-6.0,-33.0,24.0,0.0,-0.4375,-1.5625,-3.4375,94860.0,0x683f
1678223050.269652,8773.0,3591.0,805.0,21.0,-15.8125,90.625,-306.0,-926.0,-23.0,-36.0,17.0,-13.0,-0.6875,-0.8125,1.625,94860.0,0x683f
1678223050.335285,8767.0,3633.0,853.0,20.3125,-16.1875,90.75,-285.0,-927.0,-34.0,-11.0,13.0,-21.0,-3.75,-8.125,5.0625,94860.0,0x683f
1678223050.39945,8747.0,3495.0,728.0,19.4375,-16.5,90.9375,-274.0,-951.0,-21.0,4.0,-11.0,-5.0,-6.375,-11.1875,3.0625,94859.25,0x683f
1678223050.459757,8732.0,3486.0,700.0,18.3125,-16.6875,91.0625,-294.0,-937.0,-3.0,-12.0,1.0,14.0,-7.125,-19.4375,4.5625,94859.25,0x683f
1678223050.518647,8756.0,3488.0,735.0,16.5,-17.0625,90.9375,-261.0,-921.0,6.0,27.0,14.0,22.0,-4.1875,-24.1875,7.125,94859.25,0x683f
1678223050.5785248,8738.0,3483.0,733.0,14.9375,-17.5625,90.8125,-259.0,-907.0,-24.0,37.0,27.0,-11.0,-2.0,-4.3125,10.125,94859.25,0x683f
1678223050.6393259,8721.0,3349.0,604.0,14.3125,-18.125,90.9375,-282.0,-875.0,-59.0,24.0,55.0,-42.0,-4.9375,-1.3125,8.3125,94859.25,0x683f
1678223050.6991649,8761.0,3444.0,774.0,13.6875,-18.4375,91.5625,-279.0,-883.0,-81.0,31.0,46.0,-52.0,-10.3125,-5.1875,4.125,94859.25,0x683f
1678223050.759739,8785.0,3414.0,756.0,13.0,-18.5,92.3125,-269.0,-988.0,-93.0,42.0,-59.0,-53.0,-12.9375,-7.5625,-1.6875,94859.25,0x683f
1678223050.821667,8847.0,3524.0,954.0,12.625,-18.4375,93.125,-284.0,-995.0,-77.0,25.0,-66.0,-26.0,-11.625,1.9375,1.5625,94859.5,0x683f
1678223050.8798652,8759.0,3325.0,701.0,12.125,-18.5625,93.75,-299.0,-955.0,-49.0,12.0,-28.0,11.0,-11.3125,-13.625,5.8125,94859.5,0x683f
1678223050.9388092,8730.0,3410.0,655.0,10.875,-18.8125,93.875,-276.0,-1006.0,-34.0,30.0,-87.0,18.0,-3.625,-15.5625,5.75,94859.5,0x683f
1678223051.000823,8702.0,3474.0,540.0,10.125,-19.25,93.6875,-472.0,-1033.0,-111.0,-163.0,-113.0,-49.0,5.5625,-5.625,8.8125,94859.5,0x683f
1678223051.063039,8641.0,3571.0,667.0,8.0,-20.0,92.6875,-572.0,-1039.0,-71.0,-256.0,-134.0,-13.0,9.6875,-72.3125,21.125,94859.5,0x683f
