1679503239.830261,8369.0,3476.0,316.0,359.9375,-13.6875,87.0625,-238.0,-943.0,51.0,0.0,7.0,3.0,0.6875,0.6875,-0.125,93081.5,0x683f
1679503239.901094,8543.0,3570.0,337.0,359.875,-13.6875,87.0625,-226.0,-948.0,54.0,6.0,2.0,6.0,-0.1875,-0.3125,-0.5625,93081.5,0x683f
1679503239.963743,8344.0,3462.0,331.0,359.5625,-13.6875,87.0625,-212.0,-948.0,64.0,19.0,2.0,16.0,-0.5625,-2.5625,-0.5,93081.5,0x683f
1679503240.026489,8394.0,3485.0,305.0,359.5,-13.6875,87.0,-226.0,-947.0,52.0,4.0,4.0,9.0,-0.5625,-0.875,-0.5625,93081.5,0x683f
1679503240.088515,8383.0,3497.0,331.0,359.25,-13.625,87.0,-226.0,-951.0,57.0,8.0,0.0,9.0,-0.125,-2.8125,-0.5,93082.75,0x683f
1679503240.152836,8335.0,3432.0,288.0,359.125,-13.625,87.0,-220.0,-954.0,58.0,10.0,-2.0,8.0,-0.0625,-0.625,-0.4375,93082.75,0x683f
1679503240.218268,8930.0,3745.0,386.0,358.875,-13.625,86.9375,-215.0,-953.0,58.0,16.0,-1.0,7.0,0.625,-2.625,-0.5625,93082.75,0x683f
1679503240.286706,8524.0,3558.0,345.0,358.625,-13.5625,86.8125,-218.0,-954.0,53.0,13.0,1.0,0.0,1.3125,-0.375,0.1875,93082.75,0x683f
1679503240.3548338,8551.0,3558.0,317.0,358.5,-13.5625,86.75,-211.0,-952.0,55.0,18.0,0.0,2.0,0.5625,-0.875,-0.4375,93082.75,0x683f
1679503240.427694,8376.0,3465.0,331.0,358.5,-13.5,86.75,-221.0,-951.0,50.0,9.0,0.0,0.0,0.5,0.125,-0.5,93082.75,0x683f
1679503240.492552,8549.0,3555.0,310.0,358.375,-13.5,86.6875,-220.0,-949.0,55.0,8.0,2.0,4.0,0.1875,1.375,-0.25,93079.0,0x683f
1679503240.5556061,8551.0,3557.0,335.0,358.375,-13.5,86.75,-218.0,-951.0,59.0,12.0,1.0,6.0,-0.125,-0.1875,0.375,93079.0,0x683f
1679503240.620737,8548.0,3524.0,320.0,358.375,-13.5,86.75,-218.0,-952.0,59.0,10.0,-3.0,7.0,-0.125,0.375,-0.1875,93079.0,0x683f
1679503240.686868,8532.0,3541.0,321.0,358.375,-13.5,86.75,-225.0,-960.0,63.0,8.0,-2.0,12.0,-0.25,-1.5625,0.0625,93079.0,0x683f
1679503240.753394,8553.0,3537.0,303.0,358.125,-13.5,86.6875,-199.0,-952.0,68.0,30.0,-4.0,10.0,0.3125,-3.3125,-0.625,93079.0,0x683f
1679503240.8189938,8542.0,3539.0,281.0,358.125,-13.3125,86.625,-207.0,-957.0,52.0,17.0,-2.0,-2.0,0.5,0.6875,-0.9375,93079.0,0x683f
1679503240.885779,8578.0,3607.0,295.0,358.25,-13.25,86.625,-212.0,-944.0,54.0,9.0,9.0,9.0,0.1875,1.625,-0.1875,93088.0,0x683f
1679503240.950635,8673.0,3617.0,341.0,358.375,-13.25,86.625,-219.0,-957.0,64.0,5.0,-4.0,9.0,0.5,2.625,0.5,93088.0,0x683f
1679503241.013356,8566.0,3562.0,321.0,358.5,-13.25,86.625,-218.0,-952.0,61.0,4.0,1.0,3.0,0.375,2.1875,0.75,93088.0,0x683f
1679503241.084555,8983.0,3764.0,365.0,358.5,-13.3125,86.6875,-223.0,-948.0,63.0,5.0,1.0,5.0,-0.0625,-0.0625,0.375,93088.0,0x683f
1679503241.154473,8355.0,3483.0,312.0,358.5,-13.3125,86.625,-212.0,-952.0,62.0,9.0,-1.0,5.0,-0.1875,0.125,0.75,93088.0,0x683f
1679503241.219187,8591.0,3567.0,322.0,358.5,-13.3125,86.625,-221.0,-958.0,62.0,6.0,-3.0,4.0,-0.1875,-0.25,0.1875,93088.0,0x683f
1679503241.285126,8601.0,3571.0,324.0,358.4375,-13.3125,86.625,-211.0,-956.0,64.0,11.0,1.0,6.0,-0.1875,0.3125,0.25,93082.5,0x683f
1679503241.353345,8582.0,3567.0,337.0,358.3125,-13.25,86.625,-214.0,-952.0,60.0,11.0,0.0,5.0,0.4375,-0.1875,0.0,93082.5,0x683f
1679503241.423678,8389.0,3456.0,301.0,358.3125,-13.25,86.625,-214.0,-954.0,59.0,10.0,-1.0,3.0,0.0,0.3125,-0.5,93082.5,0x683f
1679503241.486163,8615.0,3577.0,290.0,358.3125,-13.1875,86.5625,-210.0,-955.0,63.0,13.0,-2.0,7.0,-0.4375,-1.0,-0.75,93082.5,0x683f
1679503241.5505679,8378.0,3483.0,305.0,358.3125,-13.125,86.5625,-214.0,-952.0,69.0,6.0,-2.0,13.0,-0.75,-1.4375,-1.25,93082.5,0x683f
1679503241.614645,8867.0,3661.0,365.0,358.3125,-13.0625,86.5625,-219.0,-945.0,63.0,2.0,7.0,6.0,-0.4375,-2.625,-0.1875,93074.0,0x683f
1679503241.68114,8547.0,3580.0,321.0,358.125,-13.0625,86.5625,-211.0,-955.0,59.0,11.0,3.0,3.0,-0.5,-1.8125,0.1875,93074.0,0x683f
1679503241.750797,8398.0,3485.0,294.0,357.875,-13.0625,86.5625,-205.0,-955.0,60.0,16.0,-1.0,4.0,-0.8125,-1.375,0.375,93074.0,0x683f
1679503241.812294,8534.0,3530.0,296.0,357.75,-13.0,86.625,-211.0,-953.0,63.0,9.0,0.0,8.0,-0.25,1.375,0.5625,93074.0,0x683f
1679503241.871508,8568.0,3561.0,303.0,357.8125,-13.0,86.625,-218.0,-957.0,59.0,3.0,-4.0,3.0,0.625,1.5,0.4375,93074.0,0x683f
1679503241.9337971,8572.0,3565.0,337.0,357.875,-13.0,86.625,-213.0,-952.0,56.0,7.0,1.0,1.0,-0.125,1.1875,0.625,93074.0,0x683f
1679503241.995816,8572.0,3565.0,332.0,357.875,-13.0,86.6875,-211.0,-952.0,58.0,9.0,1.0,3.0,-0.125,1.5,0.6875,93083.75,0x683f
1679503242.057714,8569.0,3545.0,325.0,357.875,-13.0625,86.6875,-208.0,-952.0,54.0,13.0,1.0,0.0,-0.125,2.1875,0.5,93083.75,0x683f
1679503242.120123,8602.0,3575.0,317.0,358.0625,-13.0625,86.6875,-220.0,-947.0,54.0,1.0,1.0,3.0,-0.375,1.9375,0.375,93083.75,0x683f
1679503242.1859689,8579.0,3582.0,339.0,358.0625,-13.0625,86.75,-219.0,-954.0,56.0,2.0,0.0,2.0,-0.375,0.8125,0.5625,93083.75,0x683f
1679503242.251688,8385.0,3434.0,304.0,358.1875,-13.0625,86.75,-209.0,-953.0,62.0,12.0,0.0,9.0,-0.5625,-0.4375,0.6875,93083.75,0x683f
1679503242.3141482,8554.0,3554.0,332.0,358.1875,-13.0625,86.8125,-213.0,-953.0,62.0,9.0,0.0,9.0,-1.0,-0.875,-0.125,93083.75,0x683f
1679503242.378152,8598.0,3571.0,324.0,358.25,-13.0625,86.8125,-220.0,-955.0,59.0,2.0,-1.0,7.0,-0.6875,-1.6875,-0.0625,93084.25,0x683f
1679503242.441086,8589.0,3569.0,354.0,358.125,-13.0625,86.875,-223.0,-953.0,55.0,-1.0,2.0,8.0,-0.75,-1.8125,0.375,93084.25,0x683f
1679503242.504632,8613.0,3587.0,354.0,357.9375,-13.0625,86.875,-211.0,-954.0,57.0,10.0,0.0,5.0,-0.5625,-3.375,0.5,93084.25,0x683f
1679503242.566636,8591.0,3574.0,373.0,357.8125,-13.0625,86.8125,-217.0,-949.0,54.0,4.0,3.0,2.0,-0.1875,-1.1875,0.875,93084.25,0x683f
1679503242.6401439,8387.0,3467.0,342.0,357.6875,-13.125,86.8125,-211.0,-953.0,51.0,12.0,0.0,-1.0,0.3125,-0.0625,0.625,93084.25,0x683f
1679503242.708708,8396.0,3477.0,339.0,357.8125,-13.125,86.8125,-218.0,-951.0,54.0,5.0,1.0,1.0,-0.375,-1.75,0.1875,93084.25,0x683f
1679503242.771018,8945.0,3725.0,4374.0,357.75,-13.125,86.8125,-212.0,-952.0,56.0,9.0,1.0,0.0,0.0,-0.5625,0.125,93080.0,0x683f
1679503242.8332212,8579.0,3575.0,354.0,357.6875,-13.125,86.8125,-213.0,-953.0,51.0,10.0,0.0,-1.0,0.1875,0.375,0.3125,93080.0,0x683f
1679503242.897624,8567.0,3556.0,355.0,357.75,-13.125,86.8125,-218.0,-951.0,50.0,4.0,1.0,-2.0,-0.4375,2.5,0.0,93080.0,0x683f
1679503242.960981,8552.0,3568.0,340.0,357.875,-13.125,86.8125,-215.0,-948.0,57.0,6.0,1.0,2.0,-0.375,1.9375,0.125,93080.0,0x683f
1679503243.025225,8562.0,3585.0,380.0,358.0,-13.1875,86.875,-215.0,-947.0,54.0,8.0,5.0,3.0,-0.625,1.3125,-0.25,93080.0,0x683f
1679503243.088023,8583.0,3573.0,375.0,358.1875,-13.1875,86.9375,-217.0,-954.0,53.0,6.0,0.0,2.0,-0.8125,1.5625,-0.6875,93080.0,0x683f
1679503243.147729,8567.0,3574.0,369.0,358.25,-13.1875,86.9375,-217.0,-951.0,51.0,5.0,0.0,4.0,-0.625,1.0,-0.125,93072.25,0x683f
1679503243.210359,8594.0,3584.0,364.0,358.125,-13.1875,87.0,-225.0,-953.0,53.0,-1.0,0.0,4.0,-0.4375,2.0625,-0.625,93072.25,0x683f
1679503243.275427,8363.0,3450.0,363.0,358.1875,-13.1875,87.0,-222.0,-950.0,48.0,1.0,0.0,4.0,0.0,-0.625,0.25,93072.25,0x683f
1679503243.345666,8574.0,3585.0,376.0,358.0625,-13.1875,87.0,-221.0,-952.0,49.0,2.0,0.0,0.0,0.25,0.6875,0.25,93072.25,0x683f
1679503243.413456,8605.0,3601.0,342.0,358.125,-13.1875,87.0,-217.0,-955.0,55.0,5.0,0.0,1.0,0.5,-0.375,0.5625,93072.25,0x683f
1679503243.483048,8603.0,3574.0,320.0,358.375,-13.1875,87.0,-219.0,-952.0,56.0,7.0,-2.0,8.0,0.8125,-0.1875,0.5625,93072.25,0x683f
1679503243.559353,8580.0,3567.0,328.0,358.4375,-13.25,86.9375,-213.0,-954.0,57.0,11.0,0.0,6.0,1.375,0.5625,0.5625,93079.0,0x683f
1679503243.629521,8390.0,3504.0,352.0,358.4375,-13.3125,86.8125,-212.0,-952.0,59.0,11.0,-1.0,11.0,1.125,0.625,0.75,93079.0,0x683f
1679503243.697394,8576.0,3546.0,315.0,358.5,-13.3125,86.75,-218.0,-947.0,61.0,8.0,2.0,10.0,1.1875,-0.6875,-0.375,93079.0,0x683f
1679503243.7611961,8403.0,3485.0,344.0,358.3125,-13.25,86.6875,-216.0,-951.0,61.0,6.0,2.0,2.0,0.5,-2.1875,-1.0625,93079.0,0x683f
1679503243.8264189,8393.0,3482.0,326.0,358.25,-13.1875,86.625,-215.0,-952.0,52.0,8.0,1.0,0.0,0.125,-1.3125,-0.9375,93079.0,0x683f
1679503243.894352,8571.0,3560.0,346.0,358.25,-13.125,86.625,-217.0,-948.0,55.0,5.0,5.0,0.0,-1.0,-0.75,-0.1875,93074.25,0x683f
1679503243.966783,8546.0,3517.0,316.0,358.125,-13.125,86.6875,-213.0,-949.0,56.0,6.0,-2.0,0.0,-0.9375,0.0625,-0.5625,93074.25,0x683f
1679503244.033134,8553.0,3570.0,317.0,358.125,-13.125,86.75,-213.0,-952.0,56.0,12.0,-1.0,4.0,-1.1875,-0.6875,0.125,93074.25,0x683f
1679503244.096402,8573.0,3571.0,306.0,358.125,-13.125,86.8125,-215.0,-947.0,57.0,7.0,5.0,4.0,-1.0625,1.3125,0.1875,93074.25,0x683f
1679503244.165751,8538.0,3551.0,334.0,358.125,-13.125,86.8125,-212.0,-953.0,57.0,15.0,5.0,8.0,-1.875,-2.6875,-0.25,93074.25,0x683f
1679503244.2318988,8554.0,3570.0,327.0,357.9375,-13.0625,86.9375,-233.0,-934.0,56.0,-15.0,16.0,0.0,-2.25,-7.4375,-1.625,93074.25,0x683f
1679503244.298372,8584.0,3555.0,372.0,357.0625,-12.9375,86.8125,-219.0,-966.0,91.0,0.0,-12.0,38.0,-1.125,-16.9375,0.3125,93079.0,0x683f
1679503244.3611252,8658.0,3600.0,411.0,356.0625,-13.0,86.5,-220.0,-985.0,118.0,-13.0,-38.0,49.0,3.75,-6.75,4.6875,93079.0,0x683f
1679503244.424911,8432.0,3512.0,412.0,355.1875,-13.3125,85.75,-245.0,-973.0,129.0,-28.0,-35.0,61.0,8.8125,-14.25,7.75,93079.0,0x683f
1679503244.489113,8617.0,3333.0,644.0,353.5625,-13.9375,84.625,-336.0,-1034.0,122.0,-99.0,-87.0,34.0,18.75,-28.5625,23.875,93079.0,0x683f
1679503244.5509,8919.0,3460.0,748.0,350.0625,-16.0,83.0,-525.0,-1085.0,73.0,-254.0,-149.0,-40.0,21.0,-52.9375,69.3125,93079.0,0x683f
1679503244.6136918,8742.0,3348.0,682.0,340.625,-20.9375,79.6875,-661.0,-1117.0,131.0,-280.0,-178.0,-29.0,18.125,-103.4375,118.3125,93079.0,0x683f
1679503244.681667,8381.0,2882.0,610.0,328.6875,-27.375,75.4375,-747.0,-972.0,171.0,-290.0,-130.0,-31.0,9.6875,-98.8125,159.3125,93077.75,0x683f
1679503244.745246,8841.0,3258.0,860.0,315.4375,-36.0625,70.5625,-825.0,-717.0,221.0,-196.0,19.0,-65.0,0.0,-49.8125,206.125,93077.75,0x683f
1679503244.810397,8687.0,2945.0,494.0,296.3125,-49.8125,61.9375,-766.0,-460.0,214.0,-43.0,137.0,-108.0,-29.5625,-63.8125,208.875,93077.75,0x683f
1679503244.8760252,8792.0,3016.0,653.0,282.0625,-56.625,50.3125,-667.0,-279.0,234.0,148.0,144.0,-116.0,-39.3125,-84.125,171.4375,93077.75,0x683f
1679503244.939989,8799.0,2914.0,675.0,270.625,-58.6875,36.6875,-650.0,-208.0,245.0,204.0,112.0,-162.0,-37.0,-102.5625,108.375,93077.75,0x683f
1679503245.010813,8783.0,2767.0,835.0,261.875,-56.1875,25.9375,-712.0,-177.0,234.0,95.0,57.0,-267.0,-41.875,-105.3125,38.625,93077.75,0x683f
1679503245.074177,8436.0,2538.0,714.0,257.75,-50.25,22.8125,-647.0,-242.0,347.0,112.0,1.0,-220.0,-44.9375,-99.6875,-4.3125,93080.0,0x683f
1679503245.139223,8844.0,2681.0,734.0,256.5625,-44.875,24.5,-564.0,-408.0,380.0,118.0,-110.0,-257.0,-56.125,-73.1875,-37.4375,93080.0,0x683f
1679503245.211075,8918.0,2873.0,635.0,257.1875,-37.9375,28.1875,-416.0,-617.0,561.0,168.0,-240.0,-129.0,-44.1875,-118.3125,-66.125,93080.0,0x683f
1679503245.275605,8920.0,2857.0,517.0,259.0,-29.0,31.1875,-285.0,-729.0,706.0,173.0,-275.0,-31.0,-39.125,-95.3125,-69.375,93080.0,0x683f
1679503245.3435981,8716.0,2861.0,471.0,261.25,-23.75,34.3125,-314.0,-837.0,710.0,51.0,-386.0,-17.0,-25.3125,-11.375,-37.3125,93080.0,0x683f
1679503245.410939,9007.0,3059.0,627.0,261.875,-23.1875,35.0625,-325.0,-703.0,822.0,65.0,-187.0,86.0,5.0625,38.5,22.0,93070.75,0x683f
1679503245.473769,8891.0,3072.0,707.0,261.4375,-26.875,34.875,-513.0,-495.0,682.0,-75.0,5.0,-7.0,12.1875,27.625,12.5,93070.75,0x683f
1679503245.53849,8928.0,2870.0,514.0,261.1875,-26.75,33.75,-456.0,-447.0,758.0,-19.0,38.0,26.0,12.4375,-48.4375,-0.9375,93070.75,0x683f
1679503245.605341,8761.0,2631.0,524.0,260.625,-24.75,31.8125,-312.0,-720.0,901.0,71.0,-308.0,128.0,38.875,3.0,11.5625,93070.75,0x683f
1679503245.665169,8813.0,2306.0,351.0,259.6875,-26.375,28.5,-284.0,-739.0,856.0,159.0,-331.0,83.0,75.9375,51.6875,27.5625,93070.75,0x683f
1679503245.7303302,8872.0,2423.0,945.0,259.375,-31.625,23.125,-404.0,-588.0,700.0,109.0,-259.0,-66.0,87.5625,96.1875,33.4375,93070.75,0x683f
1679503245.79308,8625.0,2751.0,745.0,257.5625,-38.625,18.25,-525.0,-508.0,680.0,126.0,-236.0,-74.0,85.9375,153.75,50.25,93081.0,0x683f
1679503245.854475,9027.0,3207.0,743.0,257.0625,-47.875,12.6875,-615.0,-300.0,530.0,126.0,-171.0,-97.0,106.75,124.75,33.5625,93081.0,0x683f
1679503245.920558,8768.0,2917.0,761.0,258.5625,-54.1875,6.125,-624.0,-156.0,505.0,179.0,-105.0,-54.0,123.875,73.5,-14.0,93081.0,0x683f
1679503245.988364,9077.0,3243.0,786.0,265.0625,-58.75,0.5,-702.0,26.0,425.0,141.0,27.0,-74.0,136.0625,59.8125,-56.875,93081.0,0x683f
1679503246.0518138,8974.0,3031.0,835.0,275.1875,-62.8125,-0.0625,-758.0,95.0,297.0,68.0,87.0,-172.0,130.8125,71.25,-88.375,93081.0,0x683f
1679503246.1201558,8761.0,3149.0,772.0,285.0625,-66.6875,4.5,-817.0,36.0,143.0,87.0,74.0,-231.0,105.4375,82.8125,-91.4375,93081.0,0x683f
1679503246.1837702,8700.0,2743.0,961.0,296.1875,-68.8125,15.4375,-955.0,5.0,61.0,-43.0,112.0,-281.0,69.875,-6.875,-108.375,93073.75,0x683f
1679503246.249913,8511.0,2986.0,901.0,305.6875,-67.9375,29.625,-1331.0,-217.0,-85.0,-422.0,-35.0,-405.0,36.0,12.5625,-83.6875,93073.75,0x683f
1679503246.3160052,8421.0,3024.0,979.0,310.5,-61.6875,32.375,-1073.0,-310.0,181.0,-241.0,-75.0,-187.0,7.875,-135.0625,-67.9375,93073.75,0x683f
1679503246.389218,9173.0,3521.0,856.0,312.4375,-49.0625,28.125,-785.0,-222.0,367.0,14.0,64.0,-164.0,-12.5625,-248.375,-51.3125,93073.75,0x683f
1679503246.455509,8705.0,3193.0,565.0,311.875,-36.375,25.9375,-492.0,-301.0,713.0,61.0,-17.0,73.0,-18.5625,-81.0,-15.5625,93073.75,0x683f
1679503246.5164149,8737.0,3278.0,561.0,311.75,-32.9375,26.125,-412.0,-423.0,846.0,117.0,-60.0,105.0,-0.375,-7.8125,-6.4375,93073.75,0x683f
1679503246.5829718,8762.0,3315.0,756.0,311.8125,-32.1875,25.6875,-474.0,-388.0,772.0,49.0,-28.0,25.0,1.9375,-6.25,5.5625,93071.5,0x683f
1679503246.648245,8772.0,3276.0,642.0,311.375,-32.3125,25.1875,-503.0,-399.0,725.0,34.0,-51.0,15.0,0.75,-34.6875,2.3125,93071.5,0x683f
1679503246.718604,8392.0,2962.0,913.0,310.6875,-31.0,24.75,-597.0,-393.0,772.0,-148.0,-40.0,-41.0,-0.5,-17.9375,5.875,93071.5,0x683f
1679503246.7857869,8523.0,3105.0,830.0,309.875,-28.875,24.25,-510.0,-298.0,665.0,17.0,-38.0,19.0,-6.375,-49.6875,-2.875,93071.5,0x683f
1679503246.850871,8520.0,3136.0,813.0,309.5625,-26.75,24.1875,-478.0,-378.0,828.0,-29.0,-20.0,27.0,-5.3125,-7.9375,-2.125,93071.5,0x683f
1679503246.915184,8544.0,3111.0,844.0,309.5,-26.5,24.5625,-453.0,-376.0,843.0,21.0,-12.0,46.0,-3.8125,3.8125,-3.0625,93071.5,0x683f
1679503246.9791832,9009.0,3550.0,626.0,309.8125,-27.25,25.0625,-425.0,-406.0,773.0,27.0,-35.0,-13.0,-4.5,23.4375,-3.3125,93074.75,0x683f
1679503247.041203,8991.0,3463.0,738.0,310.0,-28.9375,25.9375,-498.0,-432.0,797.0,-23.0,-56.0,26.0,-3.9375,32.3125,-1.75,93074.75,0x683f
1679503247.1073668,8338.0,2923.0,918.0,310.3125,-31.375,26.625,-560.0,-409.0,746.0,-91.0,-45.0,-12.0,3.75,45.4375,0.6875,93074.75,0x683f
1679503247.1743329,8747.0,3366.0,710.0,310.1875,-33.375,26.625,-615.0,-387.0,728.0,-98.0,-26.0,-17.0,10.125,20.375,11.4375,93074.75,0x683f
1679503247.240841,8502.0,3105.0,870.0,308.6875,-34.75,25.25,-779.0,-368.0,733.0,-219.0,-24.0,5.0,11.4375,5.9375,28.9375,93074.75,0x683f
1679503247.306033,8534.0,3146.0,785.0,305.375,-36.75,22.4375,-796.0,-136.0,770.0,-237.0,201.0,19.0,10.1875,27.75,69.6875,93067.0,0x683f
1679503247.373677,8924.0,3194.0,813.0,300.4375,-39.5,19.1875,-710.0,37.0,715.0,-53.0,296.0,-4.0,-8.375,11.5625,84.9375,93067.0,0x683f
1679503247.444491,8577.0,2892.0,994.0,295.375,-42.4375,16.6875,-735.0,48.0,540.0,-66.0,252.0,-147.0,-37.625,28.3125,68.125,93067.0,0x683f
1679503247.514107,8427.0,2712.0,1174.0,289.8125,-45.5,17.0625,-602.0,-95.0,512.0,92.0,26.0,-168.0,-64.0,41.4375,29.4375,93067.0,0x683f
1679503247.579626,8472.0,2904.0,816.0,288.0625,-46.9375,21.75,-531.0,-364.0,472.0,185.0,-115.0,-148.0,-68.125,-28.0625,-31.8125,93067.0,0x683f
1679503247.6417542,8585.0,2817.0,829.0,288.75,-45.375,27.125,-585.0,-498.0,512.0,112.0,-183.0,-99.0,-52.6875,-1.375,-50.3125,93067.0,0x683f
1679503247.707278,9202.0,3048.0,759.0,290.625,-43.1875,33.0625,-535.0,-544.0,524.0,130.0,-184.0,-68.0,-38.375,-9.5625,-49.8125,93083.5,0x683f
1679503247.811647,8534.0,2369.0,836.0,292.6875,-40.8125,37.0625,-550.0,-604.0,567.0,64.0,-136.0,-36.0,-23.5,-25.0,-29.0,93083.5,0x683f
1679503247.878596,8779.0,2475.0,871.0,293.8125,-36.6875,40.0625,-490.0,-636.0,600.0,95.0,-129.0,0.0,-18.8125,-41.875,-20.875,93083.5,0x683f
1679503247.95204,8700.0,2438.0,889.0,293.875,-33.9375,40.5,-443.0,-715.0,627.0,176.0,-231.0,175.0,-10.125,-48.8125,-20.5625,93083.5,0x683f
1679503248.0201468,8764.0,2656.0,1004.0,294.0,-32.9375,40.4375,-457.0,-755.0,811.0,90.0,-221.0,88.0,6.0625,54.75,18.8125,93083.5,0x683f
1679503248.0906491,8686.0,2670.0,914.0,294.25,-37.4375,41.1875,-462.0,-793.0,649.0,83.0,-280.0,16.0,19.4375,143.625,44.125,93069.25,0x683f
1679503248.160467,8561.0,2531.0,907.0,293.625,-48.625,41.75,-681.0,-653.0,426.0,37.0,-190.0,-85.0,29.6875,117.9375,86.0,93069.25,0x683f
1679503248.226321,8520.0,2790.0,790.0,290.1875,-57.625,40.0,-839.0,-570.0,248.0,-19.0,-193.0,-156.0,14.875,66.6875,90.125,93069.25,0x683f
1679503248.2881842,8762.0,2879.0,755.0,285.75,-63.0625,34.8125,-895.0,-382.0,229.0,-21.0,-128.0,-134.0,1.8125,22.875,90.1875,93069.25,0x683f
1679503248.361393,8683.0,2791.0,889.0,280.0,-67.8125,25.5625,-909.0,-208.0,233.0,-20.0,-28.0,-119.0,-0.625,35.8125,82.9375,93069.25,0x683f
1679503248.426552,8836.0,2854.0,588.0,275.125,-71.1875,14.375,-903.0,-14.0,339.0,25.0,78.0,24.0,1.375,27.4375,70.1875,93069.25,0x683f
1679503248.4893508,9088.0,3169.0,883.0,270.6875,-74.8125,-0.4375,-946.0,133.0,252.0,-22.0,139.0,-2.0,7.375,44.125,66.9375,93078.5,0x683f
1679503248.554432,8551.0,2826.0,570.0,267.625,-75.5625,-14.0,-844.0,199.0,214.0,112.0,137.0,-27.0,3.375,-0.625,44.0625,93078.5,0x683f
1679503248.617609,8810.0,2839.0,800.0,265.4375,-74.5625,-21.75,-879.0,213.0,222.0,64.0,110.0,-22.0,-3.375,-18.125,21.9375,93078.5,0x683f
1679503248.682752,9085.0,2985.0,708.0,264.125,-72.0625,-22.75,-953.0,204.0,150.0,-55.0,98.0,-156.0,-12.3125,-67.6875,7.75,93078.5,0x683f
1679503248.746441,8634.0,3185.0,480.0,263.9375,-66.0,-18.25,-1068.0,57.0,405.0,-184.0,-69.0,1.0,-0.375,-168.4375,12.8125,93078.5,0x683f
1679503248.811477,8859.0,3350.0,552.0,263.125,-57.0,-16.5625,-894.0,151.0,491.0,-71.0,-1.0,-20.0,11.0625,-92.0625,42.5625,93078.5,0x683f
1679503248.8737102,8478.0,3007.0,854.0,261.8125,-49.75,-16.75,-622.0,130.0,579.0,103.0,-20.0,-90.0,-4.75,-112.875,36.75,93078.25,0x683f
1679503248.9363468,8812.0,3286.0,712.0,260.4375,-41.8125,-15.3125,-218.0,358.0,607.0,422.0,167.0,-110.0,-37.875,-113.3125,26.3125,93078.25,0x683f
1679503249.005708,8808.0,3273.0,645.0,258.125,-40.4375,-13.5,-609.0,292.0,581.0,22.0,123.0,-148.0,-42.625,-33.25,-3.9375,93078.25,0x683f
1679503249.0659719,8812.0,3288.0,652.0,257.8125,-38.9375,-10.4375,-631.0,187.0,751.0,-12.0,53.0,3.0,-38.125,24.1875,-5.125,93078.25,0x683f
1679503249.1279612,8809.0,3310.0,698.0,257.1875,-40.8125,-8.4375,-703.0,69.0,888.0,-61.0,-39.0,154.0,-15.875,19.625,-1.375,93078.25,0x683f
1679503249.189913,8318.0,2746.0,665.0,256.875,-43.125,-8.4375,-658.0,31.0,920.0,12.0,-73.0,213.0,11.0,74.375,3.5,93078.25,0x683f
1679503249.252854,8630.0,2838.0,576.0,256.4375,-49.125,-11.4375,-769.0,121.0,744.0,-28.0,-5.0,115.0,41.4375,122.0,15.0,93077.75,0x683f
1679503249.316663,8838.0,3166.0,814.0,256.3125,-56.0,-17.0,-1040.0,260.0,404.0,-218.0,95.0,-105.0,33.4375,96.6875,7.125,93077.75,0x683f
1679503249.374787,8906.0,3245.0,758.0,257.0,-57.25,-18.9375,-901.0,72.0,594.0,-76.0,-99.0,93.0,30.4375,-65.25,-15.5625,93077.75,0x683f
1679503249.435873,8807.0,3049.0,904.0,258.6875,-54.625,-18.625,-904.0,142.0,440.0,-108.0,-42.0,-101.0,38.0625,-39.8125,0.875,93077.75,0x683f
1679503249.4984078,8821.0,3033.0,859.0,260.25,-50.6875,-20.1875,-850.0,7.0,576.0,-91.0,-206.0,-6.0,44.9375,-139.1875,-1.4375,93077.75,0x683f
1679503249.561738,8581.0,3012.0,957.0,262.125,-43.9375,-21.4375,-783.0,325.0,775.0,-102.0,67.0,118.0,53.0625,-61.625,26.6875,93077.75,0x683f
1679503249.6261408,8628.0,3077.0,904.0,262.25,-39.1875,-24.4375,-894.0,238.0,725.0,-288.0,-86.0,26.0,52.25,-97.375,48.4375,93076.25,0x683f
1679503249.689136,8973.0,3216.0,1084.0,261.0,-31.875,-28.375,-544.0,266.0,567.0,-43.0,-145.0,-167.0,75.0625,-84.4375,82.8125,93076.25,0x683f
1679503249.7509792,8932.0,3253.0,978.0,258.0625,-24.625,-34.625,-243.0,92.0,164.0,165.0,-414.0,-568.0,71.0,-58.9375,72.6875,93076.25,0x683f
1679503249.817413,8547.0,3146.0,817.0,258.1875,-20.25,-36.75,1200.0,86.0,-776.0,1533.0,-454.0,-1522.0,-49.1875,-93.25,-55.375,93076.25,0x683f
1679503249.8823712,8554.0,3153.0,831.0,267.1875,-28.125,-20.625,522.0,-77.0,198.0,985.0,-382.0,-610.0,-324.375,340.625,-312.0,93076.25,0x683f
1679503249.946183,8781.0,3247.0,806.0,276.0625,-44.0625,1.0625,-2814.0,-646.0,2668.0,-2127.0,-633.0,1969.0,-2.9375,41.375,6.6875,93076.25,0x683f
1679503250.011318,8770.0,3227.0,851.0,269.8125,-43.5625,-14.1875,-1058.0,383.0,874.0,-382.0,209.0,185.0,123.4375,-36.75,189.25,93075.25,0x683f
1679503250.075596,8701.0,3043.0,908.0,262.5625,-36.0625,-27.125,-205.0,-7.0,362.0,621.0,-480.0,-520.0,80.0,-93.625,144.6875,93075.25,0x683f
1679503250.145335,8949.0,3482.0,696.0,259.6875,-30.125,-32.1875,2111.0,348.0,-639.0,2657.0,-164.0,-1385.0,-108.375,123.75,-91.25,93075.25,0x683f
1679503250.21196,8393.0,2856.0,795.0,269.25,-44.75,-12.4375,-1392.0,-672.0,-75.0,-2354.0,-1284.0,-155.0,-256.5,274.875,-436.25,93075.25,0x683f
1679503250.277123,8803.0,3005.0,780.0,279.5,-53.25,13.75,-2471.0,30.0,2136.0,-1674.0,135.0,1573.0,125.0,72.875,167.125,93075.25,0x683f
1679503250.3391721,8757.0,3162.0,696.0,272.3125,-51.5625,-8.3125,-559.0,220.0,625.0,321.0,49.0,-25.0,101.9375,-101.125,165.75,93075.25,0x683f
1679503250.401597,8883.0,3044.0,976.0,267.4375,-44.5625,-20.3125,0.0,6.0,624.0,689.0,-258.0,-140.0,66.75,-45.9375,86.9375,93072.0,0x683f
1679503250.4650738,8808.0,3059.0,871.0,264.25,-45.0625,-29.375,-445.0,91.0,34.0,233.0,-263.0,-526.0,37.6875,75.875,36.25,93072.0,0x683f
1679503250.526103,8573.0,3079.0,894.0,264.125,-46.0625,-32.5625,-529.0,188.0,437.0,170.0,-175.0,-144.0,19.875,-84.375,-40.125,93072.0,0x683f
1679503250.587765,8686.0,3156.0,756.0,270.375,-41.3125,-26.1875,-115.0,201.0,662.0,121.0,-134.0,-254.0,-5.4375,-101.625,-97.75,93072.0,0x683f
1679503250.652443,8637.0,3276.0,807.0,277.375,-38.6875,-17.375,-461.0,227.0,454.0,88.0,-42.0,-363.0,-67.8125,-59.625,-94.6875,93072.0,0x683f
1679503250.719444,8503.0,3147.0,822.0,281.3125,-39.8125,-7.625,-580.0,55.0,847.0,47.0,-44.0,100.0,-72.75,41.375,-81.625,93072.0,0x683f
1679503250.782104,8489.0,3196.0,923.0,284.8125,-41.0625,-1.125,-744.0,-58.0,754.0,-99.0,-73.0,15.0,-41.0625,-22.0,-75.125,93065.5,0x683f
1679503250.8458052,8516.0,2963.0,602.0,288.125,-40.25,5.4375,-707.0,-127.0,810.0,-120.0,-165.0,160.0,-45.1875,3.3125,-54.0625,93065.5,0x683f
1679503250.9073868,8555.0,2926.0,697.0,289.625,-40.4375,9.0625,-834.0,-177.0,769.0,-168.0,-17.0,26.0,-19.125,-9.0,-20.0,93065.5,0x683f
1679503250.9684658,8553.0,2818.0,657.0,290.0625,-40.0,10.75,-667.0,-127.0,767.0,-36.0,12.0,29.0,-14.6875,5.375,-9.0,93065.5,0x683f
1679503251.028672,8688.0,2990.0,746.0,290.1875,-40.0,11.875,-633.0,-154.0,753.0,-2.0,0.0,19.0,-11.875,-0.8125,-5.75,93065.5,0x683f
1679503251.092752,8713.0,3119.0,733.0,290.25,-40.5625,12.9375,-639.0,-125.0,671.0,-7.0,37.0,-56.0,-12.0,12.75,-3.9375,93065.5,0x683f
1679503251.160844,8599.0,3240.0,508.0,290.25,-41.1875,14.125,-651.0,-213.0,725.0,-67.0,-54.0,14.0,-14.8125,12.5625,-2.25,93069.25,0x683f
1679503251.228742,8568.0,3212.0,528.0,290.0,-41.625,14.9375,-709.0,-232.0,710.0,-57.0,-42.0,4.0,-10.75,3.8125,2.4375,93069.25,0x683f
1679503251.292896,8615.0,3120.0,646.0,289.4375,-42.0,15.4375,-651.0,-207.0,709.0,21.0,-7.0,0.0,-8.1875,-2.125,3.5625,93069.25,0x683f
1679503251.361433,8728.0,3288.0,472.0,289.125,-42.0,16.0,-639.0,-181.0,682.0,7.0,6.0,-13.0,-10.8125,0.8125,-3.1875,93069.25,0x683f
1679503251.4272661,8418.0,2995.0,632.0,289.3125,-41.875,16.6875,-635.0,-170.0,719.0,19.0,40.0,21.0,-0.625,5.5625,-9.3125,93069.25,0x683f
1679503251.497504,8602.0,3141.0,572.0,289.75,-41.625,17.4375,-749.0,-277.0,730.0,-66.0,-86.0,28.0,2.1875,-20.0,-11.0625,93078.25,0x683f
1679503251.570053,8570.0,3092.0,607.0,289.3125,-40.0625,17.5,-576.0,-318.0,730.0,55.0,-82.0,13.0,-2.875,-21.0,-5.5625,93078.25,0x683f
1679503251.638744,8945.0,3234.0,483.0,288.8125,-38.875,17.9375,-557.0,-301.0,737.0,48.0,-54.0,24.0,0.6875,-13.3125,-8.3125,93078.25,0x683f
1679503251.713161,8270.0,2873.0,664.0,288.75,-37.75,18.25,-540.0,-281.0,773.0,45.0,-41.0,16.0,8.8125,-4.5,-12.375,93078.25,0x683f
1679503251.779445,8734.0,3145.0,543.0,288.75,-37.0,18.25,-556.0,-323.0,774.0,32.0,-78.0,30.0,11.375,-6.625,-11.1875,93078.25,0x683f
1679503251.8468301,8223.0,2775.0,504.0,288.25,-35.9375,18.3125,-567.0,-320.0,771.0,22.0,-55.0,18.0,14.8125,-4.3125,-10.875,93078.25,0x683f
1679503251.916317,8374.0,2870.0,781.0,288.5625,-35.625,18.1875,-601.0,-262.0,750.0,-26.0,-22.0,19.0,9.4375,-4.0625,-17.4375,93078.75,0x683f
1679503251.9870322,8703.0,3053.0,532.0,287.625,-34.375,18.25,-554.0,-280.0,707.0,32.0,-17.0,-93.0,7.625,-20.0625,-15.625,93078.75,0x683f
1679503252.0517938,8625.0,2969.0,634.0,288.625,-33.25,18.1875,-559.0,-275.0,672.0,-20.0,-19.0,-105.0,9.0625,1.9375,-6.25,93078.75,0x683f
1679503252.117538,8450.0,2843.0,653.0,289.0625,-33.625,17.875,-575.0,-264.0,695.0,-31.0,-10.0,-75.0,12.0,9.0625,-1.9375,93078.75,0x683f
1679503252.1808739,8444.0,2819.0,616.0,289.5625,-34.5625,17.6875,-587.0,-240.0,756.0,-23.0,11.0,-3.0,5.0,6.0625,-2.25,93078.75,0x683f
1679503252.241456,8448.0,2915.0,583.0,289.625,-34.5625,17.5625,-590.0,-238.0,740.0,-20.0,10.0,-26.0,-1.5,-8.875,0.375,93070.5,0x683f
1679503252.3040771,8766.0,3132.0,659.0,289.375,-34.0,17.5,-551.0,-238.0,748.0,-15.0,7.0,-27.0,-3.4375,-10.625,4.0,93070.5,0x683f
1679503252.374335,8543.0,3010.0,680.0,288.875,-33.75,17.4375,-558.0,-258.0,759.0,-14.0,-14.0,-18.0,-2.6875,-9.125,8.5625,93070.5,0x683f
1679503252.437799,8538.0,2991.0,698.0,288.0625,-33.6875,17.125,-547.0,-244.0,759.0,-2.0,-5.0,-20.0,0.1875,-2.875,14.3125,93070.5,0x683f
1679503252.505481,8602.0,3112.0,768.0,287.0625,-34.0,16.5625,-525.0,-211.0,740.0,15.0,25.0,-34.0,-1.5,3.5,12.4375,93070.5,0x683f
1679503252.574414,8577.0,3042.0,735.0,286.375,-34.625,16.25,-538.0,-196.0,761.0,17.0,23.0,-17.0,-2.0,6.8125,6.3125,93070.5,0x683f
1679503252.6382778,8643.0,3089.0,749.0,286.125,-35.125,16.25,-566.0,-212.0,719.0,-1.0,12.0,-49.0,-4.6875,3.5,1.1875,93076.75,0x683f
1679503252.7027571,8794.0,3035.0,715.0,285.9375,-35.0625,16.5625,-590.0,-210.0,750.0,-22.0,21.0,-17.0,-7.25,-4.0,2.0,93076.75,0x683f
1679503252.767966,8622.0,2862.0,715.0,285.5,-35.3125,16.8125,-592.0,-247.0,772.0,-23.0,-15.0,7.0,-5.6875,11.0,11.25,93076.75,0x683f
1679503252.831591,8634.0,3013.0,475.0,284.5,-36.5,16.75,-637.0,-254.0,731.0,-53.0,-27.0,-22.0,-4.875,18.0,18.0625,93076.75,0x683f
1679503252.897047,8700.0,2973.0,693.0,283.375,-37.8125,16.5,-647.0,-120.0,849.0,-41.0,98.0,110.0,-9.0625,25.0625,21.5625,93076.75,0x683f
1679503252.9676669,8622.0,2922.0,864.0,281.6875,-40.6875,15.9375,-709.0,0.0,796.0,-71.0,210.0,87.0,-2.1875,36.75,33.25,93076.75,0x683f
1679503253.031204,8881.0,3200.0,837.0,279.5625,-44.125,14.375,-660.0,-31.0,799.0,22.0,143.0,118.0,10.4375,71.875,43.75,93081.25,0x683f
1679503253.09583,8594.0,2819.0,1061.0,277.8125,-49.3125,12.6875,-827.0,-59.0,524.0,-57.0,58.0,-60.0,-1.25,63.1875,37.875,93081.25,0x683f
1679503253.15787,8780.0,2844.0,985.0,276.0,-52.5625,11.125,-431.0,-150.0,807.0,354.0,-38.0,232.0,2.9375,97.125,20.875,93081.25,0x683f
1679503253.220345,8706.0,2783.0,1042.0,273.375,-61.25,11.25,-1080.0,-76.0,153.0,-219.0,15.0,-308.0,-0.6875,96.1875,14.375,93081.25,0x683f
1679503253.2858088,8815.0,2630.0,958.0,272.875,-63.25,11.5,-550.0,-247.0,712.0,310.0,-158.0,251.0,-1.375,45.3125,18.9375,93081.25,0x683f
1679503253.35423,8797.0,2621.0,1004.0,271.125,-69.375,10.4375,-973.0,-182.0,410.0,-55.0,-120.0,71.0,-3.125,69.5625,33.9375,93081.25,0x683f
1679503253.420653,8824.0,2623.0,1006.0,268.25,-70.8125,7.5625,-705.0,-90.0,390.0,219.0,-47.0,69.0,-17.75,-6.375,1.625,93076.25,0x683f
1679503253.4837902,8942.0,2629.0,973.0,265.1875,-70.25,9.4375,-874.0,-72.0,291.0,36.0,-32.0,-13.0,-19.6875,-19.875,-18.0,93076.25,0x683f
1679503253.546955,8724.0,2813.0,954.0,264.1875,-68.8125,13.125,-973.0,-104.0,214.0,-61.0,-19.0,-133.0,-22.125,-24.875,-21.3125,93076.25,0x683f
1679503253.608948,8658.0,2848.0,946.0,262.5,-66.125,16.0625,-956.0,-322.0,418.0,-59.0,-212.0,37.0,-22.875,-52.875,-8.0625,93076.25,0x683f
1679503253.669306,8886.0,2865.0,988.0,259.5,-64.3125,15.75,-755.0,-262.0,531.0,128.0,-146.0,122.0,-3.6875,22.0625,11.0,93076.25,0x683f
1679503253.73297,8564.0,2789.0,1039.0,257.875,-65.5,15.1875,-857.0,-255.0,484.0,47.0,-149.0,92.0,10.25,4.125,3.6875,93076.25,0x683f
1679503253.795156,8892.0,3052.0,942.0,257.4375,-65.875,14.375,-786.0,-207.0,417.0,109.0,-108.0,32.0,23.3125,15.625,-4.25,93076.25,0x683f
1679503253.859966,8670.0,2897.0,856.0,258.375,-67.0625,14.9375,-825.0,-114.0,328.0,79.0,-15.0,-35.0,27.375,31.125,-18.0625,93076.25,0x683f
1679503253.928462,8478.0,2851.0,746.0,260.1875,-67.875,19.0625,-890.0,-78.0,305.0,35.0,-48.0,-26.0,19.5,5.9375,-49.5,93076.25,0x683f
1679503254.00328,9049.0,3481.0,797.0,263.8125,-67.25,24.875,-984.0,-164.0,326.0,-85.0,11.0,1.0,14.625,5.4375,-39.9375,93076.25,0x683f
1679503254.071511,8669.0,3205.0,806.0,266.8125,-66.5,29.8125,-985.0,-72.0,358.0,-86.0,124.0,20.0,11.6875,9.5625,-21.0,93076.25,0x683f
1679503254.136493,8663.0,3183.0,612.0,268.375,-66.5625,32.0625,-976.0,-44.0,345.0,-71.0,142.0,11.0,4.3125,7.875,-10.9375,93076.25,0x683f
1679503254.20402,8723.0,3358.0,667.0,268.75,-66.625,32.125,-951.0,-81.0,344.0,-45.0,144.0,15.0,3.4375,-10.875,-12.625,93080.0,0x683f
1679503254.279822,8755.0,3247.0,706.0,269.4375,-65.625,32.4375,-974.0,-85.0,342.0,-82.0,133.0,0.0,-1.4375,-15.9375,-13.375,93080.0,0x683f
1679503254.3602931,8730.0,3106.0,877.0,269.75,-63.75,33.25,-903.0,-174.0,377.0,2.0,40.0,37.0,-20.375,-36.0,-13.1875,93080.0,0x683f
1679503254.442019,8824.0,3069.0,888.0,268.9375,-62.0,34.625,-798.0,-385.0,416.0,51.0,-113.0,13.0,-22.125,3.375,-13.0625,93080.0,0x683f
1679503254.514354,8826.0,3061.0,860.0,268.125,-61.375,37.375,-828.0,-411.0,380.0,32.0,-126.0,7.0,-15.375,-11.0625,-2.5625,93080.0,0x683f
1679503254.577866,8823.0,3103.0,706.0,267.0,-61.25,38.0,-827.0,-407.0,372.0,17.0,-94.0,-7.0,-15.0625,6.75,5.3125,93065.0,0x683f
1679503254.643649,8812.0,2979.0,700.0,265.25,-61.9375,38.4375,-840.0,-384.0,365.0,10.0,-97.0,0.0,-12.625,7.1875,12.625,93065.0,0x683f
1679503254.72064,8770.0,2995.0,842.0,263.8125,-63.4375,39.0625,-874.0,-375.0,352.0,-15.0,-68.0,6.0,-6.625,28.625,30.875,93065.0,0x683f
1679503254.7911701,8519.0,2838.0,944.0,261.625,-66.0,38.0625,-883.0,-302.0,355.0,5.0,-48.0,36.0,-4.625,18.0625,28.625,93065.0,0x683f
1679503254.856164,8609.0,2807.0,971.0,259.8125,-67.5625,36.125,-919.0,-228.0,318.0,7.0,4.0,20.0,-4.25,-2.6875,21.4375,93065.0,0x683f
1679503254.916949,8743.0,2962.0,968.0,258.3125,-68.125,34.75,-962.0,-114.0,208.0,-51.0,92.0,-90.0,-7.8125,3.5,14.125,93075.5,0x683f
1679503254.9784892,8748.0,2987.0,1089.0,256.0625,-68.1875,33.625,-996.0,-118.0,159.0,-85.0,92.0,-152.0,-30.625,-24.4375,14.25,93075.5,0x683f
1679503255.047701,8654.0,2853.0,706.0,251.875,-66.6875,31.1875,-994.0,-91.0,202.0,-80.0,105.0,-111.0,-57.5,-48.5,14.875,93075.5,0x683f
1679503255.110772,8367.0,2664.0,775.0,247.625,-64.625,29.8125,-885.0,-138.0,324.0,0.0,70.0,-39.0,-67.9375,-54.0,15.6875,93075.5,0x683f
1679503255.172621,8509.0,2861.0,692.0,243.6875,-62.125,29.5625,-783.0,-208.0,434.0,83.0,18.0,36.0,-68.75,-51.6875,-0.8125,93075.5,0x683f
1679503255.2372391,8212.0,2521.0,781.0,240.75,-59.0625,31.75,-767.0,-318.0,500.0,91.0,-121.0,87.0,-62.0625,-45.0625,-16.25,93075.5,0x683f
1679503255.305673,8762.0,2875.0,561.0,239.4375,-56.6875,34.125,-753.0,-406.0,541.0,51.0,-94.0,84.0,-40.125,-26.875,-14.125,93071.25,0x683f
1679503255.3682518,8666.0,2750.0,547.0,239.125,-54.0,35.875,-733.0,-402.0,516.0,55.0,-60.0,46.0,-25.0,-36.75,-18.9375,93071.25,0x683f
1679503255.4370508,8530.0,2691.0,1087.0,239.5625,-50.0625,35.9375,-732.0,-427.0,634.0,7.0,-58.0,87.0,-2.3125,-41.0625,-17.75,93071.25,0x683f
1679503255.5064902,8844.0,2904.0,266.0,239.75,-48.0,35.6875,-722.0,-368.0,496.0,12.0,21.0,-36.0,-13.1875,-29.6875,-11.5,93071.25,0x683f
1679503255.576332,8528.0,2669.0,279.0,239.375,-45.625,36.125,-670.0,-437.0,557.0,30.0,-33.0,3.0,-17.75,-32.3125,-11.8125,93071.25,0x683f
1679503255.645962,8415.0,2585.0,422.0,239.5,-44.6875,37.0,-634.0,-590.0,639.0,59.0,-171.0,87.0,7.1875,36.6875,3.9375,93071.25,0x683f
1679503255.709306,8631.0,2572.0,224.0,239.4375,-45.5625,36.5625,-745.0,-454.0,524.0,-68.0,-23.0,-100.0,1.75,-12.0,15.4375,93068.75,0x683f
1679503255.772341,8758.0,2927.0,302.0,236.75,-45.4375,35.375,-682.0,-388.0,594.0,-16.0,33.0,6.0,-0.75,-13.1875,4.9375,93068.75,0x683f
1679503255.837779,8920.0,2866.0,253.0,235.9375,-44.3125,34.5625,-658.0,-332.0,592.0,23.0,78.0,16.0,2.3125,-29.5,-5.75,93068.75,0x683f
1679503255.899779,8823.0,2923.0,518.0,235.625,-42.1875,34.25,-657.0,-381.0,650.0,1.0,27.0,49.0,-3.8125,-20.6875,-16.1875,93068.75,0x683f
1679503255.9639769,8858.0,2876.0,480.0,235.375,-41.25,34.375,-674.0,-449.0,721.0,-23.0,-12.0,106.0,3.4375,0.8125,-7.9375,93068.75,0x683f
1679503256.0293021,8616.0,2712.0,255.0,235.125,-43.0625,35.75,-492.0,-400.0,615.0,186.0,17.0,44.0,-1.8125,89.875,-1.625,93068.75,0x683f
1679503256.095176,8883.0,2934.0,457.0,236.0625,-46.5625,38.375,-635.0,-503.0,616.0,78.0,-115.0,94.0,6.875,43.9375,-5.4375,93073.75,0x683f
1679503256.155912,8662.0,2670.0,351.0,235.9375,-48.5,39.625,-698.0,-410.0,455.0,38.0,3.0,-41.0,-0.0625,19.875,3.5,93073.75,0x683f
1679503256.2186859,8573.0,2734.0,329.0,234.875,-48.875,40.0,-747.0,-417.0,364.0,-11.0,0.0,-123.0,2.5,-38.5625,-8.375,93073.75,0x683f
1679503256.28064,8466.0,2600.0,205.0,233.9375,-45.75,38.125,-591.0,-508.0,624.0,111.0,-85.0,86.0,-4.4375,-17.875,-0.625,93073.75,0x683f
1679503256.34402,8630.0,2679.0,325.0,232.75,-46.5,38.375,-649.0,-455.0,553.0,61.0,-52.0,-5.0,-10.0625,19.5625,14.25,93073.75,0x683f
1679503256.409281,8742.0,2786.0,250.0,231.4375,-47.875,38.6875,-694.0,-512.0,519.0,35.0,-102.0,8.0,-3.8125,18.125,20.375,93073.75,0x683f
1679503256.472081,8919.0,2890.0,779.0,228.5625,-49.3125,37.25,-840.0,-489.0,449.0,-97.0,-102.0,-58.0,1.875,-34.875,36.0,93071.5,0x683f
1679503256.538878,8878.0,2700.0,882.0,224.9375,-48.75,33.3125,-634.0,-390.0,703.0,104.0,-41.0,161.0,10.8125,-16.5,44.0625,93071.5,0x683f
1679503256.604002,8817.0,2681.0,534.0,221.8125,-50.8125,29.5,-660.0,-331.0,662.0,115.0,-46.0,131.0,17.625,22.75,44.5,93071.5,0x683f
1679503256.670035,8775.0,2885.0,747.0,219.125,-54.5,26.5625,-810.0,-320.0,537.0,-4.0,-74.0,36.0,29.375,56.375,47.375,93071.5,0x683f
1679503256.74112,9098.0,2851.0,888.0,217.125,-58.5,21.375,-806.0,-352.0,617.0,15.0,-168.0,150.0,53.1875,30.5625,46.25,93071.5,0x683f
1679503256.802252,9296.0,3105.0,902.0,216.8125,-61.0625,14.125,-804.0,-299.0,584.0,50.0,-188.0,108.0,72.375,23.875,31.0625,93071.5,0x683f
1679503256.864397,9037.0,3057.0,836.0,217.0625,-62.5,7.0,-770.0,-194.0,540.0,101.0,-124.0,84.0,81.9375,13.5625,23.9375,93077.75,0x683f
1679503256.931613,8539.0,2589.0,941.0,219.0625,-62.5,1.0,-687.0,-24.0,480.0,181.0,-20.0,24.0,94.75,-23.9375,-20.5625,93077.75,0x683f
1679503256.995191,8798.0,2934.0,915.0,224.625,-61.3125,-1.5625,-612.0,48.0,461.0,240.0,33.0,-30.0,92.0,8.8125,-47.625,93077.75,0x683f
1679503257.060643,8337.0,2478.0,818.0,230.75,-63.25,-0.625,-712.0,23.0,308.0,167.0,22.0,-125.0,81.0625,46.0625,-65.9375,93077.75,0x683f
1679503257.122745,8563.0,2867.0,728.0,239.0625,-66.0625,5.0,-940.0,5.0,199.0,-23.0,-24.0,-220.0,65.375,40.4375,-81.0625,93077.75,0x683f
1679503257.188055,8674.0,3327.0,563.0,246.5625,-66.625,12.375,-893.0,-61.0,241.0,5.0,31.0,-137.0,60.625,9.5625,-91.0,93071.0,0x683f
1679503257.2509089,8594.0,3398.0,648.0,255.0625,-64.9375,22.75,-1205.0,-126.0,51.0,-317.0,34.0,-330.0,27.3125,-67.625,-97.75,93071.0,0x683f
1679503257.313359,8442.0,3244.0,764.0,260.1875,-57.625,26.625,-1121.0,-329.0,270.0,-245.0,-104.0,-136.0,1.875,-143.0625,-77.9375,93071.0,0x683f
1679503257.380352,8281.0,3109.0,792.0,261.6875,-48.875,25.8125,-675.0,-285.0,723.0,56.0,-1.0,136.0,-9.0,-61.125,-15.125,93071.0,0x683f
1679503257.444274,8260.0,3146.0,708.0,261.75,-48.0,26.0625,-677.0,-235.0,631.0,104.0,68.0,61.0,1.0625,-13.3125,-8.0,93071.0,0x683f
1679503257.508029,8307.0,3116.0,752.0,262.4375,-48.1875,26.875,-694.0,-362.0,757.0,44.0,-66.0,184.0,3.3125,75.0625,-3.25,93071.0,0x683f
1679503257.568471,8282.0,3133.0,750.0,263.375,-52.9375,29.125,-934.0,-336.0,563.0,-118.0,-54.0,55.0,11.75,66.75,9.5625,93071.75,0x683f
1679503257.630427,8703.0,3474.0,668.0,263.875,-55.4375,28.8125,-999.0,-366.0,563.0,-191.0,-98.0,76.0,24.5,10.375,11.25,93071.75,0x683f
1679503257.696643,8541.0,3645.0,403.0,263.8125,-55.0,25.5,-994.0,-349.0,531.0,-162.0,-93.0,24.0,43.6875,-56.8125,34.875,93071.75,0x683f
1679503257.7634718,8938.0,2993.0,856.0,260.6875,-54.3125,15.3125,-1049.0,-41.0,397.0,-253.0,109.0,-154.0,16.8125,-11.5,85.9375,93071.75,0x683f
1679503257.828508,8658.0,2994.0,1000.0,254.375,-54.375,7.1875,-805.0,53.0,448.0,-8.0,112.0,-120.0,-37.0625,-20.8125,116.3125,93071.75,0x683f
1679503257.900297,8819.0,3282.0,854.0,245.9375,-54.0,0.6875,-760.0,146.0,304.0,47.0,128.0,-259.0,-83.6875,-26.8125,108.125,93071.75,0x683f
1679503257.970002,8769.0,3180.0,1012.0,234.625,-50.4375,-1.6875,-488.0,158.0,453.0,267.0,139.0,-169.0,-116.25,-59.75,81.8125,93075.5,0x683f
1679503258.037633,8873.0,3159.0,841.0,227.4375,-47.5,1.25,-636.0,-22.0,459.0,90.0,-12.0,-188.0,-140.8125,-79.3125,32.375,93075.5,0x683f
1679503258.102874,8775.0,2848.0,821.0,221.0,-40.1875,9.5,-506.0,-208.0,675.0,126.0,-83.0,-62.0,-134.3125,-102.375,12.6875,93075.5,0x683f
1679503258.1691678,8871.0,2806.0,783.0,217.625,-34.625,15.6875,-410.0,-318.0,740.0,167.0,-227.0,67.0,-121.1875,-111.625,-13.75,93075.5,0x683f
1679503258.239556,9253.0,2872.0,874.0,215.5625,-27.625,21.8125,-340.0,-542.0,887.0,97.0,-238.0,77.0,-82.0,-90.4375,-23.5,93075.5,0x683f
1679503258.305134,9035.0,2816.0,1041.0,215.125,-21.625,25.9375,-226.0,-683.0,937.0,135.0,-284.0,118.0,-47.25,-66.8125,-25.75,93075.5,0x683f
1679503258.371597,8959.0,2882.0,1095.0,215.25,-19.125,27.8125,-277.0,-553.0,914.0,80.0,-80.0,96.0,-6.375,-27.0625,-5.4375,93075.75,0x683f
1679503258.442358,9588.0,3138.0,882.0,215.4375,-16.9375,28.1875,-219.0,-448.0,802.0,8.0,-54.0,-56.0,-10.6875,-11.0625,-11.625,93075.75,0x683f
1679503258.507618,8931.0,2634.0,885.0,215.8125,-15.9375,29.0,-247.0,-516.0,715.0,18.0,-56.0,-108.0,-11.875,-17.875,-12.125,93075.75,0x683f
1679503258.571296,8960.0,2756.0,926.0,216.1875,-14.1875,29.875,-259.0,-622.0,749.0,-25.0,-172.0,-32.0,-19.5625,-34.0,-16.875,93075.75,0x683f
1679503258.641331,9283.0,2974.0,765.0,215.3125,-11.4375,30.6875,-223.0,-614.0,834.0,32.0,-56.0,-58.0,-5.0625,-50.0625,18.75,93075.75,0x683f
1679503258.709409,8591.0,2469.0,897.0,213.625,-9.625,30.625,-85.0,-473.0,871.0,76.0,19.0,39.0,-8.5625,-26.625,8.25,93074.0,0x683f
1679503258.7732658,8704.0,2482.0,870.0,212.0,-9.0,30.75,-111.0,-494.0,901.0,-12.0,11.0,-1.0,6.3125,32.25,-5.875,93074.0,0x683f
1679503258.837812,8558.0,2424.0,746.0,212.3125,-8.75,30.5625,-176.0,-453.0,763.0,49.0,38.0,-60.0,-2.375,-49.3125,-18.0625,93074.0,0x683f
1679503258.9018428,8867.0,2536.0,668.0,212.25,-6.625,30.9375,-203.0,-598.0,840.0,-89.0,-97.0,5.0,-8.75,-7.1875,-8.6875,93074.0,0x683f
1679503258.9692411,8577.0,2456.0,742.0,211.125,-4.9375,31.4375,-39.0,-521.0,775.0,46.0,-63.0,-28.0,-14.25,-48.25,-7.5625,93074.0,0x683f
1679503259.037163,8317.0,2354.0,774.0,210.875,-2.625,32.0625,108.0,-530.0,815.0,138.0,-4.0,-33.0,-2.4375,15.5,-18.25,93074.0,0x683f
1679503259.1041331,8268.0,2186.0,743.0,212.25,-3.75,32.125,-29.0,-550.0,839.0,34.0,-29.0,11.0,3.375,50.625,-23.375,93068.25,0x683f
1679503259.173895,9228.0,2933.0,823.0,213.6875,-7.375,32.0625,-51.0,-626.0,970.0,118.0,-93.0,124.0,17.5,150.375,11.9375,93068.25,0x683f
1679503259.239351,8616.0,2861.0,654.0,215.875,-19.375,32.0,-47.0,-611.0,877.0,124.0,-130.0,-2.0,22.125,247.1875,39.5625,93068.25,0x683f
1679503259.305394,8491.0,2650.0,951.0,218.1875,-32.8125,33.3125,-433.0,-571.0,693.0,98.0,-119.0,5.0,37.3125,247.8125,32.5,93068.25,0x683f
1679503259.3749938,8482.0,2770.0,1039.0,220.8125,-45.25,35.75,-755.0,-555.0,504.0,-55.0,-180.0,-21.0,57.3125,162.625,43.875,93068.25,0x683f
1679503259.450783,9287.0,3324.0,568.0,222.25,-56.0625,35.125,-852.0,-492.0,480.0,-26.0,-192.0,42.0,66.25,72.8125,51.125,93068.25,0x683f
1679503259.5147982,8685.0,2973.0,687.0,222.4375,-60.375,28.4375,-810.0,-381.0,501.0,62.0,-146.0,60.0,81.125,10.25,35.125,93067.5,0x683f
1679503259.578208,8458.0,2708.0,742.0,224.375,-60.6875,20.0,-703.0,-179.0,436.0,148.0,-21.0,-23.0,89.6875,-42.375,-6.75,93067.5,0x683f
1679503259.63871,8855.0,3150.0,1004.0,229.9375,-55.3125,15.6875,-579.0,-35.0,444.0,226.0,116.0,-92.0,82.5,-96.5625,-71.6875,93067.5,0x683f
1679503259.702441,9086.0,3127.0,925.0,237.0625,-49.25,16.9375,-698.0,-55.0,401.0,19.0,121.0,-220.0,50.875,-71.6875,-110.0,93067.5,0x683f
1679503259.76695,8753.0,3063.0,904.0,243.75,-43.375,19.875,-759.0,-120.0,488.0,-69.0,16.0,-121.0,23.875,-47.0625,-107.6875,93067.5,0x683f
1679503259.83093,9004.0,3317.0,827.0,248.6875,-39.875,22.6875,-849.0,-250.0,568.0,-229.0,47.0,-130.0,-6.25,-51.4375,-59.3125,93067.5,0x683f
1679503259.8969972,8752.0,3308.0,734.0,251.25,-35.875,24.8125,-617.0,-293.0,709.0,-48.0,44.0,-14.0,-13.3125,-33.1875,-32.0,93074.25,0x683f
1679503259.9607182,8632.0,3213.0,850.0,252.6875,-33.6875,26.5,-503.0,-368.0,780.0,40.0,-3.0,51.0,-11.75,-1.875,-25.3125,93074.25,0x683f
1679503260.0204318,8638.0,3189.0,851.0,254.0,-32.875,28.125,-533.0,-397.0,723.0,0.0,-9.0,-2.0,-10.3125,-9.125,-27.25,93074.25,0x683f
1679503260.082013,8517.0,2950.0,728.0,254.9375,-31.0625,28.9375,-508.0,-400.0,795.0,7.0,10.0,61.0,-6.625,-27.125,-20.3125,93074.25,0x683f
1679503260.1479769,8558.0,3002.0,756.0,255.625,-29.3125,29.5625,-627.0,-436.0,734.0,-153.0,-11.0,-11.0,-10.0625,-38.4375,-17.0625,93074.25,0x683f
1679503260.2191732,8550.0,3017.0,762.0,255.3125,-25.25,29.5,-331.0,-444.0,894.0,63.0,10.0,60.0,-5.625,-43.875,-4.875,93074.25,0x683f
1679503260.28941,8576.0,3076.0,726.0,255.0625,-23.0625,29.625,-349.0,-475.0,841.0,44.0,-53.0,77.0,-5.4375,-23.4375,-6.375,93071.75,0x683f
1679503260.356046,8592.0,3041.0,745.0,254.875,-22.125,29.5625,-339.0,-492.0,890.0,30.0,-44.0,87.0,0.625,6.0,5.375,93071.75,0x683f
1679503260.423558,8468.0,2895.0,906.0,254.8125,-23.5,29.375,-297.0,-483.0,876.0,101.0,-44.0,95.0,12.875,58.9375,10.0625,93071.75,0x683f
1679503260.486114,8594.0,3073.0,795.0,255.5625,-27.9375,29.0,-398.0,-441.0,840.0,74.0,-24.0,89.0,24.3125,94.0625,12.1875,93071.75,0x683f
1679503260.552195,8610.0,3244.0,604.0,256.5625,-33.625,28.9375,-685.0,-361.0,578.0,-130.0,30.0,-128.0,20.25,65.3125,8.625,93071.75,0x683f
1679503260.628812,8430.0,2959.0,715.0,257.25,-35.5,28.0,-490.0,-429.0,843.0,83.0,-58.0,139.0,27.875,48.4375,10.0,93069.0,0x683f
1679503260.698494,8813.0,3226.0,841.0,257.5625,-40.4375,26.125,-827.0,-313.0,699.0,-242.0,32.0,-17.0,28.8125,46.8125,34.3125,93069.0,0x683f
1679503260.766565,8920.0,3267.0,788.0,255.3125,-42.75,22.9375,-764.0,-204.0,635.0,-98.0,76.0,-27.0,3.75,-3.3125,55.75,93069.0,0x683f
1679503260.828469,8907.0,3199.0,957.0,252.125,-41.8125,19.8125,-525.0,-105.0,568.0,118.0,140.0,-128.0,-11.375,-95.5625,24.5,93069.0,0x683f
1679503260.893375,8944.0,3314.0,885.0,249.875,-36.625,18.8125,-295.0,-151.0,538.0,289.0,102.0,-206.0,-37.9375,-70.8125,-9.1875,93069.0,0x683f
1679503260.960145,8722.0,3076.0,824.0,249.4375,-31.5,21.5,-263.0,-392.0,767.0,234.0,-73.0,-15.0,-66.625,-96.125,-42.0,93069.0,0x683f
1679503261.023833,8771.0,3092.0,775.0,250.3125,-26.875,25.25,-421.0,-638.0,942.0,22.0,-265.0,152.0,-13.6875,5.8125,-17.0625,93076.25,0x683f
1679503261.0885818,8602.0,3027.0,827.0,251.0,-27.3125,25.5625,-543.0,-366.0,865.0,-90.0,8.0,80.0,12.125,14.375,-1.4375,93076.25,0x683f
1679503261.15241,8668.0,3094.0,796.0,250.75,-27.625,24.8125,-542.0,-330.0,910.0,-87.0,35.0,122.0,3.875,-7.0625,21.125,93076.25,0x683f
1679503261.215154,8892.0,3089.0,872.0,249.0,-29.25,23.875,-653.0,-297.0,815.0,-184.0,49.0,15.0,3.5625,36.375,49.9375,93076.25,0x683f
1679503261.280226,8608.0,2987.0,865.0,245.875,-32.375,22.375,-607.0,-245.0,740.0,-96.0,72.0,-20.0,-6.75,39.5,72.9375,93076.25,0x683f
1679503261.3456619,8627.0,2855.0,953.0,240.625,-37.3125,20.625,-689.0,-181.0,637.0,-72.0,84.0,-95.0,-25.125,33.0,81.0625,93076.25,0x683f
1679503261.410021,8791.0,3016.0,908.0,235.4375,-40.625,19.5625,-652.0,-211.0,610.0,-8.0,34.0,-86.0,-42.1875,15.875,73.3125,93064.25,0x683f
1679503261.479533,8989.0,3043.0,794.0,230.625,-41.9375,19.1875,-574.0,-223.0,631.0,77.0,0.0,-45.0,-56.625,-4.6875,50.875,93064.25,0x683f
1679503261.5424871,9135.0,3167.0,758.0,225.1875,-42.375,20.25,-607.0,-302.0,663.0,53.0,-51.0,-15.0,-58.1875,-29.75,34.625,93064.25,0x683f
1679503261.6062589,9409.0,3362.0,713.0,222.0,-41.1875,21.5625,-553.0,-345.0,699.0,92.0,-73.0,13.0,-54.5625,-32.375,18.375,93064.25,0x683f
1679503261.672392,9285.0,3139.0,925.0,219.8125,-39.5,23.625,-544.0,-401.0,700.0,61.0,-108.0,11.0,-51.9375,-34.5625,3.5625,93064.25,0x683f
1679503261.740684,9337.0,2588.0,844.0,218.0625,-36.4375,26.3125,-482.0,-484.0,750.0,100.0,-134.0,43.0,-42.9375,-47.8125,-5.625,93064.25,0x683f
1679503261.809043,9012.0,2768.0,581.0,217.4375,-34.25,27.875,-467.0,-530.0,808.0,47.0,-143.0,64.0,-23.6875,-26.3125,-11.125,93073.0,0x683f
1679503261.878769,8773.0,2781.0,407.0,217.5625,-32.25,29.25,-483.0,-491.0,760.0,22.0,-86.0,37.0,-15.375,-23.875,-13.8125,93073.0,0x683f
1679503261.944688,8989.0,2834.0,962.0,218.1875,-29.9375,30.8125,-485.0,-505.0,746.0,4.0,-70.0,16.0,-10.875,-31.5,-16.375,93073.0,0x683f
1679503262.0097668,8657.0,2564.0,315.0,218.5625,-27.875,31.5625,-380.0,-493.0,737.0,115.0,-30.0,38.0,-18.5,-16.25,-18.9375,93073.0,0x683f
1679503262.078492,8859.0,2743.0,254.0,219.375,-27.125,33.1875,-364.0,-524.0,741.0,95.0,-47.0,19.0,-13.4375,2.0,-15.8125,93073.0,0x683f
1679503262.146189,8978.0,2876.0,292.0,220.375,-26.75,34.3125,-407.0,-557.0,750.0,34.0,-63.0,27.0,-1.3125,1.9375,-17.75,93071.5,0x683f
1679503262.211779,9126.0,3118.0,465.0,221.4375,-26.375,34.75,-470.0,-531.0,739.0,-40.0,-28.0,0.0,0.375,17.75,-5.125,93071.5,0x683f
1679503262.278309,9016.0,3000.0,494.0,221.4375,-26.6875,34.9375,-404.0,-482.0,671.0,73.0,34.0,-22.0,-1.0625,-15.0625,-2.1875,93071.5,0x683f
1679503262.345672,8900.0,2932.0,600.0,221.1875,-26.625,35.3125,-394.0,-541.0,774.0,45.0,-34.0,59.0,-5.5,17.0625,-6.875,93071.5,0x683f
1679503262.4150012,8803.0,2654.0,539.0,221.125,-28.0625,36.0,-386.0,-602.0,838.0,42.0,-99.0,103.0,9.0625,61.4375,8.875,93071.5,0x683f
1679503262.4921532,8848.0,2592.0,590.0,221.5625,-32.25,36.4375,-541.0,-538.0,640.0,-34.0,-57.0,-7.0,9.4375,58.1875,15.75,93071.5,0x683f
1679503262.562689,8699.0,2451.0,510.0,220.9375,-35.625,36.0625,-588.0,-556.0,691.0,-3.0,-81.0,70.0,25.1875,43.125,27.0625,93071.75,0x683f
1679503262.6305192,8760.0,3007.0,765.0,220.3125,-39.5625,34.0625,-600.0,-497.0,676.0,25.0,-89.0,50.0,30.375,43.8125,29.625,93071.75,0x683f
1679503262.69441,8637.0,2912.0,730.0,219.5,-42.6875,32.125,-619.0,-443.0,628.0,46.0,-59.0,18.0,37.25,47.9375,28.8125,93071.75,0x683f
1679503262.759149,8935.0,2780.0,911.0,218.75,-46.0,29.875,-697.0,-465.0,596.0,28.0,-135.0,23.0,44.125,39.875,33.6875,93071.75,0x683f
1679503262.824188,8767.0,2911.0,1119.0,218.125,-49.1875,25.5625,-667.0,-411.0,640.0,71.0,-136.0,70.0,54.0,29.125,31.1875,93071.75,0x683f
1679503262.8874292,8523.0,2808.0,915.0,218.0625,-51.75,20.5,-728.0,-341.0,646.0,41.0,-128.0,78.0,60.4375,26.5625,24.0,93074.0,0x683f
1679503262.949752,8756.0,2991.0,835.0,218.5,-52.5625,16.625,-690.0,-271.0,636.0,88.0,-108.0,64.0,71.1875,0.875,8.8125,93074.0,0x683f
1679503263.014807,8736.0,3031.0,983.0,221.4375,-52.0625,11.1875,-635.0,-143.0,572.0,147.0,-19.0,-22.0,71.3125,-15.0625,-23.9375,93074.0,0x683f
1679503263.088856,8469.0,2905.0,1037.0,225.375,-50.5625,9.625,-590.0,-52.0,526.0,151.0,50.0,-110.0,58.625,-23.5,-56.6875,93074.0,0x683f
1679503263.164522,8654.0,3045.0,1019.0,231.5625,-48.25,11.5,-693.0,-35.0,487.0,18.0,120.0,-160.0,30.6875,-28.625,-84.0625,93074.0,0x683f
1679503263.226229,8760.0,3143.0,811.0,238.625,-44.1875,15.9375,-777.0,-109.0,586.0,-102.0,92.0,-94.0,4.25,-47.875,-87.9375,93074.0,0x683f
1679503263.289502,8865.0,3283.0,853.0,243.1875,-40.0625,19.375,-686.0,-219.0,626.0,-56.0,93.0,-90.0,0.125,-34.3125,-71.6875,93086.25,0x683f
1679503263.3579168,9063.0,3254.0,860.0,247.4375,-36.75,23.0625,-699.0,-257.0,638.0,-176.0,71.0,-118.0,-20.1875,-9.3125,-54.6875,93086.25,0x683f
1679503263.417797,8684.0,3092.0,834.0,249.375,-34.5625,26.125,-736.0,-479.0,751.0,-185.0,-116.0,25.0,-30.0625,-32.9375,-30.0625,93086.25,0x683f
1679503263.478421,8778.0,3180.0,800.0,249.375,-32.5,27.125,-611.0,-460.0,876.0,-85.0,-84.0,138.0,8.25,-11.125,21.3125,93086.25,0x683f
1679503263.54187,8522.0,2926.0,957.0,247.8125,-32.9375,25.0625,-523.0,-459.0,840.0,10.0,-110.0,96.0,26.25,5.6875,33.75,93086.25,0x683f
1679503263.626188,8737.0,3109.0,813.0,246.875,-34.9375,22.5,-586.0,-347.0,625.0,-16.0,-46.0,-114.0,32.5,42.6875,23.375,93086.25,0x683f
1679503263.699426,8551.0,3153.0,858.0,246.3125,-37.0625,20.3125,-557.0,-178.0,661.0,22.0,151.0,-72.0,-2.6875,-5.1875,1.9375,93076.25,0x683f
1679503263.772256,8604.0,3116.0,822.0,246.25,-35.4375,21.5,-521.0,-149.0,789.0,33.0,66.0,77.0,-31.8125,-30.75,-21.9375,93076.25,0x683f
1679503263.834465,8682.0,3112.0,876.0,247.375,-33.0,23.5,-576.0,-364.0,922.0,-37.0,-35.0,168.0,-9.0,-23.9375,-16.0,93076.25,0x683f
1679503263.898504,8299.0,2880.0,942.0,248.9375,-31.8125,23.8125,-521.0,-352.0,852.0,-5.0,-14.0,90.0,0.0,-10.8125,-5.5625,93076.25,0x683f
1679503263.9628549,8700.0,3123.0,861.0,249.875,-31.4375,23.8125,-476.0,-324.0,813.0,35.0,13.0,48.0,2.6875,6.4375,-2.6875,93076.25,0x683f
1679503264.0368671,8673.0,3103.0,803.0,250.1875,-31.9375,23.9375,-527.0,-311.0,798.0,-6.0,25.0,38.0,1.5625,11.4375,-3.3125,93084.25,0x683f
1679503264.0963662,8830.0,3205.0,795.0,251.0,-32.25,24.0,-527.0,-321.0,786.0,-2.0,16.0,30.0,-0.25,7.625,-0.8125,93084.25,0x683f
1679503264.157799,8906.0,3320.0,809.0,251.125,-32.75,24.125,-479.0,-339.0,768.0,53.0,-2.0,17.0,0.375,14.4375,2.0,93084.25,0x683f
1679503264.21775,8857.0,3344.0,833.0,251.9375,-33.9375,24.25,-558.0,-371.0,748.0,-8.0,-37.0,8.0,6.375,12.4375,1.875,93084.25,0x683f
1679503264.287256,8771.0,3205.0,875.0,252.5,-34.875,23.6875,-573.0,-345.0,769.0,-6.0,8.0,45.0,14.6875,15.0,7.5,93084.25,0x683f
1679503264.356698,8694.0,3234.0,806.0,253.375,-36.375,22.5625,-686.0,-285.0,763.0,-121.0,13.0,42.0,14.0625,19.5625,17.625,93084.25,0x683f
1679503264.421407,8559.0,3162.0,714.0,252.8125,-38.4375,21.0625,-781.0,-215.0,695.0,-165.0,54.0,-18.0,10.25,28.8125,50.9375,93075.75,0x683f
1679503264.485844,8796.0,3106.0,858.0,249.8125,-40.6875,18.1875,-743.0,-110.0,633.0,-89.0,121.0,-72.0,-9.75,-3.875,63.375,93075.75,0x683f
1679503264.551562,8778.0,2991.0,911.0,246.0,-41.625,15.9375,-683.0,-110.0,637.0,-29.0,85.0,-66.0,-24.125,-1.1875,70.3125,93075.75,0x683f
1679503264.616142,9087.0,3234.0,1002.0,240.8125,-43.3125,13.625,-651.0,-94.0,677.0,17.0,75.0,-37.0,-33.125,31.75,70.375,93075.75,0x683f
1679503264.680195,8645.0,3003.0,892.0,236.0,-46.5625,12.4375,-766.0,-58.0,545.0,-47.0,84.0,-106.0,-47.875,35.6875,67.375,93075.75,0x683f
1679503264.747624,8804.0,2864.0,958.0,230.3125,-48.1875,12.1875,-726.0,-73.0,601.0,4.0,64.0,-37.0,-66.8125,-12.8125,47.625,93075.75,0x683f
1679503264.812914,8874.0,2877.0,983.0,225.9375,-48.1875,13.25,-715.0,22.0,533.0,17.0,175.0,-99.0,-78.375,-1.625,18.25,93084.25,0x683f
1679503264.877419,8778.0,3037.0,796.0,222.25,-48.125,17.125,-651.0,-179.0,582.0,90.0,-7.0,-35.0,-78.3125,-0.6875,2.5,93084.25,0x683f
1679503264.941671,8848.0,2632.0,1083.0,220.5625,-48.8125,22.0,-768.0,-350.0,553.0,-28.0,-100.0,-38.0,-65.5625,19.3125,-11.9375,93084.25,0x683f
1679503265.0076082,8730.0,2637.0,808.0,220.25,-48.5625,26.8125,-687.0,-437.0,578.0,25.0,-139.0,-9.0,-50.5,4.875,-34.125,93084.25,0x683f
1679503265.082616,8898.0,2865.0,740.0,221.4375,-46.5,32.4375,-577.0,-617.0,678.0,151.0,-238.0,121.0,-41.25,-33.5625,-59.8125,93084.25,0x683f
1679503265.14379,8977.0,2612.0,760.0,223.4375,-44.125,37.5,-628.0,-575.0,697.0,54.0,-147.0,139.0,-18.125,-2.1875,-20.5,93084.25,0x683f
1679503265.208639,8900.0,2451.0,926.0,224.125,-43.875,39.4375,-545.0,-484.0,627.0,123.0,-34.0,75.0,-14.625,15.8125,-13.875,93073.75,0x683f
1679503265.275658,8738.0,2462.0,934.0,224.9375,-44.375,41.5,-631.0,-565.0,655.0,13.0,-97.0,110.0,-5.3125,55.0625,5.0,93073.75,0x683f
1679503265.338909,8838.0,2463.0,913.0,224.9375,-47.375,43.625,-726.0,-522.0,509.0,0.0,-66.0,33.0,-2.75,33.9375,18.75,93073.75,0x683f
1679503265.402417,8901.0,2433.0,834.0,223.9375,-48.5,43.4375,-822.0,-482.0,477.0,-44.0,-47.0,35.0,-6.25,-25.0,15.125,93073.75,0x683f
1679503265.469641,8913.0,2506.0,1004.0,221.875,-47.125,41.0,-709.0,-483.0,535.0,23.0,-31.0,21.0,-4.6875,-39.3125,11.25,93073.75,0x683f
1679503265.532046,8829.0,2341.0,1026.0,220.3125,-45.3125,39.125,-580.0,-463.0,520.0,117.0,-28.0,-13.0,-4.3125,-61.0,2.6875,93073.75,0x683f
1679503265.597709,8743.0,2269.0,1057.0,218.0625,-42.375,37.375,-496.0,-502.0,623.0,164.0,-61.0,48.0,-11.6875,-42.125,1.625,93076.0,0x683f
1679503265.662303,8716.0,2242.0,983.0,216.9375,-40.5625,37.0,-603.0,-517.0,618.0,-41.0,-91.0,11.0,-5.3125,-38.4375,-6.375,93076.0,0x683f
1679503265.729425,8847.0,2400.0,1111.0,215.5625,-38.5625,35.5625,-515.0,-516.0,626.0,126.0,-24.0,-1.0,1.625,-33.875,13.4375,93076.0,0x683f
1679503265.7983649,8743.0,2264.0,1025.0,214.0625,-37.5,34.9375,-519.0,-480.0,649.0,77.0,-35.0,12.0,-8.625,-27.5,-3.125,93076.0,0x683f
1679503265.868969,8811.0,2313.0,1040.0,213.1875,-37.3125,35.125,-697.0,-526.0,623.0,-15.0,-52.0,60.0,0.25,2.25,7.625,93076.0,0x683f
1679503265.9358861,8967.0,2406.0,961.0,212.5625,-37.875,34.9375,-627.0,-466.0,641.0,-24.0,-23.0,7.0,3.0,4.25,8.375,93075.0,0x683f
1679503266.001185,8741.0,2236.0,1020.0,211.4375,-38.4375,34.8125,-538.0,-461.0,689.0,36.0,-32.0,53.0,0.0625,11.0625,2.75,93075.0,0x683f
1679503266.064333,8923.0,2298.0,959.0,211.4375,-39.5625,35.25,-591.0,-453.0,652.0,40.0,-29.0,47.0,1.625,25.875,1.625,93075.0,0x683f
1679503266.1288052,8956.0,2376.0,978.0,211.6875,-40.875,35.8125,-657.0,-515.0,646.0,-15.0,-81.0,45.0,5.3125,34.375,6.0,93075.0,0x683f
1679503266.195512,8975.0,2379.0,898.0,211.25,-43.0625,35.4375,-701.0,-509.0,645.0,-31.0,-93.0,62.0,20.875,39.0,25.0625,93075.0,0x683f
1679503266.263075,8961.0,2655.0,762.0,210.5,-45.625,33.625,-687.0,-502.0,643.0,40.0,-109.0,91.0,33.5625,25.75,26.25,93075.0,0x683f
1679503266.329102,9152.0,2901.0,444.0,210.0625,-48.0625,30.6875,-726.0,-483.0,626.0,3.0,-148.0,63.0,38.0625,24.625,25.5,93074.75,0x683f
1679503266.392689,8650.0,2541.0,774.0,209.8125,-49.1875,28.25,-717.0,-500.0,641.0,25.0,-197.0,77.0,53.0625,21.75,27.5,93074.75,0x683f
1679503266.462729,9125.0,3109.0,816.0,210.5,-50.8125,23.6875,-712.0,-419.0,620.0,58.0,-173.0,40.0,68.3125,13.375,21.4375,93074.75,0x683f
1679503266.529063,8946.0,3081.0,919.0,212.0625,-52.375,17.875,-653.0,-353.0,603.0,99.0,-153.0,23.0,79.6875,29.5,12.8125,93074.75,0x683f
1679503266.591116,8588.0,2610.0,1062.0,214.25,-53.625,13.0,-663.0,-248.0,564.0,126.0,-117.0,-1.0,91.6875,11.8125,-13.25,93074.75,0x683f
1679503266.6550121,8991.0,3048.0,988.0,218.75,-54.0,8.6875,-708.0,-158.0,524.0,87.0,-58.0,-46.0,90.25,0.6875,-33.0625,93074.75,0x683f
1679503266.7198641,8900.0,3094.0,969.0,223.8125,-53.5625,7.0625,-708.0,-69.0,476.0,69.0,13.0,-107.0,80.0625,-6.125,-57.125,93077.75,0x683f
1679503266.7798111,8860.0,3101.0,936.0,229.75,-52.5625,7.6875,-667.0,40.0,420.0,110.0,129.0,-177.0,61.75,-11.25,-82.25,93077.75,0x683f
1679503266.84252,8743.0,3201.0,972.0,236.375,-51.3125,10.875,-734.0,-2.0,361.0,14.0,123.0,-250.0,38.9375,-0.125,-97.1875,93077.75,0x683f
1679503266.901695,8861.0,3328.0,805.0,244.0625,-49.6875,16.75,-796.0,-50.0,340.0,-48.0,131.0,-267.0,16.5,-1.125,-98.5625,93077.75,0x683f
1679503266.9813151,8777.0,3187.0,916.0,249.6875,-48.0625,22.125,-969.0,-144.0,465.0,-239.0,102.0,-141.0,-8.375,-4.0,-84.6875,93077.75,0x683f
1679503267.046816,8666.0,3089.0,822.0,253.625,-45.75,26.625,-995.0,-306.0,623.0,-227.0,-15.0,33.0,-4.6875,-22.0,-26.1875,93077.75,0x683f
1679503267.109159,8799.0,3223.0,781.0,254.25,-44.375,26.75,-705.0,-217.0,659.0,-20.0,98.0,32.0,3.3125,-12.5625,-4.1875,93079.5,0x683f
1679503267.173097,8697.0,3291.0,771.0,254.375,-44.0625,26.8125,-767.0,-290.0,664.0,-85.0,27.0,35.0,-0.5,1.0625,-1.1875,93079.5,0x683f
1679503267.235115,8759.0,3277.0,777.0,254.3125,-44.0,26.625,-734.0,-321.0,703.0,-60.0,1.0,66.0,3.375,7.5,7.875,93079.5,0x683f
1679503267.298539,8643.0,3234.0,789.0,253.875,-44.3125,25.9375,-696.0,-282.0,643.0,-11.0,23.0,12.0,4.6875,-6.6875,8.3125,93079.5,0x683f
1679503267.368067,8575.0,3195.0,804.0,253.5,-44.125,25.3125,-671.0,-278.0,650.0,8.0,21.0,27.0,-0.8125,-1.6875,2.9375,93079.5,0x683f
1679503267.4293509,8682.0,3217.0,761.0,253.4375,-44.125,25.25,-699.0,-325.0,702.0,-16.0,-25.0,66.0,1.875,5.4375,1.9375,93079.5,0x683f
1679503267.4917288,8700.0,3230.0,798.0,253.8125,-44.875,24.8125,-734.0,-307.0,622.0,-42.0,-15.0,-7.0,13.4375,3.25,5.9375,93071.5,0x683f
1679503267.555577,8530.0,3242.0,776.0,254.0,-45.0625,23.75,-731.0,-198.0,530.0,-34.0,84.0,-98.0,4.25,-12.5,9.5,93071.5,0x683f
1679503267.6195369,8642.0,3239.0,782.0,253.5625,-43.625,23.1875,-668.0,-221.0,642.0,3.0,59.0,-14.0,-18.125,-51.0625,-6.3125,93071.5,0x683f
1679503267.6838331,8726.0,3190.0,802.0,253.9375,-40.5,23.5625,-691.0,-350.0,739.0,-54.0,-51.0,56.0,-10.8125,-39.8125,-4.9375,93071.5,0x683f
1679503267.746028,8631.0,3222.0,815.0,253.875,-39.0625,23.4375,-621.0,-281.0,700.0,-3.0,32.0,-9.0,-4.1875,-17.25,2.625,93071.5,0x683f
1679503267.8091872,8716.0,3197.0,760.0,253.8125,-38.0625,23.5,-562.0,-269.0,710.0,40.0,40.0,1.0,-8.4375,-17.25,-4.625,93071.5,0x683f
1679503267.8741262,8685.0,3147.0,816.0,254.1875,-36.9375,24.125,-628.0,-314.0,734.0,-38.0,5.0,19.0,-7.9375,-16.0,-8.375,93076.25,0x683f
1679503267.94046,8786.0,3175.0,773.0,255.25,-35.8125,24.4375,-589.0,-321.0,734.0,-18.0,9.0,8.0,-5.75,-19.0625,-6.5,93076.25,0x683f
1679503268.004098,8663.0,3111.0,780.0,255.75,-34.375,24.6875,-525.0,-325.0,751.0,29.0,12.0,16.0,-4.875,-13.6875,-6.3125,93076.25,0x683f
1679503268.066745,8816.0,3167.0,784.0,256.375,-33.875,25.0,-533.0,-390.0,788.0,6.0,-49.0,40.0,-1.1875,1.8125,-4.75,93076.25,0x683f
1679503268.1297972,8680.0,3124.0,834.0,256.875,-34.0,25.0,-596.0,-388.0,768.0,-47.0,-45.0,31.0,10.0,-1.0,0.3125,93076.25,0x683f
1679503268.191943,8813.0,3146.0,747.0,257.8125,-34.0,24.0625,-587.0,-327.0,777.0,-38.0,4.0,35.0,16.5,0.3125,2.9375,93076.25,0x683f
1679503268.2566369,9105.0,3394.0,835.0,258.0625,-33.75,22.75,-548.0,-311.0,782.0,0.0,14.0,23.0,21.5625,-10.375,1.625,93080.0,0x683f
1679503268.320061,9029.0,3332.0,808.0,258.3125,-33.0625,21.25,-528.0,-340.0,786.0,7.0,-45.0,19.0,24.9375,2.125,9.5,93080.0,0x683f
1679503268.384467,8711.0,3105.0,969.0,258.375,-33.6875,18.75,-622.0,-259.0,743.0,-78.0,2.0,-28.0,37.125,2.5625,20.6875,93080.0,0x683f
1679503268.447754,8691.0,3164.0,1012.0,257.8125,-34.8125,15.875,-693.0,-190.0,699.0,-128.0,22.0,-73.0,30.375,25.125,38.1875,93080.0,0x683f
1679503268.509985,8711.0,3178.0,962.0,255.5625,-36.625,12.625,-790.0,-106.0,673.0,-207.0,74.0,-102.0,16.25,26.0,74.625,93080.0,0x683f
1679503268.571404,8572.0,3226.0,944.0,249.875,-39.6875,8.0,-865.0,82.0,546.0,-239.0,187.0,-200.0,-24.9375,19.9375,110.1875,93080.0,0x683f
1679503268.63343,8740.0,3270.0,976.0,242.0,-41.25,4.8125,-724.0,122.0,552.0,-77.0,184.0,-181.0,-71.9375,18.4375,126.4375,93077.25,0x683f
1679503268.6990469,8627.0,3078.0,813.0,232.75,-42.8125,3.375,-686.0,113.0,516.0,1.0,148.0,-203.0,-105.0625,4.3125,118.4375,93077.25,0x683f
1679503268.7651808,8748.0,3336.0,726.0,223.75,-43.1875,4.0625,-556.0,16.0,574.0,95.0,62.0,-147.0,-127.3125,11.3125,93.125,93077.25,0x683f
1679503268.828305,9128.0,3004.0,1063.0,214.75,-44.1875,7.6875,-642.0,-148.0,547.0,41.0,-45.0,-147.0,-133.625,-11.0,56.75,93077.25,0x683f
1679503268.8929439,9071.0,2948.0,848.0,208.9375,-43.625,12.625,-662.0,-310.0,641.0,0.0,-173.0,-23.0,-123.9375,-11.375,33.125,93077.25,0x683f
1679503268.972503,8618.0,2706.0,491.0,203.6875,-43.375,18.4375,-716.0,-437.0,679.0,-37.0,-209.0,-5.0,-107.1875,-30.5625,25.4375,93077.25,0x683f
1679503269.042794,8814.0,2544.0,348.0,198.25,-41.0625,23.8125,-635.0,-471.0,673.0,36.0,-220.0,23.0,-95.9375,-72.5625,14.375,93073.75,0x683f
1679503269.110175,8897.0,2562.0,858.0,193.8125,-34.625,27.4375,-502.0,-569.0,730.0,78.0,-191.0,9.0,-69.375,-110.875,0.0625,93073.75,0x683f
1679503269.175444,8921.0,2551.0,4401.0,191.8125,-27.6875,28.8125,-263.0,-644.0,818.0,192.0,-224.0,58.0,-41.125,-126.5625,-21.125,93073.75,0x683f
1679503269.242229,8727.0,2642.0,415.0,191.25,-21.8125,29.8125,-180.0,-647.0,928.0,146.0,-182.0,153.0,-19.625,-62.9375,-25.3125,93073.75,0x683f
1679503269.310646,8863.0,2665.0,442.0,192.0625,-18.0625,30.0625,-228.0,-631.0,976.0,-23.0,-152.0,84.0,8.375,-25.8125,-15.6875,93073.75,0x683f
1679503269.3780422,8791.0,2356.0,702.0,192.4375,-17.1875,29.0,-278.0,-600.0,888.0,11.0,-145.0,69.0,32.25,-11.6875,-3.375,93073.25,0x683f
1679503269.441319,8830.0,2837.0,867.0,193.4375,-17.625,26.6875,-99.0,-627.0,1011.0,133.0,-208.0,142.0,60.0625,74.1875,-8.5625,93073.25,0x683f
1679503269.5085309,8909.0,2863.0,739.0,196.1875,-23.6875,22.75,-282.0,-598.0,964.0,124.0,-260.0,136.0,91.75,125.4375,4.1875,93073.25,0x683f
1679503269.579813,9099.0,3151.0,658.0,198.5625,-35.1875,17.8125,-489.0,-453.0,741.0,76.0,-208.0,-21.0,102.3125,211.4375,27.75,93073.25,0x683f
1679503269.645866,8812.0,2936.0,515.0,200.0,-45.9375,12.3125,-743.0,-264.0,503.0,-7.0,-132.0,-145.0,110.375,100.625,33.125,93073.25,0x683f
1679503269.714765,8722.0,2972.0,931.0,201.875,-52.9375,2.0625,-698.0,-111.0,483.0,77.0,-88.0,-117.0,118.25,57.5625,18.6875,93073.25,0x683f
1679503269.7913768,8666.0,2894.0,949.0,204.8125,-56.0,-5.9375,-718.0,18.0,381.0,98.0,-50.0,-157.0,125.125,30.5,-10.375,93075.0,0x683f
1679503269.865273,8814.0,2994.0,889.0,212.4375,-58.125,-14.625,-695.0,131.0,366.0,167.0,42.0,-143.0,122.1875,13.1875,-40.375,93075.0,0x683f
1679503269.939209,9274.0,3178.0,740.0,218.8125,-60.375,-17.625,-802.0,280.0,293.0,53.0,134.0,-161.0,91.3125,6.1875,-65.8125,93075.0,0x683f
1679503270.010838,9057.0,3085.0,856.0,229.375,-62.8125,-13.875,-732.0,234.0,311.0,84.0,119.0,-137.0,63.125,18.6875,-83.8125,93075.0,0x683f
1679503270.076396,8693.0,2803.0,732.0,236.5625,-64.3125,-6.625,-904.0,156.0,279.0,-20.0,107.0,-142.0,36.25,-1.5,-98.875,93075.0,0x683f
1679503270.141666,8733.0,2941.0,884.0,243.125,-65.1875,3.1875,-1078.0,-8.0,297.0,-116.0,44.0,-119.0,24.875,27.9375,-75.4375,93069.75,0x683f
1679503270.204606,8658.0,2721.0,929.0,249.6875,-67.0,14.3125,-1057.0,-164.0,287.0,-178.0,-91.0,-101.0,24.1875,46.3125,-54.5625,93069.75,0x683f
1679503270.26963,8494.0,2776.0,867.0,254.0625,-68.1875,21.25,-1137.0,-146.0,236.0,-226.0,-14.0,-101.0,33.625,22.125,-48.75,93069.75,0x683f
1679503270.335217,8554.0,2904.0,694.0,257.625,-65.0625,24.5625,-1089.0,-96.0,116.0,-180.0,62.0,-229.0,4.4375,-140.0,-55.0,93069.75,0x683f
1679503270.403007,8688.0,2965.0,755.0,259.5,-54.4375,22.9375,-787.0,-163.0,601.0,0.0,63.0,62.0,-5.8125,-108.125,-31.3125,93069.75,0x683f
1679503270.476772,8637.0,3035.0,764.0,260.125,-48.25,22.4375,-721.0,-230.0,718.0,-34.0,30.0,67.0,-5.625,-49.375,-12.0,93069.75,0x683f
1679503270.541068,8589.0,3158.0,832.0,260.0,-45.0,22.0625,-654.0,-253.0,738.0,36.0,7.0,93.0,-4.625,-22.75,-3.375,93081.5,0x683f
1679503270.603051,8443.0,3088.0,807.0,260.0,-43.125,22.1875,-615.0,-264.0,717.0,55.0,5.0,54.0,-5.4375,-18.75,-10.1875,93081.5,0x683f
1679503270.664821,8459.0,3016.0,794.0,260.375,-42.5,22.6875,-705.0,-280.0,696.0,-34.0,6.0,31.0,-3.625,-11.6875,-9.5,93081.5,0x683f
1679503270.7261372,8648.0,3225.0,757.0,260.625,-41.8125,23.125,-682.0,-273.0,673.0,-40.0,18.0,7.0,-5.5,-9.8125,-6.875,93081.5,0x683f
1679503270.796528,8479.0,3032.0,816.0,260.6875,-41.0625,23.4375,-677.0,-286.0,687.0,-23.0,4.0,3.0,-5.0625,-16.25,-4.25,93081.5,0x683f
1679503270.866393,8524.0,3071.0,741.0,260.625,-39.75,23.5625,-612.0,-287.0,724.0,8.0,16.0,29.0,-5.6875,-11.9375,-4.875,93081.5,0x683f
1679503270.929525,8606.0,3084.0,790.0,261.8125,-38.9375,24.0625,-589.0,-281.0,704.0,25.0,31.0,8.0,-8.5,-9.8125,-9.875,93078.25,0x683f
1679503270.996711,8309.0,2922.0,838.0,263.0625,-37.8125,24.9375,-588.0,-355.0,767.0,13.0,-28.0,64.0,-9.375,1.0,-10.75,93078.25,0x683f
1679503271.062649,8318.0,2934.0,830.0,264.0625,-37.8125,25.75,-618.0,-335.0,748.0,-17.0,2.0,51.0,-6.0625,-8.125,-6.4375,93078.25,0x683f
1679503271.12418,8580.0,3125.0,788.0,265.875,-37.875,26.375,-592.0,-331.0,745.0,9.0,14.0,51.0,-5.75,20.9375,0.75,93078.25,0x683f
1679503271.190509,8272.0,2948.0,830.0,266.625,-39.25,27.0,-626.0,-370.0,728.0,-2.0,-26.0,54.0,-2.5,23.875,7.0625,93078.25,0x683f
1679503271.256335,8526.0,3184.0,730.0,267.0625,-41.5,27.0625,-708.0,-360.0,649.0,-57.0,-26.0,-4.0,15.3125,25.5,10.1875,93073.0,0x683f
1679503271.330262,8625.0,2926.0,746.0,267.75,-42.125,25.5625,-618.0,-330.0,686.0,28.0,0.0,20.0,22.375,9.0625,13.0625,93073.0,0x683f
1679503271.403782,8628.0,3134.0,802.0,268.625,-43.5,23.625,-688.0,-236.0,619.0,-14.0,42.0,-32.0,9.0625,10.6875,11.5625,93073.0,0x683f
1679503271.472529,8683.0,3211.0,778.0,268.75,-44.5,22.75,-702.0,-264.0,592.0,-13.0,4.0,-51.0,2.6875,8.9375,12.25,93073.0,0x683f
1679503271.5369751,8746.0,3130.0,727.0,268.6875,-44.8125,21.875,-665.0,-210.0,634.0,45.0,67.0,-15.0,0.9375,-6.8125,9.25,93073.0,0x683f
1679503271.601783,8617.0,3261.0,747.0,268.4375,-45.25,21.5625,-733.0,-243.0,633.0,-35.0,8.0,-7.0,0.25,0.6875,11.875,93073.0,0x683f
1679503271.6677928,8419.0,3129.0,757.0,267.875,-45.5625,20.75,-764.0,-298.0,669.0,-61.0,-86.0,35.0,-0.8125,-2.0,15.9375,93071.0,0x683f
1679503271.735605,8557.0,2992.0,639.0,267.0,-46.125,19.375,-803.0,-426.0,630.0,-94.0,-205.0,-9.0,-1.0,3.625,46.125,93071.0,0x683f
1679503271.7967172,8606.0,3178.0,839.0,263.4375,-47.25,16.5,-625.0,-352.0,511.0,96.0,-167.0,-125.0,-28.0625,0.3125,58.375,93071.0,0x683f
1679503271.859047,8254.0,2751.0,621.0,259.0,-48.3125,15.5625,-543.0,-291.0,462.0,189.0,-115.0,-164.0,-63.75,-1.1875,46.9375,93071.0,0x683f
1679503271.920196,8352.0,2999.0,873.0,255.375,-48.75,18.0,-467.0,-268.0,546.0,271.0,-59.0,-63.0,-94.8125,14.8125,-0.625,93071.0,0x683f
1679503271.980288,8719.0,3263.0,890.0,253.6875,-49.875,26.4375,-491.0,-270.0,453.0,258.0,11.0,-111.0,-98.375,43.0625,-48.875,93071.0,0x683f
1679503272.045429,8790.0,3359.0,978.0,255.1875,-50.625,36.1875,-552.0,-406.0,532.0,208.0,-19.0,49.0,-88.625,107.3125,-100.0,93079.0,0x683f
1679503272.1125069,8678.0,3161.0,883.0,262.1875,-50.5625,54.5,-787.0,-595.0,452.0,-34.0,-69.0,108.0,-40.1875,100.4375,-127.8125,93079.0,0x683f
1679503272.17994,9096.0,3507.0,921.0,273.0625,-46.0625,67.5625,-706.0,-635.0,404.0,0.0,-7.0,144.0,8.5,116.1875,-126.1875,93079.0,0x683f
1679503272.249888,8549.0,3184.0,634.0,285.375,-41.8125,75.875,-708.0,-651.0,148.0,-65.0,80.0,-31.0,31.9375,150.625,-121.5,93079.0,0x683f
1679503272.3285592,8594.0,3350.0,662.0,303.1875,-34.5625,83.0,-727.0,-819.0,4.0,-173.0,2.0,-85.0,33.75,109.9375,-110.4375,93079.0,0x683f
1679503272.3936052,8699.0,3434.0,558.0,315.75,-27.75,85.125,-536.0,-888.0,-29.0,-122.0,-15.0,-78.0,15.625,56.625,-107.75,93075.75,0x683f
1679503272.460018,8625.0,3333.0,452.0,325.5,-21.125,86.125,-531.0,-970.0,4.0,-164.0,-63.0,-40.0,3.25,31.5625,-89.75,93075.75,0x683f
1679503272.5249028,8827.0,3754.0,353.0,332.6875,-16.0625,87.1875,-463.0,-956.0,64.0,-191.0,-15.0,18.0,-11.875,32.6875,-61.75,93075.75,0x683f
1679503272.598869,8693.0,3588.0,264.0,336.0625,-13.25,88.75,-336.0,-1034.0,98.0,-18.0,-77.0,108.0,-25.3125,-14.8125,-40.625,93075.75,0x683f
1679503272.664738,9005.0,3731.0,480.0,338.25,-11.125,90.25,-267.0,-1007.0,131.0,-77.0,-45.0,135.0,-10.0625,25.125,-14.25,93075.75,0x683f
1679503272.730056,8866.0,3513.0,766.0,339.375,-10.5,91.0,-235.0,-1021.0,93.0,-33.0,-60.0,100.0,-13.5625,-17.6875,-5.75,93075.75,0x683f
1679503272.7954078,8872.0,3767.0,221.0,337.3125,-10.3125,91.4375,-175.0,-1006.0,82.0,5.0,-40.0,106.0,-8.8125,-31.75,-1.1875,93083.75,0x683f
1679503272.860524,8980.0,3769.0,512.0,336.25,-10.4375,91.375,-181.0,-941.0,13.0,-3.0,22.0,36.0,-0.875,-1.9375,4.0,93083.75,0x683f
1679503272.930507,8766.0,3551.0,526.0,335.75,-10.625,91.375,-173.0,-965.0,-4.0,8.0,-2.0,18.0,-1.125,-1.6875,2.8125,93083.75,0x683f
1679503273.0068219,8299.0,3265.0,395.0,335.5,-10.75,91.375,-197.0,-962.0,9.0,-10.0,-1.0,43.0,-3.1875,-3.3125,0.5,93083.75,0x683f
1679503273.082067,8315.0,3251.0,409.0,334.9375,-10.9375,91.1875,-199.0,-974.0,63.0,-12.0,-12.0,83.0,3.375,-10.625,3.6875,93083.75,0x683f
1679503273.1489038,8334.0,3246.0,446.0,334.25,-11.3125,90.75,-205.0,-959.0,34.0,-16.0,7.0,40.0,0.625,1.1875,5.8125,93083.75,0x683f
1679503273.2136588,8310.0,3238.0,402.0,333.8125,-11.625,90.625,-186.0,-953.0,11.0,11.0,6.0,22.0,2.6875,-4.4375,3.5625,93075.25,0x683f
1679503273.2807,8307.0,3239.0,390.0,333.3125,-11.8125,90.5,-186.0,-953.0,15.0,14.0,6.0,23.0,-1.125,-1.75,3.25,93075.25,0x683f
1679503273.353778,8284.0,3218.0,402.0,332.875,-12.0625,90.5625,-222.0,-942.0,9.0,-17.0,13.0,17.0,-3.8125,-8.6875,3.5625,93075.25,0x683f
1679503273.433393,8864.0,3759.0,201.0,331.8125,-12.25,90.625,-191.0,-954.0,30.0,17.0,3.0,41.0,-4.8125,-11.875,1.6875,93075.25,0x683f
1679503273.51476,8255.0,3187.0,424.0,331.0625,-12.375,90.5,-211.0,-953.0,24.0,-4.0,7.0,32.0,-0.4375,1.0,2.9375,93075.25,0x683f
1679503273.599425,8300.0,3210.0,411.0,330.75,-12.5625,90.4375,-211.0,-949.0,18.0,-1.0,1.0,19.0,-1.4375,-0.875,2.6875,93071.5,0x683f
1679503273.676418,8377.0,3376.0,523.0,330.4375,-12.8125,90.4375,-214.0,-960.0,14.0,-3.0,0.0,28.0,-1.375,1.875,3.5,93071.5,0x683f
1679503273.752744,8832.0,3717.0,220.0,330.375,-13.0625,90.5,-240.0,-948.0,13.0,-23.0,7.0,23.0,-0.875,1.8125,1.5,93071.5,0x683f
1679503273.820576,9168.0,4003.0,437.0,330.25,-13.1875,90.4375,-228.0,-951.0,19.0,-3.0,3.0,29.0,-0.75,-0.0625,0.6875,93071.5,0x683f
1679503273.891456,8270.0,3202.0,421.0,330.125,-13.25,90.375,-230.0,-956.0,21.0,-8.0,-1.0,24.0,-0.375,-2.4375,0.6875,93071.5,0x683f
1679503273.968409,8702.0,3384.0,459.0,329.75,-13.25,90.25,-225.0,-947.0,20.0,0.0,4.0,24.0,-1.25,-8.625,-1.8125,93076.0,0x683f
1679503274.034195,9032.0,3776.0,262.0,329.4375,-13.125,90.0625,-219.0,-962.0,12.0,2.0,-7.0,12.0,0.875,0.0625,-1.875,93076.0,0x683f
1679503274.101634,8996.0,3733.0,248.0,329.4375,-13.0,89.9375,-213.0,-956.0,6.0,6.0,0.0,5.0,0.8125,-2.0,-0.5,93076.0,0x683f
1679503274.167951,8908.0,3762.0,211.0,329.375,-12.9375,89.875,-213.0,-954.0,2.0,4.0,0.0,5.0,0.8125,1.9375,0.5625,93076.0,0x683f
1679503274.233504,8608.0,3255.0,401.0,329.4375,-13.0,89.8125,-217.0,-946.0,22.0,3.0,8.0,20.0,0.3125,0.6875,1.125,93076.0,0x683f
1679503274.302525,8304.0,3211.0,477.0,329.5625,-13.0625,89.75,-232.0,-953.0,24.0,-9.0,1.0,20.0,1.9375,7.1875,0.6875,93073.75,0x683f
1679503274.3698812,8372.0,3247.0,457.0,329.8125,-13.125,89.625,-240.0,-957.0,16.0,-12.0,1.0,10.0,1.625,-1.0625,-0.5,93073.75,0x683f
1679503274.44862,8441.0,3219.0,682.0,329.8125,-13.0625,89.5,-223.0,-952.0,12.0,-1.0,2.0,4.0,1.625,0.75,-1.5,93073.75,0x683f
1679503274.509472,9647.0,4497.0,1841.0,330.0,-13.0625,89.4375,-224.0,-959.0,24.0,-3.0,-4.0,15.0,0.375,3.0625,0.8125,93073.75,0x683f
1679503274.574595,8447.0,3223.0,682.0,330.0625,-13.125,89.4375,-217.0,-956.0,27.0,5.0,-2.0,18.0,0.375,2.75,1.25,93073.75,0x683f
1679503274.637544,8630.0,3254.0,848.0,330.125,-13.125,89.375,-217.0,-953.0,23.0,5.0,0.0,14.0,1.0625,2.4375,-0.6875,93073.75,0x683f
1679503274.7030132,8427.0,3213.0,709.0,330.3125,-13.0625,89.3125,-226.0,-954.0,38.0,-4.0,1.0,26.0,-0.125,-1.0625,-1.375,93075.0,0x683f
1679503274.768681,8289.0,3234.0,453.0,330.1875,-13.0,89.125,-223.0,-954.0,45.0,-6.0,1.0,26.0,1.3125,-2.125,-1.4375,93075.0,0x683f
1679503274.832999,8306.0,3231.0,423.0,330.125,-13.0,88.9375,-233.0,-959.0,23.0,-12.0,-4.0,6.0,1.1875,-2.75,0.6875,93075.0,0x683f
1679503274.898868,8341.0,3252.0,434.0,329.9375,-13.0625,88.8125,-226.0,-953.0,18.0,-4.0,-1.0,-1.0,1.4375,0.125,1.9375,93075.0,0x683f
1679503274.9658298,8373.0,3243.0,444.0,329.75,-13.25,88.75,-220.0,-947.0,26.0,4.0,6.0,6.0,0.125,-0.0625,3.25,93075.0,0x683f
1679503275.033324,8423.0,3213.0,610.0,329.625,-13.4375,88.75,-213.0,-958.0,28.0,14.0,-4.0,7.0,-0.1875,-1.3125,1.6875,93075.0,0x683f
1679503275.105323,8466.0,3247.0,393.0,329.625,-13.4375,88.6875,-224.0,-949.0,35.0,4.0,4.0,14.0,0.5,0.9375,-0.125,93083.25,0x683f
1679503275.1737568,8373.0,3197.0,664.0,329.75,-13.4375,88.6875,-228.0,-957.0,34.0,0.0,-3.0,13.0,0.5625,1.5,-0.5,93083.25,0x683f
1679503275.239124,9145.0,3869.0,245.0,329.75,-13.4375,88.6875,-233.0,-949.0,28.0,-4.0,4.0,8.0,0.3125,0.0625,-0.4375,93083.25,0x683f
1679503275.308044,8322.0,3251.0,444.0,329.75,-13.4375,88.625,-228.0,-951.0,25.0,0.0,2.0,3.0,0.375,-0.1875,-0.4375,93083.25,0x683f
1679503275.390296,8327.0,3224.0,428.0,329.75,-13.4375,88.625,-229.0,-952.0,30.0,-2.0,4.0,6.0,-0.1875,-1.5625,-0.3125,93083.25,0x683f
1679503275.467649,8381.0,3209.0,667.0,329.625,-13.375,88.5625,-226.0,-959.0,30.0,-2.0,0.0,10.0,-0.5,0.5,0.375,93078.25,0x683f
1679503275.5351691,8280.0,3223.0,485.0,329.5,-13.375,88.5625,-212.0,-952.0,33.0,14.0,0.0,10.0,-0.8125,-1.3125,0.9375,93078.25,0x683f
1679503275.6086268,8287.0,3210.0,444.0,329.4375,-13.4375,88.5625,-223.0,-953.0,35.0,4.0,0.0,12.0,-0.6875,-1.75,-0.5625,93078.25,0x683f
1679503275.6735291,8253.0,3203.0,444.0,329.375,-13.375,88.5625,-219.0,-953.0,40.0,7.0,0.0,16.0,-0.1875,-1.9375,-1.25,93078.25,0x683f
1679503275.7390049,8558.0,3261.0,573.0,329.3125,-13.25,88.5,-224.0,-955.0,32.0,0.0,-1.0,7.0,-0.5,-0.9375,-0.5625,93078.25,0x683f
1679503275.804377,8402.0,3207.0,645.0,329.1875,-13.25,88.4375,-215.0,-952.0,32.0,10.0,1.0,7.0,-0.5,-1.6875,0.375,93078.25,0x683f
1679503275.8685682,8446.0,3231.0,431.0,329.0625,-13.25,88.4375,-216.0,-954.0,32.0,10.0,-1.0,8.0,-0.625,-1.8125,-0.0625,93089.0,0x683f
1679503275.936337,8332.0,3232.0,423.0,329.0,-13.25,88.4375,-212.0,-952.0,41.0,13.0,-1.0,12.0,-0.625,-0.1875,0.125,93089.0,0x683f
1679503276.0048609,8734.0,3640.0,272.0,329.0625,-13.25,88.4375,-220.0,-953.0,37.0,5.0,0.0,12.0,0.875,1.25,0.0,93089.0,0x683f
1679503276.0736692,8524.0,3246.0,619.0,329.0625,-13.25,88.4375,-217.0,-954.0,39.0,7.0,-2.0,10.0,0.5625,0.875,-0.375,93089.0,0x683f
1679503276.146471,8517.0,3228.0,595.0,329.1875,-13.25,88.5,-225.0,-948.0,34.0,2.0,4.0,9.0,0.375,0.5625,-0.0625,93089.0,0x683f
1679503276.216563,8519.0,3282.0,526.0,329.1875,-13.25,88.5,-225.0,-951.0,37.0,-1.0,-1.0,12.0,0.375,0.4375,0.3125,93074.75,0x683f
1679503276.284141,8403.0,3225.0,654.0,329.1875,-13.3125,88.5,-222.0,-956.0,34.0,3.0,0.0,13.0,0.1875,0.25,1.0,93074.75,0x683f
1679503276.353226,8403.0,3237.0,635.0,329.125,-13.375,88.5,-226.0,-955.0,43.0,0.0,-2.0,15.0,0.375,0.875,0.6875,93074.75,0x683f
1679503276.429657,8457.0,3249.0,393.0,329.125,-13.375,88.4375,-222.0,-953.0,39.0,2.0,3.0,15.0,0.125,-0.6875,0.5,93074.75,0x683f
1679503276.500771,8571.0,3263.0,668.0,329.0625,-13.4375,88.4375,-228.0,-948.0,38.0,-1.0,1.0,12.0,0.5,-0.625,0.625,93074.75,0x683f
1679503276.581113,8900.0,3639.0,232.0,329.0,-13.4375,88.375,-224.0,-942.0,33.0,3.0,10.0,7.0,-0.4375,-1.8125,0.375,93066.75,0x683f
1679503276.650492,8408.0,3233.0,624.0,328.8125,-13.4375,88.375,-225.0,-951.0,28.0,0.0,2.0,3.0,-1.6875,-1.0,0.6875,93066.75,0x683f
1679503276.717529,8315.0,3228.0,448.0,328.625,-13.5,88.5,-224.0,-955.0,41.0,4.0,-2.0,16.0,-1.5625,-0.3125,1.125,93066.75,0x683f
1679503276.7840488,8813.0,3606.0,507.0,328.625,-13.5,88.5,-233.0,-958.0,39.0,-3.0,-6.0,13.0,-0.3125,-0.8125,0.6875,93066.75,0x683f
1679503276.8497548,8753.0,3657.0,304.0,328.4375,-13.5625,88.4375,-217.0,-956.0,39.0,12.0,-1.0,14.0,-0.25,-3.5,0.875,93066.75,0x683f
1679503276.915136,8864.0,3440.0,660.0,328.25,-13.625,88.4375,-232.0,-954.0,29.0,0.0,-1.0,3.0,-0.3125,-2.4375,0.8125,93066.75,0x683f
1679503276.9839098,8447.0,3295.0,443.0,328.0,-13.625,88.375,-211.0,-955.0,36.0,11.0,1.0,5.0,0.375,2.125,0.9375,93081.5,0x683f
1679503277.050102,9573.0,4061.0,140.0,328.0625,-13.625,88.375,-231.0,-952.0,28.0,3.0,0.0,3.0,-0.3125,0.5625,-0.1875,93081.5,0x683f
1679503277.11805,8254.0,3221.0,445.0,328.0625,-13.625,88.3125,-228.0,-949.0,36.0,0.0,3.0,6.0,-0.125,0.875,-0.5,93081.5,0x683f
1679503277.1833549,8459.0,3294.0,419.0,328.125,-13.625,88.3125,-233.0,-951.0,35.0,0.0,-1.0,8.0,-0.5,-0.875,-0.3125,93081.5,0x683f
1679503277.2527602,8521.0,3267.0,662.0,328.0,-13.625,88.375,-230.0,-955.0,37.0,2.0,2.0,11.0,-0.6875,-1.0625,-0.25,93081.5,0x683f
1679503277.321314,8603.0,3230.0,844.0,327.9375,-13.625,88.3125,-229.0,-956.0,35.0,3.0,-1.0,8.0,-0.5625,-0.625,0.5,93081.5,0x683f
1679503277.389173,8392.0,3239.0,712.0,327.9375,-13.625,88.375,-220.0,-953.0,29.0,12.0,4.0,4.0,-0.375,0.9375,1.3125,93072.0,0x683f
1679503277.4526641,9013.0,3642.0,574.0,327.9375,-13.6875,88.375,-224.0,-953.0,35.0,7.0,-1.0,9.0,-1.25,0.875,-0.25,93072.0,0x683f
1679503277.518778,8433.0,3264.0,415.0,328.0,-13.6875,88.4375,-232.0,-958.0,48.0,0.0,-6.0,24.0,-0.4375,0.5625,0.0625,93072.0,0x683f
1679503277.584218,8363.0,3220.0,666.0,328.0625,-13.6875,88.4375,-229.0,-956.0,37.0,2.0,-4.0,12.0,0.125,1.375,0.3125,93072.0,0x683f
1679503277.6487858,8987.0,3646.0,546.0,328.1875,-13.6875,88.4375,-229.0,-958.0,18.0,2.0,-1.0,-6.0,1.0,2.9375,0.8125,93072.0,0x683f
1679503277.715507,8385.0,3242.0,690.0,328.375,-13.75,88.5625,-240.0,-932.0,28.0,-3.0,17.0,6.0,-2.3125,-0.6875,0.8125,93077.75,0x683f
1679503277.780169,8679.0,3281.0,653.0,328.1875,-13.8125,88.5625,-234.0,-955.0,45.0,0.0,-3.0,22.0,-0.5625,0.0625,0.1875,93077.75,0x683f
1679503277.844885,8385.0,3222.0,672.0,328.1875,-13.8125,88.5625,-240.0,-958.0,29.0,-6.0,-6.0,5.0,-0.25,-3.875,-0.6875,93077.75,0x683f
1679503277.910817,8667.0,3271.0,679.0,328.0,-13.8125,88.5,-245.0,-947.0,30.0,-20.0,0.0,6.0,-0.5,-0.4375,0.9375,93077.75,0x683f
1679503277.979797,8361.0,3199.0,723.0,327.375,-14.0,88.3125,-253.0,-971.0,82.0,-15.0,-20.0,54.0,3.6875,-11.0,6.5,93077.75,0x683f
1679503278.049514,8857.0,3648.0,264.0,325.8125,-14.5,87.4375,-273.0,-1012.0,147.0,-34.0,-71.0,102.0,15.3125,-22.8125,12.0,93077.75,0x683f
1679503278.114455,8552.0,3288.0,500.0,323.0625,-16.0,85.6875,-441.0,-1081.0,115.0,-171.0,-141.0,44.0,21.875,-50.5625,43.8125,93066.75,0x683f
1679503278.181351,8616.0,3252.0,848.0,315.4375,-18.875,82.6875,-583.0,-1115.0,92.0,-228.0,-212.0,-7.0,19.9375,-153.375,79.3125,93066.75,0x683f
1679503278.245555,8677.0,3332.0,809.0,301.4375,-23.3125,76.75,-550.0,-1024.0,165.0,-127.0,-131.0,-28.0,29.375,-135.1875,109.375,93066.75,0x683f
1679503278.3069382,9010.0,3439.0,884.0,292.0,-28.125,71.125,-529.0,-855.0,225.0,-47.0,-21.0,-53.0,29.6875,-68.75,129.6875,93066.75,0x683f
1679503278.366635,8812.0,3167.0,746.0,283.0625,-34.5625,66.5,-613.0,-624.0,229.0,-39.0,101.0,-95.0,13.4375,-20.1875,142.875,93066.75,0x683f
1679503278.429004,9062.0,3591.0,862.0,274.1875,-41.75,62.5625,-677.0,-538.0,231.0,-8.0,94.0,-106.0,-6.25,-14.75,147.9375,93066.75,0x683f
1679503278.4910011,8810.0,3356.0,781.0,264.8125,-48.875,58.125,-700.0,-412.0,202.0,50.0,118.0,-137.0,-19.75,-17.625,140.0,93072.25,0x683f
1679503278.554292,8536.0,3168.0,892.0,254.3125,-55.0,50.8125,-741.0,-367.0,253.0,62.0,67.0,-101.0,-28.0,-46.5,114.75,93072.25,0x683f
1679503278.620267,8595.0,3119.0,974.0,246.4375,-57.4375,43.125,-662.0,-379.0,319.0,178.0,-13.0,-64.0,-27.3125,-46.625,89.4375,93072.25,0x683f
1679503278.684701,8532.0,2987.0,551.0,239.5,-58.9375,36.0625,-784.0,-387.0,355.0,55.0,-89.0,-52.0,-25.5625,-29.75,59.125,93072.25,0x683f
1679503278.748936,8596.0,2846.0,733.0,235.375,-58.875,31.3125,-881.0,-453.0,422.0,-63.0,-206.0,-2.0,-12.875,-43.1875,43.875,93072.25,0x683f
1679503278.813911,8388.0,2910.0,534.0,232.3125,-57.625,25.6875,-845.0,-421.0,557.0,-18.0,-200.0,77.0,18.875,-40.875,44.25,93072.25,0x683f
1679503278.879515,8615.0,2853.0,387.0,229.9375,-57.625,19.125,-833.0,-176.0,508.0,-17.0,7.0,8.0,21.0,25.4375,47.6875,93072.75,0x683f
1679503278.944704,9012.0,2961.0,903.0,226.8125,-61.125,13.0,-1032.0,43.0,383.0,-173.0,150.0,-77.0,0.75,33.0625,71.125,93072.75,0x683f
1679503279.005884,8820.0,3034.0,856.0,221.9375,-62.625,5.125,-1001.0,96.0,339.0,-130.0,137.0,-109.0,-18.125,-4.8125,92.625,93072.75,0x683f
1679503279.0666308,8942.0,3206.0,804.0,215.25,-62.1875,-4.9375,-941.0,144.0,298.0,-54.0,100.0,-168.0,-27.8125,-22.1875,111.75,93072.75,0x683f
1679503279.129576,8800.0,3125.0,887.0,208.0,-58.8125,-13.5625,-703.0,159.0,352.0,135.0,40.0,-140.0,-34.5,-64.6875,97.375,93072.75,0x683f
1679503279.193475,8732.0,3134.0,756.0,203.0625,-52.875,-15.4375,-550.0,13.0,453.0,219.0,-143.0,-132.0,-42.6875,-132.5625,16.6875,93072.75,0x683f
1679503279.252713,8774.0,2994.0,651.0,203.3125,-43.5625,-9.875,-378.0,-207.0,715.0,297.0,-329.0,16.0,-46.5,-138.6875,-42.8125,93076.0,0x683f
1679503279.315989,8749.0,3004.0,662.0,205.5625,-40.6875,-6.375,-886.0,-243.0,873.0,-448.0,-175.0,-16.0,21.875,62.6875,-22.375,93076.0,0x683f
1679503279.3795469,8798.0,3041.0,724.0,207.8125,-40.1875,-5.4375,-529.0,89.0,738.0,-12.0,56.0,-59.0,-11.5,-60.125,-21.8125,93076.0,0x683f
