1677622927.589416,8950.0,3669.0,1258.0,232.0,-18.4375,67.5625,-263.0,-856.0,328.0,3.5,3.0625,-1.75,46.0,3.0,-26.0,0x683f
1677622927.642228,8682.0,3278.0,985.0,231.875,-18.3125,67.5625,-288.0,-865.0,349.0,-2.1875,-3.5,-4.75,20.0,-4.0,-5.0,0x683f
1677622927.6904478,8796.0,3483.0,1122.0,232.0625,-18.0,67.625,-298.0,-866.0,362.0,-3.0625,-8.125,-1.375,5.0,-3.0,7.0,0x683f
1677622927.739728,8742.0,3284.0,956.0,232.4375,-17.5,67.75,-290.0,-882.0,351.0,0.9375,-10.4375,-4.5625,4.0,-16.0,-2.0,0x683f
1677622927.790978,8679.0,3246.0,971.0,232.75,-17.0,67.625,-283.0,-862.0,360.0,-1.25,-9.4375,-3.25,3.0,4.0,4.0,0x683f
1677622927.841441,8777.0,3463.0,1055.0,233.0,-16.625,67.75,-297.0,-933.0,408.0,12.9375,1.0625,-5.0,-16.0,-64.0,52.0,0x683f
1677622927.891551,8836.0,3621.0,1223.0,232.875,-16.625,66.25,-247.0,-813.0,395.0,34.25,-2.875,3.5625,34.0,46.0,18.0,0x683f
1677622927.942081,8617.0,3243.0,940.0,233.875,-16.1875,65.75,-382.0,-898.0,152.0,-13.875,-17.1875,-18.75,-109.0,-39.0,-233.0,0x683f
1677622927.993106,8823.0,3488.0,1071.0,233.3125,-15.25,65.1875,-283.0,-794.0,493.0,46.0625,9.6875,-16.375,-25.0,64.0,97.0,0x683f
1677622928.0427861,8654.0,3259.0,994.0,233.6875,-15.375,66.0625,-223.0,-737.0,320.0,-79.25,-18.3125,37.75,37.0,127.0,-63.0,0x683f
1677622928.092415,8441.0,3054.0,374.0,233.9375,-15.0625,69.0,-239.0,-951.0,345.0,-16.6875,-2.6875,-30.4375,15.0,-67.0,6.0,0x683f
1677622928.1436758,8378.0,3064.0,382.0,233.375,-14.6875,69.25,-164.0,-860.0,349.0,-13.3125,-3.5625,8.625,85.0,26.0,14.0,0x683f
1677622928.195445,8225.0,3043.0,423.0,233.5,-14.5,70.125,-272.0,-923.0,326.0,-13.4375,-5.8125,-16.6875,-26.0,-31.0,4.0,0x683f
1677622928.2438169,8525.0,3073.0,377.0,233.125,-13.9375,70.25,-185.0,-938.0,353.0,3.6875,-2.4375,-3.5625,50.0,-43.0,28.0,0x683f
1677622928.2956119,8352.0,3054.0,384.0,233.4375,-14.1875,69.8125,-204.0,-956.0,294.0,22.4375,9.0625,20.25,24.0,-63.0,-33.0,0x683f
1677622928.348043,8723.0,3278.0,409.0,234.5,-14.9375,69.75,-149.0,-747.0,306.0,-34.25,-18.125,64.8125,82.0,157.0,-12.0,0x683f
1677622928.399578,7949.0,2143.0,14.0,237.625,-14.4375,74.625,-135.0,-760.0,-7.0,-156.5,-40.3125,64.625,105.0,163.0,-231.0,0x683f
1677622928.449522,8299.0,2951.0,507.0,239.125,-13.25,82.4375,-180.0,-984.0,-5.0,-126.4375,-28.8125,3.6875,40.0,-34.0,-110.0,0x683f
1677622928.500939,8319.0,2994.0,554.0,239.8125,-12.0625,87.875,-225.0,-1027.0,-95.0,-86.1875,-19.3125,23.375,-23.0,-68.0,-115.0,0x683f
1677622928.550223,8498.0,3206.0,676.0,240.4375,-11.1875,92.3125,-261.0,-969.0,-81.0,-63.0,-10.5,-4.6875,-70.0,-8.0,-42.0,0x683f
1677622928.598952,8493.0,3307.0,563.0,240.0,-10.9375,94.8125,-281.0,-1015.0,-41.0,-37.375,-1.125,-5.8125,-95.0,-56.0,39.0,0x683f
1677622928.649576,8252.0,2766.0,549.0,239.125,-11.0625,95.25,-308.0,-1021.0,-10.0,10.5625,6.3125,-33.1875,-117.0,-62.0,74.0,0x683f
1677622928.700667,8098.0,2585.0,417.0,237.125,-11.75,93.875,-150.0,-1127.0,206.0,34.8125,18.875,2.625,52.0,-169.0,266.0,0x683f
1677622928.75239,8348.0,3094.0,435.0,236.9375,-12.3125,91.75,-170.0,-943.0,51.0,25.375,1.5,-27.375,39.0,13.0,81.0,0x683f
1677622928.804037,8432.0,3115.0,592.0,235.8125,-12.375,90.5,-162.0,-935.0,-12.0,19.0,-2.5,-26.0625,48.0,22.0,-3.0,0x683f
1677622928.856385,8471.0,3089.0,597.0,234.8125,-12.375,88.875,-162.0,-960.0,-24.0,37.75,6.375,-25.5,47.0,-2.0,-42.0,0x683f
1677622928.905921,8542.0,3125.0,545.0,233.875,-12.625,87.0625,-157.0,-905.0,26.0,14.625,9.125,0.125,53.0,54.0,-26.0,0x683f
1677622928.956177,8733.0,3195.0,556.0,233.875,-13.125,86.875,-227.0,-952.0,-8.0,-6.5,6.8125,17.5,-21.0,-2.0,-60.0,0x683f
1677622929.003697,8574.0,3138.0,567.0,234.125,-13.4375,87.25,-214.0,-959.0,10.0,1.0,3.875,0.75,18.0,-3.0,-27.0,0x683f
1677622929.052623,8400.0,3125.0,577.0,233.8125,-13.625,87.125,-199.0,-949.0,52.0,2.6875,5.5625,-2.625,32.0,1.0,4.0,0x683f
1677622929.102752,8392.0,3102.0,568.0,233.625,-13.8125,87.0,-223.0,-964.0,55.0,1.9375,2.75,-0.3125,11.0,-13.0,5.0,0x683f
1677622929.150849,8445.0,3157.0,595.0,233.4375,-13.875,86.8125,-216.0,-966.0,75.0,3.5625,1.3125,-5.4375,18.0,-16.0,22.0,0x683f
1677622929.200279,8816.0,3133.0,531.0,233.375,-13.875,86.4375,-218.0,-966.0,62.0,7.6875,2.4375,1.0,17.0,-16.0,4.0,0x683f
1677622929.2494578,8641.0,3086.0,528.0,233.5625,-13.9375,86.125,-228.0,-951.0,40.0,5.875,2.4375,4.6875,8.0,-1.0,-22.0,0x683f
1677622929.2986398,8647.0,3183.0,535.0,233.625,-14.0625,86.125,-218.0,-942.0,45.0,1.125,1.875,2.375,20.0,6.0,-17.0,0x683f
1677622929.347175,8633.0,3132.0,465.0,233.75,-14.125,86.25,-227.0,-952.0,27.0,0.5,4.625,5.8125,13.0,-3.0,-32.0,0x683f
1677622929.396514,8406.0,3082.0,557.0,233.875,-14.3125,86.4375,-237.0,-943.0,34.0,2.875,4.3125,6.0,6.0,4.0,-24.0,0x683f
1677622929.447854,8620.0,3110.0,553.0,233.875,-14.5,86.4375,-242.0,-939.0,36.0,0.5625,2.4375,2.3125,-1.0,1.0,-24.0,0x683f
1677622929.500205,8704.0,3172.0,538.0,233.75,-14.5625,86.375,-212.0,-939.0,56.0,1.3125,1.625,-4.625,34.0,7.0,-3.0,0x683f
1677622929.552005,8464.0,3113.0,543.0,233.625,-14.6875,86.4375,-261.0,-953.0,43.0,-2.75,2.875,1.5,-12.0,-6.0,-14.0,0x683f
1677622929.602875,8479.0,3122.0,568.0,233.375,-14.8125,86.375,-231.0,-945.0,60.0,0.9375,4.875,-0.5625,19.0,0.0,1.0,0x683f
1677622929.650793,8451.0,3141.0,550.0,233.25,-15.125,86.4375,-249.0,-945.0,55.0,-2.3125,5.9375,5.875,6.0,0.0,-2.0,0x683f
1677622929.6998012,8533.0,3148.0,532.0,233.1875,-15.3125,86.5625,-252.0,-951.0,53.0,1.875,2.3125,-0.4375,7.0,-7.0,-3.0,0x683f
1677622929.750366,8442.0,3155.0,545.0,232.9375,-15.375,86.3125,-235.0,-946.0,69.0,2.5625,1.75,-5.875,24.0,-2.0,9.0,0x683f
1677622929.803379,8633.0,3148.0,498.0,232.875,-15.375,86.25,-243.0,-948.0,63.0,1.0,1.5,1.125,17.0,-5.0,1.0,0x683f
1677622929.852275,8545.0,3155.0,514.0,232.9375,-15.4375,86.1875,-252.0,-947.0,48.0,2.75,0.9375,2.5625,8.0,-4.0,-13.0,0x683f
1677622929.902339,8467.0,3145.0,566.0,233.0625,-15.4375,86.125,-258.0,-943.0,45.0,1.875,0.75,1.6875,3.0,0.0,-17.0,0x683f
1677622929.958286,8619.0,3159.0,546.0,233.0625,-15.5,86.125,-261.0,-947.0,47.0,1.625,1.5,-1.0625,0.0,-5.0,-15.0,0x683f
1677622930.008069,8679.0,3108.0,471.0,232.9375,-15.5625,86.0625,-250.0,-939.0,47.0,0.6875,1.25,-3.1875,12.0,3.0,-16.0,0x683f
1677622930.0593312,8913.0,3150.0,522.0,232.75,-15.5625,86.0625,-247.0,-946.0,48.0,-0.875,1.0,-1.75,15.0,-4.0,-15.0,0x683f
1677622930.1086762,8495.0,3138.0,527.0,232.625,-15.5625,86.125,-251.0,-942.0,53.0,-2.375,0.6875,-1.3125,12.0,0.0,-9.0,0x683f
1677622930.1568892,8693.0,3183.0,524.0,232.5,-15.625,86.25,-248.0,-947.0,66.0,-3.4375,1.6875,-3.0,15.0,-4.0,5.0,0x683f
1677622930.207454,8528.0,3154.0,564.0,232.3125,-15.6875,86.4375,-250.0,-949.0,61.0,-3.75,3.8125,0.125,17.0,-8.0,3.0,0x683f
1677622930.25559,8650.0,3230.0,523.0,232.125,-15.8125,86.5625,-254.0,-942.0,52.0,-1.3125,3.0,0.8125,14.0,-1.0,-3.0,0x683f
1677622930.308789,8522.0,3184.0,560.0,232.0625,-15.9375,86.625,-248.0,-943.0,45.0,0.0,2.0,0.6875,22.0,0.0,-11.0,0x683f
1677622930.359246,8480.0,3161.0,543.0,232.0625,-16.0,86.625,-258.0,-939.0,40.0,-0.4375,-0.3125,-0.375,9.0,2.0,-18.0,0x683f
1677622930.407906,8481.0,3145.0,550.0,232.0625,-15.9375,86.6875,-260.0,-942.0,39.0,-1.5625,-1.9375,-4.625,8.0,-1.0,-14.0,0x683f
1677622930.457174,8487.0,3138.0,582.0,231.875,-15.8125,86.75,-260.0,-944.0,47.0,-2.0,-1.25,-4.125,7.0,-2.0,-5.0,0x683f
1677622930.507335,8691.0,3190.0,521.0,231.8125,-15.75,86.8125,-271.0,-945.0,50.0,-1.25,-0.75,-2.625,-5.0,-3.0,-1.0,0x683f
1677622930.556992,8681.0,3206.0,529.0,231.6875,-15.6875,86.8125,-263.0,-946.0,50.0,-0.3125,-0.25,-3.4375,2.0,-4.0,-1.0,0x683f
1677622930.607434,8720.0,3156.0,535.0,231.5625,-15.75,86.75,-262.0,-944.0,50.0,0.875,2.0625,-0.25,2.0,0.0,-3.0,0x683f
1677622930.657293,8503.0,3191.0,541.0,231.4375,-15.8125,86.75,-264.0,-942.0,44.0,1.0,1.9375,-1.125,4.0,0.0,-8.0,0x683f
1677622930.71003,8628.0,3206.0,568.0,231.375,-15.9375,86.6875,-255.0,-940.0,40.0,1.25,3.0,0.1875,14.0,0.0,-13.0,0x683f
1677622930.760399,8466.0,3184.0,545.0,231.1875,-16.0625,86.6875,-254.0,-936.0,36.0,0.375,3.0625,0.0,17.0,3.0,-17.0,0x683f
1677622930.817537,8589.0,3200.0,529.0,231.125,-16.125,86.6875,-250.0,-937.0,33.0,-0.25,1.125,-1.4375,22.0,3.0,-19.0,0x683f
1677622930.866812,8704.0,3184.0,552.0,231.125,-16.125,86.8125,-255.0,-945.0,40.0,-1.1875,0.4375,-0.4375,17.0,-3.0,-12.0,0x683f
1677622930.919978,8529.0,3153.0,534.0,231.125,-16.0625,86.875,-257.0,-944.0,41.0,-1.375,0.125,0.625,10.0,-3.0,-11.0,0x683f
1677622930.969265,8711.0,3198.0,552.0,231.125,-16.0625,86.9375,-259.0,-947.0,43.0,-1.0,-0.0625,0.1875,10.0,-3.0,-4.0,0x683f
1677622931.018816,8645.0,3169.0,504.0,231.125,-16.0625,87.0,-264.0,-943.0,43.0,0.125,-0.1875,0.375,7.0,-2.0,-5.0,0x683f
1677622931.067591,8447.0,3137.0,553.0,231.1875,-16.0625,87.0,-259.0,-950.0,41.0,0.8125,-0.25,1.4375,11.0,-9.0,-7.0,0x683f
1677622931.117242,8528.0,3190.0,565.0,231.25,-16.0,87.0,-266.0,-944.0,44.0,0.25,-0.5,1.0625,3.0,-1.0,-5.0,0x683f
1677622931.168024,8655.0,3269.0,545.0,231.3125,-16.0,87.0,-258.0,-944.0,43.0,0.6875,-0.125,-0.125,12.0,-3.0,-4.0,0x683f
1677622931.221288,8555.0,3171.0,543.0,231.3125,-16.0,87.0,-261.0,-942.0,41.0,1.875,-1.125,0.25,8.0,0.0,-8.0,0x683f
1677622931.272307,8678.0,3178.0,517.0,231.375,-15.9375,86.875,-266.0,-938.0,41.0,1.5625,-0.25,0.3125,3.0,3.0,-9.0,0x683f
1677622931.325505,8628.0,3222.0,540.0,231.4375,-15.9375,86.8125,-268.0,-944.0,40.0,1.3125,-0.375,0.0,1.0,-3.0,-10.0,0x683f
1677622931.3757281,8816.0,3235.0,533.0,231.4375,-15.9375,86.8125,-271.0,-943.0,41.0,1.0625,0.625,0.0,-1.0,-1.0,-9.0,0x683f
1677622931.424271,8685.0,3182.0,545.0,231.375,-16.0,86.75,-268.0,-940.0,46.0,-0.3125,1.25,-2.0625,5.0,1.0,-4.0,0x683f
1677622931.477495,8591.0,3199.0,559.0,231.1875,-16.0625,86.75,-260.0,-940.0,49.0,-0.375,1.1875,-3.3125,12.0,0.0,-5.0,0x683f
1677622931.525672,8673.0,3162.0,561.0,231.0,-16.0625,86.75,-254.0,-944.0,46.0,1.3125,1.0625,-2.25,17.0,-4.0,-6.0,0x683f
1677622931.5748081,8501.0,3222.0,550.0,230.9375,-16.125,86.625,-257.0,-943.0,42.0,1.1875,1.375,-0.9375,16.0,-1.0,-11.0,0x683f
1677622931.62705,8611.0,3150.0,535.0,230.8125,-16.125,86.5625,-258.0,-938.0,44.0,0.375,0.9375,-1.875,16.0,0.0,-11.0,0x683f
1677622931.677102,8557.0,3210.0,530.0,230.75,-16.125,86.5625,-257.0,-941.0,46.0,0.8125,0.625,-1.625,15.0,-1.0,-9.0,0x683f
1677622931.727268,8697.0,3207.0,562.0,230.75,-16.125,86.5,-259.0,-942.0,48.0,0.375,0.1875,-1.5625,13.0,-1.0,-7.0,0x683f
1677622931.779892,8628.0,3205.0,520.0,230.6875,-16.0625,86.5,-259.0,-943.0,48.0,0.8125,0.75,-1.1875,12.0,-3.0,-8.0,0x683f
1677622931.829209,8559.0,3170.0,537.0,230.625,-16.125,86.5,-260.0,-938.0,48.0,0.625,1.0,0.3125,12.0,1.0,-8.0,0x683f
1677622931.878011,8758.0,3221.0,505.0,230.625,-16.125,86.5,-267.0,-939.0,46.0,0.125,-0.0625,-0.4375,5.0,0.0,-11.0,0x683f
1677622931.927969,8688.0,3222.0,522.0,230.625,-16.125,86.4375,-277.0,-939.0,48.0,0.4375,0.5,-1.125,-4.0,0.0,-9.0,0x683f
1677622931.977961,8573.0,3210.0,546.0,230.5,-16.125,86.4375,-269.0,-943.0,46.0,0.3125,1.25,-2.0,3.0,-3.0,-11.0,0x683f
1677622932.02628,8482.0,3165.0,570.0,230.375,-16.25,86.4375,-265.0,-936.0,46.0,0.9375,2.6875,0.5,9.0,2.0,-11.0,0x683f
1677622932.075917,8531.0,3212.0,529.0,230.3125,-16.3125,86.375,-265.0,-932.0,45.0,-0.0625,1.75,-0.125,9.0,6.0,-10.0,0x683f
1677622932.127779,8633.0,3208.0,531.0,230.1875,-16.375,86.375,-264.0,-947.0,51.0,0.375,0.875,-1.6875,12.0,-8.0,-8.0,0x683f
1677622932.179394,8255.0,2774.0,317.0,230.125,-16.4375,86.375,-276.0,-942.0,51.0,0.5,1.25,-0.625,1.0,-3.0,-8.0,0x683f
1677622932.2310169,8578.0,3225.0,539.0,230.0,-16.5,86.375,-262.0,-942.0,62.0,-0.1875,1.75,-2.75,15.0,-3.0,3.0,0x683f
1677622932.279381,8741.0,3207.0,518.0,229.875,-16.5,86.3125,-265.0,-939.0,60.0,1.0,0.0625,-1.5,13.0,0.0,0.0,0x683f
1677622932.331868,8634.0,3197.0,538.0,229.875,-16.4375,86.25,-265.0,-935.0,52.0,0.625,0.5,-1.5625,12.0,2.0,-8.0,0x683f
1677622932.3804102,8888.0,3183.0,503.0,229.75,-16.4375,86.25,-254.0,-940.0,47.0,0.375,-0.5,-2.375,23.0,-2.0,-14.0,0x683f
1677622932.432576,8615.0,3235.0,555.0,229.75,-16.375,86.25,-257.0,-936.0,44.0,0.0,-0.9375,-1.0625,19.0,2.0,-16.0,0x683f
1677622932.486305,8592.0,3202.0,585.0,229.8125,-16.3125,86.25,-257.0,-937.0,44.0,-0.3125,-0.6875,0.125,18.0,1.0,-16.0,0x683f
1677622932.5367522,8717.0,3215.0,505.0,229.9375,-16.1875,86.3125,-256.0,-940.0,43.0,-0.8125,-1.5625,1.9375,16.0,2.0,-16.0,0x683f
1677622932.5855832,8696.0,3198.0,545.0,230.125,-16.125,86.4375,-269.0,-940.0,47.0,-1.0,-1.6875,1.625,3.0,-3.0,-5.0,0x683f
1677622932.638307,8610.0,3203.0,534.0,230.25,-16.0625,86.5,-270.0,-943.0,54.0,-0.8125,-0.5,2.25,0.0,0.0,-1.0,0x683f
1677622932.6864882,8467.0,3180.0,560.0,230.375,-16.0625,86.5625,-268.0,-941.0,53.0,-0.375,-0.1875,2.0625,3.0,-1.0,-2.0,0x683f
1677622932.734507,8488.0,3144.0,557.0,230.4375,-16.0625,86.5625,-268.0,-939.0,46.0,0.375,-0.1875,1.625,3.0,0.0,-8.0,0x683f
1677622932.784986,8511.0,3214.0,537.0,230.5,-16.0625,86.625,-267.0,-940.0,44.0,0.3125,0.125,1.0625,4.0,0.0,-10.0,0x683f
1677622932.834235,8662.0,3166.0,516.0,230.5625,-16.0625,86.625,-261.0,-938.0,38.0,-0.375,0.5625,2.0,10.0,2.0,-15.0,0x683f
1677622932.883339,8511.0,3157.0,575.0,230.6875,-16.0625,86.75,-260.0,-938.0,35.0,-0.625,-0.125,2.1875,10.0,2.0,-18.0,0x683f
1677622932.932308,8744.0,3158.0,515.0,230.8125,-16.0625,86.8125,-267.0,-946.0,40.0,-0.5625,0.625,2.5,3.0,-5.0,-11.0,0x683f
1677622932.9816241,8635.0,3188.0,531.0,230.875,-16.0625,86.875,-265.0,-944.0,40.0,-1.125,1.375,2.5,6.0,-3.0,-10.0,0x683f
1677622933.031361,8459.0,3151.0,537.0,230.9375,-16.125,87.0,-258.0,-941.0,43.0,-1.875,0.4375,1.1875,13.0,0.0,-5.0,0x683f
1677622933.07979,8524.0,3153.0,513.0,230.9375,-16.125,87.0625,-245.0,-949.0,51.0,-0.6875,0.25,1.625,29.0,-10.0,9.0,0x683f
1677622933.1298199,8464.0,3130.0,593.0,231.1875,-16.0625,87.0625,-259.0,-958.0,43.0,2.1875,-0.4375,4.5625,12.0,-17.0,-3.0,0x683f
1677622933.179583,8471.0,3146.0,576.0,231.5,-16.0,87.0,-241.0,-947.0,45.0,2.0,-0.3125,4.5625,28.0,-6.0,-3.0,0x683f
1677622933.2305532,8465.0,3200.0,597.0,231.75,-15.9375,87.0625,-236.0,-942.0,55.0,-0.125,-2.125,3.0625,32.0,0.0,7.0,0x683f
1677622933.28094,8501.0,3195.0,592.0,232.25,-15.5625,87.0625,-229.0,-955.0,62.0,1.5,-4.625,4.625,19.0,-11.0,1.0,0x683f
1677622933.332222,8497.0,3229.0,642.0,232.75,-15.375,87.0,-250.0,-941.0,33.0,2.4375,-4.4375,6.3125,10.0,2.0,-11.0,0x683f
1677622933.381838,8428.0,3201.0,643.0,233.4375,-15.0625,87.0625,-247.0,-940.0,45.0,1.3125,-5.5,8.0,0.0,4.0,-5.0,0x683f
1677622933.432111,8515.0,3181.0,686.0,234.0625,-14.875,87.0625,-267.0,-934.0,37.0,2.0625,-5.3125,6.6875,-20.0,13.0,-7.0,0x683f
1677622933.482511,8476.0,3159.0,665.0,234.5,-14.6875,87.125,-277.0,-939.0,42.0,0.9375,-2.875,5.0625,-25.0,6.0,-4.0,0x683f
1677622933.530781,8431.0,3003.0,567.0,234.75,-14.75,87.1875,-282.0,-938.0,34.0,0.125,-0.875,3.5625,-35.0,9.0,-11.0,0x683f
1677622933.581456,8388.0,3079.0,556.0,234.6875,-14.875,87.25,-290.0,-942.0,33.0,-0.375,0.125,0.5,-33.0,3.0,-9.0,0x683f
1677622933.631459,8408.0,3066.0,578.0,234.4375,-15.0625,87.25,-267.0,-946.0,42.0,-15.9375,2.1875,-3.4375,-12.0,1.0,-5.0,0x683f
1677622933.678151,9085.0,3516.0,669.0,234.125,-15.1875,87.25,-250.0,-950.0,42.0,0.0,3.625,-2.4375,15.0,-5.0,-3.0,0x683f
1677622933.728043,8509.0,3193.0,657.0,233.875,-15.3125,87.1875,-234.0,-947.0,41.0,0.0625,3.3125,-2.6875,31.0,-2.0,-3.0,0x683f
1677622933.778242,8483.0,3180.0,579.0,233.75,-15.375,87.1875,-224.0,-946.0,38.0,-0.0625,1.375,0.0,36.0,0.0,-2.0,0x683f
1677622933.82882,8540.0,3182.0,617.0,233.8125,-15.3125,87.1875,-232.0,-947.0,33.0,0.1875,0.625,1.4375,22.0,-2.0,-11.0,0x683f
1677622933.880616,8480.0,3200.0,613.0,233.875,-15.3125,87.25,-229.0,-949.0,28.0,0.625,1.25,1.8125,29.0,2.0,-21.0,0x683f
1677622933.9296892,8478.0,3203.0,606.0,234.0,-15.3125,87.3125,-241.0,-937.0,24.0,-1.6875,-0.6875,2.3125,12.0,6.0,-18.0,0x683f
1677622933.981447,8474.0,3188.0,615.0,234.125,-15.1875,87.5,-227.0,-960.0,39.0,-1.9375,1.3125,0.125,40.0,-1.0,15.0,0x683f
1677622934.0315578,8467.0,3136.0,635.0,234.125,-15.5,87.75,-287.0,-940.0,18.0,-5.9375,5.6875,8.5,-27.0,-3.0,-15.0,0x683f
1677622934.081744,8486.0,3165.0,561.0,234.0625,-15.625,88.0,-281.0,-954.0,33.0,-1.5625,0.0,-0.1875,-14.0,-9.0,0.0,0x683f
1677622934.131021,8518.0,3185.0,629.0,234.0625,-15.5625,87.9375,-267.0,-940.0,39.0,1.8125,-1.875,-3.125,-1.0,6.0,8.0,0x683f
1677622934.1838841,8482.0,3149.0,580.0,234.0,-15.5,87.8125,-273.0,-948.0,46.0,0.25,-2.625,-4.25,-12.0,-7.0,13.0,0x683f
1677622934.238086,8621.0,3187.0,563.0,233.875,-15.3125,87.75,-274.0,-956.0,48.0,-0.25,-3.75,-7.9375,-16.0,-28.0,24.0,0x683f
1677622934.288419,8496.0,3183.0,542.0,233.4375,-15.25,87.5,-261.0,-1093.0,50.0,7.125,6.625,-16.625,-3.0,-148.0,9.0,0x683f
1677622934.3408608,8771.0,3161.0,446.0,230.9375,-17.0,85.5,-371.0,-1064.0,155.0,46.4375,53.5,-16.8125,-83.0,-129.0,82.0,0x683f
1677622934.3913012,8616.0,3200.0,457.0,227.6875,-20.1875,81.625,-599.0,-1123.0,222.0,91.125,82.8125,-32.6875,-260.0,-213.0,89.0,0x683f
1677622934.441045,8548.0,3253.0,293.0,223.5,-24.75,75.1875,-649.0,-1142.0,290.0,122.375,113.125,-16.6875,-238.0,-281.0,62.0,0x683f
1677622934.4914691,9098.0,3701.0,113.0,219.25,-32.125,67.25,-1050.0,-913.0,259.0,157.125,172.3125,44.25,-528.0,-148.0,-61.0,0x683f
1677622934.541285,8697.0,3146.0,644.0,212.1875,-39.0625,56.125,-708.0,-553.0,385.0,120.0625,195.8125,-105.1875,-89.0,79.0,-38.0,0x683f
1677622934.591443,8723.0,3498.0,404.0,203.0625,-44.25,45.0625,-764.0,-432.0,301.0,47.5,184.4375,-24.5625,-79.0,64.0,-194.0,0x683f
1677622934.643491,8671.0,3236.0,722.0,195.125,-48.6875,35.5,-650.0,-264.0,291.0,35.125,169.0,-47.9375,174.0,150.0,-201.0,0x683f
1677622934.694557,8663.0,3086.0,789.0,187.75,-49.9375,25.6875,-555.0,-111.0,378.0,-5.625,121.3125,-62.1875,195.0,161.0,-189.0,0x683f
1677622934.74842,8300.0,3136.0,880.0,181.875,-48.9375,19.875,-455.0,-187.0,402.0,-28.5625,80.875,-57.75,284.0,31.0,-203.0,0x683f
1677622934.7991302,8692.0,2886.0,631.0,177.5,-47.875,16.6875,-533.0,-165.0,433.0,-31.125,55.8125,-43.5,173.0,21.0,-201.0,0x683f
1677622934.848324,8751.0,3095.0,813.0,173.9375,-44.75,16.375,-521.0,-282.0,485.0,-70.125,2.5625,-94.5,187.0,-120.0,-179.0,0x683f
1677622934.8955579,8655.0,2801.0,417.0,172.125,-40.4375,18.3125,-441.0,-353.0,538.0,-52.625,-3.8125,-89.5625,153.0,-72.0,-148.0,0x683f
1677622934.946094,8818.0,2987.0,614.0,171.375,-35.6875,20.75,-450.0,-441.0,672.0,-81.125,-47.875,-94.1875,145.0,-159.0,-71.0,0x683f
1677622934.998552,8717.0,2747.0,723.0,171.8125,-31.5625,24.4375,-547.0,-628.0,715.0,-35.8125,-31.3125,-71.5625,-55.0,-250.0,-27.0,0x683f
1677622935.0483022,8677.0,2377.0,475.0,171.875,-27.125,25.625,-527.0,-617.0,768.0,-40.0,-27.6875,-101.5625,-94.0,-232.0,-22.0,0x683f
1677622935.099784,8356.0,2207.0,499.0,171.0,-21.75,26.5,-276.0,-629.0,857.0,-11.5625,9.1875,-125.25,71.0,-221.0,36.0,0x683f
1677622935.1475992,8614.0,1828.0,170.0,169.3125,-18.375,25.0625,-326.0,-391.0,948.0,24.625,14.1875,-42.5625,-22.0,-1.0,101.0,0x683f
1677622935.198572,8277.0,1711.0,159.0,168.875,-17.0625,24.4375,-297.0,-439.0,830.0,-11.0,-5.9375,1.3125,-9.0,-49.0,-21.0,0x683f
1677622935.249353,8308.0,1782.0,223.0,169.0625,-17.4375,24.875,-265.0,-400.0,846.0,-2.375,-0.25,9.5625,30.0,-5.0,0.0,0x683f
1677622935.3010628,7970.0,1756.0,391.0,169.375,-18.0,25.1875,-331.0,-417.0,824.0,-5.0,-6.375,25.6875,-24.0,-19.0,-16.0,0x683f
1677622935.3507671,8529.0,1877.0,72.0,169.9375,-19.0,25.375,-270.0,-419.0,892.0,15.8125,-1.6875,29.9375,48.0,-21.0,55.0,0x683f
1677622935.4005198,8602.0,2315.0,315.0,170.5,-20.3125,25.375,-497.0,-514.0,746.0,-7.375,-2.9375,47.4375,-149.0,-119.0,-80.0,0x683f
1677622935.4497678,8066.0,1686.0,325.0,170.5625,-21.625,25.8125,-342.0,-465.0,836.0,-0.5625,7.75,36.8125,24.0,-67.0,18.0,0x683f
1677622935.499823,8495.0,2354.0,367.0,174.875,-23.6875,25.875,-410.0,-479.0,807.0,14.875,8.125,53.375,-8.0,-89.0,2.0,0x683f
1677622935.5492458,8278.0,2311.0,486.0,179.1875,-26.625,25.125,-533.0,-339.0,831.0,43.8125,5.6875,52.875,-86.0,26.0,39.0,0x683f
1677622935.59973,8603.0,2306.0,346.0,183.5625,-28.375,24.3125,-541.0,-494.0,684.0,1.5625,-1.25,48.375,-68.0,-139.0,-97.0,0x683f
1677622935.649602,8771.0,2646.0,557.0,187.375,-30.4375,24.3125,-469.0,-399.0,844.0,10.375,11.8125,41.5625,33.0,-52.0,77.0,0x683f
1677622935.700341,8652.0,2643.0,694.0,191.125,-33.125,24.6875,-565.0,-389.0,729.0,2.75,-10.625,82.4375,-19.0,-45.0,-9.0,0x683f
1677622935.752214,8362.0,2963.0,843.0,196.0625,-36.1875,26.0,-648.0,-393.0,710.0,-1.4375,-12.4375,57.6875,-62.0,-44.0,4.0,0x683f
1677622935.801172,8568.0,2674.0,571.0,200.5,-38.75,28.5,-675.0,-479.0,693.0,-13.0,-16.625,63.6875,-60.0,-114.0,22.0,0x683f
1677622935.848448,8905.0,3051.0,720.0,204.875,-40.9375,31.0625,-805.0,-434.0,575.0,-29.0625,-11.5625,50.625,-162.0,-51.0,-58.0,0x683f
1677622935.897187,8907.0,2953.0,610.0,207.8125,-41.875,33.3125,-656.0,-428.0,443.0,-25.6875,-6.625,33.3125,1.0,-24.0,-160.0,0x683f
1677622935.9450188,8901.0,2959.0,559.0,210.5,-43.6875,35.625,-564.0,-315.0,525.0,-21.75,-6.6875,84.75,61.0,111.0,-39.0,0x683f
1677622935.992578,8679.0,2447.0,193.0,213.875,-46.3125,39.8125,-850.0,-422.0,466.0,-20.5625,-18.875,28.75,-140.0,11.0,-52.0,0x683f
1677622936.040939,8522.0,2298.0,55.0,216.5,-45.25,40.25,-516.0,-363.0,476.0,-2.9375,-10.125,-29.9375,180.0,82.0,-50.0,0x683f
1677622936.091521,8413.0,2399.0,344.0,218.5625,-44.9375,41.125,-695.0,-480.0,366.0,-15.6875,-11.0625,24.25,-2.0,-24.0,-156.0,0x683f
1677622936.141932,8434.0,2407.0,404.0,220.4375,-44.0625,40.75,-766.0,-498.0,469.0,16.75,-1.9375,-66.75,-83.0,-38.0,-63.0,0x683f
1677622936.1912498,8357.0,2393.0,428.0,219.5,-40.5625,36.5625,-559.0,-473.0,551.0,29.5,6.0,-71.3125,78.0,-29.0,-47.0,0x683f
1677622936.2434042,7981.0,2395.0,579.0,218.9375,-38.5625,34.0,-610.0,-423.0,580.0,16.9375,6.25,-42.5,0.0,5.0,-54.0,0x683f
1677622936.294549,7963.0,2363.0,596.0,218.5,-37.375,33.125,-610.0,-374.0,544.0,-1.875,-4.9375,-38.375,-14.0,51.0,-107.0,0x683f
1677622936.348096,7997.0,2415.0,556.0,218.1875,-35.6875,32.6875,-360.0,-380.0,694.0,-10.375,-1.9375,-4.3125,212.0,49.0,24.0,0x683f
1677622936.400813,7993.0,2401.0,479.0,218.25,-36.125,33.5625,-671.0,-500.0,632.0,-3.25,-2.5,-8.75,-93.0,-70.0,-29.0,0x683f
1677622936.452064,8065.0,2421.0,463.0,218.0625,-35.0625,33.125,-457.0,-423.0,730.0,-2.9375,-1.0625,-6.25,106.0,15.0,58.0,0x683f
1677622936.504523,8092.0,2385.0,442.0,218.125,-35.6875,33.625,-766.0,-471.0,654.0,9.8125,5.0625,6.6875,-174.0,-28.0,-3.0,0x683f
1677622936.557893,8099.0,2431.0,448.0,219.75,-34.8125,32.6875,-549.0,-410.0,696.0,2.6875,1.5625,-25.1875,11.0,24.0,19.0,0x683f
1677622936.609385,7635.0,1900.0,465.0,221.125,-34.75,32.6875,-609.0,-454.0,667.0,-7.4375,0.8125,5.375,-50.0,-18.0,-9.0,0x683f
1677622936.658793,8374.0,2312.0,355.0,222.375,-34.75,32.4375,-533.0,-376.0,703.0,12.375,9.0,6.0625,53.0,-38.0,23.0,0x683f
1677622936.709423,8569.0,2617.0,431.0,223.9375,-35.9375,32.4375,-613.0,-453.0,618.0,-2.9375,6.375,43.25,-36.0,-27.0,-51.0,0x683f
1677622936.759231,8174.0,1975.0,245.0,225.375,-36.75,32.875,-590.0,-447.0,587.0,-11.25,-1.875,-17.375,-69.0,-20.0,-71.0,0x683f
1677622936.810478,8031.0,1835.0,209.0,226.625,-36.4375,32.8125,-579.0,-485.0,682.0,-2.0625,0.125,5.9375,70.0,-36.0,19.0,0x683f
1677622936.862535,8233.0,2575.0,484.0,228.0,-36.4375,32.875,-602.0,-525.0,643.0,-3.0,0.25,-3.75,-27.0,-83.0,-11.0,0x683f
1677622936.9129221,7372.0,1750.0,466.0,229.1875,-36.25,32.8125,-593.0,-450.0,639.0,-0.5,0.5625,-6.5625,1.0,-14.0,-26.0,0x683f
1677622936.9646301,7950.0,2333.0,467.0,230.4375,-36.0625,32.8125,-638.0,-490.0,648.0,-0.6875,0.3125,-5.1875,-70.0,-59.0,-27.0,0x683f
1677622937.01549,7616.0,1978.0,428.0,231.4375,-35.3125,32.3125,-644.0,-450.0,593.0,1.5,4.0,-30.3125,-55.0,1.0,-76.0,0x683f
1677622937.0691059,8065.0,2367.0,504.0,231.875,-34.0625,31.9375,-419.0,-423.0,687.0,-6.625,2.6875,-17.6875,125.0,9.0,1.0,0x683f
1677622937.120841,7833.0,2151.0,501.0,233.3125,-34.625,32.4375,-480.0,-424.0,669.0,-3.0,-2.6875,23.125,77.0,4.0,-20.0,0x683f
1677622937.172535,7803.0,2147.0,521.0,234.75,-35.6875,33.1875,-678.0,-479.0,631.0,-2.5,-1.75,27.1875,-96.0,-38.0,-27.0,0x683f
1677622937.224965,7953.0,2349.0,541.0,236.125,-36.4375,33.5625,-694.0,-489.0,640.0,-3.0625,2.6875,6.25,-91.0,-38.0,-14.0,0x683f
1677622937.2810729,7994.0,2352.0,501.0,237.125,-36.625,33.75,-645.0,-465.0,617.0,-1.4375,1.4375,-5.125,-10.0,-24.0,-34.0,0x683f
1677622937.334445,7807.0,2205.0,428.0,238.0625,-36.625,33.75,-565.0,-459.0,574.0,-1.625,1.8125,0.5625,19.0,-21.0,-79.0,0x683f
1677622937.390296,7798.0,2153.0,482.0,239.0,-36.625,33.6875,-567.0,-486.0,620.0,-0.875,1.1875,3.3125,17.0,-49.0,-33.0,0x683f
1677622937.440921,8322.0,2361.0,419.0,240.0625,-36.75,33.75,-612.0,-464.0,639.0,1.0,-0.0625,0.375,-14.0,-24.0,-11.0,0x683f
1677622937.492227,7346.0,1688.0,560.0,241.1875,-36.875,33.8125,-600.0,-451.0,617.0,0.8125,0.0625,5.5625,-10.0,-15.0,-33.0,0x683f
1677622937.54128,9748.0,2417.0,525.0,243.5625,-37.125,34.0,-592.0,-475.0,639.0,0.125,0.625,1.375,0.0,-37.0,-7.0,0x683f
1677622937.593848,7476.0,1721.0,541.0,244.875,-37.25,34.125,-581.0,-451.0,628.0,0.875,-0.625,6.8125,12.0,-13.0,-16.0,0x683f
1677622937.6480489,7451.0,1736.0,565.0,246.25,-37.5625,34.4375,-595.0,-467.0,615.0,1.625,-0.25,5.0625,3.0,-27.0,-25.0,0x683f
1677622937.701637,7210.0,1466.0,562.0,247.4375,-37.9375,34.6875,-604.0,-462.0,612.0,1.5625,0.625,8.6875,-1.0,-21.0,-22.0,0x683f
1677622937.753452,8372.0,2354.0,406.0,248.4375,-38.3125,34.875,-639.0,-463.0,599.0,1.875,1.125,1.5,-20.0,-11.0,-22.0,0x683f
1677622937.804586,8379.0,2350.0,384.0,249.8125,-38.4375,34.875,-589.0,-462.0,643.0,-1.5625,0.75,8.5625,-10.0,-8.0,0.0,0x683f
1677622937.8590999,8908.0,3358.0,3939.0,251.0,-38.9375,35.3125,-603.0,-443.0,609.0,-1.75,-1.0,10.875,6.0,-6.0,-24.0,0x683f
1677622937.912666,8847.0,3308.0,4033.0,252.0625,-39.25,35.5,-561.0,-465.0,577.0,0.8125,0.375,9.5625,41.0,-25.0,-36.0,0x683f
1677622937.963132,9063.0,3436.0,808.0,253.0,-39.5625,35.5625,-628.0,-411.0,505.0,4.0,1.4375,-0.1875,15.0,34.0,-118.0,0x683f
1677622938.014189,8906.0,3466.0,793.0,254.0625,-39.625,35.3125,-578.0,-413.0,473.0,5.9375,0.9375,-0.75,54.0,109.0,-130.0,0x683f
1677622938.0627992,8739.0,3024.0,400.0,255.0625,-39.9375,34.5,-648.0,-468.0,599.0,13.375,9.5625,1.25,9.0,-38.0,21.0,0x683f
1677622938.111735,8639.0,2979.0,515.0,255.875,-40.4375,33.6875,-592.0,-423.0,594.0,21.75,11.5625,6.375,57.0,-4.0,-44.0,0x683f
1677622938.1627269,7944.0,2264.0,526.0,257.0,-41.1875,32.3125,-552.0,-340.0,516.0,23.375,18.5,12.25,94.0,60.0,-59.0,0x683f
1677622938.211785,8333.0,2613.0,508.0,257.6875,-42.6875,30.6875,-682.0,-335.0,597.0,22.875,21.625,26.0625,10.0,29.0,27.0,0x683f
1677622938.2614982,8633.0,2675.0,487.0,258.3125,-43.5625,29.25,-626.0,-342.0,599.0,21.375,28.5625,12.75,-23.0,-36.0,18.0,0x683f
1677622938.3119948,8713.0,2725.0,548.0,258.9375,-44.5625,27.4375,-927.0,-395.0,708.0,20.6875,21.75,2.5,-180.0,-95.0,52.0,0x683f
1677622938.361475,8863.0,2756.0,438.0,259.75,-45.125,25.375,-779.0,-385.0,702.0,18.8125,14.0625,1.5625,-84.0,-88.0,77.0,0x683f
1677622938.4114099,8569.0,2763.0,584.0,261.1875,-45.375,24.625,-699.0,-322.0,679.0,5.6875,1.4375,-0.1875,-1.0,-36.0,53.0,0x683f
1677622938.460737,8922.0,2898.0,418.0,262.5,-45.125,24.5,-654.0,-336.0,609.0,-1.375,-1.125,-8.0,39.0,-49.0,-20.0,0x683f
1677622938.510731,8568.0,2302.0,236.0,263.9375,-44.9375,24.6875,-755.0,-307.0,700.0,-11.8125,-3.25,-1.875,-62.0,-15.0,71.0,0x683f
1677622938.560027,8862.0,2370.0,44.0,264.0625,-44.8125,25.9375,-719.0,-390.0,764.0,-25.125,-16.375,6.1875,-28.0,-81.0,141.0,0x683f
1677622938.609329,8657.0,2316.0,-109.0,264.625,-45.375,28.8125,-824.0,-391.0,602.0,-33.1875,-21.25,29.6875,-125.0,-53.0,4.0,0x683f
1677622938.65665,8395.0,2441.0,325.0,266.6875,-45.75,31.875,-650.0,-458.0,607.0,-33.625,-26.3125,33.9375,54.0,-91.0,32.0,0x683f
1677622938.702892,8773.0,2863.0,448.0,268.8125,-46.25,35.375,-746.0,-498.0,485.0,-30.625,-17.9375,6.3125,75.0,-105.0,-49.0,0x683f
1677622938.7496262,8483.0,2564.0,301.0,270.3125,-46.125,37.75,-655.0,-482.0,414.0,-27.4375,-16.9375,7.3125,51.0,-66.0,-122.0,0x683f
1677622938.7985458,8728.0,2586.0,521.0,271.5625,-45.4375,38.6875,-625.0,-472.0,439.0,-19.75,-12.5,-14.75,70.0,-38.0,-98.0,0x683f
1677622938.845808,8888.0,3030.0,686.0,272.5625,-44.8125,39.75,-712.0,-486.0,457.0,-17.75,-10.75,1.0625,-21.0,-38.0,-74.0,0x683f
1677622938.894494,8877.0,2835.0,613.0,273.6875,-44.25,40.5625,-682.0,-475.0,472.0,-5.75,-7.8125,-18.6875,2.0,-18.0,-60.0,0x683f
1677622938.942008,8955.0,2835.0,530.0,273.75,-43.5,40.75,-643.0,-458.0,521.0,-6.125,-8.3125,0.0,32.0,5.0,-16.0,0x683f
1677622938.99073,8871.0,2796.0,486.0,274.0625,-43.5,41.4375,-707.0,-470.0,490.0,-2.9375,-4.4375,8.9375,-32.0,0.0,-42.0,0x683f
1677622939.041874,9134.0,3403.0,919.0,274.1875,-43.5,41.6875,-656.0,-437.0,487.0,-4.625,-4.5625,-2.0,18.0,36.0,-42.0,0x683f
1677622939.091291,8683.0,2483.0,244.0,274.25,-43.4375,42.1875,-697.0,-469.0,519.0,0.3125,-1.125,5.5625,-22.0,8.0,-6.0,0x683f
1677622939.138108,8726.0,2509.0,253.0,274.25,-43.375,42.1875,-686.0,-459.0,493.0,-3.3125,-3.25,-15.875,-14.0,19.0,-35.0,0x683f
1677622939.1866019,8673.0,2467.0,230.0,274.8125,-42.75,42.125,-624.0,-498.0,488.0,-3.6875,-4.6875,-8.6875,22.0,-24.0,-39.0,0x683f
1677622939.234452,8861.0,2838.0,528.0,275.6875,-42.3125,41.8125,-654.0,-571.0,599.0,5.9375,0.0,-7.3125,-7.0,-72.0,52.0,0x683f
1677622939.2881339,8894.0,3388.0,927.0,276.5625,-42.1875,41.375,-672.0,-501.0,496.0,11.0,0.75,0.0,-12.0,-21.0,-48.0,0x683f
1677622939.336174,8719.0,2774.0,552.0,277.3125,-42.0,41.0,-583.0,-429.0,475.0,-10.75,-7.375,-15.5,70.0,50.0,-74.0,0x683f
1677622939.387136,8416.0,2499.0,207.0,277.75,-41.0625,41.8125,-588.0,-884.0,698.0,12.0625,5.4375,-10.625,55.0,-391.0,147.0,0x683f
1677622939.435476,8742.0,2774.0,538.0,278.4375,-40.875,41.375,-607.0,-469.0,545.0,0.0,0.25,5.6875,-1.0,-53.0,-41.0,0x683f
1677622939.4830542,8676.0,2484.0,257.0,279.25,-41.1875,41.5625,-647.0,-520.0,553.0,2.6875,0.75,4.8125,-1.0,-30.0,1.0,0x683f
1677622939.5334451,8316.0,2708.0,622.0,280.1875,-41.375,41.6875,-672.0,-553.0,541.0,-1.125,2.0,11.125,-23.0,-64.0,-7.0,0x683f
1677622939.580309,8704.0,2776.0,487.0,280.75,-42.0625,41.875,-824.0,-538.0,451.0,5.4375,8.6875,-8.0,-166.0,-53.0,-90.0,0x683f
1677622939.629803,8202.0,2021.0,332.0,280.3125,-41.375,41.0,-524.0,-424.0,552.0,-8.9375,-3.375,-37.625,120.0,58.0,-5.0,0x683f
1677622939.678538,8628.0,2671.0,580.0,280.5,-40.5,40.75,-609.0,-501.0,533.0,3.875,1.0,-2.6875,27.0,-15.0,-31.0,0x683f
1677622939.728738,8491.0,2425.0,442.0,281.0,-40.375,40.25,-601.0,-494.0,559.0,11.1875,0.9375,0.5625,33.0,-12.0,-11.0,0x683f
1677622939.778295,9319.0,3009.0,239.0,281.8125,-40.25,39.625,-648.0,-503.0,596.0,10.5,-6.5625,-10.4375,-15.0,-26.0,18.0,0x683f
1677622939.829556,7644.0,2001.0,540.0,282.125,-39.625,39.5625,-598.0,-504.0,540.0,-10.4375,-8.75,-0.1875,26.0,-21.0,-40.0,0x683f
1677622939.8787231,8711.0,2634.0,373.0,282.75,-39.75,40.5625,-688.0,-550.0,574.0,-6.0625,3.0625,18.75,-58.0,-59.0,4.0,0x683f
1677622939.9306262,8333.0,2261.0,381.0,283.125,-39.6875,40.4375,-637.0,-508.0,552.0,2.4375,-2.125,-0.8125,-10.0,-19.0,-21.0,0x683f
1677622939.980246,8485.0,2490.0,516.0,284.0,-39.75,40.4375,-622.0,-526.0,538.0,3.875,1.5,-1.3125,4.0,-37.0,-35.0,0x683f
1677622940.0290492,9375.0,3214.0,363.0,284.375,-39.8125,40.375,-605.0,-508.0,582.0,-3.8125,0.375,2.625,23.0,-20.0,9.0,0x683f
1677622940.076342,9161.0,2941.0,205.0,284.9375,-40.0625,41.0,-597.0,-468.0,618.0,-0.1875,1.25,1.0625,27.0,-115.0,7.0,0x683f
1677622940.124676,8610.0,2414.0,239.0,285.375,-40.0,41.0,-579.0,-534.0,577.0,-1.8125,-2.0,-2.9375,15.0,2.0,17.0,0x683f
1677622940.1776462,8536.0,2500.0,461.0,285.375,-39.8125,41.1875,-663.0,-529.0,535.0,-1.3125,-1.75,-8.25,-34.0,-33.0,-30.0,0x683f
1677622940.2290099,8555.0,2552.0,177.0,285.6875,-39.25,40.875,-576.0,-530.0,493.0,0.4375,-0.1875,-19.125,57.0,-41.0,-81.0,0x683f
1677622940.279542,8499.0,2475.0,458.0,285.8125,-38.5625,40.3125,-554.0,-496.0,540.0,5.3125,0.625,-22.75,55.0,0.0,-46.0,0x683f
1677622940.330236,8732.0,2781.0,532.0,286.0,-37.8125,39.375,-509.0,-402.0,470.0,9.8125,3.0,-17.5,90.0,87.0,-130.0,0x683f
1677622940.382601,9163.0,3515.0,948.0,286.375,-37.6875,38.6875,-514.0,-441.0,500.0,11.125,6.375,-1.3125,85.0,41.0,-105.0,0x683f
1677622940.437022,8889.0,3280.0,992.0,287.3125,-38.0625,37.3125,-559.0,-396.0,542.0,24.9375,14.875,4.125,45.0,71.0,-70.0,0x683f
1677622940.4877079,9073.0,3535.0,993.0,287.625,-38.875,35.5625,-580.0,-437.0,590.0,33.5625,20.8125,-3.375,66.0,15.0,-256.0,0x683f
1677622940.5379388,8828.0,2790.0,392.0,287.9375,-39.75,33.4375,-569.0,-426.0,695.0,31.9375,20.625,31.875,-10.0,-27.0,-2.0,0x683f
1677622940.588164,9214.0,3062.0,507.0,288.0625,-41.1875,31.3125,-740.0,-352.0,565.0,31.8125,36.0,7.4375,-94.0,31.0,-64.0,0x683f
1677622940.6375282,9040.0,2899.0,313.0,287.6875,-42.6875,28.9375,-687.0,-308.0,615.0,28.1875,34.0625,22.1875,-22.0,40.0,-15.0,0x683f
1677622940.68527,8983.0,2392.0,289.0,287.3125,-44.0,26.1875,-923.0,-429.0,729.0,33.8125,31.25,7.3125,-241.0,-117.0,97.0,0x683f
1677622940.735548,8919.0,2483.0,201.0,287.875,-44.625,24.125,-748.0,-319.0,806.0,16.5625,4.125,-3.375,-59.0,-34.0,169.0,0x683f
1677622940.787937,8393.0,2268.0,360.0,288.125,-44.5,23.5,-681.0,-354.0,653.0,4.1875,-2.5,-2.625,6.0,-74.0,12.0,0x683f
1677622940.836829,8974.0,2816.0,401.0,288.25,-44.125,23.75,-699.0,-427.0,791.0,-16.8125,-12.5,0.8125,-15.0,-143.0,147.0,0x683f
1677622940.890226,9196.0,3384.0,848.0,288.625,-43.9375,25.75,-737.0,-437.0,734.0,-32.1875,-24.3125,12.625,-57.0,-130.0,98.0,0x683f
1677622940.9407868,7966.0,1699.0,274.0,289.5,-43.75,29.0,-797.0,-446.0,751.0,-36.5,-32.5625,5.125,101.0,-145.0,97.0,0x683f
1677622940.98943,8466.0,2204.0,73.0,290.4375,-43.5,32.5,-638.0,-489.0,503.0,-43.125,-32.9375,24.5625,54.0,-104.0,-100.0,0x683f
1677622941.0378938,8583.0,2626.0,195.0,291.75,-43.1875,35.9375,-586.0,-510.0,473.0,-35.375,-20.375,-5.125,98.0,-90.0,-103.0,0x683f
1677622941.088054,9052.0,3111.0,452.0,292.5,-42.5625,38.1875,-553.0,-491.0,466.0,-29.3125,-13.5,1.875,110.0,-44.0,-100.0,0x683f
1677622941.1385531,8989.0,2992.0,374.0,292.4375,-42.0,39.75,-586.0,-514.0,456.0,-17.0,-7.375,-18.0,69.0,-48.0,-103.0,0x683f
1677622941.187424,8874.0,2915.0,382.0,292.25,-41.3125,40.5,-571.0,-478.0,484.0,-16.4375,-7.375,12.1875,76.0,0.0,-74.0,0x683f
1677622941.238122,8754.0,2686.0,284.0,292.4375,-41.375,41.625,-682.0,-530.0,449.0,-5.125,-4.75,-10.375,-33.0,-41.0,-100.0,0x683f
1677622941.28846,9399.0,3686.0,1123.0,292.4375,-41.0,41.9375,-649.0,-516.0,489.0,-8.125,-3.8125,5.0,-5.0,-22.0,-60.0,0x683f
1677622941.340827,7582.0,1818.0,327.0,292.5625,-41.0625,42.8125,-656.0,-547.0,516.0,-6.25,-2.6875,4.25,-12.0,-44.0,-25.0,0x683f
1677622941.390553,8293.0,2219.0,300.0,292.625,-41.125,43.375,-602.0,-566.0,530.0,-3.0625,-0.0625,-10.25,49.0,94.0,-82.0,0x683f
1677622941.438817,8731.0,2556.0,66.0,292.4375,-41.0,43.625,-618.0,-509.0,491.0,0.6875,-2.5,7.6875,3.0,-9.0,-54.0,0x683f
1677622941.488269,8663.0,2584.0,213.0,292.875,-40.625,43.25,-661.0,-525.0,467.0,19.75,-2.5,-55.75,-22.0,-16.0,-74.0,0x683f
1677622941.538322,8634.0,2509.0,81.0,292.625,-39.1875,41.5625,-511.0,-498.0,617.0,-11.5,1.125,41.25,108.0,5.0,49.0,0x683f
1677622941.587275,8831.0,2731.0,110.0,293.25,-40.5625,43.0,-798.0,-551.0,498.0,6.125,-0.25,-11.125,-159.0,-44.0,-45.0,0x683f
1677622941.6363142,8666.0,2684.0,190.0,293.5625,-40.25,42.4375,-538.0,-490.0,574.0,-2.5,-1.625,11.25,95.0,14.0,22.0,0x683f
1677622941.6860852,8574.0,2580.0,199.0,293.875,-40.4375,42.8125,-711.0,-577.0,538.0,3.875,-2.0,-20.1875,-74.0,-70.0,-8.0,0x683f
1677622941.735221,8648.0,2740.0,295.0,294.1875,-39.5,42.0,-519.0,-508.0,563.0,0.0625,-1.25,-6.4375,104.0,-2.0,1.0,0x683f
1677622941.7863538,8552.0,2649.0,411.0,294.6875,-39.4375,42.0,-567.0,-532.0,512.0,2.25,-0.9375,-6.3125,55.0,-25.0,-49.0,0x683f
1677622941.8368058,8676.0,2647.0,180.0,295.0625,-38.9375,41.4375,-560.0,-552.0,531.0,6.75,1.0625,-12.0625,56.0,-47.0,-38.0,0x683f
1677622941.888772,8300.0,2291.0,205.0,295.375,-38.9375,41.1875,-585.0,-567.0,540.0,0.75,1.25,20.75,31.0,-64.0,-33.0,0x683f
1677622941.938146,8638.0,2739.0,338.0,295.9375,-39.5625,41.375,-696.0,-528.0,569.0,11.875,3.9375,-6.75,-64.0,-9.0,-10.0,0x683f
1677622941.987746,8849.0,2347.0,149.0,296.1875,-39.4375,40.625,-642.0,-482.0,546.0,9.5,2.25,-3.375,3.0,0.0,-13.0,0x683f
1677622942.039167,8418.0,2505.0,248.0,296.75,-39.625,40.125,-588.0,-504.0,566.0,7.3125,2.5625,5.0625,41.0,-13.0,-59.0,0x683f
1677622942.089612,8886.0,3447.0,832.0,296.875,-39.4375,39.4375,-510.0,-428.0,459.0,7.875,-0.0625,-19.3125,110.0,95.0,-156.0,0x683f
1677622942.141251,8933.0,3251.0,904.0,296.875,-39.0625,37.875,-509.0,-480.0,511.0,28.5625,14.875,-5.375,109.0,-17.0,-91.0,0x683f
1677622942.19061,8500.0,2319.0,204.0,296.9375,-39.6875,35.8125,-562.0,-437.0,456.0,39.5625,21.4375,-3.375,65.0,-1.0,-157.0,0x683f
1677622942.238197,8909.0,2835.0,358.0,296.9375,-40.1875,32.75,-536.0,-434.0,657.0,46.625,30.5,-0.5,98.0,-37.0,24.0,0x683f
1677622942.2885618,8506.0,2677.0,516.0,296.4375,-41.25,29.375,-660.0,-344.0,643.0,47.125,37.8125,-2.625,-73.0,20.0,18.0,0x683f
1677622942.336801,9038.0,2776.0,362.0,295.75,-42.0625,25.75,-930.0,-293.0,849.0,39.8125,39.5,0.25,-270.0,13.0,192.0,0x683f
1677622942.3838122,8721.0,3032.0,298.0,295.3125,-42.625,22.6875,-931.0,-281.0,913.0,23.25,16.1875,-3.25,-235.0,47.0,218.0,0x683f
1677622942.433692,8515.0,2222.0,161.0,295.3125,-42.5,21.875,-633.0,-280.0,761.0,-1.5625,-3.75,-3.0,29.0,-11.0,90.0,0x683f
1677622942.4824069,8628.0,2210.0,449.0,295.375,-42.25,22.25,-668.0,-345.0,688.0,-11.5,-4.125,-5.4375,-9.0,-70.0,17.0,0x683f
1677622942.5307038,8758.0,2510.0,410.0,295.1875,-41.875,22.875,-620.0,-327.0,653.0,-13.1875,-1.75,-6.625,34.0,-43.0,-19.0,0x683f
1677622942.581132,8336.0,1818.0,222.0,294.9375,-41.5,23.1875,-697.0,-305.0,666.0,-10.75,1.625,-18.9375,-49.0,-15.0,-9.0,0x683f
1677622942.632134,8273.0,1838.0,101.0,294.625,-40.6875,23.4375,-634.0,-417.0,657.0,-10.625,-5.375,-4.875,4.0,-120.0,-23.0,0x683f
1677622942.681113,8809.0,2547.0,394.0,294.4375,-40.1875,23.875,-625.0,-392.0,686.0,-8.5625,-0.1875,-24.6875,4.0,-87.0,0.0,0x683f
1677622942.730589,8772.0,2576.0,422.0,294.5,-39.0625,23.875,-580.0,-430.0,659.0,-5.8125,-3.375,-22.75,35.0,-120.0,-38.0,0x683f
1677622942.7812219,8560.0,2541.0,561.0,294.625,-37.5625,23.5625,-568.0,-462.0,666.0,2.0,2.5625,-41.875,24.0,-151.0,-49.0,0x683f
1677622942.82834,8714.0,2665.0,468.0,294.625,-35.75,22.6875,-315.0,-418.0,747.0,8.75,-4.6875,-27.4375,254.0,-112.0,10.0,0x683f
1677622942.875693,8700.0,2647.0,552.0,295.25,-34.1875,21.75,-217.0,-461.0,819.0,23.25,1.5625,-55.75,109.0,-117.0,-31.0,0x683f
1677622942.9246771,8715.0,2634.0,508.0,295.25,-31.9375,20.1875,-525.0,-425.0,712.0,19.4375,-0.0625,-50.875,-5.0,-137.0,-68.0,0x683f
1677622942.973136,8559.0,2274.0,355.0,295.0625,-29.375,18.4375,-453.0,-269.0,772.0,23.5625,8.4375,-60.3125,27.0,0.0,-37.0,0x683f
1677622943.022836,8385.0,2244.0,518.0,295.0,-27.375,16.6875,-408.0,-299.0,826.0,26.3125,4.125,-19.375,43.0,-49.0,-7.0,0x683f
1677622943.074463,8942.0,3126.0,861.0,295.375,-26.6875,15.125,-462.0,-245.0,799.0,31.0,6.5625,-19.0625,-21.0,-17.0,-46.0,0x683f
1677622943.124844,8880.0,3070.0,912.0,295.4375,-25.375,13.5,-441.0,-149.0,801.0,11.4375,5.25,-32.25,-21.0,57.0,-59.0,0x683f
1677622943.17553,8573.0,2478.0,650.0,295.3125,-25.125,13.4375,-751.0,-211.0,731.0,-13.6875,7.6875,1.1875,-334.0,-5.0,-131.0,0x683f
1677622943.228541,8899.0,3080.0,913.0,295.1875,-25.75,14.0,-469.0,-276.0,772.0,-9.0,7.875,13.8125,-43.0,-62.0,-83.0,0x683f
1677622943.287631,8834.0,3072.0,913.0,295.125,-26.8125,14.3125,-526.0,-284.0,799.0,-7.375,9.625,16.875,-80.0,-67.0,-46.0,0x683f
1677622943.341438,9103.0,3404.0,853.0,294.875,-27.75,14.4375,-453.0,-301.0,808.0,-2.0625,9.5625,19.4375,6.0,-84.0,-29.0,0x683f
1677622943.3919911,8888.0,3095.0,891.0,295.0625,-28.9375,14.625,-518.0,-268.0,836.0,-11.6875,-0.1875,31.9375,-25.0,-33.0,26.0,0x683f
1677622943.441194,9115.0,3152.0,677.0,295.375,-30.25,15.125,-462.0,-283.0,847.0,1.5,4.3125,15.4375,31.0,-62.0,29.0,0x683f
1677622943.489404,9080.0,2882.0,774.0,295.875,-30.75,14.75,-739.0,-317.0,824.0,27.8125,10.6875,-3.8125,-237.0,-107.0,8.0,0x683f
1677622943.537144,9080.0,2968.0,787.0,296.0,-30.5,13.375,-433.0,-194.0,800.0,5.125,0.9375,12.125,65.0,24.0,37.0,0x683f
1677622943.584815,9009.0,3068.0,572.0,296.6875,-31.0,13.6875,-364.0,-326.0,711.0,-1.25,-14.4375,3.0,140.0,-126.0,-105.0,0x683f
1677622943.632412,8903.0,2954.0,512.0,296.875,-30.5625,12.9375,-493.0,-245.0,826.0,12.375,7.3125,-14.3125,5.0,-55.0,4.0,0x683f
1677622943.681819,8990.0,3242.0,404.0,297.125,-30.3125,12.4375,-471.0,-270.0,853.0,2.875,1.9375,-1.125,23.0,-87.0,26.0,0x683f
1677622943.733398,8993.0,3256.0,414.0,297.25,-30.25,12.3125,-474.0,-263.0,839.0,2.25,0.6875,-10.375,17.0,-83.0,10.0,0x683f
1677622943.784757,8874.0,2954.0,563.0,297.5625,-29.625,12.375,-498.0,-240.0,827.0,-3.75,-1.0,-14.4375,-13.0,-57.0,-5.0,0x683f
1677622943.834424,9231.0,3416.0,893.0,297.6875,-28.8125,12.875,-508.0,-248.0,869.0,-11.125,-3.9375,-20.3125,-35.0,-56.0,31.0,0x683f
1677622943.8815832,8461.0,2030.0,215.0,297.9375,-27.875,13.6875,-451.0,-302.0,901.0,-21.25,-6.5625,-13.8125,6.0,-96.0,59.0,0x683f
1677622943.931076,8445.0,2347.0,703.0,298.25,-27.625,14.75,-503.0,-369.0,846.0,-26.8125,-9.3125,-0.875,-48.0,-143.0,7.0,0x683f
1677622943.978354,8765.0,2561.0,571.0,298.6875,-27.25,16.25,-435.0,-462.0,999.0,-23.375,-8.4375,-2.0625,13.0,-214.0,164.0,0x683f
1677622944.030914,8351.0,2136.0,684.0,298.9375,-27.4375,17.25,-416.0,-557.0,1054.0,-1.25,9.125,15.9375,62.0,-315.0,230.0,0x683f
1677622944.079707,8604.0,2817.0,790.0,298.6875,-29.0625,16.5,-338.0,-501.0,972.0,24.1875,27.0,49.625,145.0,-262.0,154.0,0x683f
1677622944.1316218,8369.0,2284.0,693.0,298.5,-32.1875,14.75,-347.0,-447.0,883.0,49.5625,18.25,74.625,186.0,-244.0,86.0,0x683f
1677622944.180001,8231.0,2360.0,572.0,299.0625,-36.3125,12.375,-369.0,-444.0,726.0,59.1875,5.0,105.0,222.0,-284.0,20.0,0x683f
1677622944.2329102,8197.0,2701.0,862.0,301.5,-41.3125,10.6875,-391.0,-262.0,491.0,54.5,-56.1875,96.4375,256.0,-125.0,-232.0,0x683f
1677622944.285766,8107.0,2865.0,862.0,306.375,-45.5,11.8125,-286.0,-310.0,344.0,69.4375,-90.6875,111.0,423.0,-157.0,-327.0,0x683f
1677622944.3338199,8652.0,3061.0,465.0,313.8125,-49.8125,14.8125,-284.0,-270.0,187.0,90.4375,-127.5625,118.375,475.0,-70.0,-428.0,0x683f
1677622944.38482,8680.0,3279.0,777.0,323.5,-53.25,21.25,-473.0,-221.0,75.0,69.25,-179.375,117.75,236.0,-63.0,-513.0,0x683f
1677622944.4325929,8712.0,3306.0,594.0,335.25,-53.375,34.4375,-741.0,-461.0,-129.0,-1.6875,-223.1875,72.0,0.0,-126.0,-594.0,0x683f
1677622944.480726,8704.0,3214.0,373.0,346.25,-47.6875,47.625,-588.0,-637.0,-83.0,-61.625,-231.9375,42.125,130.0,-117.0,-519.0,0x683f
1677622944.5302799,8580.0,3094.0,539.0,357.5625,-41.0625,61.4375,-664.0,-786.0,-127.0,-94.375,-229.3125,124.1875,-218.0,-157.0,-437.0,0x683f
1677622944.5792599,8691.0,3207.0,428.0,8.9375,-32.625,72.75,-872.0,-1029.0,-37.0,-120.25,-224.625,5.4375,-343.0,-241.0,-282.0,0x683f
1677622944.628952,8730.0,3335.0,447.0,15.25,-22.6875,79.9375,-511.0,-1276.0,65.0,-145.0625,-162.125,-30.0,-132.0,-386.0,-92.0,0x683f
1677622944.679403,8559.0,3329.0,352.0,20.0625,-15.875,86.375,-557.0,-1368.0,39.0,-90.5,-120.0625,19.0,-289.0,-426.0,-19.0,0x683f
1677622944.7296572,8315.0,3064.0,226.0,25.5,-10.8125,90.4375,-446.0,-1178.0,68.0,-63.875,-62.3125,31.8125,-262.0,-215.0,77.0,0x683f
1677622944.7801511,8381.0,3056.0,438.0,29.5,-8.1875,94.0,-350.0,-1098.0,86.0,-75.5625,-21.1875,43.375,-210.0,-129.0,154.0,0x683f
1677622944.831349,8442.0,3112.0,503.0,33.375,-6.9375,97.9375,-158.0,-1435.0,826.0,-10.5,15.8125,137.625,-432.0,-378.0,640.0,0x683f
1677622944.880528,8577.0,3370.0,542.0,37.25,-7.0,98.0625,-128.0,-944.0,-142.0,-5.5,2.0,27.0625,-52.0,58.0,-74.0,0x683f
1677622944.9299562,8329.0,3013.0,428.0,38.125,-6.875,98.875,-95.0,-904.0,-365.0,-27.5,-5.375,-15.8125,56.0,86.0,-198.0,0x683f
1677622944.9787421,8540.0,3406.0,577.0,37.0625,-6.8125,100.0,-45.0,-878.0,-330.0,-7.4375,-3.5,-35.375,44.0,79.0,-161.0,0x683f
1677622945.028384,8395.0,3114.0,418.0,34.875,-7.0625,99.75,-24.0,-980.0,-15.0,20.3125,10.25,-24.875,96.0,-21.0,150.0,0x683f
1677622945.079424,8363.0,3102.0,377.0,33.1875,-7.75,98.5625,-69.0,-977.0,-39.0,17.9375,14.625,-8.75,63.0,-16.0,105.0,0x683f
1677622945.129062,8423.0,3212.0,405.0,32.25,-8.375,97.9375,-107.0,-961.0,-140.0,0.0625,1.8125,-10.9375,36.0,0.0,-6.0,0x683f
1677622945.180777,8296.0,2984.0,316.0,31.4375,-8.625,97.75,-116.0,-988.0,-126.0,6.125,6.4375,-15.0625,30.0,-27.0,4.0,0x683f
1677622945.2304919,8316.0,3028.0,340.0,30.25,-9.0,97.125,-100.0,-951.0,-109.0,10.25,10.875,-14.8125,61.0,17.0,9.0,0x683f
1677622945.279506,8324.0,3004.0,333.0,29.375,-9.375,96.6875,-60.0,-942.0,-74.0,2.6875,6.1875,-14.1875,107.0,12.0,32.0,0x683f
1677622945.3294652,8409.0,3055.0,323.0,28.4375,-9.6875,96.5,-72.0,-963.0,-77.0,0.125,0.125,-11.4375,86.0,-8.0,32.0,0x683f
1677622945.3820102,8348.0,3017.0,332.0,28.75,-9.0,96.1875,-82.0,-977.0,-81.0,-0.5625,-2.1875,-6.625,54.0,-15.0,6.0,0x683f
1677622945.434154,8347.0,3036.0,371.0,28.8125,-8.625,96.0625,-100.0,-966.0,-95.0,0.25,-2.1875,-7.4375,45.0,-3.0,9.0,0x683f
1677622945.483297,8301.0,3021.0,380.0,28.9375,-8.25,95.875,-94.0,-968.0,-90.0,1.625,-0.375,-0.125,30.0,0.0,4.0,0x683f
1677622945.5340722,8313.0,3030.0,341.0,29.0,-8.1875,95.8125,-125.0,-960.0,-95.0,3.875,0.8125,2.4375,14.0,11.0,3.0,0x683f
1677622945.586411,8341.0,3022.0,370.0,29.375,-8.0,95.5625,-135.0,-969.0,-81.0,1.875,1.125,-5.0,1.0,-3.0,13.0,0x683f
1677622945.635503,8355.0,3018.0,332.0,29.125,-8.125,95.5,-95.0,-961.0,-81.0,-0.375,0.1875,-4.6875,43.0,5.0,11.0,0x683f
1677622945.684434,8350.0,3043.0,360.0,28.9375,-8.0,95.5,-101.0,-960.0,-98.0,-0.3125,0.5,-1.0,35.0,5.0,-4.0,0x683f
1677622945.7358809,8358.0,3033.0,327.0,28.9375,-7.875,95.5,-94.0,-966.0,-101.0,2.0,2.0,-0.375,40.0,0.0,-7.0,0x683f
1677622945.7874181,8322.0,3006.0,328.0,28.8125,-7.875,95.375,-90.0,-956.0,-64.0,2.4375,-1.125,2.9375,43.0,10.0,26.0,0x683f
1677622945.8375769,8336.0,3039.0,354.0,29.0,-7.8125,95.1875,-102.0,-971.0,-79.0,1.25,2.1875,1.1875,32.0,-5.0,10.0,0x683f
1677622945.886622,8301.0,3016.0,334.0,29.0,-7.8125,95.1875,-110.0,-969.0,-87.0,0.1875,1.625,2.0625,27.0,-4.0,3.0,0x683f
1677622945.939181,8302.0,2997.0,364.0,28.9375,-7.8125,95.1875,-108.0,-969.0,-82.0,2.0625,2.0,4.375,25.0,-1.0,5.0,0x683f
1677622945.990269,8445.0,3184.0,431.0,29.0625,-7.875,95.125,-129.0,-965.0,-82.0,0.875,1.8125,5.625,4.0,2.0,4.0,0x683f
1677622946.03921,8299.0,2997.0,351.0,29.0,-7.9375,95.125,-139.0,-958.0,-81.0,0.625,1.875,1.0625,-3.0,8.0,4.0,0x683f
1677622946.090414,8374.0,3162.0,357.0,28.875,-8.0625,95.0625,-119.0,-965.0,-80.0,-0.0625,3.25,-0.5625,18.0,1.0,5.0,0x683f
1677622946.141073,8304.0,2977.0,379.0,28.75,-8.125,95.0625,-109.0,-965.0,-77.0,0.875,2.5,-0.4375,30.0,1.0,8.0,0x683f
1677622946.19116,8522.0,3282.0,495.0,28.5625,-8.1875,95.0625,-123.0,-963.0,-80.0,-0.3125,0.625,1.375,15.0,3.0,5.0,0x683f
1677622946.239402,8291.0,2953.0,344.0,28.5625,-8.1875,95.0625,-122.0,-965.0,-71.0,0.375,-0.0625,-2.4375,17.0,1.0,14.0,0x683f
1677622946.2886012,8301.0,2987.0,314.0,28.3125,-8.125,95.0,-119.0,-961.0,-75.0,0.875,-0.25,-3.1875,20.0,5.0,9.0,0x683f
1677622946.3377962,8413.0,3165.0,482.0,28.125,-8.125,95.0,-124.0,-971.0,-73.0,-0.75,-0.5625,-1.75,21.0,-2.0,9.0,0x683f
1677622946.386661,8360.0,3047.0,366.0,28.0,-8.0625,95.0,-119.0,-969.0,-90.0,1.0625,1.375,1.0625,16.0,1.0,0.0,0x683f
1677622946.439625,8129.0,2964.0,368.0,28.0625,-8.0625,94.9375,-134.0,-964.0,-72.0,0.375,0.25,2.0,3.0,3.0,11.0,0x683f
1677622946.48909,8351.0,2986.0,381.0,27.9375,-8.0625,94.9375,-118.0,-966.0,-81.0,0.25,0.3125,-2.1875,19.0,1.0,2.0,0x683f
1677622946.540802,8403.0,3203.0,401.0,27.875,-8.0625,94.9375,-114.0,-961.0,-78.0,0.25,-0.25,-1.375,22.0,6.0,5.0,0x683f
1677622946.591108,8285.0,3004.0,343.0,27.75,-8.0,94.9375,-125.0,-961.0,-78.0,-0.125,0.125,-1.9375,11.0,6.0,5.0,0x683f
1677622946.639599,8335.0,3009.0,341.0,27.625,-8.0,94.9375,-110.0,-970.0,-80.0,-0.8125,0.8125,-2.375,26.0,-3.0,3.0,0x683f
1677622946.689225,8466.0,3236.0,486.0,27.625,-8.0,94.9375,-118.0,-963.0,-80.0,0.6875,1.0625,0.375,18.0,3.0,3.0,0x683f
1677622946.7390878,8270.0,3002.0,327.0,27.4375,-8.0,94.875,-128.0,-964.0,-86.0,0.25,1.0625,0.4375,8.0,3.0,-2.0,0x683f
1677622946.7887092,8318.0,3009.0,345.0,27.375,-8.0625,94.875,-128.0,-968.0,-87.0,0.625,1.0,-2.5625,14.0,1.0,0.0,0x683f
1677622946.8381069,8312.0,2991.0,368.0,27.0625,-8.125,94.875,-111.0,-968.0,-77.0,0.75,1.25,-2.0625,32.0,0.0,0.0,0x683f
1677622946.889629,8483.0,3234.0,414.0,27.0625,-8.125,94.8125,-116.0,-966.0,-77.0,0.25,1.25,0.8125,21.0,-3.0,1.0,0x683f
1677622946.939221,8268.0,3014.0,325.0,27.125,-8.125,94.8125,-121.0,-972.0,-84.0,2.0625,1.5625,0.5625,17.0,-5.0,-2.0,0x683f
1677622946.988797,8450.0,3137.0,453.0,26.9375,-8.125,94.6875,-118.0,-961.0,-66.0,0.9375,0.1875,2.6875,19.0,12.0,18.0,0x683f
1677622947.039722,8433.0,3137.0,420.0,26.9375,-8.125,94.6875,-144.0,-959.0,-85.0,1.0,-0.4375,0.375,-8.0,4.0,-7.0,0x683f
1677622947.0915148,8255.0,2976.0,350.0,26.75,-8.125,94.6875,-138.0,-976.0,-81.0,0.3125,-0.5625,-3.375,0.0,-8.0,-2.0,0x683f
1677622947.140807,8415.0,3177.0,421.0,26.5625,-8.125,94.5625,-119.0,-964.0,-76.0,2.25,1.0,-4.5,20.0,3.0,1.0,0x683f
1677622947.19111,8259.0,3016.0,333.0,26.25,-8.125,94.5,-114.0,-959.0,-64.0,1.1875,0.4375,-1.25,24.0,7.0,11.0,0x683f
1677622947.24106,8293.0,2985.0,315.0,26.1875,-8.0625,94.4375,-140.0,-970.0,-81.0,0.625,-0.625,0.75,-2.0,-2.0,-5.0,0x683f
1677622947.291222,8410.0,3150.0,391.0,26.0625,-8.0625,94.375,-133.0,-964.0,-75.0,0.8125,0.3125,-1.1875,5.0,3.0,-1.0,0x683f
1677622947.341595,8277.0,3010.0,334.0,25.9375,-8.0625,94.375,-125.0,-959.0,-72.0,-0.5,-0.5,0.0,12.0,8.0,1.0,0x683f
1677622947.393141,8278.0,2973.0,300.0,25.9375,-8.0625,94.375,-136.0,-967.0,-79.0,0.3125,-0.125,-0.9375,1.0,0.0,-5.0,0x683f
1677622947.4434009,8295.0,3001.0,379.0,25.8125,-8.0625,94.3125,-132.0,-968.0,-78.0,0.375,0.1875,-3.3125,6.0,0.0,-4.0,0x683f
1677622947.4916139,8346.0,3012.0,373.0,25.5625,-8.0625,94.3125,-112.0,-963.0,-71.0,-0.4375,0.3125,-2.1875,25.0,4.0,2.0,0x683f
1677622947.541408,8323.0,2994.0,364.0,25.5,-8.0,94.3125,-110.0,-970.0,-66.0,-0.375,0.0625,-0.8125,27.0,-2.0,7.0,0x683f
1677622947.5926359,8288.0,2986.0,337.0,25.3125,-8.0,94.3125,-120.0,-966.0,-75.0,0.6875,-0.1875,0.125,15.0,1.0,-2.0,0x683f
1677622947.643293,8340.0,2980.0,354.0,25.25,-7.9375,94.25,-116.0,-965.0,-66.0,0.875,-0.0625,-1.1875,19.0,2.0,7.0,0x683f
1677622947.6925068,8460.0,3302.0,448.0,25.125,-7.9375,94.25,-135.0,-982.0,-68.0,0.3125,0.0625,-2.0625,2.0,-15.0,-1.0,0x683f
1677622947.742044,8439.0,3129.0,423.0,24.875,-8.0,94.125,-112.0,-966.0,-81.0,1.125,2.0,-2.0,27.0,8.0,-10.0,0x683f
1677622947.792107,8330.0,3023.0,350.0,24.75,-8.0,94.125,-103.0,-959.0,-62.0,0.4375,1.125,2.0,32.0,8.0,7.0,0x683f
1677622947.8427079,8269.0,3029.0,310.0,24.9375,-7.9375,94.125,-135.0,-968.0,-73.0,0.3125,0.5625,2.625,0.0,0.0,-3.0,0x683f
1677622947.89634,8613.0,3497.0,594.0,24.9375,-7.9375,94.125,-119.0,-963.0,-64.0,0.125,0.0,-1.3125,16.0,5.0,2.0,0x683f
1677622947.950807,8420.0,3129.0,405.0,24.6875,-7.9375,94.125,-124.0,-967.0,-73.0,-0.125,-0.0625,-0.25,7.0,2.0,-1.0,0x683f
1677622948.003049,8287.0,2972.0,368.0,24.5625,-7.9375,94.125,-129.0,-964.0,-68.0,0.4375,0.375,-0.4375,5.0,4.0,2.0,0x683f
1677622948.052568,8352.0,3020.0,316.0,24.5,-7.9375,94.125,-124.0,-962.0,-70.0,0.0625,1.125,0.0625,11.0,5.0,0.0,0x683f
1677622948.1030898,8296.0,3031.0,286.0,24.3125,-8.0,94.125,-129.0,-965.0,-74.0,0.25,1.0,0.875,7.0,3.0,-3.0,0x683f
1677622948.1531131,8280.0,2982.0,317.0,24.125,-8.0,94.125,-128.0,-965.0,-64.0,0.25,0.8125,-0.25,8.0,3.0,5.0,0x683f
1677622948.2034938,8438.0,3189.0,400.0,23.9375,-8.0625,94.125,-125.0,-965.0,-72.0,0.0625,0.6875,0.25,12.0,2.0,-2.0,0x683f
1677622948.254047,8311.0,2956.0,376.0,23.8125,-8.0625,94.125,-124.0,-965.0,-74.0,-0.1875,0.0625,0.125,12.0,3.0,-3.0,0x683f
1677622948.304343,8285.0,3001.0,335.0,23.75,-8.0625,94.125,-124.0,-965.0,-68.0,0.25,0.8125,1.0,12.0,2.0,1.0,0x683f
1677622948.355423,8269.0,3006.0,289.0,23.75,-8.0625,94.125,-136.0,-965.0,-74.0,0.8125,0.875,0.9375,2.0,3.0,-4.0,0x683f
1677622948.4068182,8630.0,3485.0,616.0,23.75,-8.125,94.125,-129.0,-970.0,-70.0,0.3125,1.1875,0.375,9.0,-2.0,0.0,0x683f
1677622948.4596639,8324.0,2994.0,336.0,23.75,-8.125,94.0625,-124.0,-967.0,-73.0,1.0,0.5,1.375,14.0,0.0,-4.0,0x683f
1677622948.510036,8384.0,3108.0,423.0,23.625,-8.125,94.0625,-131.0,-960.0,-64.0,0.1875,0.0625,0.3125,7.0,7.0,5.0,0x683f
1677622948.560711,8413.0,3171.0,378.0,23.4375,-8.125,94.0625,-133.0,-965.0,-76.0,0.125,0.3125,-1.0625,13.0,0.0,-4.0,0x683f
1677622948.612096,8305.0,3015.0,374.0,23.3125,-8.125,94.0625,-129.0,-961.0,-73.0,0.5625,0.5625,0.8125,12.0,5.0,1.0,0x683f
1677622948.661542,8433.0,3134.0,444.0,23.375,-8.125,94.0625,-125.0,-967.0,-67.0,0.0,0.8125,1.625,10.0,1.0,-2.0,0x683f
1677622948.711926,8285.0,2972.0,332.0,23.3125,-8.125,94.0625,-138.0,-964.0,-76.0,0.25,0.375,1.4375,0.0,3.0,-6.0,0x683f
1677622948.7620952,8396.0,3183.0,397.0,23.25,-8.125,94.0625,-126.0,-964.0,-66.0,0.1875,0.5625,-1.375,16.0,2.0,3.0,0x683f
1677622948.810922,8315.0,3005.0,343.0,23.0,-8.125,94.0625,-122.0,-966.0,-70.0,0.0625,0.1875,-0.9375,16.0,0.0,-1.0,0x683f
1677622948.860621,8484.0,3299.0,488.0,22.9375,-8.125,94.0625,-123.0,-966.0,-69.0,0.375,0.375,-0.1875,10.0,5.0,-1.0,0x683f
1677622948.91126,8313.0,3002.0,340.0,22.875,-8.125,94.0625,-123.0,-966.0,-69.0,0.1875,0.625,0.5625,12.0,1.0,-1.0,0x683f
1677622948.961581,8306.0,3006.0,325.0,22.8125,-8.125,94.0625,-130.0,-970.0,-75.0,0.1875,0.75,1.25,9.0,3.0,-1.0,0x683f
1677622949.0123599,8274.0,2961.0,348.0,22.875,-8.1875,94.0625,-133.0,-963.0,-67.0,0.125,1.0,0.9375,5.0,5.0,1.0,0x683f
1677622949.061318,8371.0,3130.0,430.0,22.75,-8.1875,94.0625,-130.0,-964.0,-73.0,0.0625,1.125,1.1875,12.0,1.0,-1.0,0x683f
1677622949.112927,8282.0,2954.0,382.0,22.75,-8.25,94.0625,-134.0,-966.0,-70.0,0.5,0.8125,0.875,6.0,2.0,0.0,0x683f
1677622949.1621199,8290.0,2978.0,330.0,22.75,-8.25,94.0625,-139.0,-961.0,-69.0,-0.0625,0.4375,0.5625,2.0,6.0,0.0,0x683f
1677622949.2122471,8422.0,3173.0,386.0,22.75,-8.25,94.0625,-131.0,-964.0,-72.0,0.5,0.75,-0.375,10.0,3.0,-2.0,0x683f
1677622949.26157,8369.0,3123.0,406.0,22.625,-8.3125,94.0625,-126.0,-963.0,-70.0,0.375,0.4375,1.625,15.0,4.0,-1.0,0x683f
1677622949.3123999,8299.0,2956.0,376.0,22.75,-8.3125,94.0625,-143.0,-965.0,-69.0,0.0625,0.0,1.625,1.0,2.0,0.0,0x683f
1677622949.361898,8473.0,3234.0,468.0,22.4375,-8.3125,94.0625,-134.0,-964.0,-76.0,-0.125,0.0625,0.0625,7.0,3.0,-6.0,0x683f
1677622949.411579,8276.0,2979.0,345.0,22.4375,-8.3125,94.0625,-127.0,-962.0,-72.0,0.25,0.5625,0.125,14.0,5.0,-2.0,0x683f
1677622949.461113,8318.0,2986.0,359.0,22.5,-8.3125,94.0625,-131.0,-962.0,-69.0,0.5,0.5,2.0,11.0,5.0,0.0,0x683f
1677622949.5113978,8423.0,3154.0,462.0,22.5,-8.3125,94.0625,-129.0,-965.0,-72.0,0.375,0.25,2.0625,12.0,2.0,-3.0,0x683f
1677622949.56238,8380.0,3116.0,465.0,22.4375,-8.3125,94.125,-141.0,-968.0,-69.0,0.25,-0.875,0.8125,0.0,0.0,0.0,0x683f
1677622949.611997,8271.0,3003.0,330.0,22.4375,-8.25,94.125,-142.0,-966.0,-71.0,0.1875,-1.0,-2.9375,-1.0,1.0,-1.0,0x683f
1677622949.662076,8439.0,3200.0,476.0,22.25,-8.25,94.0625,-111.0,-973.0,-71.0,0.5,-0.75,-1.75,29.0,-5.0,-2.0,0x683f
1677622949.713575,8265.0,3016.0,369.0,22.3125,-8.125,94.0625,-136.0,-966.0,-70.0,0.5,-1.1875,1.4375,2.0,1.0,-1.0,0x683f
1677622949.762521,8348.0,2997.0,341.0,22.1875,-8.0625,94.0625,-139.0,-962.0,-70.0,0.8125,-0.625,-1.875,0.0,6.0,-2.0,0x683f
1677622949.812605,8348.0,3033.0,323.0,22.0,-8.0625,94.0,-121.0,-961.0,-70.0,1.4375,0.0,-3.25,16.0,6.0,-3.0,0x683f
1677622949.86203,8338.0,3046.0,353.0,21.875,-8.0625,93.9375,-123.0,-965.0,-70.0,0.3125,0.125,-1.3125,14.0,3.0,-3.0,0x683f
1677622949.9118521,8262.0,2997.0,373.0,21.8125,-8.0625,93.875,-101.0,-968.0,-69.0,0.75,1.5625,-0.875,36.0,0.0,-3.0,0x683f
1677622949.9605818,8278.0,3010.0,352.0,21.875,-8.0625,93.875,-120.0,-969.0,-67.0,0.3125,0.9375,3.8125,17.0,-1.0,-1.0,0x683f
1677622950.012065,8407.0,3145.0,415.0,21.9375,-8.0625,93.875,-139.0,-965.0,-62.0,0.875,0.5625,1.875,-1.0,3.0,3.0,0x683f
1677622950.063879,8436.0,3147.0,427.0,21.875,-8.0625,93.875,-128.0,-964.0,-72.0,0.1875,0.4375,0.0,9.0,4.0,-5.0,0x683f
1677622950.113013,8465.0,3226.0,493.0,21.9375,-8.0625,93.875,-126.0,-965.0,-69.0,0.4375,0.0625,0.1875,10.0,3.0,-2.0,0x683f
1677622950.161761,8302.0,3014.0,350.0,21.9375,-8.0625,93.9375,-133.0,-965.0,-73.0,0.3125,-0.1875,1.3125,4.0,3.0,-6.0,0x683f
1677622950.212679,8325.0,3002.0,350.0,21.875,-8.0,93.9375,-130.0,-961.0,-64.0,0.0,-0.4375,-1.0625,6.0,7.0,2.0,0x683f
1677622950.2615402,8458.0,3172.0,404.0,21.8125,-8.0625,93.9375,-132.0,-961.0,-70.0,-0.5625,-0.4375,-1.75,5.0,6.0,-4.0,0x683f
1677622950.310142,8452.0,3155.0,437.0,21.8125,-8.0625,93.9375,-124.0,-967.0,-70.0,-0.5,0.25,-2.8125,13.0,1.0,-3.0,0x683f
1677622950.3598442,8355.0,3032.0,351.0,21.625,-8.0,93.9375,-121.0,-967.0,-63.0,-0.25,0.625,-1.4375,16.0,0.0,3.0,0x683f
1677622950.408745,8494.0,3262.0,468.0,21.4375,-8.0625,93.9375,-132.0,-976.0,-70.0,0.5,0.875,-0.3125,7.0,-8.0,-2.0,0x683f
1677622950.4567559,8339.0,2975.0,364.0,21.25,-8.0625,93.9375,-123.0,-965.0,-63.0,0.3125,0.375,-1.0625,12.0,2.0,1.0,0x683f
1677622950.5067961,8314.0,3010.0,381.0,21.25,-8.0625,93.9375,-123.0,-966.0,-69.0,0.3125,0.1875,-0.4375,13.0,1.0,-2.0,0x683f
1677622950.556585,8299.0,3012.0,318.0,21.25,-8.0,93.9375,-122.0,-967.0,-71.0,0.5,-0.0625,-0.3125,15.0,0.0,-4.0,0x683f
1677622950.605079,8314.0,2999.0,345.0,21.25,-8.0,93.875,-120.0,-965.0,-67.0,1.0625,0.125,-0.625,16.0,3.0,0.0,0x683f
1677622950.656592,8328.0,3001.0,420.0,21.1875,-8.0,93.875,-130.0,-966.0,-72.0,-0.0625,0.0625,0.1875,6.0,1.0,-6.0,0x683f
1677622950.704202,8283.0,3005.0,325.0,21.3125,-8.0,93.875,-123.0,-962.0,-70.0,0.75,0.4375,0.5625,13.0,6.0,-4.0,0x683f
1677622950.753042,8331.0,3020.0,341.0,21.3125,-7.9375,93.875,-130.0,-962.0,-71.0,0.5625,0.625,1.875,6.0,6.0,-4.0,0x683f
1677622950.804393,8388.0,3157.0,380.0,21.3125,-8.0,93.875,-134.0,-965.0,-70.0,0.3125,0.75,1.4375,2.0,3.0,-4.0,0x683f
1677622950.85292,8509.0,3338.0,456.0,21.4375,-8.0,93.875,-127.0,-966.0,-72.0,0.5,0.625,0.1875,9.0,2.0,-5.0,0x683f
1677622950.902285,8521.0,3368.0,546.0,21.375,-8.0,93.875,-125.0,-967.0,-68.0,-0.0625,0.625,1.0625,11.0,1.0,-1.0,0x683f
1677622950.952501,8366.0,3044.0,312.0,21.5,-8.0,93.9375,-141.0,-961.0,-67.0,0.75,0.75,1.1875,-6.0,4.0,-3.0,0x683f
1677622951.0021179,8345.0,2992.0,343.0,21.625,-8.0625,93.9375,-121.0,-969.0,-66.0,0.875,0.875,-1.0625,13.0,-2.0,3.0,0x683f
1677622951.0517418,8330.0,2972.0,346.0,21.5,-8.0625,93.875,-127.0,-967.0,-69.0,1.1875,0.5625,1.1875,9.0,-1.0,-4.0,0x683f
1677622951.102006,8470.0,3254.0,501.0,21.5625,-8.0625,93.875,-130.0,-966.0,-60.0,0.75,0.1875,0.4375,8.0,4.0,4.0,0x683f
1677622951.1522298,8435.0,3156.0,414.0,21.5625,-8.0625,93.8125,-135.0,-969.0,-73.0,0.75,0.375,-0.6875,0.0,0.0,-6.0,0x683f
1677622951.204764,8304.0,2977.0,367.0,21.4375,-8.0625,93.8125,-122.0,-962.0,-63.0,0.75,0.5625,-0.0625,11.0,5.0,2.0,0x683f
1677622951.2540119,8321.0,3000.0,359.0,21.3125,-8.0625,93.8125,-131.0,-965.0,-69.0,0.4375,0.375,0.375,7.0,4.0,0.0,0x683f
1677622951.304673,8242.0,2983.0,382.0,21.375,-8.0625,93.75,-134.0,-965.0,-66.0,1.0,0.5,-1.0,10.0,4.0,-1.0,0x683f
1677622951.35535,8408.0,3177.0,437.0,21.25,-8.0625,93.75,-122.0,-966.0,-63.0,0.4375,0.5,-1.125,14.0,4.0,-1.0,0x683f
1677622951.405267,8477.0,3287.0,518.0,21.125,-8.125,93.75,-125.0,-970.0,-62.0,0.6875,0.75,-0.3125,11.0,-2.0,-2.0,0x683f
1677622951.4558048,8369.0,3016.0,350.0,21.0,-8.125,93.6875,-135.0,-967.0,-66.0,0.6875,0.6875,-0.375,6.0,0.0,-3.0,0x683f
1677622951.505664,8467.0,3249.0,486.0,20.9375,-8.125,93.6875,-129.0,-967.0,-65.0,0.5625,0.5625,-1.625,10.0,0.0,-2.0,0x683f
1677622951.606963,8561.0,3371.0,462.0,20.8125,-8.1875,93.5625,-127.0,-963.0,-63.0,0.9375,0.375,0.6875,12.0,5.0,-2.0,0x683f
1677622951.654603,8315.0,3000.0,326.0,20.875,-8.125,93.5,-134.0,-967.0,-63.0,0.9375,0.375,1.0625,5.0,4.0,-3.0,0x683f
1677622951.704872,8517.0,3309.0,560.0,20.9375,-8.125,93.5,-137.0,-964.0,-63.0,0.8125,0.375,0.375,1.0,6.0,-7.0,0x683f
1677622951.7528052,8321.0,3060.0,344.0,20.8125,-8.1875,93.4375,-132.0,-966.0,-64.0,1.0625,0.4375,-0.8125,8.0,0.0,-9.0,0x683f
1677622951.803711,8367.0,3032.0,367.0,20.75,-8.1875,93.4375,-133.0,-966.0,-61.0,1.125,-0.0625,0.25,8.0,3.0,-6.0,0x683f
1677622951.854954,8362.0,3006.0,333.0,20.6875,-8.1875,93.375,-143.0,-964.0,-62.0,0.75,0.0,-1.4375,-3.0,2.0,-7.0,0x683f
1677622951.903969,8553.0,3299.0,515.0,20.5625,-8.1875,93.3125,-130.0,-968.0,-59.0,1.375,0.1875,-2.9375,9.0,0.0,-2.0,0x683f
1677622951.955617,8353.0,2991.0,334.0,20.5,-8.1875,93.25,-142.0,-966.0,-58.0,1.0625,-0.6875,-3.0,-2.0,2.0,-3.0,0x683f
1677622952.006094,8393.0,3157.0,420.0,20.25,-8.1875,93.125,-135.0,-964.0,-51.0,1.4375,-0.375,-6.6875,4.0,4.0,1.0,0x683f
1677622952.055818,8349.0,2996.0,359.0,19.8125,-8.1875,93.0,-146.0,-973.0,-57.0,1.875,0.0625,-9.375,-6.0,-4.0,-5.0,0x683f
1677622952.107986,8345.0,2996.0,355.0,19.0,-8.3125,92.6875,-202.0,-1012.0,-40.0,6.0,2.625,-23.0625,-61.0,-43.0,5.0,0x683f
1677622952.1561139,8929.0,3321.0,282.0,16.75,-8.8125,91.9375,-271.0,-1040.0,0.0,8.25,20.0625,-67.4375,-120.0,-71.0,34.0,0x683f
1677622952.205012,8630.0,3153.0,585.0,11.5,-10.1875,90.875,-480.0,-1307.0,17.0,10.375,39.9375,-111.375,-307.0,-342.0,32.0,0x683f
1677622952.256952,8485.0,3175.0,663.0,0.4375,-14.0625,87.5,-550.0,-1467.0,58.0,55.5625,114.125,-181.375,-311.0,-517.0,17.0,0x683f
1677622952.306754,8793.0,3160.0,620.0,346.0625,-20.25,80.75,-483.0,-1244.0,185.0,98.1875,163.6875,-189.5625,-144.0,-336.0,37.0,0x683f
1677622952.357242,8675.0,3503.0,323.0,333.3125,-26.4375,71.5625,-390.0,-1021.0,395.0,105.1875,173.8125,-86.5,46.0,-188.0,118.0,0x683f
1677622952.408683,8499.0,3462.0,363.0,324.8125,-33.0625,63.125,-447.0,-635.0,196.0,103.75,154.3125,-16.6875,87.0,97.0,-174.0,0x683f
1677622952.456915,8900.0,3369.0,649.0,318.9375,-38.6875,54.6875,-698.0,-316.0,144.0,89.4375,144.625,-55.125,-84.0,308.0,-297.0,0x683f
1677622952.5072708,8680.0,3153.0,661.0,312.625,-42.25,44.8125,-741.0,-201.0,231.0,69.375,141.625,-55.0625,-82.0,309.0,-283.0,0x683f
1677622952.557442,8334.0,2560.0,443.0,306.5625,-44.5625,35.3125,-660.0,-119.0,274.0,40.0625,127.0625,-47.875,28.0,284.0,-295.0,0x683f
1677622952.605233,8869.0,3237.0,739.0,300.75,-45.5625,27.1875,-452.0,-51.0,285.0,14.9375,92.8125,-81.5625,251.0,254.0,-326.0,0x683f
1677622952.654552,8627.0,2799.0,640.0,296.4375,-42.8125,22.0625,-511.0,-106.0,462.0,-25.6875,36.0625,-123.75,154.0,163.0,-203.0,0x683f
1677622952.704569,8423.0,2619.0,439.0,294.3125,-38.0625,21.0,-457.0,-461.0,699.0,-4.4375,15.0,-79.3125,147.0,-184.0,-20.0,0x683f
1677622952.7527812,8755.0,2907.0,564.0,293.875,-34.125,19.6875,-531.0,-494.0,790.0,4.5,-8.5625,-81.375,67.0,-205.0,31.0,0x683f
1677622952.801267,8745.0,2903.0,744.0,293.9375,-31.1875,20.125,-386.0,-412.0,713.0,-36.3125,-25.875,-72.125,102.0,-116.0,-69.0,0x683f
1677622952.8508852,8228.0,1979.0,472.0,294.0,-27.3125,22.1875,-296.0,-594.0,834.0,-36.0625,-15.5625,-60.6875,167.0,-236.0,25.0,0x683f
1677622952.900178,8350.0,2457.0,620.0,293.875,-25.875,23.4375,-405.0,-551.0,872.0,-20.5625,-11.9375,-1.8125,-53.0,-226.0,122.0,0x683f
1677622952.950248,8623.0,2516.0,499.0,294.1875,-25.6875,24.75,-479.0,-578.0,927.0,-7.125,-5.9375,12.375,-65.0,-151.0,25.0,0x683f
1677622953.00002,8829.0,2816.0,597.0,294.5625,-25.875,25.25,-508.0,-490.0,667.0,-6.5625,-4.875,-11.0,-73.0,-82.0,-122.0,0x683f
1677622953.048223,9023.0,2973.0,637.0,294.3125,-25.25,25.4375,-390.0,-385.0,806.0,-7.875,4.875,3.4375,-7.0,-58.0,19.0,0x683f
1677622953.098219,8873.0,2945.0,700.0,294.25,-25.6875,25.5625,-495.0,-427.0,808.0,2.4375,0.125,19.25,-191.0,-45.0,11.0,0x683f
1677622953.1486342,8439.0,2202.0,517.0,294.75,-27.875,26.125,-534.0,-469.0,802.0,3.875,-9.6875,67.6875,-57.0,-35.0,21.0,0x683f
1677622953.197719,8991.0,2955.0,677.0,296.5,-31.375,27.75,-501.0,-460.0,714.0,-3.625,-20.125,118.0625,21.0,-81.0,-9.0,0x683f
1677622953.247315,8783.0,2923.0,776.0,298.75,-36.9375,30.875,-671.0,-500.0,584.0,-11.3125,-10.25,156.75,-81.0,-97.0,-87.0,0x683f
1677622953.295943,8770.0,2916.0,698.0,300.9375,-42.375,34.875,-820.0,-547.0,542.0,-6.5,-16.5,124.375,-158.0,-132.0,-51.0,0x683f
1677622953.343702,8786.0,2705.0,608.0,303.0,-46.5,38.625,-808.0,-418.0,500.0,4.5625,3.5625,91.375,-96.0,2.0,-26.0,0x683f
1677622953.392221,8600.0,2705.0,668.0,303.6875,-49.5,40.3125,-748.0,-359.0,469.0,10.1875,10.9375,54.8125,-3.0,52.0,-16.0,0x683f
1677622953.438234,9091.0,3112.0,728.0,304.1875,-51.0,41.0625,-809.0,-454.0,417.0,18.75,5.125,41.5,-43.0,-51.0,-43.0,0x683f
1677622953.4853399,8858.0,2835.0,521.0,304.875,-52.1875,40.875,-851.0,-502.0,422.0,23.0,8.9375,-3.1875,-61.0,-85.0,-31.0,0x683f
1677622953.537305,8157.0,2765.0,784.0,304.75,-51.9375,38.125,-794.0,-412.0,398.0,36.0625,18.875,-48.3125,-22.0,-38.0,-76.0,0x683f
1677622953.5886579,8724.0,2729.0,444.0,303.875,-49.25,32.375,-556.0,-316.0,507.0,44.125,20.5,-141.5625,186.0,26.0,-32.0,0x683f
1677622953.640151,8381.0,2661.0,665.0,302.375,-44.125,26.5625,-472.0,-262.0,568.0,16.0,7.375,-94.4375,189.0,62.0,-53.0,0x683f
1677622953.6887622,8499.0,2766.0,510.0,301.9375,-41.0,25.1875,-593.0,-266.0,630.0,-10.5,-19.6875,-76.8125,143.0,60.0,32.0,0x683f
1677622953.738497,8194.0,2285.0,499.0,301.8125,-37.5625,25.5625,-513.0,-345.0,889.0,-25.6875,-11.6875,-12.125,72.0,-5.0,190.0,0x683f
1677622953.789881,8231.0,2308.0,525.0,301.625,-38.375,27.0,-619.0,-421.0,882.0,0.125,23.125,48.6875,8.0,-29.0,225.0,0x683f
1677622953.839403,8431.0,2236.0,314.0,300.5625,-41.6875,26.125,-662.0,-280.0,819.0,14.75,51.375,82.4375,7.0,50.0,102.0,0x683f
1677622953.889301,8483.0,2468.0,445.0,299.5,-47.5625,25.8125,-583.0,-69.0,526.0,4.375,56.625,148.0,151.0,261.0,-77.0,0x683f
1677622953.938352,8893.0,3299.0,3911.0,295.9375,-54.4375,27.75,-1125.0,67.0,163.0,-161.3125,63.25,30.625,-403.0,181.0,-499.0,0x683f
1677622953.987443,8993.0,3241.0,881.0,286.9375,-53.8125,31.4375,-790.0,-312.0,317.0,-147.8125,67.25,-120.9375,1.0,-10.0,-175.0,0x683f
1677622954.0374599,8543.0,2325.0,154.0,280.0625,-51.75,30.75,-759.0,-184.0,462.0,-87.9375,58.5,-32.4375,11.0,126.0,-58.0,0x683f
1677622954.090397,9256.0,2622.0,607.0,275.3125,-51.5,30.0,-677.0,-183.0,482.0,-52.0,47.0,-46.75,90.0,122.0,-45.0,0x683f
1677622954.141064,9379.0,2730.0,647.0,271.9375,-51.375,29.625,-796.0,-308.0,512.0,-55.4375,25.4375,9.125,-90.0,-29.0,-28.0,0x683f
1677622954.1904588,8950.0,2582.0,540.0,269.5,-52.0,31.0,-846.0,-475.0,500.0,-31.1875,30.1875,-19.25,-72.0,-165.0,-16.0,0x683f
