1675373593.061731,12825.0,-2241.0,2356.0,0.4375,-5.375,-77.6875,-11.0,1.0,25.0,0x684a
1675373593.188405,11221.0,12755.0,2370.0,55.0625,-6.125,108.625,-73.0,25.0,-44.0,0x683f
1675373593.311917,12961.0,-2301.0,2363.0,0.625,-5.625,-77.5,7.0,-8.0,13.0,0x684a
1675373593.4316092,11290.0,12756.0,2370.0,69.5,-6.5,111.5625,-112.0,36.0,112.0,0x683f
1675373593.553987,16466.0,18381.0,2393.0,1.0,-5.25,-78.0,10.0,-4.0,1.0,0x684a
1675373593.674423,11271.0,12772.0,2336.0,71.1875,-7.3125,110.4375,-10.0,14.0,-9.0,0x683f
1675373593.784294,8634.0,2297.0,770.0,0.4375,-4.0625,-78.5625,1.0,-5.0,-11.0,0x684a
1675373593.8919191,8580.0,3366.0,874.0,73.0,-7.1875,109.5625,0.0,5.0,10.0,0x683f
1675373594.000536,8734.0,2429.0,544.0,0.875,-3.9375,-78.75,-4.0,5.0,-7.0,0x684a
1675373594.108504,8571.0,3340.0,861.0,73.375,-7.375,109.375,17.0,6.0,-7.0,0x683f
1675373594.216573,8560.0,2720.0,657.0,0.75,-4.5,-78.9375,6.0,5.0,1.0,0x684a
1675373594.3259609,8561.0,3346.0,863.0,73.375,-7.625,109.3125,-18.0,4.0,-5.0,0x683f
1675373594.4365141,8510.0,2632.0,540.0,0.375,-4.75,-79.0625,0.0,-4.0,-6.0,0x684a
1675373594.5458019,8497.0,3375.0,726.0,71.6875,-7.75,109.1875,2.0,6.0,4.0,0x683f
1675373594.6535838,8502.0,2623.0,585.0,359.875,-4.75,-78.625,14.0,9.0,-3.0,0x684a
1675373594.763102,8506.0,3340.0,800.0,71.25,-7.9375,108.4375,9.0,18.0,14.0,0x683f
1675373594.873515,8578.0,2729.0,729.0,0.5625,-6.0,-77.8125,-4.0,1.0,-20.0,0x684a
1675373594.9829419,8520.0,3386.0,772.0,70.6875,-7.875,107.9375,15.0,3.0,11.0,0x683f
1675373595.093457,8633.0,2659.0,760.0,0.125,-6.0625,-78.125,-1.0,-8.0,-12.0,0x684a
1675373595.205389,8526.0,3388.0,833.0,70.5625,-7.6875,107.875,2.0,10.0,0.0,0x683f
1675373595.3139331,8696.0,2729.0,906.0,0.0,-5.9375,-77.6875,1.0,3.0,11.0,0x684a
1675373595.422163,8520.0,3328.0,865.0,70.875,-7.6875,107.9375,-10.0,12.0,-4.0,0x683f
1675373595.5333812,8720.0,2746.0,1001.0,0.4375,-6.0,-77.5625,8.0,-7.0,-5.0,0x684a
1675373595.642625,8533.0,3353.0,821.0,71.3125,-7.8125,107.8125,-15.0,4.0,-9.0,0x683f
1675373595.753512,8628.0,2573.0,693.0,0.8125,-6.125,-77.875,2.0,-4.0,-13.0,0x684a
1675373595.864224,8520.0,3375.0,808.0,71.5625,-7.75,107.75,-11.0,2.0,0.0,0x683f
1675373595.974962,8700.0,2554.0,880.0,0.5625,-6.0,-78.0,0.0,-5.0,-1.0,0x684a
1675373596.100262,8511.0,3342.0,846.0,70.6875,-7.75,107.875,5.0,4.0,0.0,0x683f
1675373596.210432,8514.0,2548.0,649.0,0.375,-5.1875,-77.9375,2.0,4.0,17.0,0x684a
1675373596.321253,8513.0,3393.0,859.0,71.25,-7.75,107.8125,3.0,0.0,2.0,0x683f
1675373596.432776,8706.0,2839.0,590.0,1.0,-4.75,-78.125,6.0,-1.0,-2.0,0x684a
1675373596.54231,8521.0,3355.0,791.0,71.5625,-7.6875,107.5625,-6.0,4.0,-1.0,0x683f
1675373596.6564128,8296.0,2166.0,1219.0,1.25,-4.9375,-78.0,0.0,0.0,-3.0,0x684a
1675373596.766447,8532.0,3353.0,768.0,71.5625,-7.6875,107.375,0.0,3.0,0.0,0x683f
1675373596.876545,8532.0,2716.0,1084.0,1.25,-5.0,-78.25,-4.0,2.0,-1.0,0x684a
1675373597.000036,8546.0,3411.0,702.0,71.4375,-7.6875,107.125,21.0,16.0,3.0,0x683f
1675373597.110278,8541.0,2708.0,863.0,1.6875,-5.125,-78.3125,-8.0,-1.0,-19.0,0x684a
1675373597.218833,8512.0,3397.0,703.0,72.25,-7.875,107.1875,-7.0,1.0,-1.0,0x683f
1675373597.328932,8544.0,2479.0,954.0,1.8125,-5.125,-78.4375,-11.0,-2.0,-11.0,0x684a
1675373597.452023,8505.0,3498.0,594.0,72.0,-8.0625,107.125,-4.0,3.0,10.0,0x683f
1675373597.561009,8525.0,2658.0,809.0,1.8125,-5.0,-77.8125,-11.0,-6.0,-1.0,0x684a
1675373597.6715012,8529.0,3415.0,734.0,71.5,-8.0625,107.0625,-4.0,5.0,0.0,0x683f
1675373597.781628,8340.0,2499.0,674.0,1.625,-4.875,-77.5625,8.0,7.0,5.0,0x684a
1675373597.8929029,8524.0,3363.0,759.0,71.25,-8.375,107.25,6.0,16.0,22.0,0x683f
1675373598.005655,8373.0,2545.0,696.0,1.125,-4.5,-77.3125,1.0,-8.0,5.0,0x684a
1675373598.116362,8524.0,3395.0,790.0,71.0,-8.3125,107.375,3.0,4.0,0.0,0x683f
1675373598.226279,8334.0,2459.0,677.0,0.75,-4.375,-77.125,1.0,0.0,2.0,0x684a
1675373598.335607,8548.0,3375.0,781.0,71.0625,-8.25,107.375,-6.0,6.0,-8.0,0x683f
1675373598.446155,8776.0,2727.0,625.0,0.875,-4.375,-77.25,6.0,-4.0,-2.0,0x684a
1675373598.556305,8509.0,3334.0,787.0,71.25,-8.1875,107.375,-5.0,3.0,-9.0,0x683f
1675373598.668433,8481.0,2561.0,625.0,0.375,-4.4375,-77.5625,-3.0,-6.0,-3.0,0x684a
1675373598.781631,8533.0,3373.0,789.0,71.25,-8.0,107.375,1.0,2.0,3.0,0x683f
1675373598.89285,8812.0,2754.0,602.0,0.0625,-4.6875,-77.875,-4.0,-4.0,3.0,0x684a
1675373599.0038452,8547.0,3337.0,810.0,71.625,-7.8125,107.4375,-121.0,-157.0,-1.0,0x683f
1675373599.113527,8440.0,2464.0,534.0,359.75,-4.625,-77.8125,-28.0,7.0,-41.0,0x684a
1675373599.225215,8726.0,3466.0,914.0,31.8125,-18.5625,72.375,-48.0,-18.0,73.0,0x683f
1675373599.3364632,8488.0,2355.0,826.0,0.9375,-4.5,-76.9375,17.0,-5.0,-21.0,0x684a
1675373599.4459898,8626.0,3229.0,1128.0,358.25,-32.5625,29.6875,179.0,274.0,-398.0,0x683f
1675373599.55643,8588.0,2797.0,1134.0,359.875,-4.375,-79.5,0.0,-16.0,50.0,0x684a
1675373599.664862,8543.0,2821.0,605.0,354.5,-22.375,23.625,155.0,-22.0,-152.0,0x683f
1675373599.774512,9176.0,3064.0,1036.0,354.5625,-4.75,-80.0625,14.0,-10.0,15.0,0x684a
1675373599.883926,8886.0,3083.0,949.0,0.8125,-22.3125,30.25,51.0,-156.0,-36.0,0x683f
1675373599.9946299,8864.0,2819.0,1004.0,352.8125,-5.625,-80.4375,-8.0,-25.0,-2.0,0x684a
1675373600.105042,8496.0,3106.0,1206.0,354.1875,-35.125,27.75,-159.0,207.0,0.0,0x683f
1675373600.2145002,8836.0,2662.0,954.0,353.6875,-5.9375,-81.125,-9.0,5.0,-46.0,0x684a
1675373600.323238,8668.0,3221.0,819.0,333.125,-30.3125,25.0625,-81.0,120.0,-153.0,0x683f
1675373600.4329422,8833.0,2646.0,968.0,355.1875,-5.75,-82.625,-8.0,-5.0,8.0,0x684a
1675373600.541743,8676.0,2956.0,889.0,316.8125,-15.0625,30.1875,-32.0,-142.0,-99.0,0x683f
1675373600.6521442,8714.0,2606.0,963.0,354.9375,-4.6875,-83.875,-21.0,2.0,26.0,0x684a
1675373600.762657,8653.0,3050.0,833.0,310.9375,-9.375,34.25,-5.0,-7.0,-46.0,0x683f
1675373600.870755,8855.0,2636.0,863.0,351.75,-3.75,-84.1875,10.0,8.0,-20.0,0x684a
1675373600.9799209,8557.0,2896.0,657.0,307.4375,-3.3125,30.4375,266.0,112.0,-251.0,0x683f
1675373601.090497,8490.0,2366.0,788.0,347.4375,-2.1875,-85.125,-10.0,9.0,-23.0,0x684a
1675373601.2023768,8512.0,2893.0,650.0,305.8125,-7.625,27.75,-143.0,-89.0,414.0,0x683f
1675373601.312733,8802.0,2673.0,971.0,346.3125,-1.5625,-85.5,42.0,12.0,5.0,0x684a
1675373601.423594,8608.0,2778.0,1089.0,305.125,-5.125,29.0,-1295.0,-933.0,1977.0,0x683f
1675373601.532347,9186.0,2736.0,903.0,346.9375,-2.1875,-85.1875,45.0,20.0,83.0,0x684a
1675373601.644145,8459.0,2788.0,709.0,302.125,4.25,27.6875,354.0,220.0,-1008.0,0x683f
1675373601.753473,9161.0,2639.0,823.0,344.0,-3.125,-85.25,-46.0,-9.0,-83.0,0x684a
1675373601.863751,8616.0,2987.0,873.0,302.5625,5.0625,29.375,505.0,307.0,-1136.0,0x683f
1675373601.974324,8749.0,2708.0,885.0,341.6875,-2.5625,-85.5,-46.0,-97.0,21.0,0x684a
1675373602.0857441,8425.0,2789.0,907.0,299.5625,0.75,28.0,-29.0,206.0,-649.0,0x683f
1675373602.194777,8786.0,2677.0,973.0,342.3125,-3.0625,-85.8125,-105.0,32.0,-66.0,0x684a
1675373602.3084428,8585.0,2937.0,1042.0,300.9375,-3.25,29.5625,-76.0,-16.0,-59.0,0x683f
1675373602.421242,8945.0,2713.0,980.0,344.625,-4.5625,-85.0625,-2.0,59.0,84.0,0x684a
1675373602.5341618,8642.0,2645.0,825.0,302.0625,-6.3125,26.625,-245.0,1332.0,2585.0,0x683f
1675373602.6462998,8855.0,2682.0,947.0,342.9375,-4.8125,-83.3125,81.0,23.0,-21.0,0x684a
1675373602.757362,8443.0,2670.0,816.0,302.6875,-2.625,31.25,-1181.0,-1017.0,1735.0,0x683f
1675373602.8656309,8943.0,2737.0,970.0,343.1875,-5.4375,-83.1875,-31.0,29.0,154.0,0x684a
1675373602.9748669,8436.0,2701.0,740.0,303.625,3.4375,30.125,172.0,76.0,-899.0,0x683f
1675373603.0848892,9279.0,2630.0,919.0,339.9375,-3.3125,-84.875,-111.0,-53.0,-123.0,0x684a
1675373603.1944551,8553.0,2638.0,721.0,303.6875,3.4375,27.0,460.0,318.0,-1148.0,0x683f
1675373603.305503,9079.0,2865.0,1067.0,339.8125,-2.375,-84.875,30.0,-71.0,5.0,0x684a
1675373603.4131,8828.0,3024.0,815.0,301.9375,2.3125,28.5,435.0,165.0,-1333.0,0x683f
1675373603.5212831,9204.0,2763.0,891.0,340.3125,-3.125,-85.375,-74.0,11.0,3.0,0x684a
1675373603.629845,8830.0,2959.0,678.0,300.6875,-0.125,29.75,-19.0,172.0,-340.0,0x683f
1675373603.7385669,8959.0,2685.0,902.0,340.5625,-3.5625,-85.625,-31.0,2.0,53.0,0x684a
1675373603.849205,8621.0,2910.0,1028.0,296.375,-1.5625,29.375,-290.0,-366.0,497.0,0x683f
1675373603.956952,9042.0,2740.0,956.0,339.0,-2.3125,-85.625,12.0,67.0,-20.0,0x684a
1675373604.065648,8790.0,2935.0,848.0,299.0625,-3.625,31.0,-499.0,-43.0,1489.0,0x683f
1675373604.173077,9124.0,2667.0,859.0,342.3125,-3.0625,-85.125,38.0,88.0,0.0,0x684a
1675373604.283346,8734.0,2760.0,1153.0,306.75,-0.9375,31.4375,-1439.0,-1224.0,2146.0,0x683f
1675373604.392211,9035.0,2934.0,1066.0,344.9375,-3.4375,-85.125,68.0,49.0,149.0,0x684a
1675373604.503427,8527.0,2732.0,728.0,311.5,4.625,30.5,413.0,195.0,-780.0,0x683f
1675373604.6130219,8742.0,2525.0,834.0,346.875,-4.0625,-84.8125,-72.0,-33.0,-2.0,0x684a
1675373604.721684,8616.0,2974.0,876.0,314.125,6.3125,29.6875,457.0,370.0,-1167.0,0x683f
1675373604.8320892,8777.0,2607.0,792.0,347.125,-3.4375,-83.875,20.0,-66.0,-36.0,0x684a
1675373604.9432828,8731.0,2774.0,903.0,317.1875,2.1875,28.9375,181.0,295.0,-946.0,0x683f
1675373605.0536919,8748.0,2641.0,829.0,349.9375,-3.375,-84.6875,-67.0,23.0,-55.0,0x684a
1675373605.164605,8940.0,2998.0,1058.0,322.8125,-1.6875,33.375,-101.0,-27.0,-241.0,0x683f
1675373605.2741802,8759.0,2806.0,827.0,353.5625,-3.9375,-85.5625,8.0,-16.0,68.0,0x684a
1675373605.385443,8714.0,2754.0,1066.0,325.375,-6.4375,32.75,-263.0,-348.0,618.0,0x683f
1675373605.496257,8743.0,2878.0,905.0,354.8125,-4.1875,-84.8125,34.0,-10.0,56.0,0x684a
1675373605.6084962,9006.0,2860.0,1010.0,328.625,-5.25,33.375,-2420.0,-1635.0,2636.0,0x683f
1675373605.721015,8816.0,3123.0,1080.0,355.4375,-3.8125,-83.8125,31.0,43.0,97.0,0x684a
1675373605.831021,8765.0,2895.0,1101.0,329.3125,0.875,28.625,-117.0,-290.0,158.0,0x683f
1675373605.941698,8766.0,3020.0,1015.0,355.875,-3.9375,-83.5,15.0,-19.0,42.0,0x684a
1675373606.05351,8654.0,2869.0,1167.0,331.125,2.1875,28.875,621.0,203.0,-1002.0,0x683f
1675373606.164856,8713.0,2921.0,921.0,355.1875,-4.4375,-83.6875,-36.0,-34.0,-10.0,0x684a
1675373606.277259,8668.0,2970.0,1123.0,332.8125,-2.9375,32.5625,389.0,279.0,-1035.0,0x683f
1675373606.3878431,8869.0,2907.0,884.0,354.3125,-4.5625,-84.0625,-4.0,-43.0,-71.0,0x684a
1675373606.4979808,8864.0,2920.0,1103.0,334.125,-7.4375,33.5,127.0,189.0,-789.0,0x683f
1675373606.607947,8745.0,2746.0,858.0,355.9375,-4.875,-84.5,-87.0,-14.0,-32.0,0x684a
1675373606.717578,8832.0,2938.0,1067.0,335.8125,-11.5,33.5625,178.0,22.0,128.0,0x683f
1675373606.8264189,8702.0,2857.0,888.0,357.5,-4.9375,-84.25,-17.0,33.0,10.0,0x684a
1675373606.93503,8846.0,2940.0,1100.0,332.6875,-11.5625,31.1875,-288.0,-539.0,368.0,0x683f
1675373607.0429802,8745.0,2922.0,917.0,356.4375,-4.875,-84.25,17.0,-10.0,21.0,0x684a
1675373607.150452,8963.0,2915.0,1109.0,329.5,-11.625,31.125,-767.0,-669.0,451.0,0x683f
1675373607.2603,8843.0,2988.0,996.0,356.5,-5.25,-84.75,53.0,-2.0,90.0,0x684a
1675373607.370559,8701.0,2858.0,1146.0,324.75,-12.0625,34.0625,-719.0,-39.0,1447.0,0x683f
1675373607.4802089,8884.0,2915.0,953.0,354.375,-4.5625,-85.5625,57.0,71.0,46.0,0x684a
1675373607.5886998,8688.0,2771.0,1262.0,322.3125,-12.875,34.8125,-361.0,316.0,1906.0,0x683f
1675373607.7006001,8863.0,2774.0,926.0,353.8125,-5.1875,-84.9375,54.0,91.0,17.0,0x684a
1675373607.809846,8707.0,2726.0,1133.0,316.8125,-9.75,34.875,-350.0,63.0,1777.0,0x683f
1675373607.9208992,8757.0,2740.0,847.0,351.75,-4.4375,-86.5,42.0,52.0,28.0,0x684a
1675373608.0314271,8709.0,2825.0,970.0,313.0625,-10.25,35.5625,-330.0,-36.0,1617.0,0x683f
1675373608.140129,9087.0,2393.0,714.0,352.5,-4.9375,-86.375,39.0,45.0,0.0,0x684a
1675373608.250666,8850.0,2987.0,853.0,307.125,-9.875,36.375,-562.0,521.0,1910.0,0x683f
1675373608.3604429,8896.0,2315.0,615.0,350.0,-4.25,-85.875,25.0,50.0,-48.0,0x684a
1675373608.4682848,8757.0,3033.0,845.0,303.875,-8.75,35.375,-2369.0,325.0,2746.0,0x683f
1675373608.576399,8943.0,2464.0,673.0,348.8125,-4.4375,-85.9375,30.0,40.0,16.0,0x684a
1675373608.705363,8588.0,2967.0,773.0,303.3125,2.6875,35.3125,121.0,47.0,-1194.0,0x683f
1675373608.815383,8921.0,2637.0,808.0,351.4375,-4.6875,-85.75,-9.0,2.0,20.0,0x684a
1675373608.926507,8614.0,2681.0,893.0,307.0,2.6875,34.3125,826.0,314.0,-1480.0,0x683f
1675373609.050082,8813.0,2659.0,756.0,352.9375,-5.125,-85.9375,-94.0,-51.0,-51.0,0x684a
1675373609.161349,8570.0,2913.0,897.0,313.75,1.375,34.0,823.0,544.0,-1436.0,0x683f
1675373609.270953,8770.0,2769.0,811.0,357.25,-6.125,-85.5625,-110.0,3.0,-76.0,0x684a
1675373609.3846579,8599.0,2689.0,1171.0,315.3125,-0.125,32.6875,678.0,440.0,-1141.0,0x683f
1675373609.493557,8851.0,2764.0,928.0,357.375,-5.125,-85.6875,22.0,34.0,-37.0,0x684a
1675373609.605559,8888.0,2925.0,1079.0,320.0625,-9.4375,35.875,293.0,579.0,-831.0,0x683f
1675373609.716495,8764.0,2744.0,952.0,359.0625,-5.375,-85.625,-48.0,5.0,-14.0,0x684a
1675373609.82569,8847.0,2891.0,934.0,324.8125,-13.4375,39.0625,0.0,203.0,-441.0,0x683f
1675373609.938087,8802.0,2881.0,1023.0,0.5625,-5.6875,-85.6875,-38.0,-7.0,36.0,0x684a
1675373610.0447931,8806.0,3044.0,1009.0,328.125,-15.9375,40.625,149.0,-218.0,144.0,0x683f
1675373610.152898,8783.0,2812.0,982.0,1.75,-6.0,-85.5625,11.0,21.0,-33.0,0x684a
1675373610.262045,8742.0,2996.0,911.0,330.625,-19.8125,41.3125,-729.0,-297.0,791.0,0x683f
1675373610.369641,8690.0,2816.0,850.0,3.5,-6.0,-84.625,60.0,4.0,-23.0,0x684a
1675373610.4787562,8712.0,2808.0,1042.0,331.375,-16.4375,44.875,-460.0,-451.0,728.0,0x683f
1675373610.587587,8757.0,2646.0,955.0,3.1875,-5.9375,-84.5,-33.0,9.0,44.0,0x684a
1675373610.6950662,8771.0,2722.0,925.0,329.5625,-18.75,44.9375,362.0,57.0,-725.0,0x683f
1675373610.804276,8721.0,2684.0,863.0,3.0625,-5.875,-84.6875,-67.0,-39.0,-80.0,0x684a
1675373610.913263,8740.0,2725.0,890.0,325.3125,-20.75,44.5625,519.0,434.0,-924.0,0x683f
1675373611.024865,8711.0,2779.0,956.0,3.9375,-5.8125,-85.0625,-23.0,14.0,-64.0,0x684a
1675373611.135167,8674.0,2994.0,1036.0,319.3125,-18.25,44.3125,306.0,352.0,-932.0,0x683f
1675373611.245794,8697.0,2809.0,987.0,3.1875,-5.3125,-85.3125,-6.0,-5.0,-81.0,0x684a
1675373611.356102,8710.0,2860.0,1087.0,310.125,-12.3125,39.3125,233.0,331.0,-493.0,0x683f
1675373611.466409,8719.0,2660.0,740.0,3.4375,-5.0625,-85.1875,-43.0,-32.0,13.0,0x684a
1675373611.5772202,8791.0,3077.0,950.0,302.375,-15.625,41.625,26.0,-40.0,162.0,0x683f
1675373611.68903,8744.0,2679.0,881.0,2.6875,-4.75,-85.375,-26.0,56.0,62.0,0x684a
1675373611.801829,8512.0,2958.0,817.0,297.0,-14.4375,38.6875,-30.0,-18.0,-36.0,0x683f
1675373611.912138,8793.0,2927.0,1042.0,3.125,-5.5625,-84.5,3.0,6.0,52.0,0x684a
1675373612.022232,8534.0,2971.0,677.0,294.4375,-10.9375,38.0625,-20.0,-179.0,26.0,0x683f
1675373612.1367118,8517.0,2494.0,969.0,3.75,-6.625,-83.8125,37.0,-7.0,-46.0,0x684a
1675373612.247236,8589.0,3060.0,898.0,292.125,-11.0,26.6875,7.0,209.0,-62.0,0x683f
1675373612.3565838,8697.0,2604.0,1011.0,4.375,-5.6875,-83.1875,-28.0,-30.0,13.0,0x684a
1675373612.4651809,8490.0,3004.0,621.0,286.875,-12.375,22.375,-19.0,-9.0,-71.0,0x683f
1675373612.576332,8802.0,2604.0,946.0,359.8125,-4.125,-80.8125,-26.0,2.0,-5.0,0x684a
1675373612.6860642,8572.0,3041.0,893.0,286.3125,-6.75,15.6875,-6.0,-94.0,79.0,0x683f
1675373612.797323,8542.0,2538.0,1110.0,358.75,-3.3125,-80.375,-2.0,-42.0,30.0,0x684a
1675373612.906636,8528.0,3004.0,1199.0,295.8125,-22.875,13.4375,199.0,-232.0,-2.0,0x683f
1675373613.017681,8506.0,2645.0,1121.0,1.9375,-3.6875,-79.6875,-19.0,-4.0,9.0,0x684a
1675373613.128957,8352.0,3118.0,775.0,313.0,-59.125,43.4375,437.0,19.0,-372.0,0x683f
1675373613.237032,8868.0,2831.0,1032.0,3.3125,-3.3125,-79.0625,5.0,-5.0,-19.0,0x684a
1675373613.345723,8370.0,3363.0,502.0,14.1875,-32.8125,76.1875,-362.0,-136.0,-297.0,0x683f
1675373613.457149,8483.0,2556.0,1108.0,1.0625,-3.625,-79.375,-7.0,-23.0,32.0,0x684a
1675373613.5652952,8682.0,3425.0,516.0,30.6875,-5.125,85.3125,-218.0,-35.0,72.0,0x683f
1675373613.675812,8935.0,2760.0,1013.0,0.25,-4.25,-78.5625,11.0,9.0,-5.0,0x684a
1675373613.786138,8457.0,3390.0,784.0,38.5625,-3.625,99.375,103.0,-85.0,323.0,0x683f
1675373613.8977978,8628.0,2642.0,1069.0,359.8125,-4.375,-78.4375,15.0,-9.0,-7.0,0x684a
1675373614.0092611,8457.0,3357.0,774.0,43.25,-2.0625,99.8125,-11.0,11.0,-40.0,0x683f
1675373614.118337,8923.0,2767.0,1058.0,358.0625,-4.3125,-78.5,-3.0,12.0,-16.0,0x684a
1675373614.228511,8447.0,3357.0,764.0,44.5,-2.25,100.125,0.0,4.0,-22.0,0x683f
1675373614.340341,8654.0,2666.0,1175.0,357.25,-4.125,-78.6875,4.0,-5.0,3.0,0x684a
1675373614.449665,8440.0,3359.0,771.0,45.375,-2.5625,100.0,-19.0,0.0,-11.0,0x683f
1675373614.559935,8965.0,2946.0,1144.0,356.5625,-4.125,-78.9375,-3.0,3.0,0.0,0x684a
1675373614.669854,8564.0,3409.0,611.0,47.75,-2.6875,100.0625,-11.0,14.0,-17.0,0x683f
1675373614.779627,8663.0,2725.0,1149.0,355.6875,-4.125,-78.9375,0.0,-8.0,-8.0,0x684a
1675373614.8895261,8650.0,3451.0,558.0,49.0,-2.875,100.0,0.0,8.0,-19.0,0x683f
1675373615.00018,8733.0,2708.0,1058.0,354.125,-3.875,-79.3125,-4.0,-5.0,-7.0,0x684a
1675373615.1097841,8507.0,3362.0,641.0,52.1875,-3.1875,100.0625,0.0,0.0,-8.0,0x683f
1675373615.220289,8692.0,2711.0,1129.0,353.625,-3.5625,-79.4375,-3.0,-1.0,-2.0,0x684a
1675373615.33241,8561.0,3364.0,659.0,54.3125,-3.375,100.0625,-10.0,8.0,-11.0,0x683f
1675373615.4449742,9008.0,2874.0,1012.0,353.0625,-3.625,-79.3125,-6.0,-1.0,9.0,0x684a
1675373615.555657,8569.0,3367.0,636.0,55.6875,-3.375,100.0625,4.0,8.0,-7.0,0x683f
1675373615.6668,8483.0,2629.0,1073.0,352.1875,-3.6875,-79.4375,0.0,2.0,8.0,0x684a
1675373615.775985,8604.0,3388.0,647.0,56.9375,-3.4375,100.1875,1.0,4.0,0.0,0x683f
1675373615.886701,8566.0,2526.0,947.0,351.125,-3.5,-79.4375,-4.0,-7.0,1.0,0x684a
1675373615.998353,8601.0,3359.0,645.0,58.875,-3.4375,100.1875,-4.0,3.0,-3.0,0x683f
1675373616.107994,8561.0,2538.0,978.0,350.6875,-3.5625,-79.4375,-3.0,-4.0,12.0,0x684a
1675373616.217574,8624.0,3375.0,580.0,60.5,-3.4375,100.125,-6.0,7.0,-12.0,0x683f
1675373616.328639,8559.0,2540.0,990.0,349.625,-3.5625,-79.4375,-1.0,-8.0,0.0,0x684a
1675373616.4390569,8572.0,3341.0,616.0,61.6875,-3.5,100.1875,-1.0,6.0,-3.0,0x683f
1675373616.54865,8628.0,2721.0,1024.0,348.875,-3.5,-79.375,-3.0,-6.0,-8.0,0x684a
1675373616.6561751,8656.0,3447.0,570.0,63.5625,-3.5,100.25,-1.0,5.0,-14.0,0x683f
1675373616.764543,8615.0,2709.0,1125.0,348.125,-3.3125,-79.4375,1.0,2.0,-3.0,0x684a
1675373616.874885,8669.0,3398.0,544.0,64.8125,-3.375,100.3125,-6.0,9.0,-8.0,0x683f
1675373616.9830148,8733.0,2810.0,1126.0,347.8125,-3.125,-79.75,-1.0,0.0,0.0,0x684a
1675373617.0929532,8568.0,3369.0,587.0,65.5,-3.3125,100.1875,6.0,10.0,0.0,0x683f
1675373617.204611,8775.0,2604.0,975.0,347.3125,-3.125,-79.875,5.0,-2.0,2.0,0x684a
1675373617.31509,8607.0,3416.0,517.0,67.25,-3.0625,100.25,-13.0,10.0,1.0,0x683f
1675373617.4258199,8801.0,2722.0,1117.0,347.125,-3.125,-79.9375,0.0,-1.0,-4.0,0x684a
1675373617.5354471,8619.0,3399.0,554.0,67.375,-3.0,100.25,0.0,3.0,-4.0,0x683f
1675373617.6468558,8863.0,2893.0,1099.0,346.625,-3.25,-79.8125,-3.0,-1.0,-13.0,0x684a
1675373617.758006,8648.0,3411.0,604.0,67.6875,-3.0,100.1875,-8.0,8.0,0.0,0x683f
1675373617.868514,8970.0,2847.0,1032.0,346.6875,-3.75,-79.9375,-15.0,-9.0,-2.0,0x684a
1675373617.9773881,8612.0,3389.0,606.0,68.3125,-2.9375,100.25,-8.0,9.0,-3.0,0x683f
1675373618.086648,8937.0,2777.0,1055.0,346.3125,-4.0625,-80.0625,-5.0,11.0,-7.0,0x684a
1675373618.19621,8630.0,3385.0,591.0,68.875,-3.125,100.25,14.0,2.0,-3.0,0x683f
1675373618.3101141,8480.0,2626.0,1125.0,346.3125,-4.3125,-79.5,-6.0,-36.0,6.0,0x684a
1675373618.419712,8650.0,3412.0,611.0,70.9375,-3.0625,100.3125,-78.0,0.0,-10.0,0x683f
1675373618.529727,8606.0,2493.0,990.0,346.4375,-4.5,-79.9375,10.0,1.0,-8.0,0x684a
1675373618.638578,8660.0,3428.0,570.0,71.5,-3.0,100.375,-11.0,9.0,-1.0,0x683f
1675373618.7513769,8978.0,2813.0,997.0,345.875,-4.0,-79.6875,-4.0,0.0,17.0,0x684a
1675373618.860246,8709.0,3378.0,582.0,72.25,-3.0,100.5,-17.0,1.0,-2.0,0x683f
1675373618.970752,8976.0,2758.0,933.0,345.75,-3.8125,-79.8125,-3.0,0.0,11.0,0x684a
1675373619.082313,8626.0,3405.0,539.0,72.625,-3.125,100.5625,0.0,0.0,-4.0,0x683f
1675373619.1931741,9016.0,2792.0,949.0,345.4375,-3.6875,-79.9375,-7.0,-3.0,-4.0,0x684a
1675373619.3026361,8642.0,3441.0,565.0,72.5,-3.125,100.625,-6.0,5.0,-8.0,0x683f
1675373619.413941,8840.0,2942.0,1013.0,345.4375,-3.625,-79.6875,2.0,-3.0,0.0,0x684a
1675373619.522495,8650.0,3468.0,545.0,72.625,-3.125,100.625,0.0,2.0,-1.0,0x683f
1675373619.6340039,8956.0,2724.0,970.0,345.25,-3.5625,-79.75,-4.0,0.0,-8.0,0x684a
1675373619.7431412,8682.0,3454.0,557.0,73.125,-3.0,100.5625,-6.0,0.0,-1.0,0x683f
1675373619.8541381,9034.0,2874.0,920.0,345.375,-3.75,-79.4375,-32.0,-24.0,-28.0,0x684a
1675373619.9647481,8662.0,3449.0,577.0,73.5625,-3.375,100.5,-4.0,15.0,5.0,0x683f
1675373620.0741901,8527.0,2545.0,870.0,344.9375,-4.4375,-78.4375,-27.0,29.0,11.0,0x684a
1675373620.182807,8686.0,3397.0,576.0,73.25,-3.75,100.375,37.0,9.0,7.0,0x683f
1675373620.291327,8678.0,2771.0,1066.0,343.5625,-3.25,-78.375,3.0,21.0,13.0,0x684a
1675373620.399581,8618.0,3368.0,672.0,74.8125,-3.875,100.5625,9.0,2.0,-5.0,0x683f
1675373620.506885,8627.0,2546.0,949.0,343.5,-2.625,-79.5,-14.0,-4.0,5.0,0x684a
1675373620.6160362,8621.0,3450.0,645.0,77.1875,-3.625,100.5625,-33.0,6.0,-11.0,0x683f
1675373620.724074,8540.0,2474.0,972.0,345.0,-3.125,-80.125,5.0,9.0,0.0,0x684a
1675373620.833689,8767.0,3552.0,685.0,78.375,-4.0625,100.625,44.0,-24.0,54.0,0x683f
1675373620.9445481,8721.0,2706.0,1019.0,347.5,-3.75,-81.0625,-60.0,-41.0,-23.0,0x684a
1675373621.057136,8502.0,3458.0,606.0,80.8125,-5.25,100.375,201.0,-82.0,60.0,0x683f
1675373621.1734772,8580.0,2879.0,851.0,356.75,-3.25,-83.875,-163.0,66.0,-8.0,0x684a
1675373621.29251,8624.0,3846.0,802.0,100.3125,-7.6875,94.6875,-17.0,73.0,-28.0,0x683f
1675373621.418269,8570.0,3294.0,1132.0,20.6875,-4.125,-83.1875,-151.0,-34.0,-4.0,0x684a
1675373621.540288,8466.0,3821.0,772.0,121.8125,-11.75,90.25,-128.0,116.0,173.0,0x683f
1675373621.6516962,8348.0,3524.0,1319.0,42.625,-3.5625,-79.9375,2.0,-14.0,19.0,0x684a
1675373621.761516,8600.0,4158.0,684.0,138.75,-9.8125,98.5,311.0,-122.0,-249.0,0x683f
1675373621.874005,8246.0,3819.0,825.0,64.75,-6.5625,-79.875,16.0,-161.0,-19.0,0x684a
1675373621.983799,8688.0,4233.0,555.0,163.75,-0.375,105.25,-181.0,15.0,-50.0,0x683f
1675373622.096608,7919.0,4228.0,581.0,84.0,-7.8125,-84.0625,73.0,121.0,75.0,0x684a
1675373622.206568,8386.0,4224.0,310.0,177.8125,4.125,103.5,-227.0,-329.0,-183.0,0x683f
1675373622.317549,7575.0,4884.0,62.0,100.9375,-11.875,-81.75,-25.0,-162.0,-219.0,0x684a
1675373622.428223,8729.0,4479.0,3997.0,167.875,-10.75,96.0625,-56.0,145.0,37.0,0x683f
1675373622.539829,7518.0,4892.0,221.0,111.5625,-5.125,-79.5625,-15.0,-121.0,1.0,0x684a
1675373622.647651,8269.0,4505.0,672.0,157.5625,-15.25,93.3125,-216.0,-156.0,307.0,0x683f
1675373622.761238,7215.0,4867.0,110.0,111.25,-2.375,-78.3125,69.0,246.0,74.0,0x684a
1675373622.874696,8068.0,4684.0,720.0,140.3125,-18.0,95.25,712.0,220.0,-35.0,0x683f
1675373622.9863071,7252.0,4994.0,581.0,112.1875,-10.6875,-74.6875,274.0,-167.0,2.0,0x684a
1675373623.097229,8073.0,5165.0,527.0,131.875,-3.6875,96.6875,61.0,99.0,-90.0,0x683f
1675373623.211137,7368.0,4781.0,1397.0,109.75,-15.0,-77.0,189.0,146.0,-44.0,0x684a
1675373623.322499,7811.0,4949.0,773.0,131.9375,0.0,93.875,-297.0,-190.0,-195.0,0x683f
1675373623.432127,7105.0,4874.0,1061.0,112.4375,-18.9375,-72.625,139.0,35.0,-228.0,0x684a
1675373623.5438159,7129.0,4867.0,224.0,110.125,-16.3125,87.625,-14.0,112.0,-131.0,0x683f
1675373623.655344,6959.0,5066.0,1217.0,93.625,-11.375,-72.9375,146.0,-68.0,-37.0,0x684a
1675373623.7646961,6939.0,5338.0,555.0,76.5625,-17.375,91.375,98.0,-66.0,-327.0,0x683f
1675373623.876705,6098.0,5396.0,423.0,72.9375,-6.6875,-78.1875,245.0,274.0,99.0,0x684a
1675373623.9871309,6483.0,5648.0,606.0,45.125,-17.5625,91.625,620.0,147.0,-420.0,0x683f
1675373624.1001742,6264.0,4801.0,722.0,49.3125,-14.3125,-76.625,403.0,-187.0,-45.0,0x684a
1675373624.211416,5986.0,5627.0,230.0,24.0625,-0.625,95.25,-71.0,-26.0,-255.0,0x683f
1675373624.320914,6047.0,4580.0,838.0,24.0,-15.3125,-85.125,175.0,66.0,87.0,0x684a
1675373624.431019,5981.0,5121.0,512.0,19.0,4.75,94.875,-578.0,-321.0,-374.0,0x683f
1675373624.540006,5929.0,4367.0,874.0,15.5625,-11.9375,-79.0625,95.0,-20.0,-238.0,0x684a
1675373624.6683211,5835.0,5073.0,626.0,355.9375,-15.9375,87.6875,105.0,285.0,-157.0,0x683f
1675373624.77742,5757.0,4270.0,769.0,5.1875,-2.4375,-82.3125,-14.0,3.0,12.0,0x684a
1675373624.8879948,5673.0,4709.0,440.0,332.4375,-17.6875,91.3125,-382.0,-134.0,-258.0,0x683f
1675373624.996747,5608.0,3973.0,979.0,358.4375,0.4375,-81.4375,200.0,-14.0,24.0,0x684a
1675373625.1075451,5743.0,4364.0,748.0,318.375,-14.625,93.75,206.0,-72.0,-79.0,0x683f
1675373625.215334,5425.0,3240.0,922.0,354.5,-11.6875,-78.4375,48.0,-209.0,-11.0,0x684a
1675373625.324279,5299.0,4306.0,732.0,311.625,-0.9375,100.875,0.0,30.0,-142.0,0x683f
1675373625.432346,5470.0,3280.0,943.0,346.0625,-10.125,-80.625,-13.0,173.0,68.0,0x684a
1675373625.541045,5570.0,4130.0,524.0,317.9375,1.3125,98.375,-134.0,-81.0,155.0,0x683f
1675373625.6519191,5260.0,3160.0,1121.0,353.0625,-8.625,-77.1875,-62.0,-29.0,-177.0,0x684a
1675373625.7609751,5183.0,3656.0,508.0,318.375,-17.1875,92.0625,-20.0,295.0,-4.0,0x683f
1675373625.872088,5342.0,2593.0,922.0,354.5,-0.8125,-78.5625,-155.0,-60.0,149.0,0x684a
1675373625.9811358,5297.0,3375.0,438.0,318.9375,-15.9375,94.9375,-358.0,-127.0,-43.0,0x683f
1675373626.09274,5383.0,2720.0,981.0,349.375,3.8125,-78.125,10.0,76.0,6.0,0x684a
1675373626.20238,5024.0,2973.0,275.0,315.625,-16.75,99.375,520.0,-97.0,-32.0,0x683f
1675373626.31147,5295.0,2779.0,589.0,353.8125,-2.625,-77.8125,-82.0,-188.0,-22.0,0x684a
1675373626.4223108,5317.0,3024.0,300.0,328.5625,-6.6875,101.8125,-75.0,-1.0,15.0,0x683f
1675373626.5306518,4628.0,2697.0,368.0,7.25,-7.0625,-79.875,61.0,172.0,46.0,0x684a
1675373626.641044,5068.0,2936.0,542.0,349.5625,-3.9375,99.4375,-187.0,-112.0,224.0,0x683f
1675373626.7520819,4476.0,2563.0,742.0,17.125,-4.5625,-77.25,-113.0,-121.0,-235.0,0x684a
1675373626.8621461,4774.0,2629.0,515.0,355.875,-18.8125,95.125,-195.0,378.0,23.0,0x683f
1675373626.9756942,4453.0,2370.0,1220.0,34.875,-0.5,-79.5625,-40.0,-53.0,134.0,0x684a
1675373627.085275,4503.0,2677.0,339.0,355.4375,-19.875,94.375,-313.0,40.0,-247.0,0x683f
1675373627.194925,3716.0,2294.0,710.0,32.0,2.875,-79.375,96.0,-16.0,28.0,0x684a
1675373627.306067,4449.0,2722.0,148.0,345.0625,-17.9375,95.4375,272.0,54.0,-171.0,0x683f
1675373627.413749,3230.0,2444.0,19.0,24.1875,-8.25,-79.75,148.0,-168.0,-58.0,0x684a
1675373627.521822,4225.0,2463.0,455.0,334.3125,-6.1875,97.625,-57.0,42.0,-70.0,0x683f
1675373627.6315122,3307.0,1546.0,10.0,9.125,-8.25,-80.5625,65.0,82.0,87.0,0x684a
1675373627.7435038,3905.0,2435.0,242.0,333.0625,-2.0,99.9375,-95.0,-310.0,-100.0,0x683f
1675373627.8552861,2990.0,2126.0,-167.0,8.125,-6.9375,-77.625,15.0,179.0,-257.0,0x684a
1675373627.9660711,3841.0,2515.0,269.0,335.375,-20.0,97.1875,-138.0,168.0,27.0,0x683f
1675373628.077816,2739.0,2633.0,-310.0,16.3125,2.0,-79.0625,-129.0,-38.0,-42.0,0x684a
1675373628.1886342,3693.0,2074.0,128.0,342.375,-17.0625,98.4375,-346.0,-268.0,-346.0,0x683f
1675373628.302072,3551.0,1962.0,457.0,27.9375,2.5625,-76.3125,14.0,107.0,28.0,0x684a
1675373628.4123678,3620.0,2013.0,645.0,358.4375,-17.4375,104.0,381.0,-16.0,39.0,0x683f
1675373628.5249941,2791.0,2468.0,-24.0,42.5625,-0.6875,-73.1875,-155.0,-115.0,-130.0,0x684a
1675373628.637741,3500.0,2280.0,453.0,16.125,-10.6875,103.875,-15.0,-41.0,-138.0,0x683f
1675373628.747979,2489.0,2808.0,-128.0,77.375,-5.4375,-77.0625,28.0,40.0,-14.0,0x684a
1675373628.858239,3548.0,2391.0,397.0,60.5625,-5.875,102.375,-15.0,-245.0,33.0,0x683f
1675373628.967058,3150.0,2490.0,444.0,108.125,-6.9375,-78.125,-154.0,-18.0,-246.0,0x684a
1675373629.0763159,3596.0,2241.0,490.0,81.25,-14.375,94.625,-76.0,118.0,-67.0,0x683f
1675373629.184549,3374.0,2344.0,851.0,137.3125,-1.125,-75.25,-115.0,7.0,-9.0,0x684a
1675373629.296124,3786.0,2210.0,410.0,103.5625,-17.5,93.4375,-337.0,85.0,86.0,0x683f
1675373629.404023,3594.0,2490.0,905.0,154.0625,1.6875,-74.9375,-78.0,92.0,-18.0,0x684a
1675373629.512712,3785.0,2244.0,492.0,115.4375,-13.8125,98.375,378.0,-55.0,-52.0,0x683f
1675373629.6205282,3862.0,2561.0,909.0,178.375,-4.3125,-74.9375,-86.0,-66.0,-78.0,0x684a
1675373629.728906,3875.0,2212.0,605.0,139.375,-4.25,102.125,-209.0,56.0,6.0,0x683f
1675373629.838999,4384.0,2917.0,110.0,199.875,-5.6875,-78.6875,56.0,-9.0,-26.0,0x684a
1675373629.9489632,3690.0,2131.0,577.0,153.0,1.0625,100.625,-159.0,-216.0,-10.0,0x683f
1675373630.060244,4499.0,3036.0,213.0,214.1875,-6.625,-80.625,-251.0,-100.0,-126.0,0x684a
1675373630.1690218,3855.0,2436.0,255.0,162.875,-6.9375,92.5,26.0,59.0,-15.0,0x683f
1675373630.2813592,4577.0,2507.0,672.0,233.6875,-1.9375,-78.8125,-69.0,-127.0,-40.0,0x684a
1675373630.390965,3968.0,2652.0,80.0,171.4375,-16.6875,91.5625,-141.0,113.0,128.0,0x683f
1675373630.515768,5043.0,2581.0,29.0,240.75,1.1875,-80.6875,-145.0,122.0,100.0,0x684a
1675373630.6250722,4238.0,2098.0,466.0,175.25,-17.125,94.4375,172.0,-94.0,22.0,0x683f
1675373630.735519,5059.0,2806.0,325.0,241.0,-0.8125,-75.1875,25.0,67.0,-197.0,0x684a
1675373630.847254,4530.0,2109.0,481.0,174.0625,-8.375,95.375,-61.0,78.0,55.0,0x683f
1675373630.9577348,5368.0,2489.0,558.0,245.0625,-8.25,-78.75,176.0,-148.0,18.0,0x684a
1675373631.067295,4769.0,2298.0,431.0,178.5625,-0.5,95.125,-199.0,-182.0,-20.0,0x683f
1675373631.178428,6049.0,2192.0,279.0,246.9375,-11.75,-78.9375,-107.0,316.0,7.0,0x684a
1675373631.287775,4972.0,2194.0,629.0,173.0625,-5.5625,86.9375,353.0,167.0,-17.0,0x683f
1675373631.399404,5959.0,2247.0,453.0,240.4375,-9.875,-74.0625,38.0,19.0,-38.0,0x684a
1675373631.509221,5396.0,2448.0,28.0,152.75,-18.5,87.9375,105.0,113.0,-52.0,0x683f
1675373631.619261,6284.0,2998.0,300.0,223.5625,-2.25,-77.5,8.0,38.0,30.0,0x684a
1675373631.7292101,5910.0,2489.0,178.0,138.625,-19.3125,89.3125,-159.0,-292.0,-248.0,0x683f
1675373631.838745,6082.0,2935.0,650.0,211.9375,-1.1875,-76.875,220.0,-99.0,-115.0,0x684a
1675373631.950044,6145.0,2771.0,91.0,130.9375,-11.75,92.0625,-37.0,64.0,-240.0,0x683f
1675373632.0611851,6313.0,3333.0,611.0,201.75,-14.0,-75.4375,192.0,-105.0,-117.0,0x684a
1675373632.1719182,6297.0,2674.0,433.0,123.875,-0.4375,93.75,27.0,-29.0,-82.0,0x683f
1675373632.281214,6473.0,3538.0,706.0,190.25,-15.25,-79.6875,-18.0,373.0,28.0,0x684a
1675373632.390769,6620.0,3372.0,22.0,125.375,0.375,89.75,-211.0,244.0,65.0,0x683f
1675373632.501421,6570.0,4053.0,432.0,187.6875,-13.5,-74.375,149.0,-20.0,-45.0,0x684a
1675373632.609791,6645.0,3545.0,411.0,113.375,-14.1875,95.0625,-9.0,115.0,-108.0,0x683f
1675373632.7184582,6358.0,4168.0,597.0,176.6875,-2.9375,-77.75,38.0,-69.0,51.0,0x684a
1675373632.8291142,6532.0,3612.0,386.0,105.125,-15.875,102.4375,-252.0,-55.0,-256.0,0x683f
1675373632.937388,6343.0,4213.0,837.0,170.9375,-0.9375,-76.8125,168.0,-32.0,-60.0,0x684a
1675373633.0476182,6407.0,3920.0,493.0,102.125,-12.1875,108.1875,227.0,-45.0,17.0,0x683f
1675373633.157483,6487.0,4406.0,807.0,168.375,-10.25,-75.5625,38.0,-194.0,-47.0,0x684a
1675373633.266033,6489.0,4068.0,498.0,105.875,-1.625,105.25,-75.0,4.0,-68.0,0x683f
1675373633.3748312,6562.0,4631.0,817.0,168.0,-11.5625,-78.5625,70.0,196.0,-23.0,0x684a
1675373633.4831512,6421.0,4194.0,579.0,113.875,0.75,104.3125,-404.0,-134.0,109.0,0x683f
1675373633.5981739,6364.0,4536.0,1188.0,172.3125,-7.5625,-74.4375,-44.0,36.0,-345.0,0x684a
1675373633.708385,6553.0,4364.0,509.0,109.0,-15.25,105.4375,-105.0,253.0,110.0,0x683f
1675373633.8196049,6546.0,5350.0,386.0,183.6875,-1.375,-74.9375,-109.0,-85.0,-31.0,0x684a
1675373633.9288142,6627.0,4641.0,379.0,108.125,-14.0,105.875,-501.0,-204.0,12.0,0x683f
1675373634.037616,7269.0,5471.0,774.0,186.0,2.375,-72.8125,-1.0,-64.0,-9.0,0x684a
1675373634.1481411,6810.0,4608.0,531.0,108.8125,-12.8125,107.0,648.0,247.0,202.0,0x683f
1675373634.257283,7494.0,5668.0,493.0,199.4375,-4.8125,-73.125,-156.0,-23.0,11.0,0x684a
1675373634.366631,6752.0,4632.0,472.0,139.125,-2.4375,108.5,-74.0,66.0,16.0,0x683f
1675373634.476971,8107.0,5765.0,732.0,217.875,-6.1875,-77.125,29.0,182.0,1.0,0x684a
1675373634.5872571,6898.0,4599.0,459.0,159.4375,0.25,104.6875,-242.0,-291.0,96.0,0x683f
1675373634.697484,8397.0,5540.0,934.0,228.25,-4.375,-75.5,-148.0,46.0,-347.0,0x684a
1675373634.809197,7160.0,4596.0,652.0,149.1875,-17.125,102.1875,67.0,218.0,-150.0,0x683f
1675373634.918354,8418.0,5025.0,356.0,239.8125,2.625,-78.5625,-148.0,-55.0,20.0,0x684a
1675373635.029674,7420.0,4532.0,766.0,153.5,-15.4375,100.75,-425.0,-244.0,-115.0,0x683f
1675373635.1389298,8805.0,4581.0,781.0,245.125,4.8125,-77.9375,-16.0,-90.0,-90.0,0x684a
1675373635.2622788,7618.0,4651.0,661.0,153.75,-14.5,101.8125,530.0,109.0,76.0,0x683f
1675373635.37499,8544.0,4328.0,505.0,264.375,-5.4375,-74.9375,-7.0,-148.0,10.0,0x684a
1675373635.486448,7440.0,4462.0,377.0,170.0625,-5.8125,103.25,-110.0,78.0,58.0,0x683f
1675373635.597887,9798.0,4402.0,1046.0,273.1875,-6.8125,-78.3125,19.0,196.0,66.0,0x684a
1675373635.7084339,7884.0,4450.0,837.0,181.0,-1.9375,101.5625,-215.0,-291.0,-38.0,0x683f
1675373635.81863,9495.0,4067.0,727.0,280.1875,-7.3125,-76.625,8.0,71.0,-197.0,0x684a
1675373635.929693,8058.0,4360.0,672.0,186.125,-15.8125,94.75,-51.0,203.0,-10.0,0x683f
1675373636.0405068,8537.0,3784.0,682.0,285.1875,0.625,-78.5,-115.0,-86.0,-19.0,0x684a
1675373636.153226,8193.0,4197.0,699.0,190.125,-16.5625,97.8125,-486.0,-178.0,-202.0,0x683f
1675373636.2636642,8752.0,3633.0,775.0,284.375,4.375,-78.875,-43.0,244.0,36.0,0x684a
1675373636.3741848,8262.0,4107.0,802.0,183.0,-18.4375,96.1875,459.0,171.0,22.0,0x683f
1675373636.486984,10133.0,3903.0,2352.0,289.4375,-4.0,-74.4375,71.0,-30.0,-120.0,0x684a
1675373636.597499,8306.0,3992.0,706.0,198.875,-7.875,98.5625,-22.0,84.0,24.0,0x683f
1675373636.706847,8867.0,2588.0,408.0,295.5,-5.125,-77.1875,-4.0,8.0,-60.0,0x684a
1675373636.818836,8332.0,3774.0,656.0,210.625,-2.4375,98.25,5.0,-322.0,-84.0,0x683f
1675373636.929457,8762.0,3193.0,580.0,302.0,-5.0,-78.125,-182.0,1.0,-194.0,0x684a
1675373637.039996,8547.0,3723.0,748.0,214.875,-15.0625,93.625,101.0,69.0,-35.0,0x683f
1675373637.148471,9403.0,3169.0,978.0,312.875,0.125,-79.25,-199.0,-84.0,-66.0,0x684a
1675373637.257354,8588.0,3660.0,709.0,226.3125,-12.375,95.125,-229.0,58.0,-100.0,0x683f
1675373637.366596,8550.0,2486.0,873.0,319.75,2.8125,-78.125,1.0,131.0,-38.0,0x684a
1675373637.474405,8656.0,3592.0,736.0,228.125,-15.3125,98.5,433.0,98.0,188.0,0x683f
1675373637.6016178,8693.0,2482.0,892.0,323.9375,0.875,-75.5625,59.0,31.0,176.0,0x684a
1675373637.711094,8537.0,3483.0,828.0,231.875,-10.0,97.75,28.0,36.0,76.0,0x683f
1675373637.8231099,8555.0,2382.0,1043.0,333.375,-2.375,-78.8125,18.0,74.0,-27.0,0x684a
1675373637.935135,8480.0,3438.0,743.0,244.0,-9.9375,96.875,-125.0,113.0,111.0,0x683f
1675373638.047154,8532.0,2652.0,1155.0,334.5625,-1.75,-79.875,-221.0,16.0,281.0,0x684a
1675373638.1571178,8617.0,3436.0,659.0,239.75,-9.625,97.25,38.0,-26.0,116.0,0x683f
1675373638.284946,8877.0,2990.0,1041.0,337.875,-1.6875,-80.0,-9.0,6.0,-86.0,0x684a
1675373638.395978,8515.0,3360.0,762.0,244.9375,-7.375,97.1875,-43.0,-43.0,-23.0,0x683f
1675373638.519302,8709.0,2657.0,1037.0,342.3125,-2.5625,-79.8125,37.0,-21.0,19.0,0x684a
1675373638.6303082,8560.0,3409.0,719.0,247.3125,-6.0,96.0,-23.0,0.0,-2.0,0x683f
1675373638.742561,8575.0,2435.0,978.0,344.3125,-5.0,-79.9375,-13.0,-20.0,-20.0,0x684a
1675373638.852939,8553.0,3389.0,821.0,241.8125,-5.75,95.75,65.0,-27.0,10.0,0x683f
1675373638.963253,9084.0,2810.0,976.0,345.3125,-5.1875,-79.4375,-22.0,0.0,34.0,0x684a
1675373639.0700412,8564.0,3403.0,829.0,240.0625,-6.0625,95.5625,-5.0,5.0,-5.0,0x683f
1675373639.1818821,8674.0,2624.0,1048.0,348.5625,-5.6875,-78.5625,-7.0,-16.0,15.0,0x684a
1675373639.29297,8710.0,3456.0,713.0,241.6875,-6.375,94.6875,28.0,0.0,11.0,0x683f
1675373639.407219,9095.0,2640.0,923.0,353.3125,-6.5,-78.25,-19.0,-6.0,-1.0,0x684a
1675373639.5192802,8630.0,3420.0,769.0,243.8125,-6.5625,94.625,-17.0,15.0,-6.0,0x683f
1675373639.629596,8988.0,2641.0,922.0,355.9375,-6.625,-78.3125,0.0,-5.0,-17.0,0x684a
1675373639.739955,8649.0,3411.0,773.0,242.25,-7.3125,94.75,30.0,20.0,6.0,0x683f
1675373639.852126,9172.0,2627.0,914.0,355.9375,-5.8125,-78.5625,-8.0,-3.0,-7.0,0x684a
1675373639.962328,8648.0,3368.0,696.0,241.5625,-7.375,94.8125,6.0,-2.0,0.0,0x683f
1675373640.0742452,8994.0,2631.0,933.0,357.0625,-5.5625,-78.4375,4.0,2.0,0.0,0x684a
1675373640.1854029,8622.0,3333.0,742.0,242.25,-7.5,94.75,-1.0,7.0,5.0,0x683f
1675373640.297868,8845.0,2561.0,955.0,358.1875,-5.875,-78.0625,-4.0,-18.0,6.0,0x684a
1675373640.407784,8542.0,3366.0,793.0,241.875,-7.375,94.5,14.0,0.0,-2.0,0x683f
1675373640.518085,8622.0,2467.0,1027.0,358.125,-6.125,-78.1875,-3.0,-9.0,1.0,0x684a
1675373640.630219,8554.0,3346.0,824.0,242.3125,-7.4375,94.1875,5.0,3.0,6.0,0x683f
1675373640.738305,8893.0,2784.0,1072.0,358.4375,-6.1875,-77.875,-6.0,-10.0,0.0,0x684a
1675373640.8517299,8567.0,3375.0,802.0,242.5625,-7.6875,94.125,-1.0,-2.0,0.0,0x683f
1675373640.9609332,9160.0,2673.0,970.0,359.25,-6.3125,-77.5625,3.0,-9.0,-4.0,0x684a
1675373641.0712051,8561.0,3369.0,806.0,242.5,-8.0625,94.125,0.0,2.0,4.0,0x683f
1675373641.1976802,9556.0,3113.0,1209.0,359.6875,-6.6875,-77.75,-10.0,0.0,4.0,0x684a
1675373641.3102562,8631.0,3380.0,702.0,242.4375,-8.0625,94.0625,-14.0,2.0,-8.0,0x683f
1675373641.423323,9458.0,2709.0,958.0,359.4375,-7.0625,-77.8125,-4.0,-9.0,7.0,0x684a
1675373641.535203,8559.0,3400.0,758.0,242.3125,-8.25,94.0625,0.0,-1.0,8.0,0x683f
1675373641.650102,9140.0,2607.0,905.0,359.375,-7.0625,-77.75,-1.0,-4.0,1.0,0x684a
1675373641.76108,8686.0,3422.0,706.0,243.3125,-8.0625,94.5,14.0,-6.0,0.0,0x683f
1675373641.874301,9412.0,2744.0,906.0,359.375,-6.9375,-77.6875,-4.0,-1.0,-8.0,0x684a
1675373641.9856389,8566.0,3404.0,790.0,243.5625,-8.0625,94.75,-6.0,-1.0,-8.0,0x683f
1675373642.098285,8513.0,2511.0,938.0,359.5625,-7.0,-77.6875,-2.0,-1.0,14.0,0x684a
1675373642.2057269,8594.0,3409.0,735.0,243.0,-8.0625,94.75,3.0,0.0,-3.0,0x683f
1675373642.318284,8598.0,2593.0,1041.0,359.0625,-6.9375,-77.75,0.0,-7.0,1.0,0x684a
1675373642.427588,8639.0,3442.0,688.0,242.75,-7.9375,94.875,-16.0,1.0,1.0,0x683f
1675373642.5387871,9337.0,2752.0,967.0,358.5625,-6.6875,-78.125,5.0,-5.0,19.0,0x684a
1675373642.648208,8547.0,3351.0,728.0,242.5625,-7.875,94.8125,0.0,4.0,7.0,0x683f
1675373642.75936,9341.0,2760.0,970.0,357.375,-6.75,-78.625,3.0,-6.0,12.0,0x684a
1675373642.869229,8651.0,3385.0,641.0,241.9375,-7.75,94.875,0.0,1.0,8.0,0x683f
1675373642.980083,9235.0,3062.0,1064.0,356.375,-6.75,-78.6875,-19.0,2.0,-5.0,0x684a
1675373643.0888162,8662.0,3388.0,668.0,241.3125,-7.6875,94.875,34.0,-8.0,4.0,0x683f
1675373643.200364,9136.0,2726.0,853.0,356.0625,-7.0625,-78.3125,0.0,-9.0,-11.0,0x684a
1675373643.309612,8564.0,3376.0,807.0,240.75,-7.5,94.875,7.0,-6.0,-3.0,0x683f
1675373643.421545,9257.0,2674.0,897.0,354.875,-7.0625,-78.3125,-2.0,-9.0,-2.0,0x684a
1675373643.531142,8582.0,3399.0,783.0,240.125,-7.4375,94.9375,3.0,2.0,3.0,0x683f
1675373643.6421618,8981.0,2587.0,912.0,354.0,-6.875,-78.0625,-2.0,-5.0,-6.0,0x684a
1675373643.753868,8605.0,3421.0,681.0,239.5,-7.375,95.0,8.0,1.0,-1.0,0x683f
1675373643.866549,8551.0,2585.0,1027.0,353.8125,-6.5625,-77.6875,-6.0,-3.0,17.0,0x684a
1675373643.9749749,8623.0,3419.0,725.0,239.625,-7.375,95.1875,5.0,-4.0,4.0,0x683f
1675373644.0836182,9047.0,2987.0,1066.0,353.8125,-6.4375,-77.8125,-4.0,-4.0,-2.0,0x684a
1675373644.195371,8576.0,3403.0,732.0,239.9375,-7.3125,95.1875,3.0,7.0,6.0,0x683f
1675373644.325857,8517.0,2672.0,1134.0,353.75,-6.5,-77.75,-5.0,0.0,-3.0,0x684a
1675373644.43577,8636.0,3388.0,730.0,240.25,-7.25,95.25,-10.0,7.0,-5.0,0x683f
1675373644.547381,8996.0,2927.0,1000.0,353.5625,-6.5,-77.9375,0.0,-6.0,17.0,0x684a
1675373644.66129,8733.0,3414.0,644.0,240.375,-7.125,95.3125,-3.0,3.0,3.0,0x683f
1675373644.7728791,9038.0,2933.0,1101.0,353.8125,-6.4375,-78.0625,1.0,0.0,-5.0,0x684a
1675373644.882463,8579.0,3368.0,717.0,240.6875,-7.1875,95.25,-1.0,4.0,-3.0,0x683f
1675373644.992487,9367.0,2876.0,1049.0,354.0,-6.4375,-77.875,-3.0,-3.0,-4.0,0x684a
1675373645.1055958,8537.0,3346.0,737.0,240.6875,-7.375,95.25,5.0,3.0,1.0,0x683f
1675373645.2156081,9129.0,2752.0,927.0,354.25,-6.375,-78.0,-5.0,-2.0,-3.0,0x684a
1675373645.32549,8586.0,3406.0,730.0,240.9375,-7.375,95.125,-5.0,4.0,4.0,0x683f
1675373645.4387882,9410.0,2776.0,1025.0,354.875,-6.4375,-78.25,-2.0,-5.0,2.0,0x684a
1675373645.553104,8579.0,3391.0,750.0,241.4375,-7.4375,95.0625,-16.0,-9.0,-2.0,0x683f
1675373645.6658719,9287.0,2761.0,941.0,355.25,-6.625,-78.3125,0.0,-8.0,-7.0,0x684a
1675373645.775733,8559.0,3380.0,836.0,241.4375,-7.625,94.9375,1.0,1.0,0.0,0x683f
1675373645.8910131,9343.0,2693.0,914.0,355.4375,-6.6875,-78.25,-10.0,-1.0,0.0,0x684a
1675373646.005771,8568.0,3417.0,846.0,241.3125,-7.625,94.8125,-15.0,11.0,-1.0,0x683f
1675373646.119443,9266.0,2779.0,852.0,355.25,-6.75,-78.125,-4.0,-6.0,-8.0,0x684a
1675373646.229334,8575.0,3398.0,824.0,240.25,-7.625,94.875,6.0,0.0,-2.0,0x683f
1675373646.345404,9229.0,2842.0,957.0,354.9375,-6.75,-78.0,-6.0,-5.0,-1.0,0x684a
1675373646.470413,8621.0,3419.0,681.0,240.25,-7.625,94.8125,5.0,2.0,3.0,0x683f
1675373646.581277,8679.0,2787.0,885.0,355.875,-6.75,-77.6875,-8.0,-10.0,-5.0,0x684a
1675373646.691515,8542.0,3436.0,757.0,241.375,-7.625,94.625,-5.0,6.0,6.0,0x683f
1675373646.804291,9436.0,3008.0,1003.0,357.4375,-6.6875,-77.375,-14.0,-8.0,-9.0,0x684a
1675373646.9129238,8537.0,3410.0,708.0,242.625,-7.75,94.5,-19.0,7.0,-2.0,0x683f
1675373647.039368,8727.0,2652.0,961.0,358.25,-6.375,-77.4375,-2.0,-6.0,12.0,0x684a
1675373647.148403,8676.0,3409.0,720.0,243.1875,-8.1875,94.5625,-4.0,-2.0,-6.0,0x683f
1675373647.257819,8687.0,2555.0,983.0,356.8125,-5.125,-77.5625,51.0,27.0,16.0,0x684a
1675373647.367914,8601.0,3398.0,780.0,242.75,-8.1875,94.375,-4.0,-3.0,5.0,0x683f
1675373647.479532,8702.0,2625.0,1042.0,356.6875,-4.3125,-77.5,-17.0,-11.0,1.0,0x684a
1675373647.588894,8568.0,3379.0,743.0,244.0,-8.4375,94.3125,-22.0,17.0,-7.0,0x683f
1675373647.701325,8692.0,2642.0,1041.0,357.0,-4.0625,-77.6875,-3.0,-20.0,17.0,0x684a
1675373647.811001,8537.0,3412.0,772.0,244.1875,-8.875,94.625,-8.0,-1.0,9.0,0x683f
1675373647.9226098,8769.0,2809.0,1121.0,356.875,-3.6875,-77.4375,0.0,-2.0,4.0,0x684a
1675373648.0497139,8631.0,3439.0,672.0,243.75,-9.0,94.5625,3.0,3.0,-2.0,0x683f
1675373648.162538,8657.0,2595.0,1013.0,356.5,-3.6875,-77.625,0.0,0.0,14.0,0x684a
1675373648.2728362,8556.0,3420.0,763.0,243.125,-8.875,94.5,19.0,1.0,1.0,0x683f
1675373648.3879309,8685.0,2570.0,1023.0,356.4375,-3.75,-77.5,-1.0,0.0,4.0,0x684a
1675373648.50319,8572.0,3405.0,738.0,243.25,-9.1875,94.5625,-4.0,4.0,0.0,0x683f
1675373648.614954,8571.0,2513.0,1026.0,356.5,-3.4375,-77.8125,2.0,3.0,-2.0,0x684a
1675373648.725591,8543.0,3412.0,720.0,243.1875,-9.375,94.625,2.0,-1.0,-5.0,0x683f
1675373648.839649,8589.0,2566.0,1011.0,356.1875,-3.5,-77.625,-9.0,-10.0,-21.0,0x684a
1675373648.953386,8660.0,3424.0,611.0,242.3125,-9.1875,94.4375,2.0,0.0,3.0,0x683f
1675373649.0653682,8676.0,2510.0,997.0,356.0,-3.875,-77.4375,-10.0,-10.0,-13.0,0x684a
1675373649.1761222,8523.0,3379.0,751.0,242.4375,-9.0625,94.3125,-5.0,6.0,6.0,0x683f
1675373649.288578,8602.0,2504.0,948.0,356.1875,-4.0,-77.375,-5.0,-1.0,6.0,0x684a
1675373649.4031959,8572.0,3430.0,723.0,242.5,-9.0625,94.3125,-1.0,3.0,2.0,0x683f
1675373649.514943,8684.0,2601.0,964.0,356.1875,-3.9375,-77.375,-3.0,-3.0,6.0,0x684a
1675373649.627041,8522.0,3425.0,749.0,242.6875,-8.9375,94.3125,3.0,0.0,3.0,0x683f
1675373649.741178,8618.0,2660.0,1049.0,356.6875,-4.1875,-77.25,-5.0,-4.0,4.0,0x684a
1675373649.8531148,8398.0,3422.0,592.0,235.9375,-9.6875,89.5,-24.0,-131.0,166.0,0x683f
1675373649.9693482,8715.0,2739.0,1072.0,359.1875,-4.875,-75.75,9.0,0.0,4.0,0x684a
1675373650.080072,8483.0,3317.0,1046.0,216.125,-13.6875,67.625,94.0,24.0,-101.0,0x683f
1675373650.207814,8536.0,2621.0,1119.0,1.25,-5.625,-74.0,5.0,-23.0,47.0,0x684a
1675373650.316849,8399.0,3464.0,1066.0,207.0625,-18.125,70.25,-307.0,-160.0,-66.0,0x683f
1675373650.428868,8704.0,2920.0,849.0,1.125,-4.9375,-73.5,39.0,-41.0,-39.0,0x684a
1675373650.540812,8488.0,3336.0,947.0,183.5,-44.0625,26.3125,191.0,310.0,-400.0,0x683f
1675373650.652707,8563.0,2696.0,802.0,357.375,-4.375,-76.5,60.0,96.0,-16.0,0x684a
1675373650.7773151,8677.0,3321.0,744.0,154.6875,-33.375,20.1875,376.0,-187.0,24.0,0x683f
1675373650.887705,8914.0,2781.0,941.0,351.125,-6.5625,-80.625,59.0,28.0,-3.0,0x684a
1675373651.000535,8619.0,3071.0,957.0,153.125,-20.4375,31.4375,-12.0,-34.0,161.0,0x683f
1675373651.118578,8450.0,2499.0,1071.0,348.875,-7.875,-80.5625,-22.0,17.0,1.0,0x684a
1675373651.231487,8641.0,3154.0,866.0,149.9375,-26.9375,28.25,-92.0,-102.0,33.0,0x683f
1675373651.347542,8962.0,2958.0,1195.0,353.3125,-10.625,-79.625,7.0,-11.0,-31.0,0x684a
1675373651.4611049,8673.0,3059.0,1060.0,151.3125,-18.875,20.9375,-122.0,6.0,-57.0,0x683f
1675373651.571774,8773.0,2484.0,851.0,3.9375,-9.25,-80.0,-37.0,-107.0,-10.0,0x684a
1675373651.6815932,8679.0,2912.0,1230.0,152.3125,-11.9375,23.0,26.0,13.0,-46.0,0x683f
1675373651.792947,8688.0,2743.0,1100.0,10.75,-7.375,-80.3125,-48.0,67.0,-16.0,0x684a
1675373651.906825,8635.0,2950.0,1196.0,152.3125,-9.875,22.1875,-86.0,-22.0,-102.0,0x683f
1675373652.018464,8927.0,2573.0,961.0,17.0625,-10.125,-79.875,54.0,55.0,92.0,0x684a
1675373652.129409,8536.0,2958.0,831.0,152.9375,-9.75,23.125,-37.0,-2.0,-13.0,0x683f
1675373652.2395709,8889.0,2554.0,930.0,16.375,-10.1875,-79.9375,14.0,-4.0,-27.0,0x684a
1675373652.352488,8729.0,3014.0,972.0,153.4375,-10.1875,23.625,39.0,-27.0,17.0,0x683f
1675373652.4626849,8842.0,2560.0,936.0,16.5625,-9.9375,-80.3125,3.0,0.0,3.0,0x684a
1675373652.571638,8685.0,3209.0,980.0,155.3125,-10.75,24.0625,-21.0,-22.0,-29.0,0x683f
