1678222944.732609,7601.0,2834.0,2398.0,358.5,-20.5625,86.9375,-342.0,-908.0,31.0,2.0,8.0,-19.0,0.1875,0.0,1.375,94860.5,0x683f
1678222944.799907,7686.0,4108.0,2396.0,358.4375,-20.625,86.9375,-329.0,-909.0,33.0,16.0,6.0,-15.0,-1.0625,0.1875,0.625,94867.5,0x683f
1678222944.863155,7711.0,4162.0,2396.0,358.5,-20.625,87.0625,-336.0,-906.0,28.0,6.0,7.0,-17.0,-2.0625,2.1875,-1.625,94867.5,0x683f
1678222944.9271219,7737.0,4209.0,2396.0,358.75,-20.5,87.1875,-344.0,-911.0,31.0,0.0,5.0,-12.0,-2.875,-0.4375,-3.1875,94867.5,0x683f
1678222944.991194,7715.0,4191.0,2396.0,359.125,-20.3125,87.375,-350.0,-921.0,35.0,-12.0,-4.0,-2.0,-2.375,0.75,-1.9375,94867.5,0x683f
1678222945.055362,7736.0,4180.0,2395.0,359.125,-20.25,87.5625,-352.0,-924.0,39.0,-14.0,-6.0,3.0,-1.4375,1.3125,0.8125,94867.5,0x683f
1678222945.1183932,7722.0,4178.0,2397.0,359.0625,-20.3125,87.625,-345.0,-927.0,46.0,-3.0,-8.0,8.0,-0.5625,0.5625,1.5,94867.5,0x683f
1678222945.1805172,7730.0,4193.0,2395.0,358.9375,-20.4375,87.625,-343.0,-929.0,48.0,0.0,-11.0,10.0,1.4375,1.6875,2.625,94856.75,0x683f
1678222945.241326,8841.0,3601.0,941.0,359.125,-20.625,87.5,-346.0,-931.0,46.0,0.0,-15.0,7.0,2.6875,2.1875,3.125,94856.75,0x683f
1678222945.304924,8803.0,3586.0,970.0,359.0625,-20.8125,87.3125,-330.0,-929.0,58.0,19.0,-14.0,16.0,2.0,-3.25,2.4375,94856.75,0x683f
1678222945.366038,8721.0,3348.0,687.0,359.0625,-20.8125,87.0,-313.0,-921.0,67.0,33.0,-3.0,18.0,4.375,0.5625,1.3125,94856.75,0x683f
1678222945.426414,8699.0,3396.0,665.0,359.25,-20.8125,86.75,-316.0,-900.0,58.0,34.0,12.0,5.0,5.0,1.0,-0.4375,94856.75,0x683f
1678222945.4868422,8742.0,3476.0,798.0,359.6875,-20.625,86.5,-322.0,-892.0,36.0,18.0,23.0,-25.0,6.125,7.125,-4.875,94856.75,0x683f
1678222945.548266,8742.0,3515.0,782.0,0.5625,-20.25,86.4375,-357.0,-881.0,12.0,-18.0,36.0,-43.0,3.1875,3.625,-9.75,94864.0,0x683f
1678222945.609261,8743.0,3507.0,757.0,1.0625,-19.875,86.75,-372.0,-897.0,14.0,-40.0,22.0,-36.0,-1.625,0.0625,-10.1875,94864.0,0x683f
1678222945.670756,8735.0,3499.0,776.0,1.125,-19.6875,87.125,-376.0,-911.0,26.0,-46.0,10.0,-18.0,-4.875,-1.9375,-4.5625,94864.0,0x683f
1678222945.731474,8792.0,3571.0,920.0,0.9375,-19.6875,87.4375,-374.0,-922.0,35.0,-42.0,0.0,-3.0,-5.875,-2.6875,2.4375,94864.0,0x683f
1678222945.789941,8694.0,3400.0,675.0,0.1875,-20.125,87.75,-338.0,-944.0,65.0,0.0,-24.0,29.0,-4.875,-0.8125,8.5625,94864.0,0x683f
1678222945.849955,8763.0,3490.0,765.0,359.875,-20.625,88.0,-352.0,-930.0,57.0,-4.0,-13.0,25.0,-0.25,12.625,12.9375,94864.0,0x683f
1678222945.9104269,8801.0,3582.0,935.0,359.5625,-21.3125,88.0625,-338.0,-920.0,43.0,20.0,-8.0,13.0,-1.5,-1.9375,9.25,94855.25,0x683f
1678222945.9733381,8572.0,3404.0,786.0,358.875,-21.5625,88.0,-307.0,-925.0,48.0,53.0,-14.0,16.0,-2.4375,-13.0,2.0625,94855.25,0x683f
1678222946.0343528,8841.0,3625.0,987.0,358.6875,-21.4375,87.8125,-307.0,-910.0,39.0,51.0,1.0,5.0,0.125,-2.4375,-2.625,94855.25,0x683f
1678222946.096811,8798.0,3593.0,959.0,359.0625,-21.0,87.75,-317.0,-917.0,34.0,35.0,-2.0,-1.0,0.25,-3.125,-6.25,94855.25,0x683f
1678222946.1597068,8829.0,3620.0,946.0,359.5,-20.5,87.6875,-334.0,-914.0,27.0,8.0,3.0,-8.0,0.4375,0.375,-7.625,94855.25,0x683f
1678222946.222796,8745.0,3495.0,826.0,0.0625,-20.0625,87.6875,-345.0,-925.0,30.0,-9.0,-5.0,-5.0,0.0,0.3125,-7.0625,94855.25,0x683f
1678222946.284083,8671.0,3376.0,642.0,0.5,-19.6875,87.6875,-343.0,-923.0,38.0,-13.0,-1.0,2.0,0.125,0.125,-3.0,94860.5,0x683f
1678222946.3460522,8736.0,3466.0,755.0,0.5,-19.625,87.6875,-341.0,-920.0,39.0,-11.0,4.0,3.0,0.6875,0.25,1.0625,94860.5,0x683f
1678222946.407337,8747.0,3482.0,842.0,0.4375,-19.75,87.6875,-339.0,-915.0,28.0,-11.0,4.0,-6.0,0.1875,0.6875,1.875,94860.5,0x683f
1678222946.4683452,8771.0,3499.0,775.0,0.3125,-19.875,87.75,-334.0,-915.0,33.0,0.0,5.0,-2.0,-1.875,-2.6875,1.4375,94860.5,0x683f
1678222946.5292711,8729.0,3454.0,753.0,0.0,-19.9375,87.8125,-327.0,-921.0,37.0,8.0,-1.0,2.0,-2.1875,-2.25,1.75,94860.5,0x683f
1678222946.591261,8766.0,3584.0,914.0,359.8125,-20.0,87.875,-321.0,-920.0,37.0,13.0,0.0,3.0,-1.8125,-3.1875,0.125,94860.5,0x683f
1678222946.6541948,8738.0,3483.0,789.0,359.625,-20.0,87.875,-326.0,-927.0,38.0,8.0,-6.0,4.0,-0.75,-2.5,0.1875,94865.0,0x683f
1678222946.7160058,8784.0,3570.0,960.0,359.875,-19.9375,87.875,-332.0,-925.0,35.0,0.0,-3.0,3.0,-0.25,-1.625,0.1875,94865.0,0x683f
1678222946.778901,8813.0,3554.0,976.0,359.875,-19.9375,87.8125,-327.0,-930.0,41.0,4.0,-9.0,8.0,-0.125,-1.375,-0.125,94865.0,0x683f
1678222946.8419788,8778.0,3474.0,806.0,359.875,-19.9375,87.75,-336.0,-927.0,39.0,-1.0,-6.0,4.0,1.0,-0.25,-0.4375,94865.0,0x683f
1678222946.903014,8621.0,3338.0,687.0,359.875,-19.9375,87.6875,-339.0,-920.0,43.0,-4.0,1.0,6.0,0.8125,-1.9375,-0.4375,94865.0,0x683f
1678222946.964261,8707.0,3528.0,945.0,359.8125,-19.9375,87.5625,-330.0,-919.0,43.0,4.0,1.0,4.0,2.125,0.0625,1.1875,94865.0,0x683f
1678222947.0222452,8553.0,3402.0,807.0,359.625,-20.0,87.4375,-334.0,-915.0,41.0,1.0,4.0,0.0,1.8125,-0.3125,1.6875,94855.5,0x683f
1678222947.082879,8689.0,3541.0,929.0,359.5,-20.125,87.3125,-335.0,-905.0,35.0,1.0,14.0,-7.0,1.4375,-2.1875,0.6875,94855.5,0x683f
1678222947.146952,8715.0,3362.0,673.0,359.375,-20.125,87.1875,-335.0,-912.0,32.0,2.0,6.0,-12.0,0.4375,-4.0,0.125,94855.5,0x683f
1678222947.212242,8806.0,3587.0,955.0,359.1875,-20.125,87.1875,-331.0,-913.0,34.0,6.0,6.0,-10.0,0.0,-1.375,1.0625,94855.5,0x683f
1678222947.273461,8753.0,3478.0,837.0,359.0,-20.1875,87.1875,-332.0,-907.0,44.0,5.0,12.0,0.0,-1.0625,-3.0,-0.375,94855.5,0x683f
1678222947.341438,8813.0,3579.0,973.0,358.875,-20.125,87.1875,-330.0,-919.0,50.0,7.0,0.0,6.0,-1.625,-2.0625,-1.1875,94855.5,0x683f
1678222947.4024398,8746.0,3492.0,766.0,358.75,-20.0625,87.25,-333.0,-916.0,46.0,1.0,2.0,4.0,-0.625,0.375,-0.25,94861.25,0x683f
1678222947.463402,8414.0,3215.0,745.0,358.8125,-20.0625,87.25,-337.0,-918.0,46.0,0.0,1.0,3.0,-0.3125,-0.5625,-0.5625,94861.25,0x683f
1678222947.5243971,8758.0,3466.0,818.0,358.75,-20.0625,87.25,-329.0,-919.0,46.0,4.0,5.0,1.0,0.25,1.1875,0.125,94861.25,0x683f
1678222947.585644,8789.0,3601.0,962.0,358.8125,-20.0625,87.3125,-334.0,-918.0,41.0,1.0,1.0,-3.0,-0.0625,0.6875,-0.875,94861.25,0x683f
1678222947.64742,8711.0,3467.0,817.0,358.9375,-20.0,87.3125,-328.0,-925.0,42.0,3.0,-2.0,0.0,-0.125,1.6875,-1.125,94861.25,0x683f
1678222947.7087271,8663.0,3453.0,813.0,359.0,-19.9375,87.375,-345.0,-915.0,39.0,-9.0,4.0,0.0,-0.125,0.8125,-1.0625,94861.25,0x683f
1678222947.768539,8617.0,3436.0,811.0,359.0625,-19.9375,87.375,-339.0,-921.0,40.0,-4.0,0.0,-1.0,0.125,0.0625,0.6875,94861.25,0x683f
1678222947.832166,8599.0,3431.0,824.0,359.0,-20.0,87.375,-340.0,-921.0,37.0,-2.0,1.0,-7.0,0.1875,0.875,2.4375,94868.25,0x683f
1678222947.8933618,8600.0,3493.0,881.0,358.8125,-20.25,87.375,-323.0,-921.0,32.0,17.0,-3.0,-9.0,0.375,1.3125,4.4375,94868.25,0x683f
1678222947.9574609,8635.0,3531.0,927.0,358.625,-20.4375,87.4375,-323.0,-910.0,34.0,20.0,0.0,-4.0,-0.625,0.4375,1.25,94868.25,0x683f
1678222948.020153,8600.0,3503.0,902.0,358.6875,-20.4375,87.4375,-322.0,-918.0,40.0,19.0,0.0,0.0,-1.1875,-0.8125,-1.6875,94868.25,0x683f
1678222948.0814111,8559.0,3395.0,793.0,358.8125,-20.3125,87.5,-332.0,-918.0,34.0,7.0,-5.0,-10.0,-0.25,0.25,-1.9375,94868.25,0x683f
1678222948.1450691,8574.0,3415.0,801.0,359.0625,-20.1875,87.5,-334.0,-918.0,31.0,10.0,1.0,-4.0,-0.625,-0.4375,-1.5,94868.25,0x683f
1678222948.209142,8583.0,3436.0,826.0,359.1875,-20.125,87.5,-333.0,-913.0,33.0,1.0,6.0,-5.0,0.3125,1.625,-2.3125,94862.5,0x683f
1678222948.274009,8633.0,3509.0,860.0,359.375,-20.0,87.5625,-340.0,-919.0,26.0,-5.0,1.0,-11.0,-0.625,1.625,-1.9375,94862.5,0x683f
1678222948.333968,8651.0,3526.0,832.0,359.5625,-19.875,87.625,-342.0,-917.0,32.0,-6.0,1.0,-8.0,0.0,2.1875,-0.875,94862.5,0x683f
1678222948.395461,8675.0,3578.0,905.0,359.6875,-19.875,87.6875,-345.0,-918.0,29.0,-11.0,3.0,-5.0,-0.375,2.0625,0.0,94862.5,0x683f
1678222948.459223,8712.0,3492.0,773.0,359.75,-19.875,87.75,-342.0,-924.0,36.0,-3.0,-8.0,0.0,-0.8125,-0.1875,0.25,94862.5,0x683f
1678222948.5196679,8642.0,3480.0,751.0,359.6875,-19.9375,87.75,-340.0,-929.0,39.0,-4.0,-4.0,5.0,-0.25,-0.5,0.25,94862.5,0x683f
1678222948.580632,8741.0,3504.0,784.0,359.625,-19.9375,87.6875,-325.0,-923.0,45.0,9.0,-2.0,8.0,0.875,-1.6875,-0.25,94866.5,0x683f
1678222948.643103,8767.0,3583.0,916.0,359.6875,-19.8125,87.5625,-327.0,-921.0,45.0,2.0,1.0,4.0,1.75,-0.25,-3.375,94866.5,0x683f
1678222948.70584,8765.0,3602.0,931.0,0.0625,-19.625,87.5,-337.0,-917.0,35.0,-10.0,6.0,-4.0,2.375,1.0,-1.6875,94866.5,0x683f
1678222948.7676291,8632.0,3460.0,792.0,0.125,-19.6875,87.3125,-335.0,-916.0,22.0,-4.0,6.0,-23.0,2.75,1.3125,2.75,94866.5,0x683f
1678222948.832822,8609.0,3493.0,918.0,359.9375,-19.875,87.3125,-326.0,-911.0,14.0,12.0,11.0,-27.0,-0.125,-0.375,3.625,94866.5,0x683f
1678222948.9009972,8791.0,3580.0,932.0,359.9375,-20.0625,87.4375,-321.0,-910.0,13.0,15.0,10.0,-20.0,-1.8125,-0.125,1.6875,94866.5,0x683f
1678222948.963267,8807.0,3562.0,891.0,359.8125,-20.125,87.625,-327.0,-920.0,31.0,10.0,-3.0,-3.0,-3.1875,-1.8125,0.3125,94857.0,0x683f
1678222949.0226932,8762.0,3505.0,761.0,359.6875,-20.125,87.75,-345.0,-919.0,42.0,-7.0,0.0,6.0,-2.0625,-0.8125,0.875,94857.0,0x683f
1678222949.083852,8793.0,3520.0,754.0,359.625,-20.25,87.8125,-317.0,-933.0,43.0,22.0,-14.0,8.0,-0.5625,2.875,4.1875,94857.0,0x683f
1678222949.14445,8856.0,3585.0,915.0,359.5625,-20.375,87.9375,-321.0,-917.0,50.0,20.0,1.0,17.0,-1.5,-3.25,-1.5625,94857.0,0x683f
1678222949.2067552,8850.0,3608.0,911.0,359.875,-20.125,87.875,-336.0,-920.0,55.0,1.0,0.0,21.0,-1.0,-3.0,-5.5,94857.0,0x683f
1678222949.271719,8773.0,3485.0,752.0,0.0,-19.8125,87.8125,-344.0,-927.0,48.0,-16.0,2.0,2.0,1.25,-2.875,-3.4375,94857.0,0x683f
1678222949.333675,8822.0,3596.0,899.0,359.875,-19.6875,87.6875,-333.0,-919.0,16.0,-2.0,2.0,-20.0,0.375,-6.3125,-0.5,94868.75,0x683f
1678222949.394567,8732.0,3395.0,688.0,359.5625,-19.6875,87.5625,-329.0,-915.0,15.0,1.0,7.0,-23.0,-0.375,-4.5625,-0.9375,94868.75,0x683f
1678222949.4561129,8799.0,3570.0,918.0,359.5,-19.625,87.625,-327.0,-916.0,17.0,2.0,6.0,-20.0,-0.75,-1.875,0.8125,94868.75,0x683f
1678222949.517441,8777.0,3555.0,895.0,359.625,-19.6875,87.6875,-320.0,-922.0,23.0,6.0,1.0,-11.0,-0.875,1.125,1.9375,94868.75,0x683f
1678222949.5776372,8768.0,3472.0,825.0,359.6875,-19.8125,87.8125,-321.0,-919.0,27.0,11.0,0.0,-6.0,-1.625,-0.75,1.4375,94868.75,0x683f
1678222949.639597,8805.0,3567.0,937.0,359.75,-19.8125,87.875,-311.0,-923.0,38.0,20.0,-1.0,5.0,-1.125,-0.25,-0.25,94868.75,0x683f
1678222949.700625,8787.0,3590.0,937.0,359.9375,-19.75,87.9375,-343.0,-933.0,36.0,-11.0,-11.0,3.0,-0.25,-1.1875,-2.0625,94868.5,0x683f
1678222949.7597928,8802.0,3468.0,838.0,359.8125,-19.75,87.875,-421.0,-951.0,34.0,-89.0,-29.0,0.0,0.0625,-2.25,1.4375,94868.5,0x683f
1678222949.822128,8862.0,3601.0,1154.0,358.8125,-20.1875,87.625,-551.0,-999.0,-12.0,-208.0,-82.0,-51.0,-3.5625,-21.4375,28.5625,94868.5,0x683f
1678222949.8822231,8775.0,3381.0,909.0,353.625,-23.625,87.5625,-678.0,-953.0,-50.0,-285.0,-56.0,-88.0,-17.5625,-42.9375,75.5,94868.5,0x683f
1678222949.944604,8589.0,3194.0,718.0,345.375,-28.3125,87.0,-711.0,-880.0,-60.0,-246.0,-18.0,-105.0,-27.625,-73.375,95.5,94868.5,0x683f
1678222950.004628,8586.0,3111.0,876.0,334.8125,-34.0625,86.0625,-798.0,-786.0,-81.0,-249.0,14.0,-133.0,-46.9375,-84.3125,114.6875,94868.5,0x683f
1678222950.065742,8784.0,3260.0,898.0,322.25,-41.0,85.4375,-822.0,-753.0,-80.0,-178.0,-16.0,-138.0,-74.875,-44.25,148.8125,94854.0,0x683f
1678222950.126272,8671.0,3180.0,867.0,307.25,-49.4375,85.1875,-960.0,-572.0,-181.0,-148.0,77.0,-220.0,-96.0625,-146.75,145.75,94854.0,0x683f
1678222950.187444,8706.0,3000.0,515.0,289.75,-56.3125,77.75,-794.0,-416.0,-105.0,42.0,99.0,-238.0,-110.4375,-165.5,131.625,94854.0,0x683f
1678222950.248373,8884.0,3088.0,914.0,273.6875,-59.0625,63.4375,-633.0,-388.0,9.0,196.0,66.0,-201.0,-98.8125,-222.9375,92.5,94854.0,0x683f
1678222950.310132,8757.0,2927.0,687.0,261.375,-54.625,47.125,-482.0,-342.0,254.0,303.0,72.0,-159.0,-77.625,-249.5,46.8125,94854.0,0x683f
1678222950.3714402,8145.0,2722.0,-510.0,253.5,-45.9375,38.5,-490.0,-416.0,388.0,197.0,11.0,-162.0,-61.0625,-190.125,16.25,94854.0,0x683f
1678222950.4349089,8291.0,2823.0,446.0,248.5625,-36.6875,36.0,-574.0,-523.0,502.0,11.0,-63.0,-134.0,-47.9375,-163.8125,-17.5625,94854.0,0x683f
1678222950.496959,8788.0,2605.0,234.0,246.5625,-29.0625,36.0625,-509.0,-693.0,517.0,-33.0,-187.0,-174.0,-46.6875,-111.8125,-28.25,94854.0,0x683f
1678222950.557578,8912.0,2892.0,616.0,245.75,-23.6875,37.6875,-418.0,-733.0,450.0,11.0,-206.0,-255.0,-43.8125,-75.75,-20.8125,94854.0,0x683f
1678222950.621016,8532.0,2573.0,746.0,244.9375,-19.875,39.625,-264.0,-782.0,621.0,31.0,-257.0,-64.0,-44.8125,-45.125,-16.25,94854.0,0x683f
1678222950.683221,8405.0,2655.0,498.0,244.5625,-17.8125,41.375,-139.0,-936.0,869.0,158.0,-318.0,168.0,3.3125,-1.625,2.375,94854.0,0x683f
1678222950.7441568,8789.0,3004.0,336.0,244.9375,-18.625,41.125,-296.0,-705.0,808.0,17.0,-93.0,109.0,5.9375,46.0,9.625,94854.0,0x683f
1678222950.808105,8665.0,3036.0,514.0,245.4375,-22.5625,41.625,-365.0,-656.0,737.0,10.0,-55.0,61.0,6.4375,98.875,21.5625,94854.0,0x683f
1678222950.876575,9110.0,2930.0,956.0,246.875,-28.1875,42.6875,-485.0,-568.0,465.0,-21.0,18.0,-169.0,8.375,81.5625,11.75,94864.75,0x683f
1678222950.939955,9136.0,2687.0,659.0,247.875,-31.5,43.0,-584.0,-788.0,536.0,-71.0,-217.0,-74.0,37.75,53.375,13.1875,94864.75,0x683f
1678222951.004106,8916.0,2514.0,758.0,248.75,-33.625,39.8125,-393.0,-890.0,796.0,157.0,-379.0,167.0,100.0,73.4375,22.0625,94864.75,0x683f
1678222951.06259,8981.0,3226.0,451.0,250.9375,-41.25,35.4375,-482.0,-687.0,571.0,163.0,-259.0,-29.0,96.0625,160.0,36.1875,94864.75,0x683f
1678222951.1231859,8688.0,2837.0,577.0,254.0,-48.4375,32.875,-518.0,-560.0,467.0,215.0,-207.0,-78.0,103.1875,112.375,13.1875,94864.75,0x683f
1678222951.1849432,8822.0,3147.0,794.0,257.6875,-53.75,31.5625,-512.0,-329.0,297.0,244.0,-16.0,-201.0,104.375,143.875,-6.875,94864.75,0x683f
1678222951.245897,8529.0,2862.0,1037.0,264.3125,-59.3125,33.875,-645.0,-214.0,225.0,227.0,133.0,-183.0,105.25,90.0,-65.5,94850.25,0x683f
1678222951.311069,8638.0,3082.0,951.0,275.3125,-61.75,41.875,-735.0,-138.0,125.0,85.0,171.0,-246.0,94.375,139.5,-90.9375,94850.25,0x683f
1678222951.37347,8716.0,2713.0,1067.0,286.125,-62.75,53.875,-1113.0,-297.0,-122.0,-215.0,159.0,-362.0,81.625,45.5625,-100.875,94850.25,0x683f
1678222951.435756,8647.0,2825.0,535.0,294.625,-58.5625,56.6875,-929.0,-338.0,30.0,-106.0,107.0,-254.0,42.625,11.4375,-89.6875,94850.25,0x683f
1678222951.499142,8696.0,3127.0,866.0,301.0625,-52.4375,57.1875,-1131.0,-498.0,41.0,-262.0,-64.0,-279.0,12.3125,-141.5625,-90.1875,94850.25,0x683f
1678222951.5645812,8695.0,3096.0,915.0,302.125,-43.375,51.0625,-807.0,-645.0,332.0,-154.0,-84.0,-136.0,8.375,-191.0625,-59.0625,94850.25,0x683f
1678222951.627883,8711.0,3089.0,947.0,300.1875,-32.625,44.75,-367.0,-640.0,686.0,27.0,-20.0,64.0,-6.4375,-223.5625,-24.25,94855.5,0x683f
1678222951.6926222,9074.0,3268.0,929.0,295.3125,-21.5625,40.6875,-448.0,-612.0,788.0,21.0,-16.0,156.0,-12.125,-140.4375,5.8125,94855.5,0x683f
1678222951.754196,9062.0,3412.0,813.0,293.8125,-18.6875,40.1875,-295.0,-593.0,747.0,19.0,5.0,38.0,1.875,-13.6875,-3.9375,94855.5,0x683f
1678222951.818491,8623.0,3045.0,908.0,293.6875,-18.125,39.9375,-330.0,-599.0,657.0,-25.0,0.0,-56.0,-1.0,-14.875,1.6875,94855.5,0x683f
1678222951.882423,8648.0,3073.0,963.0,293.25,-17.9375,39.875,-283.0,-647.0,694.0,3.0,-49.0,-27.0,-0.125,0.625,4.0625,94855.5,0x683f
1678222951.946503,8632.0,3081.0,912.0,293.75,-18.125,39.8125,-367.0,-617.0,660.0,-52.0,-17.0,-49.0,-2.75,-3.25,5.0,94855.5,0x683f
1678222952.0105898,8653.0,3082.0,926.0,293.875,-18.0625,39.9375,-340.0,-609.0,728.0,-38.0,-17.0,24.0,-3.4375,-1.5625,3.625,94870.25,0x683f
1678222952.073511,8643.0,3002.0,869.0,294.75,-18.375,40.0,-420.0,-649.0,766.0,-119.0,-54.0,69.0,-0.375,13.5,8.75,94870.25,0x683f
1678222952.136812,8841.0,3124.0,773.0,294.8125,-20.5,40.125,-502.0,-663.0,828.0,-190.0,-69.0,114.0,7.0625,58.5625,23.4375,94870.25,0x683f
1678222952.200564,8810.0,3149.0,933.0,295.0625,-23.625,39.125,-570.0,-517.0,680.0,-151.0,56.0,1.0,27.0625,20.3125,25.3125,94870.25,0x683f
1678222952.262978,8737.0,3119.0,1083.0,294.0,-25.9375,37.375,-680.0,-445.0,791.0,-242.0,83.0,91.0,24.375,29.0625,53.3125,94870.25,0x683f
1678222952.326047,8601.0,2968.0,1238.0,291.5,-29.5,35.5625,-633.0,-320.0,691.0,-144.0,178.0,-37.0,4.625,38.1875,60.375,94870.25,0x683f
1678222952.3953001,8563.0,2912.0,1154.0,287.9375,-32.625,34.125,-469.0,-248.0,571.0,105.0,238.0,-125.0,-17.0625,2.875,33.3125,94860.0,0x683f
1678222952.460753,8532.0,2976.0,998.0,286.375,-34.875,35.625,-442.0,-256.0,465.0,118.0,212.0,-187.0,-36.6875,45.6875,7.9375,94860.0,0x683f
1678222952.5242682,8872.0,3008.0,843.0,286.75,-35.25,38.6875,-516.0,-454.0,446.0,41.0,52.0,-239.0,-29.4375,-14.875,-41.1875,94860.0,0x683f
1678222952.591632,9758.0,3348.0,1003.0,289.0625,-29.0625,41.375,-369.0,-544.0,460.0,150.0,-32.0,-133.0,-28.6875,-79.375,-79.75,94860.0,0x683f
1678222952.654551,8783.0,2771.0,967.0,291.75,-23.25,43.3125,-273.0,-781.0,625.0,114.0,-163.0,-28.0,-25.875,-21.375,-61.1875,94860.0,0x683f
1678222952.713237,9265.0,2727.0,802.0,294.25,-21.125,45.75,-316.0,-839.0,616.0,38.0,-183.0,-21.0,-23.25,5.75,-34.5625,94860.0,0x683f
1678222952.772915,9085.0,2607.0,855.0,295.75,-20.0625,47.25,-237.0,-854.0,574.0,85.0,-181.0,-54.0,-14.75,-14.75,-28.9375,94855.0,0x683f
1678222952.838687,8956.0,2381.0,789.0,297.125,-18.1875,48.4375,-80.0,-882.0,694.0,160.0,-177.0,27.0,-14.875,12.5,-21.0625,94855.0,0x683f
1678222952.9023008,9022.0,2602.0,954.0,298.3125,-19.0625,49.75,-309.0,-878.0,590.0,11.0,-171.0,-7.0,-0.6875,19.0,1.9375,94855.0,0x683f
1678222952.968745,8744.0,2736.0,840.0,298.4375,-20.25,49.8125,-259.0,-997.0,597.0,80.0,-294.0,4.0,15.875,18.9375,26.25,94855.0,0x683f
1678222953.035063,8690.0,2807.0,993.0,296.1875,-22.0625,46.5,-345.0,-1062.0,897.0,12.0,-422.0,235.0,68.8125,-15.3125,66.375,94855.0,0x683f
1678222953.0955808,8937.0,2972.0,919.0,291.8125,-22.6875,38.4375,-602.0,-838.0,712.0,-224.0,-275.0,3.0,106.0,-142.625,58.125,94855.0,0x683f
1678222953.156416,8755.0,2809.0,1020.0,287.8125,-18.3125,30.9375,-435.0,-741.0,819.0,-148.0,-195.0,14.0,98.25,-91.3125,73.0,94850.0,0x683f
1678222953.2173371,8876.0,2697.0,976.0,282.125,-15.125,22.6875,-385.0,-465.0,689.0,83.0,-59.0,-76.0,71.25,-97.6875,75.6875,94850.0,0x683f
1678222953.280173,8858.0,3011.0,919.0,277.8125,-12.375,17.75,-294.0,-321.0,730.0,-26.0,-83.0,-123.0,54.4375,-76.5,57.875,94850.0,0x683f
1678222953.343812,8674.0,3155.0,863.0,273.875,-9.75,14.0,-314.0,-183.0,790.0,-150.0,41.0,-150.0,44.625,-34.1875,66.875,94850.0,0x683f
1678222953.408479,8486.0,2989.0,1129.0,270.375,-8.5625,10.25,-94.0,-46.0,804.0,74.0,162.0,-182.0,46.875,-31.5625,35.75,94850.0,0x683f
1678222953.470562,8415.0,2996.0,968.0,268.5625,-9.5625,8.1875,-118.0,53.0,646.0,97.0,196.0,-262.0,18.375,30.625,25.9375,94850.0,0x683f
1678222953.5329971,8612.0,3178.0,730.0,267.3125,-12.75,7.4375,-216.0,20.0,684.0,16.0,144.0,-259.0,0.1875,98.625,23.4375,94856.0,0x683f
1678222953.595881,8694.0,3254.0,815.0,267.5625,-15.1875,7.3125,-357.0,-45.0,750.0,-99.0,75.0,-187.0,4.5625,-59.375,-29.0,94856.0,0x683f
1678222953.661336,8538.0,3164.0,680.0,269.1875,-7.75,8.0625,-770.0,154.0,480.0,66.0,169.0,27.0,-26.3125,-283.8125,-56.1875,94856.0,0x683f
1678222953.723433,8639.0,3307.0,716.0,269.9375,4.625,10.25,311.0,-95.0,1028.0,214.0,86.0,69.0,-45.1875,-99.5,-22.75,94856.0,0x683f
1678222953.786724,8635.0,3343.0,684.0,270.375,10.0,13.375,443.0,-396.0,1253.0,272.0,-172.0,314.0,-36.4375,-6.875,-0.375,94856.0,0x683f
1678222953.848494,8747.0,3121.0,1066.0,270.6875,7.5625,14.375,90.0,-297.0,843.0,-6.0,-134.0,-106.0,2.4375,25.3125,-11.6875,94856.0,0x683f
1678222953.910858,8371.0,3075.0,997.0,271.625,3.6875,13.625,281.0,-270.0,850.0,256.0,-42.0,-102.0,17.5625,236.75,2.6875,94849.5,0x683f
1678222953.9724102,8817.0,3305.0,1055.0,273.5,-11.375,11.8125,113.0,-370.0,749.0,373.0,-184.0,-177.0,70.625,518.0,48.4375,94849.5,0x683f
1678222954.035709,9305.0,3427.0,886.0,274.375,-44.3125,8.0,-703.0,-110.0,146.0,43.0,-31.0,-483.0,110.0625,502.9375,50.9375,94849.5,0x683f
1678222954.097368,8654.0,2858.0,886.0,275.5625,-73.5625,-0.125,-1183.0,-14.0,-260.0,-242.0,-15.0,-537.0,61.3125,270.75,28.8125,94849.5,0x683f
1678222954.182765,8457.0,3066.0,825.0,277.1875,-84.8125,-1.25,-1379.0,19.0,97.0,-400.0,-5.0,39.0,32.75,164.0,11.3125,94849.5,0x683f
1678222954.2446709,9037.0,3208.0,949.0,278.6875,-87.625,-178.5,-1555.0,33.0,-139.0,-575.0,11.0,-118.0,19.875,-121.6875,-25.0,94850.0,0x683f
1678222954.305299,8654.0,3309.0,958.0,282.625,-73.875,3.125,-1249.0,87.0,-79.0,-307.0,102.0,-350.0,21.0,-414.9375,-34.8125,94850.0,0x683f
1678222954.367955,8677.0,3227.0,1097.0,283.8125,-50.0,2.8125,-370.0,120.0,518.0,434.0,166.0,-79.0,-12.875,-342.0,-0.625,94850.0,0x683f
1678222954.427897,8617.0,3176.0,1009.0,281.5,-40.4375,3.125,-175.0,-3.0,528.0,286.0,47.0,-353.0,-45.4375,63.75,40.125,94850.0,0x683f
1678222954.490124,8534.0,3177.0,1074.0,280.0625,-43.1875,4.3125,-596.0,-231.0,811.0,212.0,-202.0,146.0,0.0625,-11.5,-6.5,94850.0,0x683f
1678222954.550585,8643.0,3204.0,880.0,280.0,-49.0,3.9375,-900.0,-57.0,509.0,-137.0,-17.0,-105.0,21.125,210.875,22.0,94850.0,0x683f
1678222954.6121442,8673.0,2903.0,813.0,280.9375,-58.0,3.375,-446.0,-104.0,454.0,399.0,-73.0,-41.0,19.4375,163.375,-13.625,94850.0,0x683f
1678222954.6767628,8327.0,3011.0,909.0,281.0625,-75.4375,2.8125,-1000.0,-197.0,56.0,-51.0,-185.0,-189.0,27.1875,300.25,33.3125,94843.75,0x683f
1678222954.739624,8446.0,3041.0,662.0,279.6875,-87.25,-177.75,-1138.0,184.0,-433.0,-246.0,158.0,-393.0,18.0625,253.8125,59.875,94843.75,0x683f
1678222954.8017359,8350.0,2877.0,852.0,277.125,-78.1875,-157.25,-1194.0,312.0,-384.0,-235.0,232.0,-198.0,-10.375,7.875,8.375,94843.75,0x683f
1678222954.865652,8494.0,3074.0,589.0,276.0625,-79.5,-152.8125,-1194.0,199.0,-287.0,-229.0,115.0,-133.0,-17.375,-31.8125,15.25,94843.75,0x683f
1678222954.929213,8483.0,3083.0,856.0,273.5625,-80.875,-134.875,-707.0,94.0,42.0,481.0,-14.0,151.0,-12.375,-18.4375,37.5625,94843.75,0x683f
1678222954.9908879,8431.0,3027.0,953.0,268.5625,-75.25,-135.6875,-1613.0,238.0,-544.0,-670.0,50.0,-348.0,-5.1875,109.875,90.8125,94843.75,0x683f
1678222955.0524921,8917.0,3373.0,769.0,261.5625,-69.75,-128.875,-1056.0,69.0,-341.0,-139.0,-210.0,-135.0,-24.875,-37.0625,93.0625,94845.25,0x683f
1678222955.112142,9063.0,3546.0,775.0,257.125,-67.8125,-111.6875,-242.0,-171.0,57.0,665.0,-522.0,174.0,-3.6875,-127.9375,50.5,94845.25,0x683f
1678222955.18183,8279.0,2888.0,1034.0,261.0,-68.9375,-94.25,701.0,283.0,282.0,1571.0,-59.0,370.0,55.125,-97.4375,-70.875,94845.25,0x683f
1678222955.2449548,8788.0,3379.0,550.0,276.0,-79.5,-109.1875,-1299.0,-524.0,-743.0,-332.0,-650.0,-641.0,83.875,289.3125,-251.25,94845.25,0x683f
1678222955.307221,8533.0,3098.0,887.0,293.25,-73.3125,169.25,-3093.0,-385.0,-1230.0,-2153.0,-332.0,-953.0,-15.3125,-22.0,22.875,94845.25,0x683f
1678222955.3687522,8485.0,3043.0,886.0,282.3125,-74.6875,-169.875,-1334.0,-171.0,-411.0,-270.0,-274.0,-131.0,-56.75,-8.5625,185.3125,94845.25,0x683f
1678222955.434242,8535.0,3100.0,899.0,270.75,-72.125,-127.375,502.0,158.0,38.0,1850.0,190.0,154.0,-13.5,-115.375,68.1875,94862.25,0x683f
1678222955.5011442,8884.0,3471.0,651.0,277.6875,-78.625,-128.4375,78.0,71.0,296.0,396.0,-599.0,-82.0,28.625,53.9375,-223.0625,94862.25,0x683f
1678222955.564021,8627.0,3274.0,774.0,289.75,-75.4375,175.6875,-2072.0,-206.0,-832.0,-705.0,-82.0,-319.0,11.6875,14.375,-61.0,94862.25,0x683f
1678222955.629544,8555.0,3283.0,632.0,289.9375,-75.0625,175.5625,-1018.0,-25.0,-164.0,66.0,-56.0,121.0,-5.5625,16.6875,21.8125,94862.25,0x683f
1678222955.6951199,8415.0,3180.0,558.0,289.8125,-75.875,173.9375,-790.0,-120.0,-236.0,160.0,-95.0,1.0,-5.0,-9.5625,-25.4375,94862.25,0x683f
1678222955.756875,8361.0,3151.0,578.0,291.0,-75.125,170.0,-989.0,-93.0,-266.0,-41.0,-49.0,-18.0,11.8125,12.3125,-7.75,94862.25,0x683f
1678222955.8214872,8304.0,3137.0,483.0,292.0625,-73.125,170.25,-1020.0,-32.0,-363.0,-104.0,-4.0,-90.0,7.3125,40.5625,-0.4375,94855.5,0x683f
1678222955.88672,8518.0,2970.0,760.0,292.875,-72.125,170.0,-1025.0,-109.0,-228.0,-58.0,-70.0,72.0,7.1875,-1.875,-2.5625,94855.5,0x683f
1678222955.9482481,8320.0,2921.0,733.0,293.8125,-72.875,168.375,-1104.0,-156.0,-190.0,-191.0,-108.0,69.0,16.1875,-26.0625,-4.8125,94855.5,0x683f
1678222956.0122209,8331.0,3028.0,666.0,295.375,-74.9375,164.6875,-1057.0,-123.0,-187.0,-110.0,-56.0,57.0,25.75,-44.375,1.0,94855.5,0x683f
1678222956.07826,8286.0,3031.0,769.0,297.0625,-77.375,160.0,-848.0,51.0,-287.0,110.0,117.0,-129.0,15.3125,-25.9375,-1.8125,94855.5,0x683f
1678222956.1449301,8283.0,3021.0,744.0,298.125,-78.5625,156.3125,-840.0,29.0,-460.0,81.0,82.0,-312.0,-0.8125,-5.25,-4.6875,94856.0,0x683f
1678222956.208813,8337.0,3030.0,587.0,297.75,-78.5,156.9375,-937.0,-53.0,-370.0,24.0,22.0,-190.0,-22.0,4.9375,1.8125,94856.0,0x683f
1678222956.271898,8454.0,3055.0,833.0,295.9375,-77.8125,160.375,-926.0,-126.0,-214.0,-21.0,-88.0,42.0,-20.8125,20.125,1.375,94856.0,0x683f
1678222956.3332212,8395.0,3003.0,858.0,294.9375,-77.0,162.5625,-1039.0,-208.0,-92.0,-89.0,-146.0,138.0,-6.6875,5.375,0.3125,94856.0,0x683f
1678222956.395288,8558.0,3122.0,947.0,294.6875,-77.125,162.8125,-1123.0,-241.0,-62.0,-167.0,-177.0,145.0,11.375,-19.4375,3.25,94856.0,0x683f
1678222956.455301,8488.0,3157.0,812.0,295.875,-78.625,160.5,-981.0,-131.0,-198.0,-20.0,-67.0,-16.0,25.625,-26.875,5.1875,94856.0,0x683f
1678222956.520677,8389.0,3096.0,696.0,297.4375,-80.25,158.0625,-829.0,39.0,-381.0,165.0,105.0,-240.0,21.125,-2.75,9.625,94856.0,0x683f
1678222956.5867908,8276.0,2829.0,966.0,297.6875,-80.1875,160.8125,-848.0,16.0,-385.0,126.0,54.0,-212.0,-4.875,7.3125,4.875,94854.5,0x683f
1678222956.6512861,8310.0,2818.0,986.0,297.0,-79.5625,162.9375,-984.0,-113.0,-179.0,-35.0,-79.0,28.0,-21.6875,12.875,-4.625,94854.5,0x683f
1678222956.7150972,8298.0,2786.0,1050.0,295.8125,-79.125,162.8125,-1065.0,-217.0,-40.0,-100.0,-167.0,149.0,-7.3125,-8.0625,-6.3125,94854.5,0x683f
1678222956.783551,8283.0,3207.0,543.0,295.9375,-80.0,159.1875,-1096.0,-215.0,-81.0,-127.0,-143.0,53.0,12.625,-27.25,-1.4375,94854.5,0x683f
1678222956.8485582,8276.0,2956.0,855.0,296.625,-81.75,154.1875,-956.0,-41.0,-153.0,13.0,19.0,-27.0,17.125,-31.3125,4.4375,94854.5,0x683f
1678222956.912129,8962.0,3526.0,577.0,297.25,-82.875,151.1875,-872.0,41.0,-324.0,67.0,95.0,-252.0,9.375,-3.6875,1.6875,94852.75,0x683f
1678222956.9743092,8612.0,3257.0,669.0,297.1875,-82.875,151.625,-938.0,22.0,-288.0,18.0,67.0,-153.0,-11.25,6.25,-2.25,94852.75,0x683f
1678222957.038409,9255.0,3719.0,582.0,296.0,-82.9375,149.4375,-980.0,-67.0,-143.0,-28.0,-40.0,11.0,-26.875,-10.125,-7.5,94852.75,0x683f
1678222957.10275,8870.0,3586.0,466.0,295.0,-83.25,176.0,-1020.0,-171.0,35.0,-46.0,-102.0,126.0,-18.5,-20.375,-12.5625,94852.75,0x683f
1678222957.16657,8255.0,2939.0,800.0,294.375,-83.8125,175.375,-993.0,-233.0,-66.0,-18.0,-151.0,-4.0,-3.5,-23.5625,-10.6875,94852.75,0x683f
1678222957.228965,8195.0,2781.0,984.0,294.5625,-84.1875,174.6875,-990.0,-186.0,-110.0,20.0,-85.0,-80.0,8.5625,-21.25,-4.875,94852.75,0x683f
1678222957.293039,8231.0,2754.0,943.0,295.0,-84.1875,174.4375,-902.0,-127.0,-208.0,72.0,-3.0,-172.0,6.3125,2.0,-2.75,94870.0,0x683f
1678222957.35537,8549.0,3067.0,775.0,295.125,-83.875,174.3125,-925.0,-73.0,-266.0,45.0,25.0,-230.0,-8.3125,20.4375,-2.5625,94870.0,0x683f
1678222957.419135,8876.0,3393.0,663.0,294.1875,-83.0625,122.25,-950.0,-88.0,-113.0,22.0,11.0,-50.0,-19.0,11.4375,-6.5,94870.0,0x683f
1678222957.481784,8874.0,3308.0,717.0,293.4375,-82.4375,123.5625,-1011.0,-212.0,39.0,-39.0,-103.0,110.0,-4.5,-3.375,-11.0625,94870.0,0x683f
1678222957.550017,8900.0,3298.0,678.0,294.0625,-81.9375,119.4375,-1073.0,-229.0,15.0,-113.0,-93.0,40.0,8.5625,-0.4375,-12.125,94870.0,0x683f
1678222957.6134121,8208.0,2758.0,1012.0,294.5625,-81.3125,114.8125,-1046.0,-184.0,-134.0,-76.0,-47.0,-73.0,-12.125,-10.0,-12.3125,94870.0,0x683f
1678222957.676609,8636.0,2804.0,852.0,293.375,-81.0625,107.5625,-1053.0,-199.0,-216.0,-84.0,-54.0,-175.0,-51.875,-33.4375,-10.875,94863.75,0x683f
1678222957.734308,8671.0,2837.0,875.0,289.125,-80.75,91.75,-1092.0,-145.0,-177.0,-124.0,11.0,-172.0,-80.6875,-58.1875,-11.625,94863.75,0x683f
1678222957.795527,9045.0,3099.0,692.0,283.875,-79.375,70.375,-1078.0,-53.0,-116.0,-114.0,116.0,-176.0,-78.0625,-106.4375,-8.625,94863.75,0x683f
1678222957.8591318,8671.0,2866.0,744.0,279.125,-76.3125,51.8125,-955.0,-26.0,18.0,-2.0,156.0,-124.0,-69.125,-89.5625,-6.125,94863.75,0x683f
1678222957.923291,8736.0,2857.0,795.0,275.6875,-73.125,45.25,-779.0,-97.0,251.0,159.0,105.0,54.0,-61.8125,3.5,3.0,94863.75,0x683f
1678222957.987046,8688.0,2914.0,747.0,272.875,-76.375,58.125,-689.0,-94.0,115.0,263.0,102.0,-5.0,-35.125,120.375,20.4375,94863.75,0x683f
1678222958.046617,8571.0,2615.0,1056.0,271.8125,-79.25,87.3125,-1036.0,-166.0,-13.0,-58.0,24.0,-28.0,-10.75,49.5625,-2.625,94858.25,0x683f
1678222958.108792,8650.0,2708.0,798.0,272.75,-78.0,86.8125,-744.0,-191.0,39.0,140.0,3.0,5.0,3.625,-24.125,-37.875,94858.25,0x683f
1678222958.17006,9043.0,2645.0,810.0,275.5,-75.0,80.1875,-648.0,-232.0,-29.0,354.0,-5.0,-67.0,9.0,-19.1875,-58.5,94858.25,0x683f
1678222958.231153,8855.0,2583.0,901.0,279.5,-71.5625,80.5,-953.0,-400.0,-73.0,-26.0,-84.0,-130.0,15.3125,-34.875,-67.4375,94858.25,0x683f
1678222958.294544,8955.0,2848.0,737.0,283.4375,-67.125,74.9375,-867.0,-536.0,-20.0,31.0,-158.0,-125.0,14.6875,-40.0,-67.875,94858.25,0x683f
1678222958.355246,9013.0,2813.0,796.0,287.5625,-61.1875,69.4375,-881.0,-632.0,25.0,-21.0,-190.0,-140.0,9.625,-92.75,-79.625,94858.25,0x683f
1678222958.417685,8877.0,2796.0,894.0,289.3125,-53.75,60.375,-1153.0,-582.0,-34.0,-362.0,-79.0,-320.0,14.4375,-268.0625,-85.1875,94858.25,0x683f
1678222958.480845,8856.0,2765.0,850.0,288.625,-41.5,49.0,-675.0,-735.0,738.0,84.0,-140.0,240.0,22.25,-139.3125,-41.3125,94864.5,0x683f
1678222958.543499,9033.0,2741.0,865.0,287.5625,-35.0625,44.375,-564.0,-651.0,646.0,-18.0,-89.0,56.0,16.125,-164.6875,-20.3125,94864.5,0x683f
1678222958.605279,9145.0,2737.0,827.0,286.5,-29.5625,41.5,-449.0,-577.0,467.0,35.0,-11.0,-170.0,0.9375,-49.75,-26.375,94864.5,0x683f
1678222958.6672719,9015.0,2689.0,833.0,286.4375,-25.375,40.5,-403.0,-655.0,597.0,17.0,-79.0,-75.0,-0.125,-46.3125,-18.5625,94864.5,0x683f
1678222958.7273269,8951.0,2683.0,833.0,287.0,-22.3125,39.6875,-452.0,-586.0,607.0,4.0,24.0,-29.0,8.5,-52.5,-24.375,94864.5,0x683f
1678222958.790302,8951.0,2683.0,793.0,287.5625,-19.8125,39.25,-299.0,-568.0,818.0,35.0,-18.0,8.0,1.6875,33.0,-5.8125,94864.5,0x683f
1678222958.851448,9056.0,2690.0,784.0,288.6875,-21.625,40.0,-415.0,-659.0,649.0,-50.0,-72.0,-45.0,-1.125,29.0625,-9.25,94855.0,0x683f
1678222958.912997,9002.0,2810.0,799.0,289.5625,-21.6875,40.5,-452.0,-711.0,759.0,-90.0,-118.0,68.0,-3.0,6.5,-13.125,94855.0,0x683f
1678222958.9732401,8929.0,2707.0,777.0,290.1875,-21.75,40.8125,-380.0,-714.0,670.0,-14.0,-117.0,-16.0,-0.8125,28.375,-0.875,94855.0,0x683f
1678222959.033768,8890.0,2699.0,748.0,289.6875,-23.3125,41.4375,-358.0,-761.0,582.0,35.0,-164.0,-88.0,-4.125,44.75,5.8125,94855.0,0x683f
1678222959.094707,8844.0,2599.0,619.0,288.125,-26.125,42.3125,-483.0,-820.0,496.0,-50.0,-227.0,-154.0,4.25,52.0625,21.875,94855.0,0x683f
1678222959.154804,8866.0,2832.0,834.0,286.25,-29.0625,42.3125,-667.0,-816.0,524.0,-190.0,-239.0,-108.0,3.3125,16.75,31.8125,94855.0,0x683f
1678222959.218625,8917.0,3004.0,881.0,283.6875,-30.4375,41.1875,-511.0,-775.0,484.0,-53.0,-202.0,-158.0,14.8125,37.5625,59.625,94863.0,0x683f
1678222959.286328,8886.0,3066.0,874.0,279.4375,-36.75,39.5625,-482.0,-713.0,407.0,117.0,-222.0,-193.0,9.1875,58.5,79.8125,94863.0,0x683f
1678222959.349666,8986.0,3141.0,883.0,274.0625,-45.3125,39.5,-820.0,-392.0,148.0,-34.0,0.0,-294.0,-23.125,52.625,66.6875,94863.0,0x683f
1678222959.417241,8566.0,2875.0,949.0,270.5,-47.875,38.9375,-468.0,-290.0,309.0,191.0,303.0,-252.0,-23.375,43.375,49.75,94863.0,0x683f
1678222959.4795709,9133.0,3403.0,725.0,268.125,-51.9375,41.875,-804.0,-270.0,439.0,66.0,140.0,26.0,-52.75,-6.75,-3.6875,94863.0,0x683f
1678222959.542479,8849.0,3094.0,659.0,267.5,-51.875,46.3125,-751.0,-92.0,331.0,22.0,352.0,-74.0,-33.3125,70.375,-29.25,94863.0,0x683f
1678222959.607863,9005.0,3340.0,802.0,270.125,-51.875,52.6875,-746.0,-229.0,486.0,10.0,266.0,94.0,-11.8125,33.6875,-53.9375,94847.75,0x683f
1678222959.6683688,8908.0,2885.0,672.0,275.25,-51.25,61.0625,-1005.0,-404.0,341.0,-212.0,107.0,39.0,-10.125,52.5,-44.0625,94847.75,0x683f
1678222959.7312179,8676.0,2827.0,571.0,278.0,-51.0,65.5,-794.0,-568.0,405.0,28.0,-13.0,162.0,-5.6875,102.375,-17.4375,94847.75,0x683f
1678222959.792369,8682.0,2841.0,631.0,281.8125,-52.9375,74.6875,-1168.0,-801.0,-46.0,-383.0,-231.0,-189.0,2.9375,96.25,-6.4375,94847.75,0x683f
1678222959.853504,8730.0,2879.0,556.0,283.5625,-52.75,75.4375,-1016.0,-796.0,147.0,-243.0,-166.0,-51.0,25.4375,-42.625,-1.875,94847.75,0x683f
1678222959.91704,8669.0,2935.0,620.0,282.1875,-50.5625,66.9375,-832.0,-632.0,238.0,-118.0,-74.0,-34.0,20.75,-103.5625,-12.25,94847.75,0x683f
1678222959.981601,8479.0,2777.0,601.0,279.5625,-45.8125,57.375,-966.0,-637.0,244.0,51.0,120.0,59.0,28.8125,-141.25,4.8125,94856.25,0x683f
1678222960.045456,8305.0,2673.0,754.0,277.75,-42.0,51.0,-552.0,-538.0,429.0,102.0,26.0,-33.0,4.5625,-30.9375,10.9375,94856.25,0x683f
1678222960.107109,8608.0,2981.0,641.0,276.375,-41.3125,48.75,-575.0,-612.0,462.0,106.0,-78.0,31.0,19.1875,-74.0,4.0625,94856.25,0x683f
1678222960.1728919,8356.0,2671.0,589.0,274.5625,-40.3125,44.4375,-692.0,-654.0,538.0,65.0,-170.0,91.0,34.0625,-10.4375,23.5,94856.25,0x683f
1678222960.236604,8586.0,2706.0,540.0,273.0,-43.5625,41.75,-481.0,-528.0,690.0,195.0,-55.0,160.0,26.375,96.1875,68.5625,94856.25,0x683f
1678222960.300523,9102.0,3156.0,390.0,271.875,-55.5,45.625,-863.0,-428.0,502.0,-55.0,-32.0,114.0,31.875,196.1875,59.375,94856.25,0x683f
1678222960.36566,8936.0,3217.0,610.0,272.8125,-66.375,55.25,-1013.0,-407.0,171.0,-106.0,-130.0,-16.0,47.0,106.6875,46.8125,94857.75,0x683f
1678222960.424709,8593.0,2794.0,839.0,273.4375,-70.1875,57.0625,-804.0,-458.0,187.0,92.0,-180.0,-17.0,49.5,63.9375,39.8125,94857.75,0x683f
1678222960.488487,8656.0,2799.0,742.0,274.5,-74.3125,62.3125,-843.0,-354.0,-23.0,100.0,-120.0,-146.0,50.125,55.0625,28.3125,94857.75,0x683f
1678222960.547915,8836.0,3065.0,788.0,276.3125,-76.125,64.3125,-744.0,-332.0,-108.0,208.0,-121.0,-210.0,47.875,10.1875,0.4375,94857.75,0x683f
1678222960.609396,8621.0,3003.0,924.0,279.5625,-75.9375,64.6875,-620.0,-200.0,-106.0,339.0,19.0,-195.0,33.8125,17.3125,-27.125,94857.75,0x683f
1678222960.6746528,8610.0,2867.0,899.0,284.0625,-74.375,73.1875,-588.0,-108.0,-51.0,343.0,137.0,-105.0,27.625,65.75,-60.9375,94857.75,0x683f
1678222960.735831,8902.0,2944.0,904.0,291.125,-70.875,89.375,-954.0,-323.0,-309.0,-27.0,-3.0,-312.0,31.9375,75.5,-87.8125,94860.5,0x683f
1678222960.797245,8373.0,2842.0,791.0,298.4375,-65.75,88.125,-1146.0,-500.0,-77.0,-252.0,-97.0,-90.0,41.8125,-63.625,-72.5625,94860.5,0x683f
1678222960.859037,8627.0,2733.0,764.0,302.9375,-62.125,81.4375,-1331.0,-569.0,-245.0,-292.0,-36.0,-147.0,26.6875,-52.25,-20.5625,94860.5,0x683f
1678222960.925241,8746.0,2784.0,675.0,302.8125,-59.4375,70.5,-964.0,-264.0,38.0,3.0,150.0,-95.0,15.125,-171.8125,-41.3125,94860.5,0x683f
1678222960.988679,8644.0,2841.0,733.0,301.875,-52.0625,57.0625,-733.0,-479.0,371.0,40.0,26.0,43.0,16.6875,-194.625,-54.125,94860.5,0x683f
1678222961.052757,8616.0,2840.0,715.0,301.3125,-43.3125,48.8125,-615.0,-555.0,448.0,-89.0,-115.0,-136.0,7.6875,-135.25,-39.4375,94860.5,0x683f
1678222961.114017,8555.0,3121.0,867.0,299.8125,-33.1875,42.625,-648.0,-712.0,372.0,137.0,-165.0,65.0,36.375,-316.1875,-34.3125,94865.5,0x683f
1678222961.1758301,8357.0,2801.0,640.0,294.75,-21.5,35.9375,-273.0,-598.0,696.0,13.0,-80.0,-71.0,-2.9375,-174.1875,57.875,94865.5,0x683f
1678222961.237802,8324.0,2798.0,549.0,288.0,-16.0,34.5625,-138.0,-553.0,852.0,74.0,-35.0,23.0,-47.75,-126.75,47.0,94865.5,0x683f
1678222961.299765,8319.0,2819.0,602.0,285.6875,-12.6875,36.3125,-10.0,-659.0,769.0,256.0,-131.0,125.0,-24.625,-7.5,7.5625,94865.5,0x683f
1678222961.362495,8507.0,2824.0,574.0,285.4375,-12.6875,36.875,-344.0,-614.0,688.0,-129.0,-44.0,-83.0,-2.5625,-19.3125,5.5,94865.5,0x683f
1678222961.42467,8596.0,2816.0,625.0,285.4375,-12.4375,36.875,-265.0,-609.0,718.0,-53.0,-34.0,-47.0,-2.125,-3.125,6.5,94865.5,0x683f
1678222961.48797,8639.0,3263.0,958.0,285.5,-12.6875,37.0,-345.0,-633.0,775.0,-144.0,-80.0,61.0,-3.125,0.375,6.3125,94861.0,0x683f
1678222961.552591,9219.0,3332.0,924.0,286.125,-13.75,36.9375,-425.0,-669.0,850.0,-217.0,-110.0,97.0,7.75,21.0625,18.625,94861.0,0x683f
1678222961.617999,8882.0,3117.0,1142.0,285.25,-16.25,35.5625,-646.0,-602.0,765.0,-371.0,-53.0,0.0,27.1875,15.125,54.625,94861.0,0x683f
1678222961.680114,8650.0,3004.0,1133.0,281.875,-20.1875,33.4375,-573.0,-384.0,747.0,-206.0,151.0,-54.0,16.125,51.4375,93.25,94861.0,0x683f
1678222961.745068,8424.0,2805.0,1182.0,277.0625,-25.6875,31.75,-558.0,-294.0,630.0,-123.0,164.0,-119.0,-2.8125,15.4375,95.4375,94861.0,0x683f
1678222961.808448,8710.0,2986.0,904.0,271.125,-29.6875,29.8125,-450.0,-268.0,574.0,35.0,155.0,-164.0,-13.875,24.375,77.4375,94861.0,0x683f
1678222961.870126,8626.0,2827.0,763.0,267.25,-32.125,29.25,-436.0,-291.0,566.0,124.0,120.0,-145.0,-29.25,2.75,47.125,94859.25,0x683f
1678222961.931742,8638.0,2858.0,526.0,264.8125,-33.8125,30.4375,-503.0,-381.0,510.0,41.0,36.0,-189.0,-40.4375,-7.125,-2.1875,94859.25,0x683f
1678222961.990828,8686.0,2913.0,476.0,264.5,-33.0,33.1875,-553.0,-525.0,527.0,-19.0,-67.0,-156.0,-47.4375,8.8125,-19.875,94859.25,0x683f
1678222962.0528011,8486.0,2509.0,777.0,265.0,-31.25,36.375,-407.0,-665.0,607.0,92.0,-160.0,-67.0,-45.0,-43.4375,-36.625,94859.25,0x683f
1678222962.117551,8466.0,2407.0,807.0,265.8125,-28.625,39.125,-462.0,-748.0,573.0,1.0,-197.0,-92.0,-36.9375,-23.4375,-38.9375,94859.25,0x683f
1678222962.181428,8757.0,2574.0,752.0,267.25,-25.5625,41.625,-438.0,-826.0,623.0,-27.0,-226.0,-41.0,-20.1875,-26.5625,-33.9375,94859.25,0x683f
1678222962.2429252,8655.0,2535.0,723.0,268.375,-23.625,42.8125,-354.0,-819.0,599.0,37.0,-206.0,-58.0,-10.8125,8.25,-19.875,94859.0,0x683f
1678222962.30593,8606.0,2511.0,683.0,269.1875,-23.1875,43.4375,-447.0,-745.0,528.0,-64.0,-124.0,-126.0,1.0625,-22.1875,-10.9375,94859.0,0x683f
1678222962.369656,8415.0,2326.0,794.0,269.25,-21.5625,43.1875,-393.0,-681.0,562.0,-31.0,-56.0,-102.0,-2.3125,-25.375,-4.5625,94859.0,0x683f
1678222962.4344041,8794.0,2573.0,825.0,268.75,-20.75,42.8125,-473.0,-691.0,605.0,-128.0,-69.0,-69.0,6.875,-36.5,4.625,94859.0,0x683f
1678222962.4973068,8849.0,2513.0,774.0,266.625,-18.75,41.4375,-426.0,-713.0,611.0,-110.0,-98.0,-84.0,12.75,-67.25,7.8125,94859.0,0x683f
1678222962.5653079,8396.0,2289.0,797.0,263.875,-16.4375,39.6875,-220.0,-743.0,782.0,56.0,-165.0,66.0,21.1875,-48.875,15.4375,94859.0,0x683f
1678222962.629175,8337.0,2544.0,540.0,261.1875,-16.5625,37.4375,-431.0,-758.0,664.0,-150.0,-186.0,-80.0,39.75,-37.5625,22.875,94857.0,0x683f
1678222962.693671,8809.0,2563.0,413.0,258.25,-17.0625,34.5,-214.0,-686.0,821.0,96.0,-167.0,52.0,39.3125,47.6875,37.125,94857.0,0x683f
1678222962.7622452,8155.0,2335.0,995.0,257.0625,-24.4375,32.4375,-288.0,-638.0,772.0,73.0,-149.0,-19.0,42.4375,156.875,49.6875,94857.0,0x683f
1678222962.825411,8648.0,3068.0,952.0,256.625,-32.875,30.625,-466.0,-546.0,625.0,84.0,-138.0,-75.0,57.6875,129.625,40.0625,94857.0,0x683f
1678222962.8879292,8789.0,2884.0,1012.0,256.75,-41.875,28.6875,-604.0,-355.0,510.0,50.0,-5.0,-130.0,58.625,119.625,19.1875,94857.0,0x683f
1678222962.950204,8938.0,3106.0,894.0,258.5,-47.4375,27.6875,-612.0,-271.0,426.0,130.0,54.0,-186.0,58.375,108.625,-5.625,94857.0,0x683f
1678222963.011034,8771.0,3026.0,867.0,261.9375,-53.25,29.25,-667.0,-108.0,273.0,128.0,176.0,-223.0,47.4375,126.9375,-19.4375,94844.5,0x683f
1678222963.069677,8913.0,3202.0,796.0,266.0,-57.875,33.9375,-713.0,-112.0,294.0,120.0,183.0,-127.0,33.5625,82.75,-50.625,94844.5,0x683f
1678222963.131021,8739.0,3276.0,831.0,271.5,-60.3125,41.75,-1044.0,-164.0,56.0,-334.0,168.0,-346.0,34.0,81.375,-58.625,94844.5,0x683f
1678222963.194011,8367.0,3028.0,792.0,277.0,-58.125,45.8125,-823.0,-217.0,286.0,3.0,163.0,-79.0,30.8125,-24.3125,-77.375,94844.5,0x683f
1678222963.25539,8616.0,3215.0,901.0,282.0625,-55.0625,48.8125,-1097.0,-350.0,133.0,-287.0,77.0,-234.0,18.4375,-20.0,-72.9375,94844.5,0x683f
1678222963.31741,8378.0,2737.0,742.0,286.0625,-49.1875,48.6875,-686.0,-501.0,324.0,10.0,-29.0,-113.0,-3.9375,-25.125,-69.125,94844.5,0x683f
1678222963.380138,8489.0,2768.0,756.0,289.5,-44.5,50.25,-960.0,-639.0,279.0,-224.0,-99.0,-162.0,-1.0,-83.0625,-61.375,94856.5,0x683f
1678222963.445197,8336.0,2783.0,881.0,290.1875,-38.6875,48.375,-678.0,-669.0,408.0,-65.0,-97.0,-99.0,-8.5625,-97.5625,-32.9375,94856.5,0x683f
1678222963.5100741,8576.0,3190.0,908.0,288.5625,-33.75,45.3125,-571.0,-633.0,308.0,50.0,-84.0,-172.0,6.0625,-219.375,-16.5,94856.5,0x683f
1678222963.5717719,8543.0,3241.0,677.0,284.75,-22.0625,39.9375,81.0,-568.0,776.0,271.0,-1.0,-30.0,0.5625,-134.25,-23.0,94856.5,0x683f
1678222963.6317708,8583.0,3321.0,758.0,284.3125,-18.625,39.5,-360.0,-703.0,734.0,-48.0,-110.0,17.0,-2.3125,-9.75,-11.75,94856.5,0x683f
1678222963.693913,8611.0,3181.0,967.0,284.5625,-18.375,39.4375,-352.0,-621.0,702.0,-36.0,-46.0,-38.0,4.0625,18.8125,4.75,94856.5,0x683f
1678222963.7553751,8598.0,3162.0,977.0,285.3125,-19.3125,39.4375,-390.0,-634.0,664.0,-74.0,-37.0,-71.0,-0.0625,2.4375,3.1875,94860.0,0x683f
1678222963.824834,8584.0,3150.0,947.0,285.5,-19.25,39.4375,-362.0,-616.0,669.0,-46.0,-32.0,-33.0,-1.8125,-2.5,0.375,94860.0,0x683f
1678222963.884601,8702.0,2977.0,733.0,285.75,-19.3125,39.6875,-358.0,-657.0,682.0,-43.0,-69.0,-17.0,-2.125,3.375,4.25,94860.0,0x683f
1678222963.946601,8710.0,2977.0,692.0,286.125,-20.1875,39.6875,-565.0,-722.0,691.0,-211.0,-122.0,-14.0,9.625,4.25,16.125,94860.0,0x683f
1678222964.01343,8742.0,2942.0,967.0,284.8125,-20.6875,38.0625,-537.0,-667.0,729.0,-164.0,-83.0,0.0,17.5625,-11.0,38.0,94860.0,0x683f
1678222964.083085,8782.0,3127.0,1140.0,281.6875,-21.5,35.625,-537.0,-567.0,745.0,-177.0,-35.0,3.0,16.75,-30.0,51.0,94860.0,0x683f
1678222964.144895,8659.0,3120.0,997.0,278.5,-21.875,33.25,-545.0,-470.0,714.0,-168.0,32.0,-52.0,15.3125,-29.375,63.3125,94849.0,0x683f
1678222964.208853,8700.0,3214.0,1020.0,273.5,-22.875,30.25,-507.0,-350.0,686.0,-141.0,114.0,-106.0,13.0,-19.25,77.875,94849.0,0x683f
1678222964.277866,8679.0,3228.0,703.0,267.8125,-24.6875,27.6875,-523.0,-271.0,592.0,-112.0,142.0,-195.0,-5.25,-8.0625,83.125,94849.0,0x683f
1678222964.340308,8370.0,2783.0,1093.0,262.8125,-26.5625,26.4375,-523.0,-245.0,546.0,-84.0,145.0,-238.0,-22.25,-6.125,71.75,94849.0,0x683f
1678222964.4030552,8834.0,3117.0,908.0,257.875,-28.4375,26.25,-442.0,-232.0,488.0,18.0,145.0,-288.0,-38.6875,7.3125,51.75,94849.0,0x683f
1678222964.470505,8550.0,2789.0,1075.0,255.0625,-29.375,27.8125,-431.0,-248.0,515.0,61.0,118.0,-214.0,-52.25,-7.5625,9.875,94849.0,0x683f
1678222964.53487,8639.0,2569.0,371.0,254.25,-30.0,31.25,-456.0,-438.0,601.0,1.0,-19.0,-133.0,-60.25,35.25,-9.9375,94856.5,0x683f
1678222964.6035461,8740.0,2659.0,783.0,254.9375,-30.9375,35.8125,-446.0,-636.0,655.0,53.0,-181.0,-13.0,-46.5,48.8125,-31.75,94856.5,0x683f
1678222964.6696389,8467.0,2374.0,754.0,257.5625,-32.3125,41.875,-415.0,-785.0,625.0,73.0,-221.0,-13.0,-35.5625,68.9375,-30.6875,94856.5,0x683f
1678222964.7329311,8428.0,2454.0,875.0,260.125,-33.625,46.25,-552.0,-829.0,484.0,8.0,-228.0,-58.0,-20.0625,17.3125,-37.0625,94856.5,0x683f
1678222964.7966888,8683.0,2555.0,791.0,261.875,-32.5,48.1875,-651.0,-833.0,638.0,-165.0,-174.0,14.0,1.9375,-0.1875,-14.4375,94856.5,0x683f
1678222964.861334,8770.0,2673.0,627.0,261.875,-29.875,47.375,-491.0,-682.0,546.0,-32.0,-60.0,6.0,-4.8125,-54.0,-8.75,94856.5,0x683f
1678222964.9273028,8656.0,2572.0,458.0,261.5,-28.5625,47.1875,-360.0,-747.0,772.0,108.0,-115.0,187.0,-5.625,46.6875,9.375,94853.75,0x683f
1678222964.989356,8808.0,2652.0,760.0,262.0625,-31.9375,48.8125,-561.0,-664.0,604.0,-42.0,-38.0,56.0,-5.0625,61.9375,19.5625,94853.75,0x683f
1678222965.05432,8716.0,2727.0,759.0,262.1875,-34.5,50.0,-540.0,-621.0,476.0,-2.0,12.0,-73.0,-1.1875,20.0625,7.0,94853.75,0x683f
1678222965.116996,8810.0,2702.0,631.0,262.1875,-35.25,50.4375,-607.0,-632.0,450.0,-70.0,-10.0,-73.0,-2.0,2.5,3.125,94853.75,0x683f
1678222965.177692,8791.0,2583.0,751.0,261.9375,-35.3125,50.3125,-574.0,-620.0,489.0,-7.0,-4.0,-20.0,0.5,4.125,3.875,94853.75,0x683f
1678222965.2443688,8455.0,2460.0,906.0,260.5625,-35.8125,50.4375,-583.0,-623.0,495.0,-8.0,-22.0,-3.0,2.0,29.0625,6.875,94853.75,0x683f
1678222965.3078752,8571.0,2447.0,647.0,260.875,-38.8125,52.1875,-628.0,-622.0,421.0,-4.0,-20.0,-35.0,3.875,98.9375,16.0,94848.5,0x683f
1678222965.368314,8668.0,2440.0,534.0,262.3125,-44.125,56.5,-603.0,-596.0,322.0,79.0,-10.0,-65.0,7.0625,130.9375,24.9375,94848.5,0x683f
1678222965.434348,8989.0,2798.0,721.0,263.9375,-49.625,63.125,-762.0,-554.0,204.0,-30.0,-6.0,-78.0,8.0,124.8125,20.375,94848.5,0x683f
1678222965.4982378,8870.0,2787.0,732.0,265.8125,-54.25,71.25,-818.0,-542.0,69.0,-22.0,0.0,-114.0,5.8125,94.8125,22.5,94848.5,0x683f
1678222965.559285,9064.0,2985.0,756.0,266.5,-56.0,75.5,-978.0,-319.0,-120.0,-108.0,172.0,-155.0,3.25,-59.1875,-20.4375,94848.5,0x683f
1678222965.621323,9099.0,2783.0,781.0,265.125,-53.0625,69.5,-776.0,-701.0,348.0,-34.0,-152.0,78.0,-2.0625,-8.75,1.9375,94848.5,0x683f
1678222965.681678,9290.0,2981.0,720.0,264.5,-55.125,72.625,-859.0,-659.0,109.0,-49.0,-130.0,-47.0,8.625,82.3125,36.0625,94853.25,0x683f
1678222965.742232,8908.0,2695.0,767.0,263.9375,-57.8125,75.875,-771.0,-401.0,53.0,68.0,107.0,-43.0,10.5625,23.125,15.125,94853.25,0x683f
1678222965.805113,8996.0,2694.0,817.0,264.5625,-58.375,77.8125,-982.0,-369.0,-148.0,-145.0,132.0,-249.0,9.4375,56.125,1.9375,94853.25,0x683f
1678222965.8673239,8996.0,2718.0,811.0,263.625,-54.25,68.25,-593.0,-406.0,315.0,202.0,125.0,103.0,-3.1875,-175.3125,-52.5625,94853.25,0x683f
1678222965.926621,8727.0,2689.0,835.0,262.3125,-50.875,64.5,-1247.0,-610.0,-158.0,-486.0,-52.0,-423.0,-2.125,-67.75,-20.1875,94853.25,0x683f
1678222965.988259,8175.0,2047.0,738.0,259.75,-43.9375,55.8125,-648.0,-582.0,329.0,32.0,1.0,-66.0,-10.625,-223.5,-38.0625,94853.25,0x683f
1678222966.049501,8387.0,2373.0,922.0,256.3125,-36.25,50.1875,-434.0,-615.0,521.0,145.0,-8.0,15.0,-3.75,-118.0,-26.4375,94858.25,0x683f
1678222966.10975,8474.0,2227.0,721.0,255.0625,-32.6875,48.875,-494.0,-733.0,650.0,64.0,-85.0,73.0,-3.5625,1.5,-1.125,94858.25,0x683f
1678222966.170553,8216.0,2022.0,737.0,254.9375,-34.1875,49.9375,-506.0,-673.0,401.0,159.0,-37.0,-83.0,-6.0,48.6875,11.8125,94858.25,0x683f
1678222966.2346518,8430.0,2393.0,803.0,254.625,-37.125,51.875,-560.0,-618.0,421.0,52.0,-22.0,-38.0,-2.9375,68.625,11.5625,94858.25,0x683f
1678222966.299704,8419.0,2391.0,791.0,255.3125,-40.9375,54.3125,-880.0,-540.0,260.0,-237.0,61.0,-171.0,12.8125,5.1875,9.5625,94858.25,0x683f
1678222966.36626,8396.0,2384.0,746.0,254.6875,-41.5,53.6875,-650.0,-636.0,474.0,8.0,-48.0,48.0,4.8125,95.125,30.6875,94858.25,0x683f
1678222966.427131,9044.0,2925.0,858.0,254.75,-47.75,58.125,-624.0,-583.0,283.0,101.0,-24.0,-64.0,3.6875,148.625,38.375,94862.75,0x683f
1678222966.487189,9050.0,2804.0,815.0,256.3125,-54.0,66.5,-737.0,-699.0,119.0,56.0,-171.0,-109.0,13.375,148.625,35.8125,94862.75,0x683f
1678222966.55015,8902.0,2710.0,1012.0,258.125,-59.625,78.1875,-813.0,-725.0,22.0,-59.0,-270.0,-109.0,15.5,175.5,67.3125,94862.75,0x683f
1678222966.610077,9019.0,3080.0,808.0,258.625,-64.125,90.5,-927.0,-769.0,-47.0,-3.0,-281.0,-18.0,22.9375,52.25,61.0625,94862.75,0x683f
1678222966.675468,8548.0,2833.0,896.0,257.375,-67.25,91.25,-924.0,-499.0,47.0,-24.0,-124.0,58.0,41.4375,-15.0625,34.625,94862.75,0x683f
1678222966.736772,9127.0,3298.0,834.0,258.0,-68.1875,80.0,-809.0,-400.0,118.0,100.0,-42.0,55.0,69.5,-60.25,-1.0625,94862.75,0x683f
1678222966.79706,8835.0,3000.0,981.0,261.6875,-66.8125,70.125,-917.0,-246.0,9.0,-15.0,116.0,-121.0,84.9375,-53.5625,-32.875,94861.0,0x683f
1678222966.856179,8766.0,3117.0,734.0,266.875,-62.375,59.125,-753.0,-305.0,143.0,115.0,84.0,-89.0,84.375,-54.875,-59.5625,94861.0,0x683f
1678222966.9176462,8694.0,2907.0,661.0,273.125,-58.9375,56.125,-912.0,-248.0,45.0,-72.0,171.0,-235.0,71.8125,-1.125,-59.9375,94861.0,0x683f
1678222966.9800441,8876.0,3045.0,727.0,278.75,-55.625,54.5,-913.0,-309.0,92.0,-103.0,140.0,-227.0,53.6875,-10.0625,-50.375,94861.0,0x683f
1678222967.0457659,8747.0,3123.0,602.0,282.5625,-53.8125,53.9375,-846.0,-306.0,131.0,-59.0,176.0,-226.0,30.4375,-19.25,-43.5,94861.0,0x683f
1678222967.106117,8758.0,3018.0,643.0,285.4375,-51.4375,54.0625,-958.0,-622.0,180.0,-190.0,-128.0,-178.0,5.8125,-13.125,-26.0625,94861.0,0x683f
1678222967.1655848,8773.0,2912.0,785.0,286.0,-50.125,53.125,-767.0,-629.0,248.0,-14.0,-126.0,-128.0,11.5625,-9.3125,6.75,94858.75,0x683f
1678222967.2258291,8674.0,3046.0,549.0,285.625,-50.0625,51.1875,-740.0,-524.0,283.0,11.0,-33.0,-111.0,13.5625,-32.5,4.25,94858.75,0x683f
1678222967.2882318,8806.0,3135.0,506.0,285.25,-49.125,49.375,-656.0,-499.0,380.0,84.0,-12.0,-39.0,2.875,-17.0625,0.9375,94858.75,0x683f
1678222967.348661,8621.0,3131.0,538.0,285.25,-49.3125,49.375,-791.0,-470.0,324.0,5.0,22.0,-71.0,4.9375,13.375,0.5625,94858.75,0x683f
1678222967.410707,8525.0,3139.0,617.0,286.125,-49.6875,49.5625,-737.0,-452.0,383.0,-12.0,22.0,-23.0,-0.5,27.8125,12.25,94858.75,0x683f
1678222967.473554,8602.0,3096.0,763.0,286.5625,-50.0625,49.5,-708.0,-456.0,348.0,38.0,23.0,-68.0,0.4375,-64.0625,-12.75,94858.75,0x683f
1678222967.5343711,8605.0,2962.0,936.0,287.4375,-48.125,47.8125,-737.0,-485.0,463.0,-7.0,0.0,23.0,-2.9375,-7.75,0.25,94858.75,0x683f
1678222967.5963898,8622.0,3017.0,886.0,288.0,-47.875,47.6875,-745.0,-518.0,373.0,-23.0,-41.0,-78.0,-3.1875,-20.125,-2.6875,94862.0,0x683f
1678222967.660491,8580.0,3038.0,923.0,288.0,-46.625,46.875,-729.0,-540.0,397.0,4.0,-55.0,-75.0,-3.0625,-40.0625,-5.0,94862.0,0x683f
1678222967.7232928,8338.0,3056.0,828.0,288.0625,-44.1875,45.0625,-625.0,-558.0,442.0,51.0,-58.0,-61.0,-2.0625,-67.0625,-11.9375,94862.0,0x683f
1678222967.787723,8504.0,3232.0,717.0,288.4375,-40.875,43.25,-649.0,-668.0,493.0,-15.0,-158.0,-53.0,-8.5,-71.6875,-8.875,94862.0,0x683f
1678222967.853508,8426.0,3167.0,729.0,287.3125,-37.8125,41.125,-638.0,-575.0,546.0,-57.0,-31.0,-25.0,3.4375,-49.1875,19.125,94862.0,0x683f
1678222967.9191911,8266.0,3020.0,813.0,285.875,-35.4375,38.875,-516.0,-434.0,625.0,53.0,66.0,4.0,-3.375,-52.4375,-2.125,94862.0,0x683f
1678222967.98453,8390.0,3130.0,917.0,286.6875,-34.3125,39.25,-480.0,-440.0,621.0,72.0,71.0,-5.0,-19.1875,21.5,-6.875,94863.75,0x683f
1678222968.0500748,8321.0,3084.0,887.0,288.125,-34.75,40.9375,-574.0,-614.0,604.0,-32.0,-93.0,14.0,-1.0625,-5.9375,-13.0625,94863.75,0x683f
1678222968.1161358,8369.0,3084.0,956.0,289.125,-34.4375,40.875,-652.0,-680.0,510.0,-96.0,-151.0,-100.0,6.375,-9.0625,-4.25,94863.75,0x683f
1678222968.17905,8335.0,2936.0,1014.0,290.0625,-34.0,39.9375,-617.0,-688.0,545.0,-68.0,-166.0,-77.0,5.5625,-13.125,11.125,94863.75,0x683f
1678222968.2435908,8473.0,3068.0,919.0,289.25,-32.3125,38.5,-506.0,-492.0,575.0,44.0,53.0,-60.0,-2.125,-50.8125,-1.25,94863.75,0x683f
1678222968.309162,8638.0,3148.0,803.0,289.625,-30.0625,38.3125,-340.0,-438.0,595.0,99.0,-6.0,23.0,-12.25,-11.9375,-14.6875,94861.5,0x683f
1678222968.373371,8501.0,3090.0,881.0,290.8125,-30.625,39.0,-615.0,-593.0,653.0,-86.0,-67.0,-17.0,2.1875,18.3125,-1.5625,94861.5,0x683f
1678222968.437488,8494.0,3114.0,866.0,292.125,-31.375,39.1875,-546.0,-590.0,586.0,-19.0,-62.0,-56.0,-2.1875,0.125,1.4375,94861.5,0x683f
1678222968.500639,8517.0,3175.0,850.0,292.5,-31.5,39.3125,-504.0,-561.0,614.0,-5.0,-28.0,-32.0,-2.5,13.375,1.8125,94861.5,0x683f
1678222968.567358,8523.0,3207.0,851.0,293.1875,-32.375,39.875,-564.0,-564.0,578.0,-31.0,-36.0,-69.0,-1.0,18.625,0.0625,94861.5,0x683f
1678222968.631335,8506.0,3160.0,706.0,294.5625,-33.0,40.0625,-591.0,-611.0,577.0,-57.0,-82.0,-51.0,5.6875,13.375,2.125,94861.5,0x683f
1678222968.694036,8522.0,3216.0,631.0,295.1875,-33.875,40.4375,-659.0,-623.0,590.0,-124.0,-104.0,-4.0,10.375,-1.5625,5.6875,94859.5,0x683f
1678222968.758167,8728.0,3124.0,671.0,295.0,-34.1875,39.3125,-768.0,-615.0,606.0,-230.0,-92.0,-37.0,10.25,-5.9375,26.5,94859.5,0x683f
1678222968.822305,8539.0,3241.0,660.0,293.25,-34.875,37.3125,-776.0,-515.0,549.0,-210.0,-5.0,-111.0,6.0625,-23.3125,53.3125,94859.5,0x683f
1678222968.886403,8584.0,3114.0,1027.0,290.0625,-35.75,34.5,-731.0,-384.0,482.0,-143.0,62.0,-181.0,-8.125,-26.1875,75.4375,94859.5,0x683f
1678222968.950785,8528.0,3056.0,1136.0,283.125,-37.5,31.125,-685.0,-307.0,455.0,-65.0,108.0,-206.0,-32.1875,-24.625,84.1875,94859.5,0x683f
1678222969.015616,8384.0,2859.0,906.0,277.1875,-38.875,29.625,-613.0,-282.0,507.0,-17.0,88.0,-153.0,-45.8125,-14.3125,81.5,94859.5,0x683f
1678222969.0794501,8440.0,3121.0,775.0,271.375,-41.25,29.4375,-620.0,-266.0,501.0,9.0,79.0,-145.0,-62.375,2.3125,68.625,94848.5,0x683f
1678222969.141645,8560.0,3051.0,1040.0,265.3125,-43.4375,30.375,-596.0,-322.0,537.0,70.0,44.0,-89.0,-63.75,6.6875,52.9375,94848.5,0x683f
1678222969.2069209,8807.0,3145.0,806.0,261.25,-44.875,32.0625,-673.0,-331.0,510.0,19.0,40.0,-75.0,-65.375,-14.3125,28.25,94848.5,0x683f
1678222969.272012,8960.0,2974.0,761.0,258.0,-44.25,34.0,-690.0,-345.0,499.0,4.0,52.0,-83.0,-62.0625,-60.6875,7.3125,94848.5,0x683f
1678222969.335479,8728.0,2881.0,611.0,254.75,-39.75,35.375,-543.0,-469.0,604.0,75.0,-25.0,-12.0,-64.75,-77.125,-1.5,94848.5,0x683f
1678222969.39966,8458.0,2443.0,882.0,252.4375,-33.875,37.3125,-490.0,-621.0,664.0,56.0,-127.0,17.0,-54.9375,-114.3125,-30.1875,94848.5,0x683f
1678222969.461102,8727.0,2685.0,543.0,251.375,-28.875,39.0625,-486.0,-731.0,636.0,-49.0,-171.0,-44.0,-43.8125,-70.125,-20.0625,94849.75,0x683f
1678222969.5265868,8722.0,2910.0,869.0,250.5,-25.125,40.4375,-469.0,-777.0,658.0,-61.0,-197.0,-18.0,-28.8125,-67.875,-15.3125,94849.75,0x683f
1678222969.588959,8716.0,2886.0,857.0,249.75,-22.3125,41.0,-344.0,-699.0,675.0,28.0,-104.0,-8.0,-11.5,-26.25,-4.9375,94849.75,0x683f
1678222969.650353,8689.0,2878.0,679.0,249.4375,-21.4375,41.75,-522.0,-617.0,469.0,-159.0,14.0,-233.0,-19.875,-24.5,-5.0,94849.75,0x683f
1678222969.712969,8685.0,2801.0,719.0,248.5,-20.0,42.25,-517.0,-722.0,611.0,-207.0,-95.0,-77.0,-8.25,-18.1875,12.25,94849.75,0x683f
1678222969.7752619,8743.0,2844.0,702.0,247.5625,-19.8125,42.1875,-402.0,-608.0,651.0,-68.0,11.0,-31.0,-5.0625,2.6875,12.3125,94849.75,0x683f
1678222969.837255,8731.0,2880.0,590.0,246.5,-21.0625,42.5,-422.0,-640.0,639.0,-69.0,-21.0,-34.0,1.9375,11.3125,6.5625,94857.75,0x683f
1678222969.8971741,8688.0,2904.0,578.0,245.8125,-22.5,42.6875,-500.0,-680.0,588.0,-125.0,-66.0,-77.0,3.5625,24.875,10.625,94857.75,0x683f
1678222969.960106,8745.0,2681.0,1095.0,245.125,-23.5625,42.5625,-380.0,-601.0,621.0,11.0,6.0,-40.0,2.1875,14.5625,4.375,94857.75,0x683f
1678222970.023114,8827.0,2767.0,731.0,244.5625,-25.875,43.3125,-343.0,-668.0,683.0,62.0,-37.0,57.0,5.3125,97.625,10.625,94857.75,0x683f
1678222970.083093,8614.0,2398.0,675.0,245.0625,-29.25,44.375,-588.0,-630.0,634.0,-104.0,-32.0,26.0,4.5625,44.8125,4.0625,94857.75,0x683f
1678222970.1450088,8691.0,2480.0,681.0,245.375,-32.5,45.625,-471.0,-625.0,578.0,72.0,-36.0,12.0,3.8125,139.5625,25.5625,94857.75,0x683f
1678222970.206347,8621.0,2650.0,417.0,247.0,-40.25,49.4375,-785.0,-599.0,408.0,-151.0,-30.0,-77.0,12.8125,124.75,23.8125,94857.75,0x683f
1678222970.269017,8655.0,2633.0,446.0,246.875,-43.3125,50.4375,-697.0,-500.0,420.0,-24.0,49.0,-33.0,12.0,49.9375,16.5,94857.75,0x683f
1678222970.33081,8595.0,2610.0,399.0,246.9375,-46.3125,52.0625,-759.0,-507.0,356.0,-29.0,14.0,-54.0,7.5,52.3125,13.0,94857.75,0x683f
1678222970.394012,8383.0,2404.0,370.0,247.125,-48.4375,53.1875,-746.0,-491.0,320.0,-9.0,27.0,-64.0,13.875,35.125,9.1875,94857.75,0x683f
1678222970.457176,8345.0,2149.0,901.0,247.125,-49.875,53.875,-856.0,-648.0,319.0,-104.0,-139.0,-52.0,11.0625,11.125,8.5625,94857.75,0x683f
1678222970.522292,9205.0,2961.0,608.0,245.625,-50.5625,51.875,-807.0,-865.0,444.0,-49.0,-376.0,60.0,30.6875,-13.5,28.6875,94857.75,0x683f
1678222970.5830889,8398.0,2665.0,1016.0,244.0625,-51.75,46.8125,-683.0,-853.0,370.0,88.0,-421.0,-51.0,58.6875,-17.25,44.0625,94855.75,0x683f
1678222970.645924,9115.0,2933.0,601.0,242.875,-52.125,39.5625,-587.0,-584.0,418.0,186.0,-210.0,-52.0,75.9375,-19.1875,24.625,94855.75,0x683f
1678222970.7059891,8679.0,2670.0,940.0,244.5,-52.125,34.125,-668.0,-379.0,373.0,106.0,-48.0,-128.0,82.5,-19.75,-19.6875,94855.75,0x683f
1678222970.770071,8470.0,2897.0,922.0,248.0,-49.875,30.125,-690.0,-296.0,450.0,59.0,20.0,-95.0,73.5,-14.75,-56.25,94855.75,0x683f
1678222970.833705,8568.0,2967.0,1066.0,253.5625,-46.75,28.875,-741.0,-309.0,478.0,-26.0,31.0,-113.0,73.0,-35.25,-75.1875,94855.75,0x683f
1678222970.895821,8624.0,3171.0,1034.0,259.625,-43.1875,28.0625,-717.0,-204.0,484.0,-51.0,135.0,-151.0,60.8125,-14.1875,-83.375,94855.75,0x683f
1678222970.956039,8783.0,3426.0,910.0,266.625,-39.0,28.1875,-631.0,-153.0,522.0,-14.0,206.0,-149.0,44.0625,-40.8125,-93.75,94855.75,0x683f
1678222971.015958,8589.0,3322.0,525.0,272.3125,-35.5,29.125,-596.0,-241.0,517.0,-26.0,146.0,-179.0,29.0625,14.0,-77.0625,94859.0,0x683f
1678222971.075698,8361.0,2769.0,385.0,277.375,-33.3125,30.9375,-576.0,-204.0,516.0,-38.0,216.0,-186.0,6.625,-6.5625,-79.5625,94859.0,0x683f
1678222971.139919,8619.0,3182.0,654.0,280.875,-32.0,33.3125,-791.0,-473.0,515.0,-231.0,-17.0,-156.0,-12.5,3.5,-64.125,94859.0,0x683f
1678222971.204094,8681.0,3219.0,612.0,283.875,-30.4375,35.375,-708.0,-600.0,701.0,-191.0,-154.0,22.0,-7.0625,23.375,-23.9375,94859.0,0x683f
1678222971.265431,8683.0,3035.0,953.0,285.0,-31.375,36.8125,-575.0,-645.0,702.0,-58.0,-144.0,36.0,-0.3125,42.8125,10.625,94859.0,0x683f
1678222971.329126,8560.0,2952.0,940.0,284.8125,-35.0,37.625,-554.0,-556.0,636.0,41.0,-68.0,41.0,1.375,74.5625,23.375,94859.0,0x683f
1678222971.3910232,8645.0,2784.0,880.0,284.9375,-39.875,38.8125,-684.0,-483.0,570.0,-8.0,8.0,-8.0,7.5625,91.8125,27.8125,94859.75,0x683f
1678222971.4527092,8499.0,3075.0,598.0,285.375,-46.4375,41.0625,-705.0,-466.0,485.0,-58.0,-38.0,-27.0,15.9375,133.0,26.625,94859.75,0x683f
1678222971.514616,8721.0,2722.0,888.0,286.75,-52.5625,44.5,-755.0,-327.0,408.0,31.0,86.0,-4.0,20.75,95.3125,17.1875,94859.75,0x683f
1678222971.577479,8668.0,2805.0,912.0,287.9375,-56.875,48.1875,-984.0,-356.0,208.0,-186.0,19.0,-138.0,5.5,73.625,10.5625,94859.75,0x683f
1678222971.641401,8696.0,2694.0,947.0,288.9375,-57.5,49.0625,-927.0,-589.0,380.0,-184.0,-189.0,-29.0,2.4375,-47.125,-6.5,94859.75,0x683f
1678222971.7057369,8538.0,2759.0,953.0,289.5,-55.5,45.6875,-633.0,-445.0,373.0,174.0,-48.0,-14.0,11.5625,0.25,6.5,94859.75,0x683f
1678222971.7701702,8509.0,2884.0,743.0,291.125,-58.625,48.0625,-1040.0,-359.0,162.0,-202.0,19.0,-178.0,1.4375,25.9375,19.0625,94848.5,0x683f
1678222971.830507,8499.0,3060.0,512.0,291.1875,-57.125,45.9375,-730.0,-374.0,369.0,63.0,-5.0,2.0,-12.4375,-40.1875,-5.0625,94848.5,0x683f
1678222971.896831,8549.0,3087.0,634.0,291.375,-55.4375,44.9375,-964.0,-408.0,327.0,-96.0,-22.0,-48.0,-10.1875,-61.5,-12.0,94848.5,0x683f
1678222971.957483,8458.0,2952.0,906.0,291.3125,-52.9375,42.25,-760.0,-337.0,395.0,22.0,59.0,-41.0,3.625,2.8125,10.375,94848.5,0x683f
1678222972.020746,8601.0,2790.0,838.0,292.3125,-52.6875,41.25,-790.0,-344.0,444.0,-10.0,47.0,-1.0,4.625,-44.0,-6.4375,94848.5,0x683f
1678222972.080533,8553.0,3038.0,827.0,292.875,-50.125,39.75,-750.0,-408.0,402.0,-7.0,-15.0,-82.0,-7.0625,-42.75,-14.375,94848.5,0x683f
1678222972.144185,8497.0,3044.0,767.0,293.4375,-47.1875,38.5625,-719.0,-525.0,476.0,17.0,-119.0,-33.0,0.875,-56.5625,-13.1875,94866.75,0x683f
1678222972.2076118,8510.0,3005.0,792.0,293.9375,-45.5625,37.5625,-721.0,-502.0,514.0,-20.0,-84.0,-29.0,-1.1875,2.0625,4.0,94866.75,0x683f
1678222972.2697642,8556.0,2937.0,876.0,295.3125,-47.125,38.25,-754.0,-476.0,490.0,-35.0,-62.0,-32.0,-3.125,27.5,10.25,94866.75,0x683f
1678222972.335552,8525.0,2987.0,940.0,295.6875,-48.8125,39.4375,-764.0,-438.0,464.0,-22.0,-31.0,-40.0,0.0625,22.8125,8.4375,94866.75,0x683f
1678222972.396279,8410.0,3104.0,947.0,296.0,-49.8125,39.75,-746.0,-414.0,456.0,30.0,-8.0,-15.0,1.8125,-5.8125,3.4375,94866.75,0x683f
1678222972.4569778,8466.0,3015.0,1007.0,296.25,-50.0,39.5,-744.0,-390.0,411.0,7.0,10.0,-74.0,-1.5625,-0.125,3.1875,94866.75,0x683f
1678222972.5206678,8592.0,2999.0,946.0,297.125,-49.6875,39.5625,-731.0,-437.0,437.0,16.0,-32.0,-50.0,-4.8125,2.5625,-4.25,94859.0,0x683f
1678222972.581604,8454.0,2881.0,910.0,297.8125,-50.375,40.6875,-737.0,-464.0,476.0,-24.0,-45.0,-23.0,0.75,44.3125,5.1875,94859.0,0x683f
1678222972.64743,8480.0,3027.0,1033.0,298.6875,-52.3125,42.25,-823.0,-422.0,390.0,-20.0,-21.0,-28.0,3.5625,24.875,2.625,94859.0,0x683f
1678222972.7112162,8564.0,2816.0,830.0,299.4375,-53.3125,43.125,-802.0,-426.0,403.0,-15.0,-25.0,-23.0,1.5,16.125,1.125,94859.0,0x683f
1678222972.774953,8413.0,2833.0,948.0,300.25,-53.5625,43.5625,-797.0,-409.0,387.0,13.0,-12.0,-18.0,-0.9375,-5.75,1.0625,94859.0,0x683f
1678222972.836705,8464.0,2831.0,966.0,300.375,-53.5625,43.3125,-801.0,-436.0,367.0,0.0,-32.0,-53.0,2.125,-1.8125,6.375,94859.0,0x683f
1678222972.898765,8919.0,3021.0,924.0,300.375,-53.875,42.625,-806.0,-361.0,329.0,-90.0,40.0,-114.0,1.0625,-9.6875,7.6875,94853.75,0x683f
1678222972.962894,8475.0,2941.0,994.0,299.9375,-51.375,40.375,-824.0,-337.0,323.0,-57.0,59.0,-142.0,-11.75,-98.3125,-19.75,94853.75,0x683f
1678222973.0237231,8524.0,3069.0,900.0,300.25,-47.0625,38.875,-660.0,-412.0,520.0,53.0,16.0,-46.0,-12.25,-33.4375,-19.75,94853.75,0x683f
1678222973.088562,8556.0,3057.0,839.0,301.5625,-44.25,39.5,-633.0,-547.0,558.0,47.0,-96.0,16.0,-9.75,-16.75,-29.0,94853.75,0x683f
1678222973.176206,8602.0,3227.0,834.0,302.8125,-43.3125,40.75,-785.0,-647.0,651.0,-112.0,-181.0,111.0,-5.75,-22.25,-7.1875,94853.75,0x683f
1678222973.23806,8520.0,2812.0,894.0,303.25,-44.4375,40.1875,-693.0,-502.0,510.0,-6.0,-50.0,-23.0,9.5625,57.125,22.75,94853.75,0x683f
1678222973.2991931,9114.0,3120.0,902.0,303.5625,-47.1875,40.3125,-759.0,-386.0,431.0,-40.0,45.0,-76.0,10.4375,24.875,17.0,94860.25,0x683f
1678222973.360001,8416.0,2731.0,961.0,304.25,-48.3125,39.9375,-742.0,-360.0,433.0,-18.0,47.0,-65.0,2.4375,7.3125,5.625,94860.25,0x683f
1678222973.422772,8472.0,2714.0,954.0,304.4375,-48.5625,39.75,-731.0,-433.0,443.0,2.0,-25.0,-50.0,1.25,-1.6875,1.5625,94860.25,0x683f
1678222973.4835572,8938.0,3122.0,681.0,304.8125,-49.0625,39.8125,-784.0,-432.0,419.0,-42.0,-21.0,-72.0,2.125,13.1875,4.4375,94860.25,0x683f
1678222973.544617,8549.0,2717.0,887.0,305.3125,-49.1875,39.8125,-706.0,-413.0,436.0,35.0,-3.0,-55.0,-3.9375,-1.125,-2.8125,94860.25,0x683f
1678222973.603803,8618.0,2914.0,981.0,305.625,-48.9375,40.25,-733.0,-454.0,479.0,6.0,-36.0,-11.0,-4.0,-3.125,-6.625,94860.25,0x683f
1678222973.6670709,8370.0,2768.0,920.0,306.5,-48.75,40.6875,-773.0,-456.0,478.0,-35.0,-33.0,-10.0,-1.3125,3.1875,-2.1875,94854.75,0x683f
1678222973.729023,8513.0,2872.0,888.0,307.0625,-48.75,40.875,-762.0,-452.0,474.0,-25.0,-29.0,-14.0,0.4375,-2.875,-0.6875,94854.75,0x683f
1678222973.7903092,8530.0,2715.0,858.0,307.5,-48.6875,40.9375,-748.0,-442.0,467.0,-23.0,-23.0,-22.0,0.8125,0.625,-0.4375,94854.75,0x683f
1678222973.852274,8882.0,3276.0,628.0,307.8125,-48.6875,40.875,-802.0,-500.0,499.0,-74.0,-93.0,24.0,5.5,-1.75,3.25,94854.75,0x683f
1678222973.913408,8527.0,3166.0,608.0,308.25,-49.0625,39.75,-872.0,-523.0,514.0,-129.0,-116.0,20.0,18.625,5.75,20.125,94854.75,0x683f
1678222973.97596,8562.0,3367.0,660.0,307.5,-50.25,37.0625,-987.0,-482.0,490.0,-231.0,-111.0,-11.0,25.1875,-5.4375,41.875,94854.75,0x683f
1678222974.037785,8749.0,3351.0,606.0,304.5,-51.4375,31.0625,-934.0,-322.0,441.0,-167.0,-7.0,-82.0,17.8125,-23.25,66.0625,94850.75,0x683f
1678222974.0981162,8418.0,3278.0,739.0,300.5,-52.0625,24.8125,-831.0,-195.0,354.0,-57.0,57.0,-191.0,0.5,-26.3125,77.4375,94850.75,0x683f
1678222974.161244,8485.0,3220.0,949.0,295.4375,-52.4375,19.375,-766.0,-109.0,320.0,11.0,88.0,-242.0,-26.875,-22.5,78.1875,94850.75,0x683f
1678222974.2233758,9078.0,3514.0,1152.0,289.6875,-52.5625,15.5,-697.0,-41.0,349.0,72.0,120.0,-231.0,-52.9375,-22.1875,74.375,94850.75,0x683f
1678222974.2862232,8843.0,3420.0,943.0,283.625,-52.5,13.5625,-718.0,-44.0,413.0,60.0,94.0,-166.0,-74.625,-13.1875,67.0,94850.75,0x683f
1678222974.3502662,8739.0,3055.0,824.0,276.8125,-52.8125,13.6875,-672.0,-49.0,391.0,108.0,90.0,-184.0,-88.5625,-3.6875,49.0,94850.75,0x683f
1678222974.411989,8699.0,2780.0,811.0,271.625,-53.25,16.125,-706.0,-154.0,433.0,73.0,-2.0,-124.0,-100.875,-5.6875,28.8125,94868.5,0x683f
1678222974.47523,8750.0,3193.0,947.0,267.1875,-53.25,20.3125,-743.0,-174.0,392.0,37.0,56.0,-170.0,-109.375,-6.6875,14.6875,94868.5,0x683f
1678222974.538141,9137.0,3239.0,537.0,263.1875,-52.3125,26.0,-821.0,-234.0,409.0,-49.0,39.0,-130.0,-119.875,-49.375,-8.0625,94868.5,0x683f
1678222974.598805,8915.0,2687.0,715.0,259.3125,-48.0625,32.6875,-852.0,-439.0,500.0,-122.0,-85.0,-49.0,-118.1875,-82.1875,-20.8125,94868.5,0x683f
1678222974.662179,8382.0,2376.0,882.0,256.4375,-43.0,37.0625,-624.0,-532.0,510.0,44.0,-100.0,-60.0,-97.25,-94.625,-27.8125,94868.5,0x683f
1678222974.7258089,8069.0,1849.0,399.0,254.75,-38.375,40.8125,-603.0,-755.0,613.0,-2.0,-243.0,32.0,-68.75,-59.5625,-31.25,94868.5,0x683f
1678222974.788838,8524.0,2483.0,1012.0,254.1875,-33.8125,43.125,-480.0,-1010.0,711.0,65.0,-452.0,117.0,-5.375,-74.5,-27.625,94856.75,0x683f
1678222974.8526971,8640.0,2828.0,877.0,254.9375,-31.9375,42.5625,-523.0,-666.0,520.0,-4.0,-103.0,-92.0,7.5625,-28.625,-23.875,94856.75,0x683f
1678222974.916398,8567.0,2887.0,670.0,255.5,-29.3125,42.125,-467.0,-782.0,761.0,-117.0,-153.0,42.0,2.0,-53.375,-18.5625,94856.75,0x683f
1678222974.981814,8668.0,2782.0,595.0,255.375,-27.4375,40.8125,-451.0,-758.0,653.0,26.0,-204.0,30.0,28.4375,-11.4375,7.1875,94856.75,0x683f
1678222975.0462248,8974.0,2904.0,722.0,255.125,-28.375,38.1875,-374.0,-819.0,752.0,91.0,-272.0,60.0,51.125,42.625,22.8125,94856.75,0x683f
1678222975.1097012,8354.0,2422.0,718.0,256.5,-32.6875,34.875,-418.0,-664.0,741.0,110.0,-192.0,64.0,74.0,78.8125,9.9375,94856.75,0x683f
1678222975.1717582,9054.0,3375.0,783.0,259.5,-38.25,32.375,-438.0,-653.0,655.0,169.0,-240.0,5.0,89.375,154.5,9.25,94863.0,0x683f
1678222975.2376199,8760.0,3220.0,897.0,262.8125,-45.5,30.5625,-663.0,-470.0,558.0,87.0,-130.0,-8.0,94.3125,118.9375,1.875,94863.0,0x683f
1678222975.301235,8460.0,2653.0,588.0,266.6875,-53.3125,29.0,-774.0,-325.0,440.0,11.0,-40.0,-71.0,96.125,142.875,0.375,94863.0,0x683f
1678222975.366475,9009.0,2871.0,727.0,270.9375,-60.5,30.0,-803.0,-231.0,363.0,50.0,10.0,-54.0,93.9375,143.75,-1.5625,94863.0,0x683f
1678222975.43017,8953.0,3276.0,713.0,275.5625,-67.5625,33.5,-913.0,-19.0,32.0,0.0,195.0,-254.0,84.75,107.3125,-6.5,94863.0,0x683f
1678222975.495872,8668.0,2926.0,923.0,282.0,-69.6875,37.9375,-888.0,-48.0,96.0,58.0,164.0,-177.0,74.5625,10.5625,-43.375,94863.0,0x683f
1678222975.5559528,8482.0,3160.0,911.0,287.8125,-68.875,40.875,-956.0,-70.0,-37.0,-43.0,165.0,-305.0,66.125,7.4375,-54.125,94853.75,0x683f
1678222975.617727,8505.0,3029.0,1043.0,293.625,-65.25,41.4375,-904.0,-233.0,47.0,-40.0,17.0,-291.0,48.3125,-62.8125,-70.25,94853.75,0x683f
1678222975.6798432,8509.0,3226.0,810.0,298.5625,-58.75,39.75,-881.0,-333.0,201.0,-47.0,-43.0,-164.0,23.9375,-79.5,-63.625,94853.75,0x683f
1678222975.7453089,8805.0,3371.0,743.0,301.4375,-54.0625,39.625,-834.0,-370.0,203.0,-34.0,21.0,-243.0,5.875,-63.1875,-51.6875,94853.75,0x683f
1678222975.8085709,8740.0,3246.0,589.0,303.5625,-48.5,39.125,-605.0,-370.0,426.0,119.0,47.0,-84.0,-9.9375,-61.8125,-62.125,94853.75,0x683f
1678222975.8781729,8475.0,3178.0,664.0,305.875,-44.375,41.3125,-786.0,-589.0,472.0,-85.0,-126.0,10.0,-16.3125,-52.8125,-47.0,94853.75,0x683f
1678222975.9396522,8733.0,3235.0,712.0,306.5625,-40.3125,41.75,-735.0,-592.0,538.0,-201.0,-123.0,-54.0,-6.1875,-49.25,-3.375,94861.25,0x683f
1678222976.005638,8450.0,3123.0,840.0,304.8125,-36.8125,38.9375,-681.0,-509.0,618.0,-66.0,2.0,3.0,5.4375,-99.375,6.125,94861.25,0x683f
1678222976.0695229,8437.0,3052.0,745.0,303.625,-33.3125,37.0625,-505.0,-510.0,657.0,33.0,-5.0,2.0,6.8125,-34.625,-10.3125,94861.25,0x683f
1678222976.134441,8366.0,3037.0,755.0,304.0,-31.0,36.375,-557.0,-515.0,637.0,-76.0,-36.0,-34.0,-0.375,-14.375,-8.8125,94861.25,0x683f
1678222976.196874,8608.0,3229.0,713.0,304.125,-30.375,36.3125,-619.0,-581.0,704.0,-123.0,-79.0,23.0,0.6875,-7.4375,-1.9375,94861.25,0x683f
1678222976.2583628,8573.0,3135.0,819.0,304.25,-29.875,36.125,-572.0,-557.0,689.0,-83.0,-55.0,2.0,1.125,-14.25,-3.25,94861.25,0x683f
1678222976.319365,8863.0,3320.0,896.0,304.4375,-29.1875,36.0,-521.0,-522.0,674.0,-41.0,-11.0,-36.0,-0.0625,-15.4375,-5.125,94852.5,0x683f
1678222976.385718,8477.0,3100.0,908.0,304.5625,-27.8125,35.8125,-496.0,-505.0,643.0,-38.0,-6.0,-46.0,-0.75,-27.4375,-6.875,94852.5,0x683f
1678222976.45231,8524.0,3086.0,894.0,304.8125,-26.25,35.625,-450.0,-517.0,670.0,-16.0,-4.0,-43.0,-3.5,-26.6875,-9.4375,94852.5,0x683f
1678222976.519642,8538.0,3050.0,903.0,305.125,-24.75,35.875,-438.0,-542.0,693.0,-27.0,-20.0,-33.0,-9.6875,-28.6875,-15.0625,94852.5,0x683f
1678222976.587115,8628.0,3039.0,900.0,305.875,-22.75,36.8125,-447.0,-576.0,695.0,-67.0,-37.0,-18.0,-9.8125,-18.0625,-17.5,94852.5,0x683f
1678222976.650315,8528.0,3005.0,941.0,306.625,-21.8125,37.6875,-430.0,-576.0,698.0,-65.0,-18.0,-21.0,-10.0625,-13.6875,-16.6875,94852.5,0x683f
1678222976.711373,8505.0,3010.0,1018.0,307.5,-20.6875,38.5,-390.0,-564.0,756.0,-42.0,6.0,38.0,-14.625,-26.875,-14.0,94858.75,0x683f
1678222976.772512,8711.0,2892.0,900.0,307.75,-18.6875,39.4375,-277.0,-653.0,767.0,29.0,-100.0,62.0,-17.0625,-25.125,-12.375,94858.75,0x683f
1678222976.836149,8717.0,2961.0,747.0,308.0,-17.8125,40.125,-209.0,-799.0,769.0,28.0,-213.0,0.0,-0.6875,19.9375,-0.125,94858.75,0x683f
1678222976.898787,8997.0,3335.0,579.0,308.125,-18.625,39.4375,-276.0,-869.0,742.0,37.0,-279.0,24.0,16.0,-1.0,15.375,94858.75,0x683f
1678222976.961113,8898.0,3133.0,744.0,306.8125,-20.4375,36.5,-350.0,-814.0,580.0,-7.0,-267.0,-157.0,56.4375,12.625,46.125,94858.75,0x683f
1678222977.021982,8593.0,3201.0,749.0,304.75,-22.75,31.625,-183.0,-716.0,678.0,176.0,-239.0,-123.0,64.5,28.6875,52.125,94858.75,0x683f
1678222977.082749,8859.0,3443.0,981.0,303.25,-27.0,27.25,-291.0,-515.0,477.0,145.0,-97.0,-289.0,62.1875,75.9375,47.5,94854.5,0x683f
1678222977.1441019,8616.0,3333.0,1039.0,303.3125,-31.9375,24.25,-362.0,-359.0,516.0,186.0,5.0,-252.0,47.0,80.25,2.5625,94854.5,0x683f
1678222977.206023,8454.0,2999.0,618.0,306.25,-35.9375,24.0,-399.0,-270.0,391.0,184.0,54.0,-326.0,34.4375,90.4375,-52.8125,94854.5,0x683f
1678222977.2680461,9195.0,3796.0,906.0,312.1875,-38.75,27.125,-464.0,-239.0,363.0,152.0,119.0,-309.0,8.625,88.8125,-113.1875,94854.5,0x683f
1678222977.331894,8668.0,3188.0,745.0,322.3125,-39.875,35.9375,-565.0,-258.0,281.0,62.0,183.0,-327.0,-15.5625,101.3125,-153.625,94854.5,0x683f
1678222977.394225,8561.0,3392.0,562.0,333.25,-38.0625,46.4375,-542.0,-430.0,264.0,41.0,112.0,-246.0,-38.1875,128.9375,-172.5,94854.5,0x683f
1678222977.454017,8639.0,3478.0,562.0,346.1875,-35.5,58.9375,-772.0,-656.0,236.0,-212.0,47.0,-153.0,-49.3125,167.4375,-171.4375,94846.5,0x683f
1678222977.515501,8619.0,3431.0,714.0,0.1875,-31.875,71.4375,-938.0,-897.0,71.0,-432.0,-92.0,-168.0,-58.625,185.0,-147.5625,94846.5,0x683f
1678222977.577173,8352.0,3343.0,573.0,12.1875,-25.1875,79.5625,-765.0,-995.0,130.0,-367.0,-112.0,-19.0,-55.8125,28.1875,-142.5,94846.5,0x683f
1678222977.6374369,8497.0,3369.0,660.0,20.25,-17.5625,84.625,-625.0,-1078.0,61.0,-329.0,-147.0,-25.0,-61.375,30.5625,-83.6875,94846.5,0x683f
1678222977.698163,8488.0,3360.0,666.0,23.3125,-13.9375,88.1875,-537.0,-1102.0,104.0,-300.0,-151.0,74.0,-49.25,-27.375,-32.3125,94846.5,0x683f
1678222977.756323,8824.0,3483.0,629.0,22.5,-13.1875,90.375,-229.0,-1122.0,-22.0,-4.0,-167.0,-16.0,-26.5625,13.625,11.5625,94846.5,0x683f
1678222977.817018,8808.0,3527.0,617.0,22.25,-13.875,91.5,-118.0,-1008.0,94.0,120.0,-57.0,123.0,-9.625,23.0625,21.5625,94859.25,0x683f
1678222977.879248,8717.0,3458.0,555.0,22.9375,-15.5625,92.6875,-315.0,-1031.0,107.0,-51.0,-88.0,151.0,-1.8125,30.375,29.125,94859.25,0x683f
1678222977.940969,8755.0,3471.0,630.0,21.625,-16.9375,92.875,-191.0,-974.0,24.0,94.0,-37.0,72.0,-2.5625,-32.5625,12.4375,94859.25,0x683f
1678222978.0018408,8697.0,3372.0,582.0,19.1875,-17.4375,92.3125,-132.0,-975.0,12.0,157.0,-31.0,43.0,3.9375,-21.5625,3.75,94859.25,0x683f
1678222978.061868,8691.0,3382.0,611.0,18.9375,-17.6875,92.0625,-246.0,-949.0,-45.0,46.0,-13.0,-26.0,3.6875,8.375,3.25,94859.25,0x683f
1678222978.1250901,8720.0,3377.0,582.0,19.25,-17.6875,91.875,-247.0,-917.0,-43.0,45.0,20.0,-6.0,4.8125,-0.375,-1.6875,94859.25,0x683f
1678222978.19044,8724.0,3484.0,657.0,19.4375,-17.5625,91.6875,-286.0,-946.0,-32.0,9.0,-12.0,-4.0,2.1875,-3.0,0.5,94852.0,0x683f
1678222978.253093,8760.0,3451.0,705.0,19.125,-17.5,91.375,-248.0,-968.0,-14.0,39.0,-17.0,9.0,3.0625,-7.6875,2.1875,94852.0,0x683f
1678222978.314302,8689.0,3387.0,563.0,18.875,-17.75,91.125,-260.0,-927.0,-6.0,38.0,6.0,12.0,4.375,4.0625,4.0625,94852.0,0x683f
1678222978.3796248,8774.0,3545.0,733.0,19.1875,-17.8125,90.9375,-265.0,-953.0,-6.0,33.0,-19.0,8.0,6.3125,9.1875,1.75,94852.0,0x683f
1678222978.4409149,8770.0,3520.0,684.0,20.25,-17.75,90.6875,-274.0,-926.0,-29.0,15.0,6.0,-19.0,9.25,18.875,4.125,94852.0,0x683f
1678222978.501052,8787.0,3496.0,716.0,21.25,-17.8125,90.5625,-269.0,-947.0,-17.0,32.0,-19.0,-10.0,8.75,19.4375,3.0625,94852.0,0x683f
1678222978.56192,8780.0,3464.0,658.0,22.75,-17.9375,90.5,-303.0,-942.0,-19.0,-8.0,-19.0,-2.0,11.375,31.9375,8.0625,94852.0,0x683f
1678222978.621491,8759.0,3432.0,562.0,24.125,-18.5,90.4375,-294.0,-927.0,-14.0,6.0,5.0,-4.0,11.875,34.625,11.3125,94863.5,0x683f
1678222978.681349,8808.0,3482.0,668.0,25.375,-19.125,90.4375,-333.0,-936.0,0.0,-9.0,-13.0,13.0,9.4375,21.625,11.0,94863.5,0x683f
1678222978.7442718,8825.0,3471.0,655.0,25.9375,-19.875,90.375,-365.0,-908.0,-9.0,-27.0,18.0,0.0,6.3125,16.75,14.0625,94863.5,0x683f
1678222978.80945,8499.0,3269.0,552.0,25.75,-20.5625,90.25,-329.0,-903.0,0.0,16.0,14.0,4.0,5.625,8.25,9.0,94863.5,0x683f
1678222978.872133,8722.0,3382.0,544.0,26.125,-21.25,90.25,-342.0,-905.0,-3.0,21.0,7.0,1.0,6.25,23.8125,11.875,94863.5,0x683f
1678222978.931088,8680.0,3367.0,593.0,27.0,-21.75,90.3125,-349.0,-889.0,-27.0,26.0,10.0,-13.0,6.375,14.3125,3.25,94863.5,0x683f
1678222978.99374,8678.0,3379.0,542.0,27.625,-21.9375,90.4375,-337.0,-912.0,-12.0,5.0,0.0,-12.0,0.75,20.875,7.25,94860.25,0x683f
1678222979.055748,8731.0,3363.0,649.0,27.375,-22.3125,90.875,-385.0,-890.0,-11.0,-11.0,15.0,2.0,0.0625,6.625,5.3125,94860.25,0x683f
1678222979.116559,8765.0,3405.0,633.0,27.4375,-22.5625,91.0,-355.0,-893.0,6.0,19.0,10.0,17.0,-0.1875,18.0,5.25,94860.25,0x683f
1678222979.178258,8768.0,3439.0,662.0,27.0,-22.875,91.375,-375.0,-901.0,-12.0,7.0,1.0,10.0,-1.0,11.6875,5.8125,94860.25,0x683f
1678222979.240293,8560.0,3330.0,683.0,26.5625,-23.375,91.9375,-352.0,-923.0,-31.0,36.0,-24.0,0.0,-0.875,26.875,10.5,94860.25,0x683f
1678222979.3025138,8746.0,3412.0,699.0,27.375,-23.75,92.5625,-397.0,-870.0,-40.0,-1.0,25.0,0.0,0.1875,10.3125,4.125,94860.25,0x683f
1678222979.362314,8722.0,3409.0,702.0,28.125,-24.0,93.0,-423.0,-883.0,-38.0,-37.0,14.0,-4.0,0.75,29.6875,6.6875,94858.75,0x683f
1678222979.426163,8742.0,3452.0,699.0,27.75,-24.125,93.375,-444.0,-906.0,-62.0,6.0,-25.0,6.0,0.0,-5.125,0.5625,94858.75,0x683f
1678222979.487041,8755.0,3442.0,722.0,27.75,-24.5,93.5625,-415.0,-884.0,-63.0,-8.0,6.0,-7.0,-1.25,12.4375,8.75,94858.75,0x683f
1678222979.548175,8721.0,3438.0,726.0,27.25,-24.8125,93.6875,-363.0,-896.0,-48.0,48.0,-8.0,9.0,-2.6875,-4.3125,4.5,94858.75,0x683f
1678222979.610375,8752.0,3413.0,737.0,26.5,-25.0625,93.9375,-406.0,-875.0,-54.0,9.0,9.0,7.0,-0.0625,10.9375,4.5625,94858.75,0x683f
1678222979.673375,8668.0,3420.0,713.0,26.5625,-25.125,94.0,-384.0,-890.0,-34.0,29.0,-7.0,26.0,1.3125,4.75,1.125,94858.75,0x683f
1678222979.734815,8685.0,3454.0,709.0,26.9375,-25.125,93.9375,-422.0,-891.0,-55.0,-6.0,-6.0,5.0,2.875,-2.0,-0.25,94863.5,0x683f
1678222979.796607,8622.0,3436.0,676.0,27.0,-25.125,93.8125,-406.0,-894.0,-64.0,10.0,-8.0,-5.0,2.625,6.5625,1.9375,94863.5,0x683f
1678222979.857634,8738.0,3469.0,717.0,27.25,-25.1875,93.8125,-406.0,-861.0,-56.0,13.0,21.0,0.0,1.75,-1.5625,1.125,94863.5,0x683f
1678222979.920565,8742.0,3490.0,744.0,27.3125,-25.25,93.75,-408.0,-875.0,-68.0,2.0,14.0,-11.0,1.6875,7.875,2.1875,94863.5,0x683f
1678222979.985208,8744.0,3468.0,699.0,27.4375,-25.4375,93.9375,-421.0,-876.0,-72.0,10.0,3.0,-5.0,-1.0,1.25,2.8125,94863.5,0x683f
1678222980.049078,8638.0,3443.0,740.0,27.4375,-25.5625,94.0625,-421.0,-875.0,-57.0,2.0,6.0,5.0,-0.5,3.5625,2.6875,94863.5,0x683f
1678222980.106859,8687.0,3441.0,720.0,26.5,-25.6875,94.125,-412.0,-880.0,-56.0,18.0,1.0,7.0,-0.8125,-0.9375,0.5625,94851.25,0x683f
1678222980.1658518,8712.0,3467.0,713.0,25.5,-25.625,94.125,-405.0,-890.0,-64.0,18.0,-9.0,0.0,0.6875,-1.1875,-1.9375,94851.25,0x683f
1678222980.230552,8700.0,3427.0,690.0,25.625,-25.5,94.0625,-416.0,-891.0,-57.0,9.0,1.0,3.0,-0.375,-0.5625,-0.4375,94851.25,0x683f
1678222980.2929542,8650.0,3430.0,710.0,25.5625,-25.4375,94.0625,-408.0,-867.0,-52.0,19.0,18.0,14.0,0.3125,-3.125,-1.5625,94851.25,0x683f
1678222980.3553832,8768.0,3469.0,710.0,24.625,-25.375,94.0,-417.0,-886.0,-59.0,0.0,-7.0,6.0,1.3125,2.75,-0.1875,94851.25,0x683f
1678222980.418916,8829.0,3509.0,735.0,24.75,-25.4375,94.0,-415.0,-883.0,-59.0,12.0,4.0,3.0,0.375,1.6875,0.3125,94851.25,0x683f
1678222980.4820921,8709.0,3477.0,733.0,24.875,-25.375,94.0,-409.0,-885.0,-57.0,9.0,0.0,6.0,1.75,3.375,0.25,94850.25,0x683f
1678222980.546071,8747.0,3504.0,688.0,25.125,-25.375,94.0,-422.0,-877.0,-62.0,5.0,6.0,3.0,1.0,-0.25,-1.5,94850.25,0x683f
1678222980.605228,8685.0,3486.0,717.0,24.4375,-25.3125,94.0,-411.0,-887.0,-55.0,5.0,0.0,8.0,1.8125,4.0625,0.5,94850.25,0x683f
1678222980.66885,8747.0,3519.0,724.0,23.8125,-25.3125,94.0,-414.0,-882.0,-65.0,12.0,5.0,-1.0,0.8125,1.125,0.3125,94850.25,0x683f
1678222980.730058,8638.0,3456.0,692.0,23.9375,-25.25,94.0,-410.0,-877.0,-60.0,12.0,7.0,0.0,1.1875,0.25,-0.6875,94850.25,0x683f
1678222980.7929332,8623.0,3507.0,704.0,23.25,-25.1875,93.9375,-409.0,-887.0,-55.0,8.0,-2.0,5.0,1.3125,2.5,-0.5625,94850.25,0x683f
1678222980.853919,8632.0,3468.0,710.0,22.5,-25.1875,93.9375,-423.0,-876.0,-59.0,-5.0,17.0,-3.0,1.4375,3.25,0.3125,94865.75,0x683f
1678222980.916488,8653.0,3490.0,709.0,22.6875,-25.125,93.9375,-422.0,-870.0,-63.0,-4.0,0.0,-8.0,1.4375,0.0,-1.625,94865.75,0x683f
1678222980.9783611,8736.0,3505.0,706.0,22.875,-25.125,93.875,-426.0,-887.0,-75.0,-8.0,0.0,-11.0,-0.375,0.8125,0.8125,94865.75,0x683f
1678222981.039325,8756.0,3500.0,734.0,21.6875,-25.125,93.9375,-398.0,-877.0,-52.0,18.0,8.0,8.0,-1.5,-3.0625,-0.0625,94865.75,0x683f
1678222981.0996192,8696.0,3520.0,685.0,19.8125,-25.0625,93.875,-416.0,-872.0,-54.0,0.0,13.0,6.0,0.0625,-2.375,-2.75,94865.75,0x683f
1678222981.159764,8653.0,3483.0,677.0,19.8125,-24.9375,93.8125,-414.0,-887.0,-67.0,0.0,0.0,-7.0,0.625,-0.8125,-0.9375,94865.75,0x683f
1678222981.220685,8587.0,3470.0,690.0,19.75,-24.875,93.75,-408.0,-879.0,-66.0,3.0,8.0,-7.0,-0.4375,-5.625,-2.375,94865.75,0x683f
1678222981.28327,8595.0,3465.0,689.0,18.75,-24.75,93.6875,-393.0,-882.0,-63.0,15.0,7.0,-4.0,-0.75,-1.625,-1.875,94864.5,0x683f
1678222981.3460789,8571.0,3393.0,598.0,17.75,-24.6875,93.6875,-391.0,-885.0,-54.0,20.0,-2.0,6.0,-1.8125,-4.5,-1.6875,94864.5,0x683f
1678222981.407367,8681.0,3491.0,724.0,17.75,-24.5625,93.6875,-394.0,-891.0,-56.0,13.0,-1.0,0.0,0.1875,4.0625,-0.125,94864.5,0x683f
1678222981.470011,8624.0,3462.0,690.0,18.0625,-24.5625,93.75,-408.0,-887.0,-57.0,0.0,2.0,1.0,0.75,1.9375,-0.9375,94864.5,0x683f
1678222981.5389922,8631.0,3479.0,665.0,18.1875,-24.4375,93.75,-409.0,-885.0,-60.0,-2.0,5.0,-1.0,1.125,-1.5,-2.125,94864.5,0x683f
1678222981.597248,8628.0,3481.0,702.0,17.5,-24.3125,93.625,-402.0,-893.0,-58.0,3.0,0.0,0.0,1.8125,-0.4375,-1.5,94864.5,0x683f
1678222981.658171,8649.0,3462.0,664.0,17.625,-24.25,93.5625,-399.0,-884.0,-59.0,3.0,7.0,-4.0,0.4375,-1.5625,-1.4375,94865.0,0x683f
1678222981.721316,8595.0,3469.0,685.0,17.6875,-24.125,93.5,-392.0,-887.0,-54.0,9.0,5.0,0.0,1.1875,0.5,-1.0625,94865.0,0x683f
1678222981.783254,8623.0,3446.0,708.0,17.0,-24.0625,93.4375,-402.0,-892.0,-63.0,-1.0,3.0,-12.0,0.375,-2.4375,-1.625,94865.0,0x683f
1678222981.846306,8613.0,3453.0,648.0,16.6875,-24.0,93.25,-411.0,-883.0,-66.0,-12.0,11.0,-16.0,-0.0625,-16.75,-4.1875,94865.0,0x683f
1678222981.907891,8656.0,3460.0,656.0,15.875,-23.8125,92.75,-363.0,-895.0,-30.0,32.0,0.0,12.0,-0.9375,-6.5,-1.5625,94865.0,0x683f
1678222981.967081,8674.0,3505.0,661.0,15.0,-23.8125,92.8125,-393.0,-894.0,-43.0,3.0,1.0,0.0,-0.0625,-0.9375,0.5625,94865.0,0x683f
1678222982.028026,8703.0,3496.0,629.0,14.1875,-23.875,92.8125,-391.0,-890.0,-47.0,5.0,4.0,-2.0,-0.3125,1.1875,0.5625,94859.5,0x683f
1678222982.0880861,8700.0,3474.0,691.0,12.8125,-23.875,92.875,-386.0,-894.0,-46.0,11.0,1.0,0.0,0.4375,2.5,1.0,94859.5,0x683f
1678222982.156988,8675.0,3483.0,646.0,12.875,-23.9375,92.9375,-392.0,-894.0,-53.0,5.0,0.0,-6.0,0.0625,1.375,0.8125,94859.5,0x683f
1678222982.217901,8701.0,3463.0,639.0,12.9375,-24.0,93.0,-399.0,-892.0,-49.0,0.0,2.0,-2.0,0.375,2.9375,0.9375,94859.5,0x683f
1678222982.280531,8658.0,3464.0,624.0,12.125,-24.0,93.0,-395.0,-897.0,-48.0,3.0,-3.0,0.0,-0.3125,-2.0625,-0.625,94859.5,0x683f
1678222982.3425689,8656.0,3375.0,607.0,10.5625,-24.0,93.0,-396.0,-890.0,-45.0,3.0,3.0,0.0,0.6875,0.8125,-0.0625,94859.5,0x683f
1678222982.404842,8642.0,3467.0,647.0,9.8125,-23.9375,93.0,-391.0,-896.0,-48.0,3.0,0.0,-1.0,0.125,-1.9375,-0.875,94855.75,0x683f
1678222982.46501,8620.0,3414.0,666.0,8.9375,-23.875,92.9375,-386.0,-889.0,-43.0,10.0,5.0,2.0,0.0625,-4.1875,-1.875,94855.75,0x683f
1678222982.5278661,8654.0,3497.0,730.0,8.875,-23.75,92.8125,-382.0,-893.0,-44.0,12.0,2.0,0.0,-0.9375,-4.875,-2.75,94855.75,0x683f
1678222982.5916648,8750.0,3528.0,644.0,8.6875,-23.5625,92.75,-375.0,-894.0,-38.0,17.0,2.0,5.0,-1.8125,-3.875,-1.875,94855.75,0x683f
1678222982.6532428,8622.0,3488.0,732.0,8.625,-23.5,92.75,-375.0,-909.0,-29.0,6.0,-14.0,13.0,0.6875,4.6875,1.1875,94855.75,0x683f
1678222982.715156,8619.0,3490.0,712.0,9.0625,-23.625,92.8125,-432.0,-985.0,-7.0,-38.0,-89.0,37.0,4.625,16.9375,8.125,94855.75,0x683f
1678222982.7767239,8609.0,3503.0,721.0,9.5,-24.5,93.0,-484.0,-955.0,37.0,-72.0,-66.0,85.0,8.5625,32.0625,30.5625,94857.25,0x683f
1678222982.8417768,8352.0,3406.0,629.0,9.875,-27.0625,93.9375,-611.0,-986.0,-30.0,-154.0,-121.0,34.0,12.5,87.6875,83.625,94857.25,0x683f
1678222982.902737,8975.0,3776.0,933.0,8.0,-33.3125,97.8125,-699.0,-931.0,-145.0,-160.0,-120.0,-33.0,-5.375,135.5,143.75,94857.25,0x683f
1678222982.964352,9278.0,3963.0,554.0,6.25,-40.8125,107.9375,-718.0,-702.0,-398.0,-77.0,3.0,-170.0,-48.8125,206.375,195.6875,94857.25,0x683f
1678222983.024905,8921.0,3822.0,690.0,3.5625,-44.8125,129.125,-661.0,-365.0,-683.0,25.0,140.0,-201.0,-95.6875,298.9375,216.375,94857.25,0x683f
1678222983.086346,8595.0,3480.0,907.0,359.1875,-39.4375,152.75,-693.0,-183.0,-753.0,-84.0,133.0,-52.0,-113.625,199.125,157.5625,94857.25,0x683f
1678222983.148886,9089.0,3982.0,446.0,307.8125,-34.125,166.625,-491.0,-104.0,-712.0,50.0,60.0,87.0,-99.5625,85.375,96.3125,94866.25,0x683f
