1679503392.507572,9103.0,3923.0,684.0,350.0625,-14.4375,93.125,-225.0,-958.0,-18.0,22.0,-11.0,32.0,-4.4375,-15.125,-1.5,93068.75,0x683f
1679503392.584117,8560.0,3452.0,778.0,349.4375,-14.25,93.0,-222.0,-957.0,-24.0,18.0,-8.0,24.0,-2.625,-12.3125,-2.0,93068.75,0x683f
1679503392.649529,8561.0,3447.0,806.0,348.8125,-14.0,92.75,-201.0,-950.0,-5.0,34.0,0.0,40.0,-2.9375,-11.375,-2.125,93068.75,0x683f
1679503392.716757,8523.0,3434.0,788.0,348.625,-13.75,92.5,-231.0,-939.0,-15.0,0.0,10.0,27.0,-0.25,-2.3125,-0.875,93068.75,0x683f
1679503392.7806861,8855.0,3593.0,432.0,348.4375,-13.75,92.4375,-245.0,-942.0,-35.0,-12.0,9.0,5.0,0.25,-4.5,-0.875,93068.75,0x683f
1679503392.852143,8853.0,3628.0,429.0,348.3125,-13.75,92.375,-247.0,-947.0,-27.0,-13.0,4.0,12.0,-0.5625,-3.8125,0.5625,93068.75,0x683f
1679503392.9129238,8861.0,3619.0,437.0,348.0,-13.8125,92.3125,-234.0,-955.0,-24.0,1.0,-2.0,14.0,-0.75,-4.625,1.4375,93079.25,0x683f
1679503392.977728,8724.0,3537.0,596.0,347.5625,-13.875,92.25,-240.0,-957.0,-35.0,-4.0,-6.0,2.0,-1.125,-10.375,-0.3125,93079.25,0x683f
1679503393.056782,8309.0,3122.0,580.0,347.0625,-13.875,92.125,-231.0,-941.0,-17.0,1.0,8.0,17.0,-1.625,-8.0,-0.875,93079.25,0x683f
1679503393.135594,8306.0,3098.0,582.0,346.5,-13.9375,92.0625,-224.0,-944.0,0.0,21.0,1.0,40.0,-0.1875,-6.3125,1.375,93079.25,0x683f
1679503393.215904,8288.0,3100.0,575.0,346.5,-13.9375,91.8125,-227.0,-949.0,-22.0,5.0,3.0,2.0,1.5,-3.625,-0.25,93079.25,0x683f
1679503393.291174,8851.0,3622.0,369.0,346.3125,-13.875,91.625,-212.0,-951.0,-19.0,20.0,-1.0,11.0,1.75,0.125,-0.375,93074.25,0x683f
1679503393.367003,8803.0,3590.0,539.0,346.5625,-13.875,91.5625,-244.0,-945.0,-25.0,-9.0,6.0,0.0,0.6875,3.5625,1.5,93074.25,0x683f
1679503393.4401312,8734.0,3502.0,393.0,346.8125,-14.0625,91.5625,-253.0,-943.0,-18.0,-15.0,4.0,10.0,1.0625,2.8125,2.875,93074.25,0x683f
1679503393.506658,8897.0,3633.0,379.0,346.6875,-14.1875,91.5,-243.0,-946.0,-17.0,-2.0,3.0,7.0,1.125,-2.625,1.0625,93074.25,0x683f
1679503393.5841238,8266.0,3107.0,580.0,346.6875,-14.25,91.4375,-226.0,-939.0,-18.0,13.0,8.0,10.0,-0.375,0.875,-0.1875,93074.25,0x683f
1679503393.658397,8428.0,3311.0,622.0,346.9375,-14.1875,91.4375,-244.0,-935.0,-6.0,-4.0,14.0,17.0,0.9375,4.75,-1.4375,93074.5,0x683f
1679503393.721189,8310.0,3147.0,560.0,347.375,-14.125,91.4375,-245.0,-954.0,-5.0,-3.0,-3.0,20.0,1.25,3.3125,-0.125,93074.5,0x683f
1679503393.784003,8869.0,3733.0,627.0,347.6875,-14.125,91.375,-233.0,-952.0,-13.0,8.0,1.0,11.0,1.375,10.1875,1.6875,93074.5,0x683f
1679503393.848364,8481.0,3328.0,636.0,348.5,-14.25,91.5,-243.0,-941.0,-26.0,0.0,8.0,0.0,0.75,17.8125,3.8125,93074.5,0x683f
1679503393.909417,8926.0,3790.0,678.0,348.8125,-14.4375,91.6875,-267.0,-940.0,-47.0,-18.0,1.0,-8.0,-2.625,-6.3125,1.875,93074.5,0x683f
1679503393.978894,8340.0,3154.0,538.0,347.75,-14.625,91.75,-229.0,-945.0,-6.0,22.0,5.0,25.0,-4.0625,-9.1875,3.5,93074.5,0x683f
1679503394.04673,8433.0,3285.0,599.0,347.4375,-14.8125,91.875,-245.0,-942.0,-5.0,3.0,3.0,25.0,-0.125,0.9375,0.5625,93074.5,0x683f
1679503394.11201,8828.0,3600.0,355.0,347.4375,-14.8125,91.75,-261.0,-948.0,-16.0,-9.0,0.0,14.0,0.125,-2.4375,0.5625,93074.5,0x683f
1679503394.178126,9125.0,3927.0,481.0,347.25,-14.875,91.6875,-259.0,-944.0,-20.0,-3.0,3.0,5.0,0.4375,-1.875,1.4375,93074.5,0x683f
1679503394.242203,8677.0,3523.0,540.0,347.0625,-15.0,91.6875,-251.0,-939.0,-24.0,2.0,7.0,3.0,0.1875,-2.0625,1.25,93074.5,0x683f
1679503394.3084748,8583.0,3396.0,419.0,346.75,-15.0,91.625,-261.0,-937.0,-27.0,-1.0,4.0,4.0,-0.5,-8.5625,-0.8125,93074.5,0x683f
1679503394.377912,8938.0,3727.0,331.0,346.375,-14.9375,91.5,-241.0,-947.0,-9.0,12.0,1.0,16.0,0.125,-6.875,-1.4375,93074.5,0x683f
1679503394.447768,8595.0,3458.0,408.0,346.125,-14.8125,91.375,-236.0,-948.0,-14.0,15.0,-1.0,1.0,0.625,-0.8125,-1.5625,93073.25,0x683f
1679503394.511313,8659.0,3565.0,502.0,346.375,-14.75,91.3125,-243.0,-951.0,-35.0,4.0,-6.0,-15.0,0.5,2.9375,-0.75,93073.25,0x683f
1679503394.577645,8679.0,3543.0,492.0,346.625,-14.75,91.4375,-250.0,-942.0,-25.0,5.0,9.0,4.0,-1.75,5.5625,2.3125,93073.25,0x683f
1679503394.642994,8580.0,3476.0,366.0,346.875,-14.8125,91.625,-259.0,-933.0,-11.0,-8.0,14.0,15.0,0.5625,5.75,-1.0625,93073.25,0x683f
1679503394.709904,8850.0,3742.0,278.0,347.1875,-14.75,91.5625,-270.0,-944.0,-16.0,-15.0,0.0,10.0,0.8125,0.25,-1.75,93073.25,0x683f
1679503394.785654,8541.0,3449.0,404.0,347.125,-14.75,91.5625,-272.0,-941.0,-22.0,-21.0,6.0,2.0,-1.25,-5.875,-0.375,93077.5,0x683f
1679503394.851833,8558.0,3452.0,354.0,346.5,-14.8125,91.4375,-239.0,-945.0,0.0,12.0,0.0,20.0,0.1875,-11.375,-0.1875,93077.5,0x683f
1679503394.919029,8551.0,3446.0,373.0,345.875,-14.8125,91.25,-255.0,-954.0,-16.0,4.0,-8.0,10.0,0.0625,-7.375,0.9375,93077.5,0x683f
1679503394.984334,8587.0,3456.0,365.0,345.4375,-14.9375,91.125,-244.0,-945.0,-6.0,9.0,6.0,12.0,0.875,-5.5,1.625,93077.5,0x683f
1679503395.049286,8568.0,3465.0,364.0,345.0,-14.9375,90.9375,-243.0,-943.0,-9.0,15.0,3.0,7.0,1.0,-8.4375,0.1875,93077.5,0x683f
1679503395.113133,8693.0,3462.0,353.0,344.5625,-14.9375,90.75,-246.0,-945.0,-9.0,6.0,1.0,3.0,0.875,-3.5625,0.125,93077.5,0x683f
1679503395.1774552,8584.0,3447.0,346.0,344.375,-14.9375,90.625,-243.0,-944.0,0.0,7.0,2.0,7.0,0.4375,-2.9375,0.625,93067.5,0x683f
1679503395.2675352,8576.0,3472.0,356.0,344.3125,-14.9375,90.625,-252.0,-944.0,0.0,-1.0,3.0,8.0,-0.375,-3.0625,-0.25,93067.5,0x683f
1679503395.334089,8277.0,3185.0,498.0,343.875,-14.9375,90.5,-244.0,-945.0,4.0,8.0,1.0,13.0,-0.0625,-3.0,-0.0625,93067.5,0x683f
1679503395.404025,8533.0,3476.0,400.0,343.6875,-14.9375,90.4375,-245.0,-944.0,-4.0,6.0,3.0,2.0,0.125,-2.9375,-0.75,93067.5,0x683f
1679503395.470672,8600.0,3472.0,348.0,343.5625,-14.875,90.375,-248.0,-946.0,-1.0,3.0,0.0,4.0,-0.125,-1.5625,-0.25,93067.5,0x683f
1679503395.53969,8429.0,3221.0,463.0,343.5,-14.875,90.3125,-253.0,-943.0,2.0,-1.0,4.0,8.0,-0.3125,-1.25,0.6875,93080.75,0x683f
1679503395.603761,8720.0,3497.0,357.0,343.3125,-14.9375,90.3125,-259.0,-942.0,3.0,-2.0,2.0,9.0,-0.9375,-4.375,0.875,93080.75,0x683f
1679503395.6695051,8616.0,3455.0,354.0,343.0,-15.0,90.25,-245.0,-943.0,4.0,9.0,3.0,8.0,0.9375,-1.3125,1.25,93080.75,0x683f
1679503395.73552,8633.0,3487.0,416.0,342.875,-15.0625,90.1875,-255.0,-944.0,-5.0,4.0,2.0,0.0,0.75,-1.4375,1.0,93080.75,0x683f
1679503395.800595,8726.0,3505.0,406.0,342.8125,-15.1875,90.125,-260.0,-939.0,-3.0,-2.0,7.0,0.0,-0.375,0.3125,1.75,93080.75,0x683f
1679503395.864032,9151.0,3961.0,540.0,342.625,-15.3125,90.125,-259.0,-946.0,2.0,0.0,0.0,6.0,-0.25,-1.625,2.125,93080.75,0x683f
1679503395.926628,8602.0,3463.0,457.0,342.5,-15.4375,90.125,-254.0,-938.0,0.0,7.0,6.0,2.0,0.0625,-1.25,1.9375,93076.0,0x683f
1679503395.991709,8615.0,3460.0,434.0,342.3125,-15.5625,90.125,-257.0,-946.0,-1.0,5.0,-2.0,1.0,0.0625,0.3125,2.125,93076.0,0x683f
1679503396.0574431,8892.0,3678.0,392.0,342.1875,-15.6875,90.125,-253.0,-942.0,4.0,12.0,1.0,7.0,0.75,-0.8125,0.875,93076.0,0x683f
1679503396.12472,8608.0,3449.0,449.0,342.3125,-15.6875,90.0625,-256.0,-938.0,-4.0,8.0,5.0,-2.0,1.0625,-0.125,-0.6875,93076.0,0x683f
1679503396.196983,8306.0,3164.0,582.0,342.75,-15.625,90.0,-264.0,-943.0,2.0,0.0,3.0,1.0,1.25,-0.25,-0.9375,93076.0,0x683f
1679503396.260749,8711.0,3428.0,421.0,342.6875,-15.5625,90.0,-249.0,-942.0,16.0,14.0,1.0,17.0,-0.75,-1.0,0.1875,93076.0,0x683f
1679503396.332088,8446.0,3206.0,529.0,342.75,-15.5625,90.0,-258.0,-935.0,9.0,5.0,8.0,10.0,-0.6875,-0.6875,-0.0625,93079.5,0x683f
1679503396.398999,8770.0,3445.0,434.0,342.6875,-15.5625,90.0,-263.0,-942.0,0.0,0.0,2.0,0.0,-0.125,-1.5,-0.375,93079.5,0x683f
1679503396.46368,8296.0,3151.0,585.0,342.625,-15.5625,90.0,-266.0,-940.0,1.0,-2.0,3.0,2.0,-0.9375,-2.0,0.625,93079.5,0x683f
1679503396.5261388,8623.0,3439.0,454.0,342.5,-15.625,90.0625,-256.0,-944.0,5.0,8.0,0.0,6.0,-0.4375,0.3125,0.8125,93079.5,0x683f
1679503396.589785,8754.0,3439.0,462.0,342.5,-15.625,90.0625,-253.0,-944.0,8.0,11.0,0.0,9.0,-0.625,0.5,0.25,93079.5,0x683f
1679503396.6562822,8705.0,3431.0,446.0,342.5625,-15.625,90.0625,-259.0,-939.0,1.0,5.0,4.0,3.0,-0.0625,1.1875,-0.0625,93079.5,0x683f
1679503396.7336261,8877.0,3667.0,383.0,342.5625,-15.625,90.0625,-259.0,-944.0,4.0,3.0,-1.0,2.0,0.3125,1.375,-0.375,93083.0,0x683f
1679503396.813289,8741.0,3440.0,424.0,342.625,-15.625,90.125,-262.0,-942.0,-1.0,2.0,2.0,0.0,-0.875,-0.375,-0.25,93083.0,0x683f
1679503396.881543,8650.0,3472.0,485.0,342.625,-15.625,90.125,-257.0,-939.0,6.0,10.0,2.0,11.0,-0.5,-0.9375,-1.0625,93083.0,0x683f
1679503396.9475882,8502.0,3227.0,564.0,342.6875,-15.5625,90.1875,-267.0,-946.0,9.0,-1.0,-2.0,14.0,-0.4375,-1.0625,-1.5625,93083.0,0x683f
1679503397.0146308,9026.0,3702.0,405.0,342.6875,-15.4375,90.1875,-275.0,-942.0,9.0,-12.0,0.0,11.0,-0.1875,-4.5625,-0.8125,93083.0,0x683f
1679503397.0774899,9159.0,3699.0,432.0,342.3125,-15.4375,90.0625,-276.0,-948.0,23.0,-14.0,-3.0,24.0,0.8125,-9.3125,-0.125,93078.5,0x683f
1679503397.141979,8797.0,3460.0,455.0,341.6875,-15.5,89.625,-280.0,-953.0,25.0,-18.0,-8.0,20.0,2.5,-14.875,1.5,93078.5,0x683f
1679503397.210461,8771.0,3349.0,506.0,340.5625,-15.6875,89.0,-294.0,-960.0,56.0,-26.0,-19.0,35.0,5.5625,-18.625,5.125,93078.5,0x683f
1679503397.277378,8804.0,3472.0,570.0,339.3125,-16.3125,88.1875,-314.0,-959.0,38.0,-45.0,-16.0,2.0,7.25,-7.6875,12.0625,93078.5,0x683f
1679503397.347598,8684.0,3303.0,606.0,338.125,-17.125,87.375,-460.0,-1016.0,11.0,-178.0,-92.0,-34.0,8.5,-52.0625,31.4375,93078.5,0x683f
1679503397.4176939,9070.0,3631.0,645.0,330.4375,-20.5625,84.875,-553.0,-1024.0,42.0,-199.0,-108.0,-27.0,7.0,-88.875,78.5625,93078.5,0x683f
1679503397.4882848,8476.0,3180.0,815.0,319.8125,-25.9375,81.375,-648.0,-952.0,75.0,-218.0,-80.0,-56.0,2.8125,-109.25,107.0625,93076.75,0x683f
1679503397.56107,8522.0,3134.0,802.0,307.0625,-32.375,76.3125,-727.0,-847.0,115.0,-210.0,-65.0,-62.0,-4.625,-117.0625,131.4375,93076.75,0x683f
1679503397.6275442,8581.0,3174.0,754.0,292.8125,-39.8125,70.0625,-798.0,-754.0,166.0,-151.0,-36.0,-99.0,-9.25,-73.75,161.0625,93076.75,0x683f
1679503397.690594,8470.0,3256.0,704.0,280.625,-47.25,63.6875,-785.0,-520.0,159.0,-20.0,79.0,-146.0,-23.125,-62.0,173.25,93076.75,0x683f
1679503397.7566469,8483.0,3082.0,592.0,266.125,-54.875,53.8125,-802.0,-354.0,166.0,27.0,98.0,-164.0,-47.375,-84.6875,155.0,93076.75,0x683f
1679503397.821014,8047.0,2299.0,444.0,252.3125,-57.8125,40.125,-726.0,-203.0,273.0,103.0,133.0,-125.0,-58.875,-105.0,128.8125,93077.5,0x683f
1679503397.8858318,8807.0,3008.0,594.0,242.875,-56.0625,30.125,-545.0,-99.0,353.0,268.0,174.0,-119.0,-61.125,-84.25,70.0,93077.5,0x683f
1679503397.950167,8833.0,3048.0,676.0,236.0625,-52.8125,26.0625,-679.0,-215.0,389.0,109.0,37.0,-135.0,-60.125,-90.125,21.125,93077.5,0x683f
1679503398.0208142,8756.0,2594.0,898.0,232.8125,-47.25,26.4375,-739.0,-351.0,427.0,0.0,-76.0,-125.0,-52.5,-94.125,-11.6875,93077.5,0x683f
1679503398.090014,8443.0,2731.0,571.0,231.75,-41.3125,27.25,-674.0,-466.0,477.0,93.0,-146.0,-134.0,-36.0625,-140.125,-32.9375,93077.5,0x683f
1679503398.156565,9434.0,3144.0,626.0,231.5,-31.0625,28.25,-478.0,-540.0,650.0,50.0,-190.0,-74.0,-33.0,-117.25,-40.5,93077.5,0x683f
1679503398.227179,8450.0,2623.0,525.0,231.875,-25.25,29.8125,-352.0,-650.0,706.0,66.0,-209.0,-62.0,-32.625,-70.4375,-30.5,93073.75,0x683f
1679503398.298607,8559.0,2744.0,415.0,232.1875,-21.1875,31.3125,-290.0,-675.0,822.0,51.0,-205.0,53.0,-22.0,-20.4375,-15.5,93073.75,0x683f
1679503398.376066,8535.0,2659.0,323.0,232.3125,-20.75,32.4375,-402.0,-714.0,814.0,-44.0,-163.0,1.0,5.25,19.5625,14.125,93073.75,0x683f
1679503398.439466,8328.0,2416.0,464.0,232.0,-22.5,31.9375,-396.0,-522.0,763.0,-45.0,-44.0,6.0,20.875,31.8125,11.0,93073.75,0x683f
1679503398.511016,8671.0,2946.0,727.0,231.875,-22.75,29.6875,-395.0,-531.0,866.0,67.0,-149.0,186.0,40.375,-26.0625,7.0625,93073.75,0x683f
1679503398.575812,8995.0,3035.0,540.0,232.0625,-23.8125,26.3125,-307.0,-670.0,950.0,89.0,-272.0,147.0,76.5,69.625,17.0625,93083.5,0x683f
1679503398.6399229,9061.0,2941.0,736.0,232.0,-30.5,22.125,-427.0,-547.0,780.0,121.0,-259.0,19.0,106.5625,191.75,22.0625,93083.5,0x683f
1679503398.709422,8713.0,2763.0,778.0,235.375,-46.6875,16.4375,-521.0,-424.0,560.0,153.0,-197.0,-141.0,109.3125,234.75,35.25,93083.5,0x683f
1679503398.7755651,8927.0,2849.0,740.0,238.375,-60.75,10.9375,-686.0,-226.0,333.0,169.0,-134.0,-151.0,103.3125,160.1875,20.0,93083.5,0x683f
1679503398.8379421,8581.0,2824.0,774.0,242.0625,-68.5625,6.375,-785.0,-6.0,129.0,132.0,28.0,-212.0,108.75,95.5,-12.0625,93083.5,0x683f
1679503398.900189,8788.0,3084.0,698.0,248.25,-73.4375,6.0,-692.0,176.0,125.0,251.0,208.0,-136.0,108.5625,102.625,-48.1875,93083.5,0x683f
1679503398.960978,8529.0,2810.0,980.0,257.75,-81.1875,23.6875,-758.0,130.0,15.0,210.0,191.0,-121.0,101.8125,175.9375,-52.3125,93068.25,0x683f
1679503399.020544,8612.0,3054.0,823.0,267.125,-83.5,173.875,-904.0,-40.0,-252.0,70.0,64.0,-217.0,100.25,182.0,-46.875,93068.25,0x683f
1679503399.08061,8499.0,2850.0,885.0,277.0625,-76.0,139.8125,-1457.0,-231.0,-655.0,-506.0,-78.0,-474.0,91.375,86.125,-28.875,93068.25,0x683f
1679503399.1419158,8530.0,2856.0,899.0,283.9375,-74.375,133.5625,-1138.0,-194.0,-407.0,-327.0,50.0,-226.0,46.3125,-5.0,-11.0625,93068.25,0x683f
1679503399.2021492,8639.0,2684.0,893.0,285.9375,-75.4375,122.625,-1064.0,-158.0,-214.0,-119.0,53.0,-82.0,10.75,-101.3125,-11.9375,93068.25,0x683f
1679503399.267016,8483.0,2926.0,958.0,285.375,-76.6875,84.875,-990.0,-82.0,-21.0,-36.0,142.0,-41.0,7.5,-272.375,-35.5,93068.25,0x683f
1679503399.330699,8502.0,3052.0,804.0,284.0,-64.625,39.3125,-671.0,-127.0,281.0,193.0,146.0,-92.0,-10.6875,-320.4375,-48.0,93079.5,0x683f
1679503399.396374,8610.0,3117.0,742.0,282.875,-46.0625,27.75,-401.0,-322.0,851.0,248.0,-44.0,214.0,-5.9375,-182.25,-38.6875,93079.5,0x683f
1679503399.461681,8573.0,3080.0,752.0,282.9375,-40.1875,26.6875,-683.0,-332.0,773.0,-60.0,5.0,95.0,1.5625,-87.5625,-8.5625,93079.5,0x683f
1679503399.541003,8469.0,3026.0,816.0,282.5,-36.0,25.5,-485.0,-377.0,795.0,86.0,-35.0,76.0,-0.3125,-26.4375,-1.25,93079.5,0x683f
1679503399.62605,8484.0,2976.0,733.0,282.3125,-35.1875,25.25,-558.0,-369.0,732.0,7.0,-26.0,8.0,-1.3125,16.125,1.0,93079.5,0x683f
1679503399.702633,8482.0,2949.0,710.0,282.4375,-36.0625,25.75,-609.0,-367.0,697.0,-34.0,-19.0,-16.0,-4.0,0.75,0.4375,93079.5,0x683f
1679503399.768667,8478.0,2949.0,715.0,282.25,-35.9375,26.0,-589.0,-349.0,717.0,-22.0,-10.0,11.0,-4.5,-4.9375,0.3125,93074.75,0x683f
1679503399.8339992,8492.0,3001.0,763.0,282.0625,-35.875,26.125,-570.0,-400.0,774.0,4.0,-50.0,61.0,0.125,7.8125,2.75,93074.75,0x683f
1679503399.898252,8596.0,3164.0,866.0,282.1875,-37.3125,26.125,-759.0,-397.0,737.0,-158.0,-56.0,41.0,13.4375,46.5625,11.625,93074.75,0x683f
1679503399.9610932,8744.0,3247.0,811.0,281.625,-39.375,24.5625,-767.0,-166.0,788.0,-144.0,148.0,99.0,17.0625,10.9375,32.75,93074.75,0x683f
1679503400.0293,8748.0,3338.0,819.0,279.5,-41.0,22.3125,-736.0,-46.0,738.0,-88.0,229.0,55.0,4.3125,13.75,49.75,93074.75,0x683f
1679503400.092342,8776.0,3145.0,1018.0,276.0,-42.9375,20.125,-732.0,-26.0,639.0,-64.0,217.0,-35.0,-8.0625,8.875,47.4375,93080.0,0x683f
1679503400.1619189,9007.0,3171.0,945.0,273.1875,-43.9375,18.625,-771.0,-28.0,635.0,-88.0,194.0,-30.0,-25.1875,13.25,41.1875,93080.0,0x683f
1679503400.224006,8435.0,2646.0,836.0,269.25,-45.5625,18.5625,-678.0,10.0,566.0,32.0,220.0,-100.0,-36.875,19.25,24.5625,93080.0,0x683f
1679503400.288795,8512.0,3016.0,686.0,267.6875,-47.0,20.75,-717.0,-107.0,430.0,128.0,7.0,-155.0,-46.125,-0.1875,-11.75,93080.0,0x683f
1679503400.3627572,8744.0,2836.0,772.0,268.0625,-46.75,25.1875,-653.0,-416.0,422.0,59.0,-109.0,-177.0,-45.4375,6.4375,-52.5,93080.0,0x683f
1679503400.42479,8332.0,2502.0,784.0,270.8125,-44.625,32.875,-603.0,-597.0,519.0,85.0,-218.0,-66.0,-46.6875,-6.5625,-62.125,93080.0,0x683f
1679503400.488837,8526.0,2529.0,816.0,273.25,-41.25,38.0,-548.0,-617.0,571.0,130.0,-184.0,4.0,-33.4375,-26.25,-54.1875,93060.5,0x683f
1679503400.551765,8675.0,2652.0,735.0,274.6875,-39.25,40.1875,-513.0,-621.0,603.0,112.0,-124.0,21.0,-19.5625,-9.0,-33.0,93060.5,0x683f
1679503400.615757,8706.0,2599.0,847.0,276.3125,-36.375,42.625,-528.0,-615.0,605.0,74.0,-71.0,10.0,-15.375,-33.5625,-23.0625,93060.5,0x683f
1679503400.6797209,8680.0,2581.0,944.0,276.6875,-33.375,43.0,-413.0,-633.0,637.0,114.0,-52.0,36.0,-15.5625,-47.375,-31.625,93060.5,0x683f
1679503400.743863,8732.0,2619.0,855.0,277.5625,-31.3125,44.1875,-680.0,-708.0,633.0,-133.0,-82.0,34.0,-4.625,32.0,-7.875,93060.5,0x683f
1679503400.808903,8751.0,2669.0,850.0,277.125,-31.375,44.1875,-475.0,-667.0,696.0,72.0,-59.0,119.0,-0.125,-9.6875,10.0,93060.5,0x683f
1679503400.869901,8903.0,2782.0,844.0,275.9375,-31.6875,43.1875,-343.0,-728.0,737.0,172.0,-157.0,130.0,8.5,11.75,29.25,93068.75,0x683f
1679503400.9340858,8555.0,2744.0,891.0,273.1875,-35.3125,42.1875,-604.0,-776.0,610.0,1.0,-262.0,17.0,30.625,79.5625,72.625,93068.75,0x683f
1679503401.003882,8256.0,2568.0,726.0,268.5,-44.125,38.875,-514.0,-695.0,491.0,162.0,-245.0,-86.0,36.5,118.6875,97.3125,93068.75,0x683f
1679503401.072384,8535.0,2171.0,621.0,264.4375,-54.0625,36.6875,-691.0,-515.0,278.0,95.0,-100.0,-188.0,39.6875,144.3125,107.1875,93068.75,0x683f
1679503401.144792,8772.0,2786.0,941.0,259.25,-66.25,32.5,-801.0,-310.0,200.0,89.0,26.0,-108.0,29.9375,109.5,91.3125,93068.75,0x683f
1679503401.212212,8765.0,2901.0,990.0,255.625,-75.5,26.75,-1103.0,-30.0,90.0,-154.0,79.0,-127.0,20.75,96.5,80.1875,93068.75,0x683f
1679503401.293949,8407.0,2849.0,851.0,252.5625,-79.6875,10.75,-1042.0,205.0,183.0,-96.0,237.0,-1.0,19.3125,23.1875,71.0,93071.75,0x683f
1679503401.36529,8707.0,3083.0,843.0,247.5625,-80.6875,-29.4375,-1107.0,365.0,110.0,-139.0,287.0,-27.0,10.4375,1.5,65.375,93071.75,0x683f
1679503401.4383051,8751.0,2917.0,713.0,244.5625,-77.5625,-40.6875,-879.0,246.0,140.0,107.0,125.0,-51.0,1.6875,-42.9375,49.0,93071.75,0x683f
1679503401.5027158,9118.0,3355.0,847.0,241.4375,-72.9375,-42.125,-786.0,245.0,86.0,147.0,33.0,-129.0,-13.0625,-50.875,23.375,93071.75,0x683f
1679503401.566356,8816.0,2908.0,945.0,240.875,-69.375,-34.75,-738.0,177.0,186.0,201.0,-4.0,-106.0,-16.625,-88.8125,-6.3125,93071.75,0x683f
1679503401.6306188,9433.0,3188.0,889.0,241.1875,-65.875,-27.125,-804.0,185.0,318.0,108.0,2.0,3.0,-25.5,-64.8125,-10.625,93068.25,0x683f
1679503401.697462,8901.0,2973.0,773.0,240.6875,-63.375,-22.6875,-960.0,228.0,341.0,-95.0,60.0,-84.0,-15.625,-28.875,3.6875,93068.25,0x683f
1679503401.76288,8954.0,3022.0,714.0,240.125,-61.0,-19.9375,-744.0,213.0,538.0,113.0,51.0,91.0,-27.5625,-35.25,-0.5625,93068.25,0x683f
1679503401.830552,8847.0,2850.0,466.0,239.375,-59.625,-17.75,-785.0,243.0,584.0,-39.0,46.0,89.0,-23.125,-14.0,-2.5,93068.25,0x683f
1679503401.894419,8553.0,2828.0,397.0,238.875,-57.6875,-15.0,-826.0,224.0,610.0,-5.0,75.0,100.0,-19.0,-29.9375,-2.375,93068.25,0x683f
1679503401.9542348,8791.0,3166.0,780.0,238.3125,-55.1875,-12.9375,-949.0,90.0,649.0,-125.0,-37.0,92.0,-25.6875,-57.1875,7.1875,93068.25,0x683f
1679503402.013474,8795.0,3090.0,833.0,237.375,-51.625,-11.3125,-791.0,111.0,612.0,-30.0,-93.0,-184.0,-40.5625,-82.5,13.625,93067.25,0x683f
1679503402.079253,8632.0,2930.0,932.0,236.6875,-41.875,-6.4375,-156.0,183.0,803.0,458.0,16.0,19.0,-58.3125,-132.75,-18.75,93067.25,0x683f
1679503402.153654,8299.0,2741.0,799.0,236.6875,-41.4375,-2.1875,-404.0,135.0,721.0,263.0,94.0,28.0,-22.4375,101.75,-30.75,93067.25,0x683f
1679503402.224798,9363.0,3453.0,792.0,237.8125,-52.5,-0.875,-819.0,93.0,529.0,-14.0,80.0,-30.0,42.0,270.25,6.75,93067.25,0x683f
1679503402.288191,9039.0,3105.0,768.0,239.0,-67.8125,-5.875,-1517.0,232.0,90.0,-603.0,191.0,-264.0,28.875,84.0625,7.3125,93067.25,0x683f
1679503402.3521512,8738.0,2967.0,996.0,237.8125,-67.625,-10.3125,-1222.0,139.0,531.0,-315.0,71.0,164.0,1.625,-42.5,50.3125,93067.25,0x683f
1679503402.4137359,8835.0,3049.0,960.0,234.75,-62.125,-16.375,-1079.0,244.0,419.0,-39.0,114.0,-59.0,11.3125,-151.375,72.5,93072.25,0x683f
1679503402.478869,8670.0,2946.0,818.0,232.0625,-52.75,-19.3125,-683.0,114.0,645.0,82.0,-93.0,68.0,35.5625,-143.375,59.6875,93072.25,0x683f
1679503402.544696,8480.0,2940.0,786.0,230.1875,-42.6875,-23.0625,-611.0,167.0,651.0,53.0,-114.0,-11.0,45.5,-95.8125,69.4375,93072.25,0x683f
1679503402.6085749,8810.0,3075.0,826.0,228.5625,-35.5625,-25.875,-435.0,226.0,626.0,118.0,-130.0,-99.0,27.1875,-114.3125,55.25,93072.25,0x683f
1679503402.6723971,8731.0,3123.0,831.0,227.125,-28.875,-27.75,-395.0,191.0,598.0,78.0,-208.0,-161.0,27.6875,-54.625,38.9375,93072.25,0x683f
1679503402.737838,8514.0,3102.0,891.0,226.1875,-25.5625,-29.5625,-266.0,220.0,279.0,186.0,-229.0,-539.0,15.875,-37.0,22.5,93072.25,0x683f
1679503402.802748,8636.0,2933.0,917.0,226.0,-25.25,-29.0,293.0,34.0,-392.0,712.0,-395.0,-1168.0,-57.375,-5.5625,-54.875,93070.5,0x683f
1679503402.8718772,8509.0,3129.0,934.0,232.4375,-28.6875,-17.5,-234.0,-43.0,1227.0,263.0,-242.0,406.0,-257.625,112.1875,-295.4375,93070.5,0x683f
1679503402.937648,8543.0,3032.0,929.0,240.5625,-37.625,2.3125,-2737.0,-570.0,3317.0,-1461.0,-244.0,2348.0,63.5,-52.625,83.8125,93070.5,0x683f
1679503403.0021062,8560.0,3034.0,896.0,234.875,-29.9375,-12.875,-471.0,232.0,606.0,18.0,43.0,-221.0,148.25,-126.0,144.4375,93070.5,0x683f
1679503403.067094,8523.0,3019.0,948.0,231.5,-23.125,-21.1875,757.0,147.0,-596.0,1317.0,-179.0,-1638.0,27.375,-30.5625,14.875,93070.5,0x683f
1679503403.1303911,8795.0,3385.0,886.0,235.0,-25.9375,-14.4375,918.0,-166.0,-84.0,1372.0,-329.0,-938.0,-307.5,160.8125,-297.25,93071.0,0x683f
1679503403.190062,8585.0,3008.0,1111.0,245.9375,-40.0,13.0625,-3931.0,-1587.0,2812.0,-3301.0,-1417.0,2081.0,14.3125,-18.9375,76.0,93071.0,0x683f
1679503403.2524219,8708.0,3090.0,862.0,238.9375,-34.5625,-3.9375,-813.0,2.0,284.0,-256.0,-52.0,-520.0,167.5,-166.25,214.625,93071.0,0x683f
1679503403.318385,8623.0,3070.0,834.0,232.875,-26.25,-14.4375,1231.0,129.0,-400.0,1665.0,-90.0,-1252.0,11.625,-23.6875,26.0,93071.0,0x683f
1679503403.384536,8958.0,3090.0,851.0,237.875,-27.8125,-4.875,747.0,-39.0,-323.0,1204.0,-113.0,-1187.0,-273.5625,76.3125,-260.625,93071.0,0x683f
1679503403.458751,8621.0,3281.0,901.0,246.875,-32.75,19.0,-3353.0,-1872.0,3131.0,-2809.0,-1595.0,2363.0,27.0,59.0,107.5,93071.0,0x683f
1679503403.5212421,8626.0,3252.0,824.0,239.125,-32.8125,3.4375,233.0,367.0,444.0,1117.0,317.0,-554.0,175.3125,-121.875,154.5,93066.0,0x683f
1679503403.590407,8596.0,3229.0,905.0,234.75,-27.1875,-9.5625,1578.0,255.0,-438.0,2026.0,110.0,-1297.0,18.4375,19.625,-33.0625,93066.0,0x683f
1679503403.658869,8829.0,3213.0,761.0,242.375,-32.3125,1.875,-1119.0,-830.0,638.0,-875.0,-889.0,-137.0,-194.8125,113.25,-215.375,93066.0,0x683f
1679503403.7224,8934.0,3240.0,744.0,247.75,-34.3125,15.625,-1342.0,-503.0,1465.0,-486.0,-136.0,697.0,-13.6875,-22.1875,16.5625,93066.0,0x683f
1679503403.790349,8756.0,3206.0,783.0,246.8125,-33.5625,14.25,-151.0,52.0,755.0,375.0,213.0,-51.0,23.1875,-1.1875,-3.5625,93066.0,0x683f
1679503403.8533251,8868.0,3197.0,735.0,248.6875,-32.6875,15.1875,-551.0,-274.0,788.0,-21.0,-57.0,-7.0,-25.5,-12.8125,-51.125,93066.0,0x683f
1679503403.917669,8639.0,3007.0,374.0,250.4375,-30.6875,17.875,-682.0,-250.0,792.0,-181.0,8.0,-9.0,-21.625,-30.6875,-21.3125,93068.25,0x683f
1679503403.9812648,8622.0,2696.0,575.0,250.5625,-28.375,19.125,-415.0,-355.0,858.0,36.0,-59.0,30.0,-17.8125,-38.9375,-6.625,93068.25,0x683f
1679503404.047628,8658.0,2727.0,646.0,250.4375,-26.5,19.8125,-421.0,-341.0,842.0,3.0,-54.0,-8.0,-11.4375,-7.0625,0.5,93068.25,0x683f
1679503404.113591,8717.0,2705.0,556.0,250.0,-26.4375,21.125,-419.0,-419.0,953.0,17.0,-102.0,134.0,-11.625,9.0625,10.75,93068.25,0x683f
1679503404.180877,8628.0,2742.0,590.0,249.625,-28.125,20.6875,-565.0,-284.0,906.0,64.0,77.0,55.0,16.25,16.375,10.125,93068.25,0x683f
1679503404.248106,8690.0,2833.0,657.0,249.0625,-27.3125,19.625,-292.0,-337.0,907.0,-170.0,-6.0,-28.0,19.0,35.4375,0.25,93068.25,0x683f
1679503404.312941,8655.0,2981.0,774.0,248.9375,-27.6875,18.5625,-503.0,-254.0,797.0,-46.0,21.0,-25.0,11.875,-1.25,0.1875,93065.5,0x683f
1679503404.3792121,8645.0,2984.0,858.0,248.5,-27.1875,17.8125,-484.0,-239.0,830.0,-15.0,31.0,-10.0,9.8125,-6.75,-2.9375,93065.5,0x683f
1679503404.447389,8536.0,2879.0,988.0,248.3125,-26.3125,17.5625,-351.0,-254.0,799.0,58.0,0.0,-46.0,2.375,-15.1875,-15.3125,93065.5,0x683f
1679503404.508807,8751.0,3027.0,899.0,249.375,-25.875,17.9375,-405.0,-272.0,849.0,21.0,0.0,10.0,4.375,3.6875,-24.3125,93065.5,0x683f
1679503404.575027,8452.0,2741.0,945.0,250.0625,-25.5625,18.4375,-377.0,-323.0,791.0,-23.0,-86.0,-65.0,2.9375,16.6875,-34.625,93065.5,0x683f
1679503404.640485,8581.0,2836.0,983.0,252.875,-26.0,19.5625,-401.0,-387.0,829.0,26.0,-90.0,-19.0,5.875,21.5625,-29.6875,93065.5,0x683f
1679503404.7059488,8718.0,2973.0,875.0,254.0,-26.375,20.0625,-401.0,-415.0,877.0,34.0,-113.0,52.0,8.3125,11.5,-23.8125,93067.25,0x683f
1679503404.769641,8648.0,2923.0,895.0,254.625,-26.5625,20.25,-406.0,-351.0,842.0,21.0,-50.0,16.0,8.1875,10.9375,-22.375,93067.25,0x683f
1679503404.832572,8897.0,3098.0,862.0,255.875,-26.625,20.625,-459.0,-358.0,820.0,2.0,-54.0,11.0,13.375,8.0,-18.3125,93067.25,0x683f
1679503404.896875,8731.0,3045.0,884.0,257.5625,-26.75,21.4375,-437.0,-359.0,798.0,-6.0,-39.0,-18.0,12.8125,8.8125,-15.125,93067.25,0x683f
1679503404.9606972,8714.0,3062.0,880.0,258.375,-27.0,21.5625,-486.0,-351.0,827.0,-41.0,-30.0,15.0,11.625,3.3125,-9.0625,93067.25,0x683f
1679503405.024108,8851.0,3163.0,810.0,258.5,-26.875,21.0,-442.0,-292.0,790.0,-11.0,8.0,-20.0,9.1875,1.875,-7.125,93067.25,0x683f
1679503405.0919511,8800.0,3172.0,828.0,259.0,-26.875,20.6875,-454.0,-303.0,797.0,-7.0,13.0,-15.0,8.125,3.9375,-4.6875,93077.75,0x683f
1679503405.159005,8438.0,2769.0,878.0,258.625,-27.3125,20.375,-469.0,-316.0,802.0,-17.0,-13.0,-13.0,8.0625,8.375,2.25,93077.75,0x683f
1679503405.221152,8536.0,2828.0,863.0,258.5625,-27.875,19.8125,-477.0,-262.0,788.0,-37.0,15.0,-14.0,7.0,16.0625,10.1875,93077.75,0x683f
1679503405.290106,8580.0,2818.0,735.0,257.9375,-29.1875,19.0,-503.0,-214.0,783.0,-19.0,78.0,-28.0,5.3125,10.25,12.9375,93077.75,0x683f
1679503405.356951,8427.0,2585.0,498.0,257.3125,-30.0625,18.625,-502.0,-229.0,807.0,-7.0,40.0,0.0,-1.8125,11.375,12.875,93077.75,0x683f
1679503405.4243772,8476.0,2713.0,634.0,256.625,-30.9375,18.5,-533.0,-293.0,752.0,-24.0,-26.0,-42.0,-4.0,9.75,13.5625,93059.75,0x683f
1679503405.489238,8625.0,2869.0,717.0,255.5625,-32.125,18.25,-544.0,-241.0,791.0,0.0,45.0,11.0,-1.5,13.1875,17.8125,93059.75,0x683f
1679503405.5537422,8556.0,2822.0,767.0,254.6875,-33.0625,17.9375,-545.0,-174.0,792.0,-9.0,79.0,11.0,-3.6875,12.875,14.8125,93059.75,0x683f
1679503405.620388,8303.0,2662.0,838.0,253.6875,-34.0625,17.875,-551.0,-184.0,820.0,0.0,64.0,48.0,-5.5,7.3125,13.4375,93059.75,0x683f
1679503405.689755,8555.0,2943.0,908.0,252.6875,-34.5,17.5,-564.0,-231.0,772.0,-9.0,11.0,2.0,-7.625,-5.6875,11.3125,93059.75,0x683f
1679503405.750568,8789.0,2917.0,507.0,251.5,-34.25,17.375,-565.0,-212.0,817.0,-13.0,29.0,44.0,-8.125,-2.625,16.8125,93059.75,0x683f
1679503405.812669,8678.0,2926.0,791.0,250.3125,-34.4375,16.875,-550.0,-188.0,831.0,4.0,47.0,58.0,-3.6875,1.1875,18.0,93065.25,0x683f
1679503405.8755789,8591.0,3021.0,799.0,249.25,-34.8125,16.375,-543.0,-171.0,810.0,9.0,49.0,39.0,-3.3125,2.375,15.6875,93065.25,0x683f
1679503405.93967,8825.0,3125.0,692.0,247.8125,-34.875,15.6875,-557.0,-202.0,776.0,4.0,14.0,2.0,-3.5,-1.875,14.375,93065.25,0x683f
1679503406.005718,8768.0,3008.0,690.0,246.375,-34.9375,15.375,-531.0,-158.0,813.0,29.0,54.0,38.0,-7.125,3.5625,12.0,93065.25,0x683f
1679503406.070355,8716.0,2908.0,708.0,245.875,-35.3125,15.375,-543.0,-236.0,834.0,24.0,-25.0,62.0,4.9375,1.0,2.5625,93065.25,0x683f
1679503406.1396322,8609.0,2867.0,831.0,245.75,-35.375,14.6875,-538.0,-263.0,823.0,22.0,-59.0,43.0,14.0,2.9375,-0.5,93065.25,0x683f
1679503406.201647,8777.0,3122.0,807.0,246.375,-35.125,14.1875,-505.0,-229.0,787.0,59.0,-32.0,10.0,11.5625,-1.0625,-6.5,93068.0,0x683f
1679503406.266807,8893.0,3112.0,804.0,246.625,-35.0,13.75,-512.0,-145.0,809.0,49.0,60.0,27.0,15.3125,5.4375,-10.375,93068.0,0x683f
1679503406.331009,8514.0,2949.0,1004.0,247.25,-36.625,13.5625,-630.0,-98.0,674.0,-37.0,84.0,-84.0,12.625,63.375,-3.6875,93068.0,0x683f
1679503406.39469,8520.0,3019.0,1014.0,247.1875,-41.3125,13.6875,-802.0,-87.0,667.0,-154.0,87.0,-47.0,5.1875,81.5625,9.125,93068.0,0x683f
1679503406.463373,8688.0,2986.0,889.0,245.625,-47.1875,13.875,-804.0,-97.0,521.0,-70.0,60.0,-109.0,1.25,113.625,18.4375,93068.0,0x683f
1679503406.5300338,8541.0,2661.0,821.0,244.0625,-53.5625,14.6875,-755.0,-176.0,567.0,35.0,-29.0,7.0,-17.125,17.25,13.1875,93068.0,0x683f
1679503406.6004941,8402.0,2571.0,999.0,242.25,-54.8125,15.5625,-548.0,-238.0,653.0,220.0,-82.0,74.0,-11.875,72.3125,15.3125,93064.5,0x683f
1679503406.663743,9007.0,2944.0,857.0,240.3125,-61.625,18.0625,-896.0,-268.0,380.0,-33.0,-124.0,-62.0,-5.0625,92.125,16.4375,93064.5,0x683f
1679503406.7291362,9305.0,3089.0,703.0,239.0625,-64.875,18.8125,-956.0,-306.0,366.0,-28.0,-181.0,2.0,-2.3125,-4.625,14.6875,93064.5,0x683f
1679503406.793133,8632.0,2613.0,896.0,237.25,-64.625,16.25,-730.0,-219.0,478.0,155.0,-101.0,75.0,3.875,8.75,9.875,93064.5,0x683f
1679503406.861442,8632.0,2647.0,991.0,235.9375,-65.5,16.4375,-848.0,-132.0,383.0,44.0,-15.0,-4.0,9.5,12.125,-13.75,93064.5,0x683f
1679503406.9255528,8607.0,2653.0,893.0,237.1875,-65.5,19.0,-844.0,-126.0,379.0,43.0,7.0,-13.0,12.8125,8.75,-26.9375,93064.5,0x683f
1679503406.992515,8840.0,2720.0,828.0,238.625,-65.5625,22.25,-922.0,-113.0,318.0,-29.0,44.0,-54.0,6.1875,9.4375,-29.375,93076.25,0x683f
1679503407.0548859,8695.0,2991.0,869.0,239.8125,-65.1875,26.5,-967.0,-56.0,316.0,-90.0,91.0,-65.0,-2.8125,-1.0,-33.0625,93076.25,0x683f
1679503407.115263,8798.0,2972.0,894.0,240.9375,-64.0625,29.3125,-934.0,-163.0,383.0,-52.0,35.0,13.0,-6.1875,-6.25,-19.875,93076.25,0x683f
1679503407.181718,8384.0,2795.0,1079.0,241.4375,-63.25,30.625,-933.0,-134.0,386.0,-42.0,108.0,15.0,-4.625,-19.5625,-16.25,93076.25,0x683f
1679503407.248037,8399.0,2739.0,1054.0,242.0,-61.125,31.25,-815.0,-213.0,457.0,43.0,31.0,53.0,-7.5625,-16.75,-15.25,93076.25,0x683f
1679503407.3141131,8626.0,3000.0,909.0,242.4375,-60.5625,32.5625,-861.0,-275.0,423.0,-17.0,-7.0,16.0,-5.1875,5.8125,-10.4375,93076.25,0x683f
1679503407.393158,8419.0,2723.0,1048.0,243.0,-60.4375,34.1875,-882.0,-322.0,423.0,-29.0,-42.0,25.0,-3.4375,5.6875,-1.625,93076.25,0x683f
1679503407.458667,8387.0,2819.0,1093.0,242.5625,-60.6875,34.625,-873.0,-275.0,437.0,-13.0,-10.0,46.0,-5.875,-3.75,3.3125,93076.25,0x683f
1679503407.5249999,8552.0,2826.0,997.0,241.8125,-60.625,34.1875,-820.0,-289.0,440.0,29.0,-17.0,43.0,-4.375,-0.875,9.6875,93076.25,0x683f
1679503407.597621,8560.0,2911.0,1007.0,240.8125,-61.25,33.25,-853.0,-294.0,403.0,6.0,-36.0,9.0,0.125,-0.0625,13.8125,93076.25,0x683f
1679503407.664769,8538.0,2903.0,1036.0,240.0,-61.9375,32.0625,-859.0,-242.0,392.0,7.0,0.0,2.0,2.375,8.3125,19.8125,93076.25,0x683f
1679503407.731411,8623.0,2908.0,1068.0,238.6875,-63.375,29.9375,-862.0,-208.0,358.0,5.0,45.0,-37.0,2.4375,8.0625,20.625,93071.75,0x683f
1679503407.7980428,8555.0,2938.0,986.0,237.375,-63.875,28.375,-918.0,-143.0,300.0,-37.0,61.0,-78.0,-12.375,-16.25,14.1875,93071.75,0x683f
1679503407.861804,8330.0,2682.0,1119.0,235.25,-62.5625,26.625,-919.0,-105.0,329.0,-47.0,93.0,-78.0,-32.6875,-52.6875,9.25,93071.75,0x683f
1679503407.926198,8446.0,2850.0,713.0,231.875,-59.5625,25.4375,-913.0,-98.0,385.0,-82.0,114.0,-68.0,-52.875,-59.5625,11.125,93071.75,0x683f
1679503407.994555,8215.0,2444.0,829.0,227.75,-55.0625,24.875,-848.0,-145.0,476.0,-44.0,90.0,-33.0,-66.875,-92.0,11.75,93071.75,0x683f
1679503408.0604942,8517.0,2732.0,791.0,223.6875,-50.0,24.9375,-791.0,-215.0,541.0,-61.0,11.0,-45.0,-74.1875,-112.875,10.5,93071.75,0x683f
1679503408.125073,8594.0,2771.0,955.0,219.0625,-43.0,25.5,-714.0,-272.0,645.0,-81.0,17.0,-39.0,-74.0,-121.875,19.375,93079.5,0x683f
1679503408.194819,8428.0,2709.0,698.0,214.0625,-35.625,26.375,-504.0,-385.0,764.0,67.0,-30.0,51.0,-69.8125,-125.4375,24.1875,93079.5,0x683f
1679503408.2612832,8562.0,2630.0,1092.0,210.25,-30.75,27.4375,-371.0,-333.0,882.0,78.0,29.0,122.0,-47.625,-57.875,17.875,93079.5,0x683f
1679503408.3260381,8447.0,2495.0,1062.0,207.625,-27.8125,28.9375,-414.0,-391.0,753.0,50.0,4.0,-22.0,-25.8125,-45.75,-1.625,93079.5,0x683f
1679503408.3897119,9026.0,2784.0,755.0,207.0625,-25.3125,29.8125,-315.0,-494.0,789.0,104.0,-53.0,20.0,-21.0625,-32.375,-13.875,93079.5,0x683f
1679503408.451848,8849.0,2846.0,895.0,207.625,-23.75,31.125,-337.0,-598.0,733.0,57.0,-134.0,-34.0,-15.5625,-15.1875,-21.3125,93076.75,0x683f
1679503408.520076,10391.0,3639.0,1598.0,208.3125,-21.6875,32.3125,-355.0,-681.0,804.0,35.0,-179.0,35.0,-12.75,-30.625,-10.5625,93076.75,0x683f
1679503408.588602,9270.0,2923.0,993.0,208.0625,-20.9375,32.375,-367.0,-530.0,795.0,21.0,-14.0,4.0,9.8125,-21.0,9.875,93076.75,0x683f
1679503408.653406,8959.0,2866.0,1016.0,207.6875,-20.375,31.8125,-335.0,-437.0,731.0,4.0,47.0,-49.0,-1.75,-15.875,-5.875,93076.75,0x683f
1679503408.722083,8951.0,2907.0,1050.0,208.0,-19.0,32.0625,-311.0,-495.0,780.0,0.0,-7.0,-7.0,-6.6875,-8.9375,-9.875,93076.75,0x683f
1679503408.794542,8842.0,2722.0,939.0,208.3125,-18.4375,32.75,-378.0,-601.0,799.0,-67.0,-97.0,17.0,-0.0625,-14.3125,-4.9375,93076.75,0x683f
1679503408.8587022,9570.0,3303.0,1100.0,206.3125,-17.125,32.4375,-181.0,-562.0,745.0,65.0,-40.0,-53.0,4.1875,-13.4375,-1.0,93058.5,0x683f
1679503408.921587,9427.0,3129.0,879.0,205.3125,-16.375,32.0625,-121.0,-501.0,846.0,154.0,-2.0,48.0,4.1875,6.0,-4.875,93058.5,0x683f
1679503408.985512,8522.0,2357.0,869.0,205.375,-17.75,32.0,-253.0,-572.0,880.0,45.0,-77.0,88.0,14.0,43.9375,-6.375,93058.5,0x683f
1679503409.055958,8583.0,2394.0,816.0,205.0,-20.5625,31.0625,-311.0,-483.0,858.0,-1.0,14.0,1.0,33.1875,82.4375,-1.625,93058.5,0x683f
1679503409.124427,9146.0,2945.0,695.0,206.3125,-24.8125,30.25,-315.0,-400.0,772.0,106.0,45.0,7.0,18.3125,82.6875,-8.75,93058.5,0x683f
1679503409.192578,8790.0,2613.0,812.0,208.1875,-29.875,30.9375,-417.0,-443.0,695.0,83.0,-7.0,-25.0,16.6875,106.5625,-11.5625,93058.5,0x683f
1679503409.265287,8719.0,2525.0,957.0,210.4375,-36.875,33.0625,-477.0,-481.0,587.0,128.0,-55.0,-55.0,24.125,166.875,-4.25,93066.75,0x683f
1679503409.3339388,8932.0,2717.0,522.0,214.25,-46.8125,37.5625,-696.0,-507.0,445.0,35.0,-102.0,-66.0,38.0625,182.0,10.125,93066.75,0x683f
1679503409.403863,8578.0,2465.0,824.0,217.9375,-57.0,44.5,-868.0,-479.0,311.0,-32.0,-111.0,-45.0,42.875,184.1875,22.9375,93066.75,0x683f
1679503409.477684,8247.0,2254.0,696.0,221.1875,-65.625,54.625,-974.0,-499.0,284.0,-73.0,-177.0,69.0,52.75,130.9375,38.3125,93066.75,0x683f
1679503409.543316,8678.0,2836.0,841.0,223.375,-72.125,65.875,-979.0,-417.0,140.0,-41.0,-152.0,32.0,61.4375,107.25,49.3125,93066.75,0x683f
1679503409.605709,8584.0,2624.0,927.0,225.375,-77.25,80.375,-1062.0,-314.0,31.0,-139.0,-108.0,-37.0,65.0,65.1875,51.375,93069.75,0x683f
1679503409.670122,8143.0,2367.0,606.0,226.375,-80.4375,82.375,-981.0,-175.0,-80.0,-13.0,-22.0,-108.0,70.5625,-28.625,44.25,93069.75,0x683f
1679503409.730054,8440.0,2462.0,733.0,228.0,-80.125,46.875,-936.0,-47.0,-135.0,29.0,74.0,-249.0,62.5,-116.5625,14.375,93069.75,0x683f
1679503409.791905,8845.0,3155.0,644.0,230.0,-71.8125,24.0625,-793.0,50.0,-57.0,138.0,174.0,-336.0,27.375,-193.5625,-27.5,93069.75,0x683f
1679503409.857614,8698.0,3136.0,972.0,232.125,-58.3125,18.6875,-687.0,64.0,90.0,171.0,190.0,-376.0,-22.8125,-265.5,-69.625,93069.75,0x683f
1679503409.922605,8563.0,3194.0,745.0,232.875,-44.0,20.4375,-632.0,-203.0,482.0,28.0,57.0,-192.0,-84.125,-169.9375,-47.75,93069.75,0x683f
1679503409.9854348,8223.0,2719.0,395.0,231.125,-33.25,24.875,-596.0,-340.0,758.0,-2.0,-1.0,72.0,-87.8125,-153.1875,-28.5,93066.25,0x683f
1679503410.048414,8640.0,3025.0,755.0,230.0,-26.3125,28.1875,-337.0,-434.0,985.0,88.0,-10.0,210.0,-51.75,-60.375,-24.5625,93066.25,0x683f
1679503410.112451,8683.0,2994.0,718.0,230.125,-23.625,29.4375,-387.0,-404.0,1132.0,6.0,36.0,350.0,17.3125,24.625,-11.375,93066.25,0x683f
1679503410.176932,8697.0,3000.0,702.0,231.1875,-24.0,28.9375,-419.0,-356.0,804.0,-32.0,62.0,-10.0,3.0625,0.5625,-7.125,93066.25,0x683f
1679503410.239312,8530.0,2941.0,755.0,231.3125,-22.875,29.0625,-383.0,-449.0,747.0,-6.0,-8.0,-42.0,-8.625,-26.75,-7.5625,93066.25,0x683f
1679503410.304278,8484.0,2919.0,596.0,231.25,-20.8125,29.5,-319.0,-467.0,832.0,29.0,-14.0,35.0,-11.1875,-27.75,-9.0,93066.25,0x683f
1679503410.3677561,8497.0,2977.0,717.0,231.1875,-19.9375,30.0,-348.0,-478.0,984.0,-3.0,15.0,188.0,-1.375,-6.375,-0.5,93077.75,0x683f
1679503410.4341109,8591.0,2815.0,609.0,231.25,-20.0625,29.8125,-413.0,-497.0,990.0,-75.0,-41.0,191.0,16.1875,12.0,3.9375,93077.75,0x683f
1679503410.5027251,8427.0,2871.0,695.0,231.375,-21.375,28.0625,-442.0,-464.0,882.0,-58.0,-17.0,27.0,45.3125,32.25,18.25,93077.75,0x683f
1679503410.570722,8469.0,2915.0,893.0,231.0,-24.1875,25.5625,-591.0,-373.0,777.0,-202.0,7.0,3.0,43.4375,32.4375,29.875,93077.75,0x683f
1679503410.635417,8414.0,2865.0,615.0,229.5625,-27.3125,21.5,-603.0,-172.0,806.0,-152.0,146.0,-3.0,30.5,48.1875,51.4375,93077.75,0x683f
1679503410.702155,8823.0,3052.0,1069.0,227.0625,-31.25,19.0625,-667.0,-102.0,724.0,-158.0,171.0,-68.0,2.875,35.5625,74.625,93077.75,0x683f
1679503410.7735791,8663.0,3173.0,760.0,222.5,-34.375,17.0625,-621.0,-32.0,624.0,-43.0,201.0,-145.0,-33.375,39.75,81.25,93066.75,0x683f
1679503410.848545,8925.0,3023.0,694.0,216.0,-39.375,16.9375,-613.0,-78.0,566.0,16.0,144.0,-151.0,-59.375,46.375,57.8125,93066.75,0x683f
1679503410.914525,8909.0,3121.0,730.0,211.875,-43.125,20.1875,-537.0,-152.0,461.0,114.0,47.0,-186.0,-78.25,33.4375,10.0625,93066.75,0x683f
1679503410.977897,9080.0,2996.0,899.0,210.75,-41.6875,26.8125,-618.0,-408.0,582.0,82.0,-121.0,-50.0,-69.625,-51.1875,-44.5,93066.75,0x683f
1679503411.041943,8714.0,3059.0,870.0,211.625,-38.25,30.375,-547.0,-624.0,701.0,49.0,-223.0,33.0,-42.375,-64.0,-54.8125,93066.75,0x683f
1679503411.1123142,8851.0,2824.0,340.0,213.0,-33.1875,33.0,-399.0,-625.0,718.0,69.0,-214.0,3.0,-34.4375,-47.5625,-52.25,93066.5,0x683f
1679503411.180937,8887.0,2699.0,642.0,214.625,-28.0,35.875,-561.0,-808.0,593.0,-122.0,-355.0,-55.0,-23.0625,-68.875,-26.375,93066.5,0x683f
1679503411.25684,9059.0,2902.0,589.0,213.375,-24.875,35.875,-412.0,-666.0,652.0,94.0,3.0,-26.0,-12.6875,-16.625,22.125,93066.5,0x683f
1679503411.326119,9160.0,3082.0,500.0,211.5625,-24.6875,36.3125,-378.0,-455.0,819.0,49.0,37.0,109.0,-13.3125,-24.75,-0.5,93066.5,0x683f
1679503411.3945541,8984.0,3104.0,458.0,211.5,-24.25,36.75,-446.0,-535.0,738.0,-42.0,0.0,23.0,-3.625,7.5,-4.9375,93066.5,0x683f
1679503411.462162,8375.0,2561.0,487.0,211.75,-24.5625,37.5625,-360.0,-513.0,706.0,52.0,-33.0,-9.0,-13.875,-8.875,-1.875,93066.5,0x683f
1679503411.5294569,8530.0,2600.0,943.0,211.125,-22.5,37.875,-354.0,-620.0,732.0,30.0,-61.0,24.0,-9.0625,-59.0,-9.1875,93064.5,0x683f
1679503411.599139,8427.0,2541.0,737.0,208.875,-19.375,37.5,-200.0,-609.0,786.0,125.0,-46.0,52.0,-2.375,-44.375,-6.4375,93064.5,0x683f
1679503411.670492,8425.0,2562.0,700.0,207.5625,-17.25,37.1875,-329.0,-643.0,799.0,-9.0,-62.0,80.0,3.75,-27.25,1.9375,93064.5,0x683f
1679503411.73706,8561.0,2672.0,863.0,206.1875,-15.6875,36.25,-317.0,-559.0,746.0,-51.0,-1.0,-15.0,12.6875,-40.3125,1.75,93064.5,0x683f
1679503411.8062022,9249.0,3022.0,647.0,204.125,-13.6875,35.0625,-193.0,-557.0,844.0,0.0,-17.0,47.0,17.4375,-7.875,-1.1875,93064.5,0x683f
1679503411.873971,8649.0,2616.0,902.0,203.875,-13.5,33.75,-236.0,-514.0,769.0,20.0,19.0,-14.0,17.375,5.3125,-7.25,93071.0,0x683f
1679503411.941057,8625.0,2549.0,885.0,203.9375,-13.25,33.0,-148.0,-527.0,824.0,108.0,-24.0,73.0,11.6875,5.5625,-5.9375,93071.0,0x683f
1679503412.00648,8822.0,2573.0,321.0,203.9375,-15.6875,32.1875,-73.0,-569.0,994.0,206.0,-68.0,195.0,22.625,118.75,9.625,93071.0,0x683f
1679503412.073684,8578.0,2731.0,601.0,206.0,-25.625,32.5625,-106.0,-558.0,861.0,251.0,-105.0,50.0,31.3125,280.1875,29.5625,93071.0,0x683f
1679503412.142297,8620.0,2738.0,1006.0,209.5625,-41.6875,36.1875,-567.0,-577.0,451.0,119.0,-153.0,-105.0,40.8125,320.0625,43.25,93071.0,0x683f
1679503412.210786,8309.0,2572.0,841.0,213.375,-59.0625,44.3125,-904.0,-508.0,271.0,-54.0,-154.0,-81.0,56.1875,131.375,45.125,93071.0,0x683f
1679503412.27324,8424.0,2838.0,818.0,214.25,-63.75,43.5625,-877.0,-387.0,294.0,3.0,-96.0,-21.0,59.4375,7.5,26.9375,93070.0,0x683f
1679503412.3342772,8348.0,2683.0,742.0,215.875,-62.3125,35.5,-840.0,-309.0,285.0,38.0,-41.0,-78.0,62.1875,-91.1875,-14.125,93070.0,0x683f
1679503412.398271,8401.0,2914.0,641.0,218.625,-56.125,28.875,-728.0,-200.0,364.0,23.0,77.0,-141.0,55.75,-119.625,-48.0625,93070.0,0x683f
1679503412.460599,8493.0,3131.0,374.0,222.0625,-47.3125,25.75,-768.0,-141.0,376.0,-67.0,154.0,-241.0,26.0,-153.875,-75.1875,93070.0,0x683f
1679503412.528666,8419.0,2893.0,1013.0,225.5,-34.6875,25.125,-649.0,-204.0,597.0,-90.0,138.0,-132.0,-5.5625,-160.125,-73.4375,93070.0,0x683f
1679503412.5916958,8494.0,2875.0,962.0,227.4375,-25.125,25.5625,-457.0,-271.0,828.0,-61.0,116.0,19.0,-9.5,-118.0,-37.25,93070.0,0x683f
1679503412.662716,8656.0,3282.0,607.0,228.125,-18.5,26.125,-412.0,-431.0,862.0,-106.0,-17.0,27.0,-17.75,-21.8125,-12.0625,93071.25,0x683f
1679503412.728051,8953.0,3217.0,190.0,227.9375,-18.0,27.1875,-351.0,-429.0,920.0,-22.0,12.0,91.0,-11.4375,-0.125,12.3125,93071.25,0x683f
1679503412.790477,8311.0,2724.0,752.0,227.25,-18.375,27.5625,-290.0,-406.0,803.0,19.0,26.0,-19.0,-10.6875,3.3125,2.5625,93071.25,0x683f
1679503412.858239,8450.0,2755.0,1081.0,227.25,-18.375,28.625,-350.0,-435.0,857.0,-1.0,46.0,114.0,-10.25,-15.125,-3.75,93071.25,0x683f
1679503412.924211,8462.0,2802.0,1051.0,227.375,-17.625,29.0,-306.0,-435.0,977.0,-9.0,18.0,160.0,1.1875,10.5625,-5.0,93071.25,0x683f
1679503412.988248,8561.0,3063.0,702.0,227.6875,-18.125,29.125,-358.0,-483.0,903.0,-23.0,-26.0,108.0,-0.625,6.875,3.8125,93071.25,0x683f
1679503413.050438,8523.0,2900.0,911.0,227.5625,-19.5625,29.125,-319.0,-514.0,905.0,17.0,-65.0,101.0,9.75,57.875,16.1875,93073.5,0x683f
1679503413.115478,8230.0,2562.0,763.0,227.6875,-24.1875,28.625,-446.0,-474.0,826.0,-43.0,-45.0,42.0,25.125,84.1875,21.1875,93073.5,0x683f
1679503413.185361,8211.0,2736.0,853.0,228.0625,-28.375,27.0625,-464.0,-363.0,855.0,7.0,22.0,87.0,47.4375,34.8125,10.8125,93073.5,0x683f
1679503413.256114,8294.0,2811.0,1000.0,229.375,-31.5,24.1875,-727.0,-248.0,749.0,-208.0,87.0,-11.0,41.375,38.0,16.125,93073.5,0x683f
1679503413.3206809,8733.0,3264.0,870.0,228.9375,-34.1875,21.25,-864.0,-89.0,629.0,-308.0,198.0,-125.0,16.1875,11.0625,50.9375,93073.5,0x683f
1679503413.386671,8576.0,3116.0,549.0,224.8125,-35.3125,18.625,-709.0,-55.0,585.0,-142.0,200.0,-172.0,-31.25,-10.1875,83.125,93073.5,0x683f
1679503413.451735,8812.0,2968.0,962.0,219.0625,-36.4375,17.6875,-608.0,-70.0,581.0,-22.0,169.0,-167.0,-58.6875,-4.625,77.5,93077.0,0x683f
1679503413.515268,8873.0,2919.0,978.0,212.9375,-37.5625,18.9375,-557.0,-251.0,599.0,-31.0,143.0,-166.0,-66.0625,4.875,62.6875,93077.0,0x683f
1679503413.57588,8804.0,2914.0,760.0,209.0,-38.0625,21.25,-513.0,-294.0,658.0,83.0,-16.0,-65.0,-68.25,-5.0625,29.8125,93077.0,0x683f
1679503413.6376529,8807.0,2567.0,1050.0,206.5,-37.9375,24.1875,-445.0,-421.0,657.0,156.0,-103.0,-47.0,-61.4375,-16.0,-0.125,93077.0,0x683f
1679503413.701466,8833.0,2406.0,952.0,205.75,-37.5,27.5,-537.0,-522.0,681.0,58.0,-156.0,-4.0,-43.5,0.6875,-16.3125,93077.0,0x683f
1679503413.7669508,8887.0,2818.0,709.0,206.1875,-36.375,30.4375,-473.0,-561.0,687.0,108.0,-155.0,10.0,-33.4375,-7.375,-24.9375,93077.0,0x683f
1679503413.835136,8376.0,2414.0,528.0,207.0,-35.3125,33.5,-539.0,-583.0,670.0,24.0,-137.0,5.0,-23.0,-9.875,-23.875,93069.75,0x683f
1679503413.904307,8671.0,2919.0,636.0,207.75,-33.6875,35.375,-509.0,-582.0,739.0,30.0,-106.0,74.0,-15.9375,-19.5,-21.0625,93069.75,0x683f
1679503413.9687521,8526.0,2796.0,652.0,208.3125,-32.6875,36.3125,-549.0,-539.0,696.0,-33.0,-49.0,39.0,-5.9375,4.6875,-8.5625,93069.75,0x683f
1679503414.032243,8701.0,2885.0,506.0,208.75,-32.375,36.9375,-529.0,-508.0,645.0,-5.0,-9.0,-17.0,-3.0,-5.875,-9.6875,93069.75,0x683f
1679503414.09713,8752.0,2799.0,668.0,209.125,-31.5,37.1875,-485.0,-542.0,715.0,22.0,-39.0,46.0,-3.9375,-16.25,-6.875,93069.75,0x683f
1679503414.167674,8708.0,2491.0,961.0,209.0,-30.125,37.0625,-416.0,-527.0,726.0,93.0,-3.0,53.0,-2.0625,-32.25,-6.125,93070.5,0x683f
1679503414.241675,9011.0,2556.0,901.0,208.375,-29.75,37.1875,-526.0,-522.0,703.0,-39.0,-7.0,25.0,5.3125,15.375,-2.125,93070.5,0x683f
1679503414.3137438,8862.0,2574.0,888.0,208.1875,-30.1875,37.0625,-483.0,-529.0,654.0,18.0,-7.0,-16.0,4.3125,-3.375,5.4375,93070.5,0x683f
1679503414.3795462,9123.0,2793.0,726.0,207.625,-30.375,36.8125,-475.0,-468.0,645.0,23.0,39.0,-21.0,-1.0625,7.9375,0.125,93070.5,0x683f
1679503414.444452,8993.0,2592.0,678.0,207.0,-30.8125,37.1875,-545.0,-503.0,705.0,-39.0,0.0,48.0,-3.0625,1.5,-5.5,93070.5,0x683f
1679503414.51431,8970.0,2409.0,890.0,206.6875,-31.3125,37.5,-530.0,-524.0,667.0,-11.0,1.0,-13.0,1.4375,11.375,4.75,93070.5,0x683f
1679503414.5798101,8864.0,2490.0,884.0,206.3125,-31.25,37.375,-479.0,-491.0,673.0,36.0,2.0,24.0,-1.75,-0.5625,0.0,93074.0,0x683f
1679503414.646993,9109.0,2297.0,828.0,205.75,-31.6875,37.625,-546.0,-512.0,613.0,11.0,-2.0,-22.0,-4.25,1.1875,2.0625,93074.0,0x683f
1679503414.7130082,8775.0,2600.0,420.0,205.0625,-31.6875,37.8125,-464.0,-501.0,640.0,50.0,8.0,-15.0,-3.0,-16.5625,-0.4375,93074.0,0x683f
1679503414.777826,8655.0,2476.0,232.0,204.25,-30.6875,37.6875,-523.0,-510.0,619.0,-68.0,-16.0,-48.0,-7.3125,-29.875,-3.125,93074.0,0x683f
1679503414.842154,8317.0,2420.0,386.0,202.875,-28.1875,37.1875,-411.0,-541.0,798.0,-4.0,-19.0,83.0,-3.5625,-36.1875,-2.5625,93074.0,0x683f
1679503414.906423,8354.0,2416.0,403.0,201.75,-26.9375,36.75,-441.0,-554.0,774.0,17.0,-29.0,53.0,2.9375,-6.0625,6.0,93074.0,0x683f
1679503414.9695108,8302.0,2333.0,402.0,201.25,-27.125,36.4375,-347.0,-527.0,746.0,100.0,-9.0,44.0,2.75,16.3125,1.0,93070.5,0x683f
1679503415.033325,8324.0,2357.0,386.0,201.625,-29.0625,36.9375,-514.0,-532.0,656.0,-28.0,-17.0,-22.0,4.25,72.375,3.375,93070.5,0x683f
1679503415.099804,8627.0,2400.0,514.0,202.1875,-32.5625,37.9375,-648.0,-511.0,579.0,-79.0,2.0,-34.0,0.4375,12.0625,6.8125,93070.5,0x683f
1679503415.16398,8662.0,2387.0,564.0,201.5625,-33.3125,37.875,-595.0,-472.0,616.0,-33.0,37.0,-6.0,-2.3125,-19.25,9.0,93070.5,0x683f
1679503415.229316,8693.0,2442.0,548.0,200.5625,-33.0625,37.5625,-455.0,-470.0,741.0,84.0,32.0,89.0,0.0,8.5625,4.5,93070.5,0x683f
1679503415.294485,8733.0,2497.0,672.0,200.4375,-34.25,37.9375,-536.0,-500.0,706.0,20.0,-11.0,74.0,4.4375,37.5,-0.5625,93077.75,0x683f
1679503415.363734,8423.0,2278.0,786.0,201.1875,-36.4375,38.625,-667.0,-493.0,607.0,-44.0,15.0,-5.0,3.25,3.625,3.6875,93077.75,0x683f
1679503415.442661,8796.0,2644.0,781.0,200.75,-36.5,38.4375,-596.0,-469.0,606.0,-13.0,20.0,-11.0,-0.5,-10.6875,1.5625,93077.75,0x683f
1679503415.511862,8803.0,2645.0,771.0,199.75,-35.8125,37.9375,-582.0,-446.0,629.0,-10.0,21.0,10.0,-1.0625,-9.5,0.3125,93077.75,0x683f
1679503415.579325,8683.0,2458.0,670.0,199.375,-35.4375,37.6875,-563.0,-491.0,645.0,5.0,-2.0,13.0,-0.5625,-8.5625,0.4375,93077.75,0x683f
1679503415.649235,8712.0,2505.0,620.0,199.125,-35.0625,37.5625,-539.0,-502.0,670.0,23.0,-12.0,34.0,-1.375,0.5,0.5,93077.75,0x683f
1679503415.719137,8454.0,2339.0,767.0,198.8125,-34.9375,37.5,-556.0,-470.0,662.0,5.0,18.0,24.0,-1.75,-0.5,-0.1875,93076.75,0x683f
1679503415.7838778,8962.0,2664.0,562.0,198.5625,-34.9375,37.5,-565.0,-495.0,652.0,-4.0,-5.0,14.0,-0.4375,-0.5625,-0.1875,93076.75,0x683f
1679503415.8495932,8419.0,2282.0,811.0,198.5625,-34.9375,37.5,-572.0,-520.0,666.0,-14.0,-27.0,28.0,1.125,3.125,0.3125,93076.75,0x683f
1679503415.9421299,8451.0,2327.0,791.0,198.625,-35.125,37.5625,-557.0,-494.0,658.0,6.0,-5.0,23.0,0.8125,8.3125,1.3125,93076.75,0x683f
1679503416.01327,8404.0,2320.0,768.0,198.375,-35.875,37.6875,-584.0,-482.0,620.0,-1.0,16.0,-3.0,-0.375,9.0625,6.3125,93076.75,0x683f
1679503416.0785291,9066.0,2901.0,472.0,198.0625,-36.875,37.8125,-535.0,-481.0,684.0,52.0,0.0,73.0,1.875,26.375,6.5625,93078.0,0x683f
1679503416.141171,8379.0,2338.0,778.0,198.375,-38.875,38.375,-596.0,-473.0,671.0,24.0,-1.0,78.0,5.625,50.8125,8.5,93078.0,0x683f
1679503416.201109,8651.0,2482.0,618.0,199.0625,-42.125,39.5,-607.0,-461.0,601.0,50.0,0.0,40.0,5.625,57.0,7.625,93078.0,0x683f
1679503416.262089,8930.0,2703.0,545.0,199.875,-44.875,40.75,-701.0,-514.0,550.0,-9.0,-60.0,24.0,12.75,62.25,5.5625,93078.0,0x683f
1679503416.324838,9003.0,2819.0,556.0,200.375,-47.3125,40.9375,-791.0,-514.0,568.0,-70.0,-79.0,66.0,24.875,47.875,22.5625,93078.0,0x683f
1679503416.3908548,9057.0,2580.0,817.0,200.0625,-49.6875,39.1875,-842.0,-478.0,533.0,-78.0,-77.0,55.0,29.5,1.875,31.0,93078.0,0x683f
1679503416.456188,9184.0,2895.0,902.0,199.0,-50.6875,34.5,-718.0,-523.0,595.0,51.0,-190.0,80.0,45.375,-6.4375,33.9375,93082.0,0x683f
1679503416.5195289,9011.0,3017.0,801.0,198.375,-51.25,29.0625,-666.0,-490.0,582.0,98.0,-201.0,40.0,61.375,-21.4375,29.125,93082.0,0x683f
1679503416.584383,8958.0,3131.0,780.0,198.25,-50.6875,23.125,-535.0,-360.0,549.0,222.0,-124.0,-25.0,69.6875,-9.75,7.0625,93082.0,0x683f
1679503416.648855,8675.0,2994.0,880.0,200.5,-50.3125,18.5625,-534.0,-238.0,498.0,213.0,-36.0,-105.0,65.625,7.25,-23.4375,93082.0,0x683f
1679503416.71339,8726.0,3149.0,800.0,204.125,-50.5625,17.6875,-627.0,-166.0,429.0,130.0,23.0,-162.0,49.75,18.8125,-55.0,93082.0,0x683f
1679503416.776309,8559.0,2918.0,1051.0,209.6875,-50.4375,19.9375,-688.0,-177.0,478.0,69.0,43.0,-116.0,35.1875,22.1875,-71.1875,93082.0,0x683f
1679503416.8401449,8562.0,2888.0,981.0,215.3125,-50.5,23.6875,-790.0,-205.0,543.0,-31.0,51.0,-21.0,35.1875,51.5625,-74.0,93073.5,0x683f
1679503416.9022012,8365.0,2627.0,661.0,220.9375,-51.9375,27.9375,-1030.0,-159.0,381.0,-256.0,128.0,-146.0,32.25,50.5,-58.875,93073.5,0x683f
1679503416.962559,8774.0,3332.0,789.0,225.6875,-51.8125,31.5,-1028.0,-99.0,357.0,-257.0,217.0,-158.0,2.5,-21.875,-40.625,93073.5,0x683f
1679503417.025208,8833.0,3260.0,693.0,227.1875,-48.9375,32.375,-941.0,-300.0,432.0,-201.0,44.0,-111.0,-6.25,-62.8125,-15.375,93073.5,0x683f
1679503417.088511,8657.0,3127.0,780.0,226.3125,-44.3125,30.5,-736.0,-350.0,579.0,-43.0,-7.0,-7.0,-10.625,-101.9375,6.5,93073.5,0x683f
1679503417.155036,8593.0,3003.0,710.0,224.0625,-40.0625,28.0625,-664.0,-382.0,601.0,-38.0,-29.0,-65.0,-13.0625,-53.4375,18.3125,93073.5,0x683f
1679503417.21646,8052.0,2531.0,823.0,221.75,-36.5,26.625,-493.0,-297.0,738.0,71.0,29.0,36.0,-17.8125,-64.25,4.6875,93071.0,0x683f
1679503417.2791429,8528.0,2998.0,955.0,220.6875,-33.5,26.3125,-533.0,-304.0,796.0,8.0,58.0,64.0,-10.9375,-50.9375,-2.6875,93071.0,0x683f
1679503417.343178,8584.0,3008.0,953.0,220.625,-31.125,26.3125,-520.0,-367.0,851.0,20.0,23.0,96.0,-8.8125,-30.9375,-1.6875,93071.0,0x683f
1679503417.409469,8583.0,2991.0,924.0,221.0,-29.5,26.3125,-452.0,-340.0,838.0,5.0,15.0,94.0,-6.0625,-14.3125,-3.5625,93071.0,0x683f
1679503417.4716501,8572.0,3007.0,892.0,220.9375,-28.875,26.5625,-468.0,-402.0,924.0,7.0,-18.0,157.0,-1.6875,5.8125,1.0625,93071.0,0x683f
1679503417.5362,8568.0,3051.0,873.0,221.0,-30.25,26.6875,-480.0,-394.0,838.0,39.0,-17.0,70.0,7.9375,45.4375,8.0,93071.0,0x683f
1679503417.604365,8464.0,3032.0,879.0,221.4375,-33.6875,26.75,-531.0,-396.0,765.0,-3.0,-37.0,52.0,14.25,54.375,4.9375,93077.0,0x683f
1679503417.6734998,8621.0,3118.0,779.0,222.4375,-36.3125,26.125,-543.0,-347.0,728.0,43.0,-2.0,22.0,26.125,49.3125,0.375,93077.0,0x683f
1679503417.751031,8586.0,2968.0,953.0,224.625,-39.5,25.375,-714.0,-352.0,620.0,-74.0,18.0,-63.0,30.6875,39.0,2.75,93077.0,0x683f
1679503417.8142452,8564.0,2994.0,936.0,226.0625,-41.9375,23.75,-729.0,-214.0,626.0,-74.0,80.0,-40.0,18.3125,33.4375,9.75,93077.0,0x683f
1679503417.880256,8571.0,3032.0,873.0,226.8125,-43.875,23.125,-797.0,-174.0,563.0,-116.0,103.0,-86.0,-1.75,19.375,21.5625,93077.0,0x683f
1679503417.945646,8342.0,2888.0,1110.0,225.5,-45.0,22.1875,-820.0,-120.0,605.0,-125.0,148.0,-31.0,-14.1875,-3.25,33.25,93077.0,0x683f
1679503418.01907,8653.0,3083.0,957.0,222.1875,-45.875,21.0,-784.0,-81.0,590.0,-79.0,163.0,-45.0,-37.5,-8.375,49.0,93073.25,0x683f
1679503418.084769,8534.0,3214.0,830.0,218.375,-46.5625,20.1875,-730.0,-120.0,587.0,-16.0,103.0,-49.0,-52.25,-8.4375,50.25,93073.25,0x683f
1679503418.155943,8721.0,3036.0,779.0,212.875,-46.875,20.4375,-729.0,-185.0,611.0,-11.0,45.0,-14.0,-58.75,-16.4375,44.4375,93073.25,0x683f
1679503418.224873,8659.0,2913.0,873.0,208.75,-47.125,21.1875,-690.0,-209.0,625.0,29.0,33.0,6.0,-60.5625,0.3125,39.125,93073.25,0x683f
1679503418.296083,8585.0,2882.0,881.0,204.25,-49.125,23.6875,-820.0,-170.0,531.0,15.0,-14.0,-20.0,-60.25,-6.625,18.4375,93073.25,0x683f
1679503418.366116,9028.0,2906.0,850.0,201.5625,-49.0,26.375,-616.0,-329.0,635.0,124.0,-43.0,59.0,-54.1875,9.4375,5.75,93075.75,0x683f
1679503418.443089,9114.0,2550.0,621.0,200.6875,-50.3125,30.1875,-782.0,-398.0,527.0,-5.0,-80.0,-16.0,-39.1875,-24.75,-16.9375,93075.75,0x683f
1679503418.509977,8427.0,2018.0,955.0,200.125,-46.625,33.1875,-674.0,-458.0,553.0,75.0,-103.0,21.0,-34.125,-68.9375,-30.5625,93075.75,0x683f
1679503418.574271,9104.0,2697.0,814.0,200.375,-41.4375,34.25,-512.0,-536.0,655.0,137.0,-122.0,48.0,-28.25,-86.125,-42.75,93075.75,0x683f
1679503418.645084,8681.0,2325.0,752.0,201.0625,-36.0,35.625,-764.0,-623.0,656.0,87.0,-123.0,21.0,-21.1875,-71.0,-32.9375,93075.75,0x683f
1679503418.7095869,8713.0,2168.0,855.0,201.375,-31.75,36.3125,-391.0,-585.0,677.0,143.0,-83.0,4.0,-13.0,-37.6875,-21.4375,93074.0,0x683f
1679503418.7714272,8825.0,2471.0,929.0,201.875,-30.5625,37.0,-415.0,-598.0,659.0,81.0,-87.0,-14.0,-9.25,-10.1875,-16.3125,93074.0,0x683f
1679503418.832383,8724.0,2411.0,948.0,202.5625,-29.6875,37.5,-390.0,-576.0,811.0,-29.0,-47.0,-5.0,0.375,18.9375,-9.375,93074.0,0x683f
1679503418.8961082,8856.0,2569.0,1060.0,203.375,-29.75,38.0625,-437.0,-521.0,702.0,54.0,-1.0,36.0,-4.4375,4.0,-7.8125,93074.0,0x683f
1679503418.960191,8759.0,2360.0,1094.0,203.875,-30.5,39.125,-636.0,-610.0,632.0,-134.0,-100.0,10.0,-9.5625,32.1875,-0.8125,93074.0,0x683f
1679503419.024828,8810.0,2449.0,1080.0,203.875,-31.125,39.3125,-514.0,-550.0,678.0,-1.0,-3.0,2.0,-0.5625,13.8125,2.9375,93074.0,0x683f
1679503419.092772,9003.0,2659.0,1142.0,203.6875,-32.125,39.75,-525.0,-552.0,676.0,-28.0,-25.0,-15.0,-2.25,24.625,6.5625,93067.75,0x683f
1679503419.162286,8769.0,2425.0,995.0,203.5,-33.75,40.125,-495.0,-497.0,651.0,-23.0,-37.0,16.0,-0.75,23.6875,8.375,93067.75,0x683f
1679503419.2312782,8856.0,2502.0,987.0,202.9375,-35.4375,40.5625,-531.0,-514.0,637.0,3.0,-18.0,23.0,-2.125,19.5625,10.3125,93067.75,0x683f
1679503419.2937112,8848.0,2611.0,1023.0,202.625,-36.9375,41.0,-552.0,-509.0,624.0,37.0,4.0,33.0,0.25,24.625,6.25,93067.75,0x683f
1679503419.35711,8805.0,2450.0,945.0,202.5,-38.1875,41.4375,-595.0,-512.0,593.0,38.0,0.0,22.0,-0.1875,17.0,5.625,93067.75,0x683f
1679503419.421729,8825.0,2504.0,974.0,202.1875,-38.9375,41.75,-538.0,-548.0,647.0,41.0,-26.0,29.0,1.0,17.375,1.8125,93067.75,0x683f
1679503419.486248,8992.0,2728.0,1062.0,202.1875,-39.5625,42.25,-592.0,-555.0,591.0,39.0,-31.0,19.0,0.5,18.75,3.125,93073.25,0x683f
1679503419.549348,9011.0,2660.0,930.0,202.5,-40.5625,42.6875,-659.0,-506.0,544.0,-25.0,-11.0,0.0,2.9375,23.75,4.875,93073.25,0x683f
1679503419.61844,8996.0,2561.0,924.0,202.1875,-41.5625,42.8125,-659.0,-462.0,555.0,-8.0,35.0,17.0,0.625,-3.3125,6.3125,93073.25,0x683f
1679503419.6817331,9362.0,2829.0,825.0,201.625,-41.625,42.5,-625.0,-481.0,573.0,26.0,12.0,34.0,0.5625,1.375,2.875,93073.25,0x683f
1679503419.7534301,8876.0,2534.0,913.0,201.6875,-41.75,42.5,-657.0,-501.0,568.0,17.0,0.0,40.0,1.625,3.375,-1.875,93073.25,0x683f
1679503419.819445,8992.0,2581.0,902.0,202.0,-41.875,42.6875,-665.0,-501.0,584.0,-5.0,-12.0,58.0,2.625,14.875,-0.875,93073.25,0x683f
1679503419.88924,8900.0,2699.0,987.0,202.4375,-42.5625,43.0,-632.0,-517.0,564.0,38.0,-23.0,33.0,5.0625,23.75,2.5625,93069.0,0x683f
1679503419.952667,8852.0,2721.0,1016.0,202.9375,-43.5625,43.625,-683.0,-620.0,562.0,-3.0,-131.0,52.0,8.4375,34.375,7.9375,93069.0,0x683f
1679503420.012841,8904.0,2553.0,678.0,203.0625,-45.4375,43.1875,-754.0,-655.0,563.0,-55.0,-184.0,62.0,23.3125,-1.3125,25.0625,93069.0,0x683f
1679503420.076834,9052.0,2492.0,484.0,202.3125,-46.4375,39.875,-615.0,-653.0,661.0,95.0,-220.0,143.0,45.4375,5.0625,33.0,93069.0,0x683f
1679503420.140703,8510.0,2584.0,530.0,202.0625,-48.8125,35.9375,-647.0,-537.0,601.0,76.0,-169.0,60.0,61.6875,42.125,36.4375,93069.0,0x683f
1679503420.2053409,9062.0,3016.0,903.0,202.6875,-51.9375,30.5625,-694.0,-488.0,520.0,78.0,-180.0,0.0,77.75,21.5,29.4375,93069.0,0x683f
1679503420.26628,8930.0,3093.0,853.0,203.8125,-53.3125,24.875,-717.0,-333.0,490.0,73.0,-84.0,-50.0,78.3125,0.8125,10.8125,93072.25,0x683f
1679503420.3311172,8721.0,2942.0,948.0,205.875,-53.0,20.0,-668.0,-198.0,495.0,118.0,8.0,-43.0,73.6875,-17.6875,-10.5,93072.25,0x683f
1679503420.398624,8501.0,2980.0,839.0,209.6875,-51.4375,16.8125,-667.0,-129.0,482.0,100.0,48.0,-102.0,62.0625,-11.5625,-39.25,93072.25,0x683f
1679503420.465308,8570.0,3150.0,843.0,213.875,-49.875,16.625,-743.0,-58.0,469.0,2.0,124.0,-139.0,42.25,-24.75,-59.6875,93072.25,0x683f
1679503420.530613,8650.0,2893.0,1116.0,219.0625,-47.5,18.375,-787.0,12.0,406.0,-64.0,221.0,-221.0,17.4375,-3.6875,-65.625,93072.25,0x683f
1679503420.5961962,8562.0,2875.0,1060.0,222.625,-46.25,21.4375,-932.0,-63.0,341.0,-227.0,191.0,-291.0,-14.0,-28.375,-46.5,93072.25,0x683f
1679503420.663542,8366.0,2729.0,777.0,224.8125,-43.5,24.5625,-698.0,-236.0,523.0,-26.0,66.0,-123.0,-26.1875,-20.4375,-36.25,93070.0,0x683f
1679503420.73014,8908.0,3396.0,676.0,226.0,-41.5,27.125,-563.0,-313.0,693.0,100.0,34.0,34.0,-24.8125,7.875,-20.625,93070.0,0x683f
1679503420.7955542,8290.0,3037.0,503.0,226.875,-42.625,30.25,-751.0,-325.0,690.0,-98.0,24.0,78.0,-17.25,30.9375,-16.4375,93070.0,0x683f
1679503420.8626509,8410.0,2747.0,687.0,227.75,-43.6875,32.875,-872.0,-383.0,602.0,-209.0,-1.0,19.0,-14.8125,6.625,-5.1875,93070.0,0x683f
1679503420.927913,8597.0,3014.0,839.0,227.3125,-42.9375,33.375,-729.0,-365.0,632.0,4.0,48.0,34.0,-13.125,-27.25,2.0625,93070.0,0x683f
1679503420.995564,8520.0,3270.0,602.0,226.5,-41.5,33.375,-632.0,-412.0,699.0,38.0,-20.0,86.0,-11.5,-24.3125,-3.8125,93066.5,0x683f
1679503421.06323,8667.0,3095.0,766.0,226.25,-40.5,33.625,-606.0,-458.0,727.0,29.0,-45.0,106.0,-2.625,-8.75,-1.75,93066.5,0x683f
1679503421.131017,8633.0,3184.0,684.0,226.25,-40.25,33.6875,-647.0,-464.0,694.0,-36.0,-35.0,62.0,1.9375,4.0,-0.625,93066.5,0x683f
1679503421.196758,8597.0,2936.0,885.0,226.3125,-40.25,33.5625,-640.0,-389.0,645.0,-21.0,22.0,22.0,0.6875,0.875,1.625,93066.5,0x683f
1679503421.259742,8591.0,2941.0,927.0,226.1875,-40.3125,33.5,-684.0,-393.0,596.0,-49.0,19.0,-27.0,-3.4375,-2.75,3.9375,93066.5,0x683f
1679503421.3196108,8605.0,3028.0,967.0,227.3125,-40.25,33.4375,-598.0,-398.0,601.0,28.0,20.0,-17.0,-5.25,-3.3125,4.375,93066.5,0x683f
1679503421.3839612,8631.0,3011.0,892.0,228.3125,-40.375,33.625,-673.0,-452.0,680.0,-13.0,-29.0,58.0,-2.5,-5.25,5.1875,93072.75,0x683f
1679503421.451499,8703.0,3068.0,878.0,229.5,-40.4375,33.3125,-612.0,-409.0,625.0,14.0,1.0,-6.0,0.1875,-1.3125,6.5625,93072.75,0x683f
1679503421.5151181,8539.0,2968.0,935.0,232.125,-40.625,32.9375,-632.0,-404.0,621.0,6.0,0.0,-2.0,1.5625,0.375,7.0625,93072.75,0x683f
1679503421.582526,8458.0,2981.0,941.0,232.9375,-41.0,32.4375,-638.0,-412.0,689.0,-7.0,-14.0,71.0,4.25,5.1875,8.8125,93072.75,0x683f
1679503421.6518888,8561.0,3002.0,767.0,233.75,-41.625,31.5625,-637.0,-477.0,769.0,26.0,-91.0,143.0,15.875,11.4375,15.125,93072.75,0x683f
1679503421.736295,8529.0,3005.0,777.0,236.25,-43.1875,29.6875,-651.0,-379.0,609.0,48.0,5.0,-54.0,31.9375,27.0625,10.6875,93072.75,0x683f
1679503421.823276,8546.0,3004.0,793.0,237.875,-44.75,27.75,-763.0,-207.0,482.0,-20.0,134.0,-150.0,7.4375,-13.25,-0.9375,93076.5,0x683f
1679503421.898571,8547.0,3030.0,743.0,240.0,-43.0625,28.0,-678.0,-335.0,704.0,-9.0,-23.0,77.0,0.0625,-12.25,-10.3125,93076.5,0x683f
1679503421.964227,8521.0,3049.0,758.0,241.4375,-43.0,28.125,-666.0,-382.0,627.0,3.0,-45.0,-3.0,6.5625,8.375,1.0625,93076.5,0x683f
1679503422.027555,8716.0,3140.0,768.0,244.0,-43.9375,27.8125,-576.0,-367.0,676.0,54.0,-53.0,77.0,14.0,41.0625,1.625,93076.5,0x683f
1679503422.0957341,8780.0,3218.0,761.0,245.75,-46.5,28.0625,-671.0,-276.0,597.0,9.0,17.0,7.0,16.625,56.4375,2.375,93076.5,0x683f
1679503422.170929,8482.0,3094.0,836.0,247.625,-49.375,28.5625,-824.0,-292.0,555.0,-74.0,10.0,1.0,19.5,43.4375,1.75,93064.75,0x683f
1679503422.237268,8789.0,3112.0,755.0,250.3125,-52.25,28.625,-860.0,-303.0,521.0,-86.0,-28.0,4.0,18.5,22.4375,13.375,93064.75,0x683f
1679503422.301758,8356.0,2959.0,903.0,251.0,-54.125,26.6875,-923.0,-250.0,467.0,-128.0,7.0,-45.0,26.0,28.8125,24.9375,93064.75,0x683f
1679503422.374926,8249.0,2828.0,1118.0,251.25,-55.875,23.9375,-1014.0,-102.0,346.0,-191.0,121.0,-167.0,-7.1875,-17.5,40.5625,93064.75,0x683f
1679503422.452136,8766.0,3041.0,952.0,246.6875,-55.0,19.5,-918.0,-44.0,361.0,-103.0,143.0,-157.0,-52.8125,-40.125,60.8125,93064.75,0x683f
1679503422.512707,8747.0,3251.0,648.0,240.1875,-53.6875,17.0,-806.0,-62.0,436.0,-3.0,103.0,-117.0,-80.375,-40.5,63.375,93073.5,0x683f
1679503422.575344,8758.0,2936.0,683.0,232.6875,-53.125,16.5625,-735.0,-73.0,472.0,49.0,94.0,-91.0,-95.6875,-5.8125,60.9375,93073.5,0x683f
1679503422.6354182,9078.0,2782.0,661.0,226.5625,-53.125,18.0625,-793.0,-118.0,461.0,-8.0,64.0,-97.0,-104.9375,-35.75,41.0,93073.5,0x683f
1679503422.6969202,8686.0,2714.0,274.0,221.0,-51.8125,20.6875,-763.0,-222.0,517.0,7.0,-7.0,-49.0,-107.125,-33.0,34.3125,93073.5,0x683f
1679503422.760376,9263.0,3102.0,680.0,215.875,-50.75,23.625,-808.0,-259.0,527.0,-5.0,-19.0,-23.0,-97.75,-43.4375,28.375,93073.5,0x683f
1679503422.830423,8412.0,2333.0,415.0,211.4375,-48.9375,26.3125,-742.0,-431.0,589.0,-6.0,-138.0,10.0,-85.5625,-54.375,11.25,93073.5,0x683f
1679503422.90021,8424.0,2342.0,896.0,207.4375,-45.1875,29.625,-597.0,-526.0,587.0,112.0,-206.0,-25.0,-65.6875,-66.125,-3.8125,93067.0,0x683f
1679503422.96783,8685.0,2687.0,811.0,205.5,-41.375,31.5,-516.0,-606.0,628.0,122.0,-214.0,-3.0,-47.0625,-83.375,-17.6875,93067.0,0x683f
1679503423.0381062,8429.0,2599.0,603.0,204.3125,-35.875,32.875,-396.0,-573.0,700.0,168.0,-134.0,28.0,-37.0,-71.0625,-26.1875,93067.0,0x683f
1679503423.1118982,8436.0,2585.0,522.0,204.125,-30.9375,34.5,-355.0,-689.0,771.0,138.0,-208.0,74.0,-13.4375,-82.375,-22.1875,93067.0,0x683f
1679503423.182566,8607.0,2675.0,544.0,204.1875,-27.875,34.75,-307.0,-633.0,849.0,113.0,-116.0,134.0,2.8125,26.4375,2.375,93067.0,0x683f
1679503423.247417,8606.0,2629.0,617.0,204.375,-29.6875,34.625,-494.0,-514.0,692.0,-8.0,-30.0,-7.0,10.75,-12.375,5.0,93067.0,0x683f
1679503423.316111,8575.0,2446.0,531.0,204.1875,-29.5625,33.625,-420.0,-578.0,747.0,65.0,-108.0,36.0,17.8125,3.3125,9.5625,93072.75,0x683f
1679503423.394648,8255.0,1966.0,797.0,204.125,-30.6875,32.0,-388.0,-566.0,783.0,116.0,-123.0,68.0,34.4375,29.125,12.3125,93072.75,0x683f
1679503423.472586,8621.0,2864.0,707.0,203.75,-33.3125,29.5625,-457.0,-517.0,756.0,86.0,-119.0,43.0,50.625,40.4375,6.9375,93072.75,0x683f
1679503423.548616,8744.0,2570.0,540.0,204.375,-36.875,26.125,-547.0,-441.0,721.0,69.0,-103.0,28.0,55.0,35.3125,11.3125,93072.75,0x683f
1679503423.6283178,9115.0,2884.0,640.0,204.3125,-40.5,22.5625,-661.0,-403.0,670.0,-14.0,-126.0,-11.0,63.0,80.5625,18.1875,93072.75,0x683f
1679503423.699212,8553.0,2657.0,700.0,205.5,-45.6875,18.25,-654.0,-289.0,683.0,53.0,-84.0,37.0,69.3125,58.5625,14.3125,93074.25,0x683f
1679503423.766614,8528.0,2603.0,598.0,206.6875,-49.4375,13.75,-795.0,-182.0,574.0,-46.0,-38.0,-41.0,69.8125,22.25,0.8125,93074.25,0x683f
1679503423.830865,8651.0,2676.0,1051.0,209.0625,-50.5,9.3125,-692.0,-89.0,598.0,43.0,15.0,-30.0,68.375,9.75,-4.9375,93074.25,0x683f
1679503423.89437,8538.0,2936.0,924.0,211.5,-50.625,6.1875,-696.0,5.0,579.0,61.0,69.0,-39.0,66.6875,-1.5625,-24.25,93074.25,0x683f
1679503423.956714,8848.0,3250.0,785.0,215.5625,-51.0,4.0625,-727.0,27.0,517.0,34.0,71.0,-97.0,66.1875,21.5625,-32.5,93074.25,0x683f
1679503424.019179,8839.0,3086.0,905.0,219.5,-52.5,3.0625,-672.0,39.0,500.0,113.0,71.0,-95.0,60.0,37.6875,-40.75,93074.25,0x683f
1679503424.0832582,8626.0,2795.0,758.0,223.75,-55.875,3.375,-715.0,-25.0,433.0,106.0,7.0,-100.0,55.875,108.875,-44.8125,93067.0,0x683f
1679503424.151909,8666.0,3069.0,826.0,229.25,-63.1875,6.3125,-825.0,-48.0,313.0,48.0,-31.0,-106.0,47.4375,115.125,-53.875,93067.0,0x683f
1679503424.216049,8689.0,2930.0,885.0,234.4375,-69.0625,13.0,-1091.0,-100.0,146.0,-134.0,34.0,-121.0,45.3125,37.125,-51.9375,93067.0,0x683f
1679503424.283859,8758.0,3130.0,870.0,240.1875,-69.0625,20.6875,-1000.0,-40.0,254.0,-84.0,82.0,-72.0,28.5625,-8.0,-54.875,93067.0,0x683f
1679503424.350823,8744.0,3198.0,843.0,244.375,-64.25,24.0625,-967.0,-100.0,309.0,-71.0,66.0,-53.0,4.8125,-105.1875,-50.3125,93067.0,0x683f
1679503424.4179718,8521.0,3080.0,895.0,245.875,-57.5,23.25,-828.0,-119.0,517.0,33.0,104.0,65.0,-7.375,-138.625,-32.1875,93066.75,0x683f
1679503424.483053,8632.0,3098.0,910.0,245.875,-48.875,22.0,-681.0,-182.0,625.0,53.0,22.0,48.0,-19.3125,-102.3125,-22.0,93066.75,0x683f
1679503424.547977,8570.0,3221.0,663.0,245.5625,-42.1875,21.9375,-603.0,-226.0,720.0,55.0,44.0,47.0,-20.5,-106.1875,-17.3125,93066.75,0x683f
1679503424.612422,8468.0,2951.0,613.0,245.125,-37.25,22.4375,-464.0,-302.0,767.0,129.0,-4.0,46.0,-25.625,-36.9375,-11.3125,93066.75,0x683f
1679503424.6793962,8549.0,2883.0,644.0,246.0,-36.1875,24.375,-715.0,-364.0,671.0,-65.0,-58.0,3.0,-32.625,-22.625,-20.0625,93066.75,0x683f
1679503424.7484832,8519.0,2993.0,553.0,247.5625,-33.75,26.625,-611.0,-414.0,804.0,-55.0,-44.0,65.0,-4.0,-12.375,-18.0,93066.75,0x683f
1679503424.813439,8593.0,3194.0,758.0,248.125,-32.5625,27.0,-556.0,-381.0,741.0,-26.0,-4.0,22.0,-6.25,-21.3125,-6.5,93072.25,0x683f
1679503424.878339,8504.0,3141.0,831.0,247.875,-31.375,27.3125,-510.0,-371.0,758.0,-3.0,4.0,3.0,-9.4375,-10.0625,-1.1875,93072.25,0x683f
1679503424.943393,8533.0,3156.0,749.0,247.625,-30.6875,27.75,-518.0,-406.0,803.0,-17.0,-14.0,57.0,-6.5,-11.0,1.0,93072.25,0x683f
1679503425.007904,8518.0,3124.0,794.0,247.3125,-30.375,27.8125,-481.0,-410.0,786.0,13.0,-15.0,38.0,-3.8125,-6.4375,2.4375,93072.25,0x683f
1679503425.07383,8622.0,3228.0,659.0,247.0625,-29.75,27.875,-526.0,-426.0,781.0,-17.0,5.0,25.0,-2.25,-18.625,-0.0625,93072.25,0x683f
1679503425.144502,8567.0,3183.0,736.0,246.6875,-29.125,27.8125,-450.0,-409.0,791.0,18.0,-2.0,16.0,-3.1875,-2.4375,3.375,93072.25,0x683f
1679503425.207785,8586.0,3167.0,736.0,248.6875,-29.0625,27.875,-479.0,-407.0,758.0,-1.0,-6.0,1.0,-2.375,0.25,0.875,93067.75,0x683f
1679503425.274454,8519.0,3171.0,733.0,249.6875,-29.1875,28.0,-475.0,-409.0,769.0,-2.0,-2.0,13.0,-1.375,2.9375,0.3125,93067.75,0x683f
1679503425.337347,8580.0,3168.0,739.0,250.6875,-29.3125,28.1875,-480.0,-410.0,782.0,3.0,-7.0,34.0,-4.125,1.1875,-0.125,93067.75,0x683f
1679503425.397961,8554.0,3173.0,734.0,251.75,-29.375,28.5,-490.0,-405.0,773.0,-3.0,3.0,30.0,-7.3125,4.5625,-2.5625,93067.75,0x683f
1679503425.4592571,8615.0,3194.0,666.0,253.9375,-29.5625,29.0625,-501.0,-437.0,794.0,-17.0,-4.0,45.0,-5.625,11.1875,-2.875,93067.75,0x683f
1679503425.527928,8535.0,3121.0,778.0,255.1875,-30.0625,29.5,-488.0,-440.0,799.0,14.0,-26.0,70.0,-0.8125,13.6875,-0.3125,93067.75,0x683f
1679503425.595285,8535.0,3052.0,762.0,256.375,-31.1875,29.625,-503.0,-429.0,793.0,5.0,-14.0,65.0,7.3125,23.5625,3.375,93077.0,0x683f
1679503425.665719,8684.0,3146.0,774.0,258.625,-33.0,29.25,-559.0,-414.0,745.0,-12.0,-8.0,27.0,18.8125,49.875,13.5625,93077.0,0x683f
1679503425.73265,8582.0,3170.0,821.0,259.375,-37.4375,28.625,-531.0,-445.0,709.0,-7.0,-121.0,-32.0,22.4375,71.1875,23.375,93077.0,0x683f
1679503425.794863,8673.0,3265.0,585.0,259.875,-41.0,26.875,-643.0,-534.0,717.0,0.0,-199.0,57.0,40.0625,46.0,38.3125,93077.0,0x683f
1679503425.860933,8625.0,3145.0,711.0,259.9375,-44.75,23.4375,-612.0,-453.0,576.0,132.0,-149.0,-100.0,40.25,50.5625,43.875,93077.0,0x683f
1679503425.923508,8476.0,3120.0,698.0,258.875,-48.75,19.875,-691.0,-209.0,514.0,44.0,0.0,-91.0,19.0625,31.125,23.0,93077.0,0x683f
1679503425.987563,8528.0,3241.0,683.0,258.5,-50.5,18.5,-721.0,-157.0,512.0,35.0,40.0,-78.0,6.875,19.125,5.1875,93076.5,0x683f
1679503426.054231,8154.0,2775.0,853.0,258.625,-51.5625,18.5625,-765.0,-232.0,493.0,34.0,-43.0,-78.0,-1.0625,15.5,-3.0625,93076.5,0x683f
1679503426.122685,8567.0,3225.0,891.0,259.0625,-52.9375,20.5625,-677.0,-315.0,421.0,124.0,-103.0,-148.0,-22.6875,44.25,-15.25,93076.5,0x683f
1679503426.19024,8719.0,3293.0,963.0,260.0,-55.75,27.5625,-665.0,-262.0,258.0,146.0,-11.0,-223.0,-57.375,65.1875,-39.125,93076.5,0x683f
1679503426.256199,8595.0,3245.0,1036.0,261.875,-57.1875,39.6875,-628.0,-296.0,274.0,202.0,50.0,-143.0,-88.0625,89.625,-88.9375,93076.5,0x683f
1679503426.3259132,8488.0,3048.0,903.0,265.4375,-56.0,54.125,-916.0,-404.0,725.0,-113.0,49.0,394.0,-18.375,-86.4375,-59.875,93073.75,0x683f
1679503426.390887,8754.0,3106.0,710.0,269.25,-52.9375,58.9375,-626.0,-456.0,241.0,154.0,60.0,-50.0,-27.0625,70.125,-63.5625,93073.75,0x683f
1679503426.456743,8451.0,3208.0,889.0,273.8125,-50.125,66.5,-521.0,-492.0,314.0,221.0,98.0,69.0,-39.4375,6.375,-104.4375,93073.75,0x683f
1679503426.5225458,8674.0,3348.0,741.0,280.875,-43.0,72.75,-456.0,-619.0,367.0,198.0,81.0,165.0,-19.125,81.75,-137.6875,93073.75,0x683f
1679503426.591866,8326.0,3309.0,497.0,294.75,-35.75,81.0625,-636.0,-816.0,133.0,-109.0,-46.0,6.0,14.125,158.625,-128.8125,93073.75,0x683f
1679503426.660444,8656.0,3490.0,474.0,311.8125,-29.1875,86.875,-684.0,-916.0,-46.0,-184.0,-52.0,-106.0,30.4375,153.0625,-90.75,93073.75,0x683f
1679503426.719877,8571.0,3340.0,578.0,324.4375,-24.8125,89.5625,-582.0,-908.0,-10.0,-180.0,-13.0,-12.0,23.9375,118.5625,-67.875,93072.0,0x683f
1679503426.7817311,8825.0,3499.0,817.0,334.1875,-21.125,90.875,-486.0,-949.0,-45.0,-141.0,-31.0,-28.0,17.25,89.8125,-57.4375,93072.0,0x683f
1679503426.841888,9280.0,3700.0,967.0,342.0,-18.0,91.875,-367.0,-938.0,-32.0,-71.0,-4.0,1.0,0.0625,43.0,-50.375,93072.0,0x683f
1679503426.906778,8738.0,3450.0,950.0,346.4375,-14.375,92.5625,-289.0,-1029.0,-13.0,-45.0,-80.0,29.0,-9.875,-34.0625,-53.625,93072.0,0x683f
1679503426.967901,8519.0,3366.0,390.0,347.125,-11.625,92.375,-175.0,-1038.0,71.0,-45.0,-80.0,114.0,0.625,-22.25,-39.5,93072.0,0x683f
1679503427.036598,8625.0,3457.0,557.0,347.375,-10.0,92.1875,-234.0,-1023.0,72.0,-65.0,-58.0,110.0,-7.5625,-29.0625,-5.875,93072.0,0x683f
1679503427.105212,8530.0,3370.0,569.0,345.1875,-10.375,92.1875,-177.0,-979.0,64.0,1.0,-16.0,100.0,-1.1875,-21.6875,11.3125,93081.0,0x683f
1679503427.172828,8437.0,3374.0,395.0,344.0,-10.8125,91.75,-157.0,-942.0,-12.0,20.0,23.0,8.0,7.0625,4.8125,3.125,93081.0,0x683f
1679503427.2370298,8562.0,3399.0,655.0,344.0,-11.0,91.625,-192.0,-937.0,-48.0,-4.0,24.0,-20.0,-3.25,-7.875,-0.0625,93081.0,0x683f
1679503427.302696,8481.0,3306.0,617.0,343.25,-11.0,91.6875,-174.0,-955.0,17.0,8.0,14.0,52.0,-0.375,-14.0,0.125,93081.0,0x683f
1679503427.3779688,8843.0,3485.0,781.0,342.8125,-11.0625,91.5,-171.0,-976.0,33.0,-1.0,-17.0,47.0,0.4375,5.5,4.5625,93081.0,0x683f
1679503427.455168,8732.0,3377.0,847.0,342.875,-11.25,91.25,-203.0,-959.0,29.0,-11.0,2.0,49.0,0.6875,-2.1875,-0.1875,93068.75,0x683f
1679503427.5228858,8774.0,3454.0,788.0,342.5625,-11.0625,90.75,-177.0,-954.0,21.0,-3.0,8.0,26.0,2.1875,-10.375,-4.3125,93068.75,0x683f
1679503427.591079,9041.0,3672.0,712.0,342.0625,-10.875,90.375,-163.0,-973.0,21.0,10.0,-7.0,22.0,1.125,-1.1875,0.75,93068.75,0x683f
1679503427.660202,8558.0,3295.0,813.0,341.9375,-10.875,90.25,-186.0,-956.0,18.0,4.0,6.0,23.0,-1.0,-6.1875,-2.5625,93068.75,0x683f
1679503427.727347,8566.0,3313.0,849.0,341.75,-10.8125,90.1875,-201.0,-955.0,21.0,-17.0,7.0,24.0,-1.125,-4.625,-0.5625,93068.75,0x683f
1679503427.791521,8565.0,3336.0,885.0,341.1875,-10.8125,90.0,-184.0,-964.0,34.0,2.0,4.0,33.0,-0.9375,-7.25,0.0625,93068.75,0x683f
1679503427.858052,8373.0,3320.0,355.0,340.6875,-10.875,89.875,-216.0,-952.0,2.0,-12.0,8.0,3.0,-2.5,-27.3125,-0.4375,93065.0,0x683f
1679503427.923708,9078.0,3735.0,666.0,339.0625,-10.8125,89.75,-154.0,-965.0,29.0,29.0,-2.0,25.0,-2.5,-12.375,-0.375,93065.0,0x683f
1679503427.990224,8301.0,3206.0,645.0,338.4375,-10.6875,89.6875,-155.0,-973.0,40.0,26.0,-9.0,35.0,-3.1875,-11.875,-1.0,93065.0,0x683f
1679503428.053043,8725.0,3424.0,809.0,338.25,-10.5,89.625,-151.0,-962.0,29.0,27.0,1.0,22.0,0.0,-0.875,-0.75,93065.0,0x683f
1679503428.1163561,8439.0,3314.0,601.0,338.5,-10.3125,89.5,-186.0,-957.0,8.0,-13.0,4.0,-4.0,0.375,3.8125,-3.1875,93065.0,0x683f
1679503428.180707,8687.0,3405.0,884.0,338.6875,-10.1875,89.5625,-189.0,-964.0,9.0,-19.0,4.0,3.0,-1.4375,-3.1875,-1.5,93065.0,0x683f
1679503428.244792,8844.0,3530.0,765.0,338.5625,-10.125,89.625,-174.0,-967.0,29.0,-7.0,-1.0,22.0,-1.1875,0.5,0.4375,93076.0,0x683f
1679503428.307693,8679.0,3453.0,757.0,338.5625,-10.3125,89.5,-169.0,-974.0,56.0,13.0,-12.0,43.0,2.0,4.375,4.0625,93076.0,0x683f
1679503428.3763819,9005.0,3716.0,625.0,339.25,-10.625,89.1875,-179.0,-963.0,37.0,2.0,1.0,13.0,6.875,20.5,5.875,93076.0,0x683f
1679503428.443352,8734.0,3445.0,843.0,339.6875,-10.875,89.0625,-172.0,-955.0,1.0,14.0,6.0,-14.0,2.0,-0.375,2.0,93076.0,0x683f
1679503428.514667,8566.0,3305.0,905.0,339.625,-10.9375,88.9375,-168.0,-960.0,10.0,3.0,7.0,-12.0,1.1875,4.6875,-0.5625,93076.0,0x683f
1679503428.582057,8963.0,3644.0,691.0,339.9375,-10.875,89.0,-195.0,-957.0,17.0,-12.0,3.0,8.0,-1.1875,0.1875,0.1875,93076.0,0x683f
1679503428.648006,8811.0,3500.0,820.0,339.8125,-10.9375,89.0,-194.0,-967.0,43.0,-8.0,-4.0,26.0,-0.0625,0.625,1.25,93069.0,0x683f
1679503428.7113202,8681.0,3395.0,779.0,339.6875,-11.0625,88.875,-192.0,-959.0,40.0,5.0,0.0,26.0,-0.125,-4.8125,1.1875,93069.0,0x683f
1679503428.775276,8707.0,3360.0,873.0,339.5625,-11.0625,88.6875,-164.0,-970.0,46.0,28.0,-8.0,22.0,3.25,3.6875,0.0625,93069.0,0x683f
1679503428.843733,8986.0,3672.0,777.0,340.375,-11.0,88.5,-166.0,-950.0,18.0,2.0,9.0,-6.0,4.5625,18.75,1.1875,93069.0,0x683f
1679503428.908417,8677.0,3375.0,876.0,341.0,-10.9375,88.4375,-187.0,-958.0,17.0,-1.0,3.0,-8.0,0.5,-3.625,-3.0625,93069.0,0x683f
1679503428.9713962,8915.0,3615.0,778.0,341.0625,-10.75,88.375,-188.0,-964.0,33.0,-12.0,0.0,6.0,0.0,1.5,-2.0,93069.0,0x683f
1679503429.0350358,8280.0,3302.0,379.0,341.125,-10.6875,88.375,-185.0,-960.0,51.0,-3.0,2.0,20.0,0.4375,-0.3125,-0.25,93078.5,0x683f
1679503429.097478,8830.0,3504.0,804.0,341.25,-10.6875,88.25,-186.0,-959.0,43.0,-4.0,3.0,15.0,1.875,3.5,0.375,93078.5,0x683f
1679503429.1610932,9043.0,3856.0,393.0,341.3125,-10.6875,88.1875,-190.0,-956.0,35.0,-1.0,2.0,0.0,0.875,-1.3125,0.3125,93078.5,0x683f
1679503429.22561,8916.0,3570.0,759.0,341.25,-10.75,88.1875,-189.0,-957.0,33.0,-8.0,3.0,5.0,-0.3125,-0.3125,0.8125,93078.5,0x683f
1679503429.287104,8877.0,3715.0,469.0,341.125,-10.8125,88.125,-182.0,-959.0,43.0,1.0,3.0,12.0,-0.625,-0.875,1.5,93078.5,0x683f
1679503429.351434,8870.0,3610.0,738.0,340.9375,-10.875,88.125,-186.0,-962.0,41.0,4.0,0.0,15.0,0.125,-2.1875,0.875,93066.5,0x683f
1679503429.415785,8693.0,3366.0,914.0,340.8125,-10.9375,88.0625,-189.0,-964.0,30.0,-2.0,-1.0,-1.0,-0.625,-2.4375,1.0625,93066.5,0x683f
1679503429.477532,8693.0,3347.0,880.0,340.625,-11.0,88.0625,-182.0,-957.0,29.0,4.0,6.0,-2.0,-0.5625,-0.5625,1.5625,93066.5,0x683f
1679503429.540777,9030.0,3676.0,732.0,340.5,-11.125,88.125,-181.0,-954.0,23.0,13.0,0.0,-3.0,-0.625,-1.4375,1.5,93066.5,0x683f
1679503429.6054971,8600.0,3331.0,909.0,340.5625,-11.1875,88.1875,-163.0,-963.0,42.0,27.0,-1.0,13.0,-0.6875,15.125,3.9375,93066.5,0x683f
1679503429.671942,8541.0,3318.0,786.0,341.375,-11.4375,88.4375,-204.0,-958.0,21.0,-7.0,0.0,1.0,-0.75,8.6875,1.875,93066.5,0x683f
1679503429.7411048,9040.0,3692.0,772.0,341.3125,-11.4375,88.4375,-190.0,-961.0,46.0,10.0,1.0,26.0,0.375,-6.3125,-2.1875,93076.5,0x683f
1679503429.808175,9058.0,3694.0,710.0,341.3125,-11.3125,88.25,-197.0,-961.0,33.0,-8.0,2.0,1.0,2.125,0.8125,-0.75,93076.5,0x683f
1679503429.874222,8935.0,3583.0,803.0,341.1875,-11.25,88.1875,-193.0,-962.0,21.0,0.0,-1.0,-8.0,0.0625,-3.5,1.0625,93076.5,0x683f
1679503429.93922,8685.0,3374.0,833.0,340.875,-11.3125,88.1875,-179.0,-957.0,25.0,13.0,3.0,-3.0,-1.3125,-2.1875,0.9375,93076.5,0x683f
1679503430.0028212,8579.0,3399.0,361.0,340.75,-11.375,88.3125,-205.0,-956.0,27.0,-10.0,3.0,0.0,-1.3125,-3.125,0.9375,93076.5,0x683f
1679503430.070698,8461.0,3212.0,870.0,340.5625,-11.5,88.3125,-189.0,-972.0,41.0,5.0,-11.0,13.0,-0.4375,2.4375,2.125,93076.5,0x683f
1679503430.1349618,8704.0,3359.0,919.0,340.5,-11.5625,88.3125,-186.0,-963.0,41.0,10.0,-3.0,13.0,-0.125,-0.5625,1.4375,93077.5,0x683f
1679503430.1987898,9060.0,3666.0,764.0,340.4375,-11.625,88.25,-182.0,-959.0,40.0,15.0,0.0,11.0,1.0,2.3125,0.0625,93077.5,0x683f
1679503430.2651148,8725.0,3433.0,783.0,340.5,-11.5625,88.1875,-188.0,-955.0,33.0,8.0,4.0,3.0,0.8125,0.25,-1.25,93077.5,0x683f
1679503430.32777,8747.0,3408.0,864.0,340.5625,-11.5,88.1875,-201.0,-956.0,24.0,-5.0,3.0,-5.0,-0.625,-1.5,-1.5,93077.5,0x683f
1679503430.3914828,8684.0,3376.0,933.0,340.4375,-11.375,88.1875,-207.0,-953.0,35.0,-5.0,1.0,10.0,-1.25,-10.125,-3.5,93077.5,0x683f
1679503430.451906,8681.0,3404.0,786.0,340.25,-11.1875,88.125,-200.0,-962.0,37.0,-9.0,-1.0,6.0,0.75,1.125,-0.875,93077.5,0x683f
1679503430.5139399,8725.0,3404.0,871.0,340.25,-11.1875,88.0625,-183.0,-967.0,43.0,7.0,-5.0,11.0,0.625,-2.0625,-0.1875,93076.0,0x683f
1679503430.577129,8712.0,3430.0,838.0,340.1875,-11.1875,88.0,-186.0,-957.0,34.0,3.0,3.0,1.0,1.0625,0.75,0.3125,93076.0,0x683f
1679503430.6420748,9018.0,3711.0,684.0,340.25,-11.1875,87.9375,-182.0,-961.0,36.0,6.0,-5.0,0.0,1.0,0.875,0.75,93076.0,0x683f
1679503430.706561,8544.0,3300.0,873.0,340.3125,-11.25,87.875,-190.0,-957.0,25.0,0.0,3.0,-9.0,0.4375,-0.625,-0.0625,93076.0,0x683f
1679503430.7704551,8467.0,3200.0,867.0,340.5,-11.25,87.9375,-192.0,-957.0,32.0,-3.0,3.0,-2.0,-1.0625,0.3125,0.125,93076.0,0x683f
1679503430.8347552,8437.0,3236.0,873.0,340.4375,-11.25,87.9375,-198.0,-960.0,38.0,-7.0,0.0,5.0,-0.875,1.125,1.125,93076.0,0x683f
1679503430.8974888,8732.0,3391.0,847.0,340.1875,-11.375,88.0,-202.0,-964.0,52.0,-7.0,-10.0,24.0,-0.9375,-9.0625,1.3125,93075.0,0x683f
1679503430.9673002,8651.0,3395.0,606.0,339.6875,-11.375,87.8125,-168.0,-977.0,52.0,25.0,-16.0,16.0,2.25,-1.6875,1.1875,93075.0,0x683f
1679503431.030058,8977.0,3730.0,414.0,340.0625,-11.375,87.6875,-181.0,-957.0,27.0,16.0,2.0,-8.0,1.3125,-2.25,-0.75,93075.0,0x683f
1679503431.0938082,8716.0,3434.0,776.0,340.3125,-11.3125,87.625,-186.0,-952.0,30.0,6.0,8.0,-9.0,0.5625,1.375,-0.8125,93075.0,0x683f
1679503431.161529,8849.0,3574.0,640.0,340.75,-11.25,87.6875,-199.0,-948.0,25.0,-7.0,12.0,-12.0,-0.625,2.375,-0.5,93075.0,0x683f
1679503431.222668,8708.0,3372.0,829.0,340.8125,-11.25,87.75,-199.0,-947.0,40.0,-8.0,13.0,3.0,-3.8125,-5.6875,-1.4375,93075.0,0x683f
1679503431.285223,8684.0,3386.0,798.0,340.625,-11.0625,87.9375,-177.0,-964.0,64.0,11.0,-2.0,30.0,-2.3125,-3.125,-1.375,93069.5,0x683f
1679503431.350212,8550.0,3432.0,487.0,340.75,-11.0625,87.9375,-205.0,-969.0,46.0,-17.0,-7.0,12.0,-1.9375,-2.9375,-0.0625,93069.5,0x683f
1679503431.417208,8482.0,3263.0,805.0,340.5625,-11.0625,87.9375,-189.0,-957.0,39.0,2.0,5.0,5.0,-0.125,0.375,0.4375,93069.5,0x683f
1679503431.484752,8558.0,3307.0,824.0,340.5625,-11.0625,87.9375,-179.0,-961.0,36.0,9.0,0.0,3.0,0.375,0.6875,0.25,93069.5,0x683f
1679503431.5498319,8983.0,3690.0,696.0,340.625,-11.0625,87.9375,-183.0,-961.0,36.0,-2.0,1.0,0.0,-0.1875,0.5625,-0.5625,93069.5,0x683f
1679503431.618952,8941.0,3657.0,646.0,340.6875,-11.0625,88.0,-192.0,-963.0,40.0,-6.0,3.0,3.0,-0.3125,1.3125,0.25,93069.5,0x683f
1679503431.68894,8557.0,3325.0,796.0,340.6875,-11.0625,88.0,-197.0,-960.0,40.0,-7.0,0.0,5.0,0.3125,0.875,1.0,93069.25,0x683f
1679503431.755538,8753.0,3455.0,777.0,340.625,-11.1875,87.9375,-187.0,-960.0,35.0,3.0,0.0,0.0,0.9375,2.75,1.5,93069.25,0x683f
1679503431.823894,8658.0,3484.0,1039.0,340.6875,-11.25,87.9375,-187.0,-959.0,33.0,6.0,-4.0,-1.0,-0.125,-1.5,0.625,93069.25,0x683f
1679503431.890647,8554.0,3288.0,852.0,340.5,-11.25,87.9375,-175.0,-962.0,41.0,16.0,-1.0,7.0,-1.5,-6.25,-1.75,93069.25,0x683f
1679503431.954887,8737.0,3392.0,747.0,340.375,-11.0,87.8125,-171.0,-971.0,52.0,7.0,-16.0,22.0,0.5,-2.25,-2.1875,93069.25,0x683f
1679503432.021299,8743.0,3477.0,779.0,340.3125,-10.875,87.625,-266.0,-989.0,-5.0,-72.0,-12.0,-30.0,7.875,-18.5625,-3.375,93079.25,0x683f
1679503432.088883,8622.0,3311.0,857.0,338.6875,-10.375,86.3125,-139.0,-1180.0,-27.0,33.0,-217.0,-98.0,47.25,-88.9375,-15.8125,93079.25,0x683f
1679503432.1560729,8929.0,3488.0,468.0,333.4375,-10.3125,80.0,-187.0,-857.0,374.0,-23.0,93.0,133.0,40.5,-26.0,36.6875,93079.25,0x683f
1679503432.222412,8981.0,3518.0,467.0,330.3125,-12.9375,77.9375,-293.0,-945.0,244.0,-66.0,-12.0,53.0,19.8125,-7.3125,46.25,93079.25,0x683f
1679503432.284962,8552.0,3342.0,390.0,327.75,-15.25,77.0,-299.0,-954.0,244.0,-32.0,-34.0,30.0,8.625,-3.5625,52.6875,93079.25,0x683f
1679503432.346952,9132.0,3580.0,560.0,325.0625,-18.4375,76.75,-584.0,-1065.0,218.0,-294.0,-192.0,29.0,-17.625,-4.875,74.3125,93079.25,0x683f
1679503432.414516,9011.0,3571.0,545.0,317.9375,-24.5625,77.0,-569.0,-986.0,172.0,-125.0,-93.0,0.0,-11.625,-44.125,103.25,93077.75,0x683f
1679503432.47976,8496.0,3257.0,623.0,310.25,-29.8125,75.375,-496.0,-793.0,204.0,-8.0,29.0,-9.0,-5.375,-49.125,101.75,93077.75,0x683f
1679503432.545822,8545.0,3303.0,655.0,303.875,-34.6875,73.0625,-518.0,-710.0,179.0,23.0,82.0,-82.0,0.25,-30.3125,95.8125,93077.75,0x683f
1679503432.613894,8699.0,3166.0,819.0,295.5,-40.25,69.0625,-553.0,-614.0,179.0,46.0,111.0,-71.0,-3.9375,-53.9375,80.8125,93077.75,0x683f
1679503432.681777,8666.0,3173.0,818.0,289.625,-43.0625,65.0625,-640.0,-522.0,224.0,38.0,125.0,-71.0,-13.0,-62.5,74.0625,93077.75,0x683f
1679503432.744861,8708.0,3069.0,884.0,283.3125,-45.3125,61.3125,-718.0,-523.0,274.0,-58.0,56.0,-69.0,-22.9375,-37.5,67.625,93077.75,0x683f
1679503432.8094149,8934.0,3313.0,850.0,276.0625,-48.75,58.0625,-767.0,-561.0,332.0,-44.0,0.0,-13.0,-20.6875,7.5625,74.4375,93065.75,0x683f
1679503432.87996,8822.0,3413.0,1040.0,271.25,-53.0625,57.125,-823.0,-521.0,288.0,-38.0,-27.0,-30.0,-18.5,0.1875,76.3125,93065.75,0x683f
1679503432.946135,8447.0,3270.0,800.0,266.0625,-56.125,53.9375,-817.0,-524.0,305.0,3.0,-98.0,-22.0,-13.1875,-38.375,69.375,93065.75,0x683f
1679503433.011155,8734.0,3220.0,912.0,259.5,-58.4375,46.4375,-801.0,-450.0,334.0,39.0,-60.0,-19.0,-5.25,-23.125,68.375,93065.75,0x683f
1679503433.074311,8759.0,3025.0,709.0,255.625,-60.375,40.875,-841.0,-355.0,342.0,14.0,-33.0,-26.0,-7.3125,-15.4375,63.875,93065.75,0x683f
1679503433.1402218,8593.0,2838.0,467.0,251.4375,-62.0625,34.75,-910.0,-257.0,335.0,-44.0,45.0,-49.0,-17.8125,-7.375,60.0,93065.75,0x683f
1679503433.205664,8881.0,2983.0,879.0,246.75,-64.25,29.8125,-959.0,-95.0,292.0,-72.0,106.0,-74.0,-28.125,2.6875,77.625,93071.0,0x683f
1679503433.268459,8864.0,3114.0,783.0,240.0625,-66.5,20.625,-912.0,-19.0,271.0,40.0,136.0,-114.0,-30.625,-13.625,87.875,93071.0,0x683f
1679503433.331093,8994.0,2905.0,823.0,233.875,-66.75,11.0625,-631.0,23.0,335.0,269.0,90.0,-46.0,-38.125,-18.8125,68.875,93071.0,0x683f
1679503433.397007,8806.0,3068.0,784.0,229.3125,-66.625,7.125,-768.0,-147.0,261.0,134.0,-97.0,-118.0,-71.5625,52.1875,10.125,93071.0,0x683f
1679503433.4711308,8863.0,3007.0,722.0,225.8125,-72.1875,15.0625,-875.0,-1010.0,978.0,62.0,-926.0,703.0,6.5625,85.625,-18.0,93071.0,0x683f
1679503433.538149,8815.0,2892.0,791.0,228.625,-72.75,16.75,-824.0,-34.0,245.0,112.0,49.0,-32.0,42.875,-34.1875,-17.8125,93080.25,0x683f
1679503433.601235,8660.0,2688.0,739.0,231.0,-74.0625,19.4375,-905.0,44.0,62.0,16.0,152.0,-214.0,27.75,43.625,-22.4375,93080.25,0x683f
1679503433.664184,8651.0,2602.0,564.0,234.3125,-73.375,24.1875,-942.0,-78.0,178.0,-3.0,40.0,-81.0,35.8125,-23.625,-36.4375,93080.25,0x683f
1679503433.7289011,8382.0,2562.0,832.0,238.875,-71.8125,25.0,-1010.0,-152.0,272.0,-78.0,-22.0,-4.0,70.8125,4.125,-18.75,93080.25,0x683f
1679503433.791744,8681.0,2969.0,768.0,243.0,-71.5625,23.75,-962.0,-169.0,258.0,-36.0,-50.0,-22.0,76.125,-17.0625,-21.375,93080.25,0x683f
