1677623210.416023,9124.0,3162.0,-345.0,300.6875,-14.875,85.3125,-248.0,-946.0,67.0,0.0625,-0.0625,1.0625,3.0,-1.0,-8.0,0x683f
1677623210.478513,9100.0,3156.0,-300.0,300.625,-14.9375,85.375,-249.0,-943.0,69.0,0.125,1.375,-0.9375,3.0,0.0,-6.0,0x683f
1677623210.5344892,9297.0,3174.0,-330.0,300.5625,-14.9375,85.375,-242.0,-942.0,71.0,0.6875,1.1875,0.625,12.0,-3.0,-5.0,0x683f
1677623210.590701,9293.0,3169.0,-304.0,300.5625,-15.0,85.375,-243.0,-946.0,65.0,0.1875,0.5,0.4375,11.0,-2.0,-11.0,0x683f
1677623210.645546,9281.0,3181.0,-309.0,300.625,-15.0,85.375,-249.0,-949.0,74.0,0.5625,0.0,-0.0625,4.0,-5.0,-1.0,0x683f
1677623210.700576,9556.0,2888.0,-235.0,300.5625,-15.0,85.375,-244.0,-948.0,76.0,0.0,0.0625,-1.25,9.0,-4.0,0.0,0x683f
1677623210.755587,9320.0,3196.0,-312.0,300.5,-14.9375,85.3125,-233.0,-951.0,69.0,0.6875,-0.375,-1.3125,19.0,-7.0,-7.0,0x683f
1677623210.809768,9315.0,3177.0,-283.0,300.5625,-14.875,85.3125,-245.0,-944.0,72.0,-0.0625,-0.375,-2.0,7.0,0.0,-4.0,0x683f
1677623210.864483,9142.0,3187.0,-321.0,300.4375,-14.875,85.3125,-238.0,-944.0,74.0,0.3125,-0.1875,-1.625,13.0,0.0,-2.0,0x683f
1677623210.920682,8619.0,3215.0,562.0,300.4375,-14.875,85.3125,-243.0,-944.0,67.0,0.6875,0.875,0.0625,8.0,0.0,-9.0,0x683f
1677623210.9741728,8798.0,3222.0,574.0,300.4375,-14.875,85.25,-238.0,-943.0,71.0,0.5,1.375,1.3125,14.0,1.0,-6.0,0x683f
1677623211.0291789,8434.0,3187.0,645.0,300.5,-15.0,85.25,-246.0,-944.0,79.0,0.625,1.6875,4.6875,7.0,0.0,1.0,0x683f
1677623211.084341,8598.0,3230.0,532.0,300.6875,-15.125,85.3125,-217.0,-945.0,76.0,4.3125,5.75,15.0625,39.0,-2.0,0.0,0x683f
1677623211.140417,8789.0,3259.0,598.0,301.375,-15.4375,85.25,-246.0,-927.0,38.0,2.375,3.0,11.25,14.0,14.0,-38.0,0x683f
1677623211.19798,8705.0,3226.0,514.0,301.5625,-15.375,85.375,-251.0,-946.0,49.0,-4.4375,-2.375,-2.8125,8.0,-3.0,-24.0,0x683f
1677623211.2544482,8451.0,3248.0,590.0,301.4375,-15.1875,85.625,-253.0,-950.0,67.0,-2.5625,-2.5,-4.125,3.0,-6.0,-4.0,0x683f
1677623211.3135529,8604.0,3261.0,546.0,301.375,-15.0625,85.6875,-260.0,-950.0,69.0,-1.6875,-1.3125,0.0625,-3.0,-5.0,8.0,0x683f
1677623211.3761559,8626.0,3281.0,586.0,301.5,-15.0625,85.8125,-248.0,-958.0,74.0,1.125,0.75,2.9375,9.0,-9.0,2.0,0x683f
1677623211.4333189,8612.0,3098.0,471.0,301.6875,-15.0625,85.75,-236.0,-940.0,66.0,-0.5,-0.125,2.75,16.0,4.0,-3.0,0x683f
1677623211.486149,8489.0,3274.0,606.0,301.8125,-15.0,85.8125,-247.0,-942.0,54.0,-0.0625,-0.25,2.625,7.0,1.0,-14.0,0x683f
1677623211.541541,8640.0,3339.0,596.0,301.9375,-15.0,85.875,-242.0,-950.0,57.0,0.0,-1.0,0.75,12.0,-6.0,-11.0,0x683f
1677623211.596661,8641.0,3298.0,573.0,302.0625,-15.0,85.9375,-246.0,-939.0,56.0,-0.5625,0.75,3.1875,7.0,4.0,-8.0,0x683f
1677623211.652878,8427.0,3250.0,602.0,302.1875,-14.9375,86.0,-251.0,-955.0,71.0,-0.625,-2.3125,-0.6875,1.0,-9.0,6.0,0x683f
1677623211.703674,8641.0,3270.0,586.0,302.3125,-14.875,86.0,-253.0,-951.0,74.0,0.6875,-0.5625,2.0625,-1.0,-5.0,9.0,0x683f
1677623211.757762,8814.0,3299.0,594.0,302.375,-14.875,86.0625,-238.0,-945.0,59.0,1.25,0.0,3.0,13.0,3.0,-6.0,0x683f
1677623211.8138711,8436.0,3120.0,483.0,302.5625,-14.875,85.9375,-255.0,-940.0,42.0,1.3125,0.0625,-0.8125,0.0,3.0,-21.0,0x683f
1677623211.8739352,8394.0,3245.0,590.0,302.4375,-14.875,85.9375,-237.0,-950.0,51.0,0.25,2.1875,1.3125,19.0,0.0,-15.0,0x683f
1677623211.930109,8654.0,3322.0,586.0,302.5,-15.0625,86.0,-262.0,-941.0,41.0,0.875,2.8125,2.625,-7.0,3.0,-23.0,0x683f
1677623211.9883451,8755.0,3294.0,531.0,302.375,-15.1875,86.0625,-247.0,-943.0,50.0,-0.8125,2.75,-1.625,10.0,0.0,-13.0,0x683f
1677623212.0455492,8486.0,3267.0,587.0,302.0625,-15.3125,86.0625,-233.0,-944.0,63.0,-1.25,1.25,-3.375,30.0,0.0,-1.0,0x683f
1677623212.102902,8803.0,3310.0,598.0,302.0,-15.25,86.125,-235.0,-948.0,59.0,0.3125,0.75,2.0,20.0,-1.0,-7.0,0x683f
1677623212.1566532,8715.0,3348.0,513.0,302.125,-15.25,86.125,-253.0,-944.0,55.0,-0.3125,-0.125,0.125,0.0,0.0,-11.0,0x683f
1677623212.214525,8628.0,3277.0,593.0,302.0625,-15.1875,86.1875,-261.0,-946.0,57.0,-0.75,-1.0,-2.5,-7.0,-3.0,-1.0,0x683f
1677623212.274218,8455.0,3290.0,572.0,301.8125,-15.1875,86.125,-264.0,-950.0,60.0,-0.5,-0.0625,-6.625,0.0,-8.0,1.0,0x683f
1677623212.329918,8555.0,3307.0,562.0,301.5625,-15.125,86.0,-229.0,-953.0,72.0,0.625,-0.75,-3.25,27.0,-8.0,7.0,0x683f
1677623212.384865,8505.0,3273.0,603.0,301.5625,-15.0625,85.9375,-227.0,-955.0,71.0,2.25,0.1875,-0.125,28.0,-11.0,4.0,0x683f
1677623212.440991,8468.0,3247.0,586.0,301.6875,-15.0625,85.8125,-245.0,-946.0,67.0,1.5,1.3125,2.25,10.0,-2.0,-1.0,0x683f
1677623212.496125,8650.0,3291.0,597.0,301.75,-15.125,85.75,-256.0,-942.0,62.0,2.375,0.875,1.9375,-4.0,1.0,-10.0,0x683f
1677623212.553688,8732.0,3320.0,501.0,301.8125,-15.25,85.625,-261.0,-937.0,55.0,1.375,1.9375,2.375,-5.0,8.0,-19.0,0x683f
1677623212.6076212,8469.0,3255.0,612.0,301.75,-15.375,85.625,-263.0,-932.0,52.0,1.0625,2.125,-1.1875,2.0,6.0,-16.0,0x683f
1677623212.665345,8464.0,3235.0,578.0,301.5625,-15.4375,85.5625,-262.0,-943.0,57.0,-0.25,1.3125,-3.25,-2.0,-1.0,-15.0,0x683f
1677623212.7249238,8639.0,3283.0,564.0,301.25,-15.5,85.5625,-246.0,-940.0,67.0,-0.875,2.625,-5.3125,15.0,1.0,-5.0,0x683f
1677623212.781746,8620.0,3250.0,595.0,300.8125,-15.5625,85.5625,-249.0,-948.0,66.0,-1.5,0.9375,-6.4375,18.0,-6.0,-5.0,0x683f
1677623212.842475,8752.0,3268.0,574.0,300.5625,-15.5625,85.5,-235.0,-947.0,74.0,-0.25,2.1875,-3.1875,28.0,-7.0,0.0,0x683f
1677623212.8992379,8638.0,3151.0,617.0,300.4375,-15.5,85.4375,-230.0,-942.0,67.0,0.25,-0.125,-1.25,32.0,0.0,-7.0,0x683f
1677623212.9543538,8653.0,3212.0,618.0,300.5,-15.4375,85.4375,-248.0,-941.0,59.0,0.75,-0.875,1.125,12.0,0.0,-14.0,0x683f
1677623213.009849,8470.0,3224.0,606.0,300.625,-15.375,85.5,-246.0,-939.0,58.0,-0.4375,-0.9375,0.6875,13.0,2.0,-15.0,0x683f
1677623213.063015,8610.0,3249.0,649.0,300.75,-15.25,85.5,-256.0,-947.0,63.0,0.1875,-1.625,2.5,1.0,-4.0,-10.0,0x683f
1677623213.115644,8828.0,3382.0,497.0,300.9375,-15.1875,85.5625,-266.0,-948.0,72.0,-0.8125,-2.5625,-0.5,-9.0,-4.0,0.0,0x683f
1677623213.1719968,8499.0,3234.0,648.0,300.9375,-15.0625,85.5625,-273.0,-945.0,85.0,0.875,-1.25,-2.125,-17.0,-2.0,12.0,0x683f
1677623213.226142,8379.0,3210.0,597.0,300.875,-15.125,85.4375,-242.0,-933.0,57.0,1.875,2.4375,0.5,14.0,9.0,-17.0,0x683f
1677623213.2797492,8612.0,3283.0,660.0,300.875,-15.25,85.4375,-248.0,-942.0,49.0,0.1875,0.9375,1.0,9.0,0.0,-24.0,0x683f
1677623213.33391,8684.0,3276.0,563.0,300.9375,-15.1875,85.5,-238.0,-948.0,69.0,-0.625,0.3125,0.875,19.0,-5.0,-3.0,0x683f
1677623213.3904362,8689.0,3274.0,594.0,301.0,-15.1875,85.5625,-244.0,-941.0,86.0,0.0625,0.1875,1.5,13.0,2.0,13.0,0x683f
1677623213.4435399,8656.0,3296.0,603.0,301.125,-15.1875,85.5625,-256.0,-945.0,71.0,1.4375,0.5625,2.3125,1.0,-2.0,-1.0,0x683f
1677623213.498209,8859.0,3352.0,549.0,301.1875,-15.1875,85.5,-250.0,-938.0,62.0,0.0625,0.625,0.3125,7.0,5.0,-10.0,0x683f
1677623213.550123,8667.0,3221.0,559.0,301.1875,-15.25,85.5625,-251.0,-941.0,55.0,0.6875,-0.0625,1.375,5.0,1.0,-14.0,0x683f
1677623213.606383,8500.0,3252.0,580.0,301.25,-15.25,85.5625,-264.0,-947.0,65.0,-0.75,0.125,0.9375,-6.0,-4.0,-7.0,0x683f
1677623213.66374,8685.0,3305.0,592.0,301.1875,-15.25,85.5625,-250.0,-945.0,73.0,0.1875,0.0625,-2.625,7.0,-6.0,0.0,0x683f
1677623213.7168498,8642.0,3286.0,502.0,301.0625,-15.25,85.5,-247.0,-947.0,65.0,0.5625,1.1875,-2.6875,10.0,-4.0,-8.0,0x683f
1677623213.769258,8487.0,3193.0,616.0,300.9375,-15.25,85.5,-239.0,-940.0,71.0,-0.625,1.1875,-0.25,18.0,2.0,-2.0,0x683f
1677623213.82815,8494.0,3254.0,538.0,300.9375,-15.25,85.5,-256.0,-940.0,52.0,0.6875,0.125,0.5,2.0,2.0,-21.0,0x683f
1677623213.885275,8592.0,3269.0,670.0,300.875,-15.25,85.5,-256.0,-946.0,67.0,-0.125,0.375,0.4375,6.0,-3.0,-5.0,0x683f
1677623213.9423811,8445.0,3258.0,639.0,300.875,-15.3125,85.4375,-249.0,-940.0,70.0,0.625,0.1875,-0.3125,9.0,1.0,-6.0,0x683f
1677623213.9951239,8869.0,3321.0,570.0,300.875,-15.3125,85.4375,-250.0,-941.0,70.0,-0.1875,0.125,-0.1875,8.0,1.0,-3.0,0x683f
1677623214.047856,8851.0,3216.0,513.0,300.875,-15.25,85.4375,-262.0,-944.0,68.0,-0.25,-1.0,-2.0625,-3.0,-1.0,-6.0,0x683f
1677623214.103117,8629.0,3275.0,573.0,300.8125,-15.25,85.4375,-256.0,-955.0,61.0,-0.4375,0.125,-1.625,4.0,-10.0,-14.0,0x683f
1677623214.158446,8782.0,3320.0,557.0,300.75,-15.25,85.4375,-239.0,-938.0,66.0,0.8125,0.25,0.0625,18.0,4.0,-9.0,0x683f
1677623214.213645,8774.0,3341.0,512.0,300.8125,-15.1875,85.4375,-246.0,-941.0,64.0,0.3125,-0.625,2.125,12.0,0.0,-8.0,0x683f
1677623214.268956,8769.0,3311.0,616.0,301.0,-15.1875,85.4375,-257.0,-948.0,65.0,0.5625,0.0625,2.5,0.0,-5.0,-9.0,0x683f
1677623214.327483,8827.0,3304.0,550.0,301.0625,-15.1875,85.4375,-249.0,-944.0,72.0,1.1875,0.4375,2.125,13.0,-3.0,-1.0,0x683f
1677623214.381588,8507.0,3310.0,595.0,301.25,-15.25,85.4375,-239.0,-944.0,71.0,0.75,-0.3125,3.375,18.0,-1.0,-3.0,0x683f
1677623214.438088,8606.0,3261.0,600.0,301.375,-15.25,85.4375,-262.0,-949.0,72.0,0.625,-0.125,2.9375,-4.0,-6.0,-2.0,0x683f
1677623214.49313,8610.0,3252.0,604.0,301.5,-15.25,85.375,-258.0,-943.0,67.0,0.8125,0.1875,0.8125,0.0,0.0,-8.0,0x683f
1677623214.552945,8479.0,3260.0,562.0,301.5,-15.25,85.3125,-253.0,-942.0,61.0,0.875,0.875,-2.3125,5.0,0.0,-15.0,0x683f
1677623214.613303,8482.0,3248.0,565.0,301.3125,-15.25,85.25,-263.0,-957.0,70.0,-0.1875,-0.25,-5.1875,0.0,-21.0,-5.0,0x683f
1677623214.669579,8697.0,3246.0,572.0,301.0,-15.25,85.1875,-257.0,-950.0,81.0,-1.375,0.75,-9.125,1.0,-7.0,3.0,0x683f
1677623214.725875,8407.0,3217.0,623.0,300.375,-15.3125,85.125,-232.0,-935.0,75.0,1.3125,2.375,-6.8125,27.0,6.0,-5.0,0x683f
1677623214.781991,8924.0,3249.0,565.0,300.125,-15.375,85.0,-240.0,-932.0,48.0,1.125,2.3125,-1.6875,22.0,8.0,-33.0,0x683f
1677623214.8395069,8839.0,3211.0,576.0,300.0,-15.4375,85.0,-239.0,-937.0,58.0,0.5625,1.8125,-0.5625,21.0,4.0,-22.0,0x683f
1677623214.8965771,8827.0,3257.0,542.0,300.0625,-15.4375,85.0625,-250.0,-950.0,77.0,0.0625,0.5,2.0,7.0,-5.0,-5.0,0x683f
1677623214.9544342,8875.0,3279.0,572.0,300.0625,-15.4375,85.125,-243.0,-946.0,92.0,0.125,1.0,0.875,16.0,-3.0,13.0,0x683f
1677623215.015775,8617.0,3233.0,595.0,300.125,-15.5,85.125,-261.0,-946.0,89.0,0.0,0.5625,1.1875,0.0,-4.0,9.0,0x683f
1677623215.0739331,8446.0,3237.0,612.0,300.125,-15.5,85.125,-265.0,-938.0,70.0,-0.75,0.1875,-2.375,2.0,0.0,-12.0,0x683f
1677623215.128353,8874.0,3226.0,568.0,300.0,-15.5,85.125,-254.0,-941.0,70.0,-0.625,-0.0625,-2.375,7.0,0.0,-9.0,0x683f
1677623215.184462,8635.0,3231.0,615.0,299.9375,-15.4375,85.0625,-251.0,-945.0,77.0,-0.6875,-0.75,-1.6875,10.0,-4.0,-2.0,0x683f
1677623215.244652,8846.0,3206.0,562.0,299.875,-15.4375,85.0625,-256.0,-952.0,78.0,0.4375,-0.25,-2.9375,7.0,-10.0,-3.0,0x683f
1677623215.305949,8918.0,3238.0,581.0,299.75,-15.375,85.0625,-238.0,-939.0,70.0,1.1875,0.1875,-0.8125,22.0,3.0,-10.0,0x683f
1677623215.364652,8845.0,3193.0,612.0,299.75,-15.3125,85.0,-243.0,-938.0,72.0,0.0625,-0.125,0.5,14.0,-1.0,-6.0,0x683f
1677623215.4220202,8625.0,3245.0,601.0,299.9375,-15.3125,85.0,-263.0,-942.0,71.0,0.4375,-0.6875,2.6875,-3.0,0.0,-10.0,0x683f
1677623215.4752371,8653.0,3302.0,561.0,300.0,-15.3125,85.0625,-250.0,-936.0,71.0,-0.5,-0.1875,-0.3125,10.0,5.0,-2.0,0x683f
1677623215.530974,8639.0,3251.0,627.0,300.0,-15.3125,85.125,-265.0,-946.0,80.0,-1.125,-1.3125,-1.75,-6.0,-4.0,0.0,0x683f
1677623215.586236,8780.0,3223.0,591.0,299.9375,-15.25,85.125,-267.0,-950.0,75.0,-0.6875,-0.875,-5.0625,3.0,1.0,-9.0,0x683f
1677623215.640665,8857.0,3215.0,569.0,299.6875,-15.1875,85.125,-241.0,-943.0,73.0,-0.1875,0.0,-3.125,16.0,-3.0,-7.0,0x683f
1677623215.695575,8813.0,3273.0,549.0,299.5625,-15.125,85.0625,-243.0,-945.0,70.0,0.5625,1.0,-0.9375,15.0,-3.0,-15.0,0x683f
1677623215.7493382,8733.0,3264.0,641.0,299.5625,-15.1875,85.0625,-237.0,-940.0,67.0,1.125,1.875,0.3125,22.0,0.0,-12.0,0x683f
1677623215.8037481,8841.0,3226.0,588.0,299.625,-15.25,85.0625,-236.0,-944.0,62.0,2.0,2.0625,4.4375,20.0,0.0,-15.0,0x683f
1677623215.8635929,8608.0,3266.0,589.0,299.75,-15.3125,85.0625,-251.0,-942.0,68.0,2.0625,1.875,5.0625,5.0,-1.0,-10.0,0x683f
1677623215.921275,8640.0,3255.0,601.0,299.9375,-15.4375,85.0,-258.0,-948.0,77.0,1.625,1.8125,3.0625,3.0,-6.0,-3.0,0x683f
1677623215.9770439,8814.0,3258.0,539.0,300.0,-15.5625,85.0,-262.0,-949.0,81.0,1.8125,0.875,0.375,1.0,-8.0,0.0,0x683f
1677623216.031654,8838.0,3237.0,559.0,299.9375,-15.5625,84.875,-265.0,-940.0,81.0,2.0,0.4375,-1.5,-1.0,0.0,-2.0,0x683f
1677623216.0854259,8787.0,3247.0,565.0,299.9375,-15.5625,84.75,-236.0,-924.0,69.0,2.125,0.75,4.375,27.0,11.0,-21.0,0x683f
1677623216.14255,8858.0,3268.0,513.0,300.1875,-15.5625,84.75,-259.0,-940.0,73.0,0.75,-2.4375,5.9375,3.0,0.0,-11.0,0x683f
1677623216.1958451,8626.0,3252.0,548.0,300.75,-15.4375,84.875,-256.0,-970.0,143.0,-0.3125,-1.5625,7.5,5.0,-29.0,59.0,0x683f
1677623216.252013,8512.0,3267.0,486.0,301.5,-15.5,85.0625,-162.0,-991.0,184.0,1.3125,3.75,39.5625,100.0,-50.0,104.0,0x683f
1677623216.3082721,8627.0,3257.0,482.0,303.875,-16.1875,85.6875,-368.0,-1015.0,82.0,18.3125,13.75,85.625,-91.0,-77.0,13.0,0x683f
1677623216.3615491,8668.0,3228.0,553.0,307.25,-17.5,85.25,-468.0,-1048.0,84.0,28.9375,25.5,39.4375,-170.0,-118.0,11.0,0x683f
1677623216.416672,8618.0,3235.0,542.0,306.5625,-19.5625,84.25,-582.0,-1062.0,91.0,26.875,51.5,16.5625,-272.0,-159.0,-23.0,0x683f
1677623216.473501,8595.0,3121.0,583.0,303.375,-23.5625,82.4375,-639.0,-1053.0,90.0,24.875,89.1875,-26.0,-252.0,-153.0,-26.0,0x683f
1677623216.53383,8381.0,3097.0,714.0,297.25,-29.0,79.3125,-665.0,-952.0,94.0,37.0,114.0625,-40.5625,-194.0,-90.0,-63.0,0x683f
1677623216.588628,8791.0,3053.0,688.0,289.5625,-35.25,74.4375,-709.0,-767.0,90.0,40.8125,127.125,-45.4375,-142.0,4.0,-123.0,0x683f
1677623216.643245,8838.0,3064.0,565.0,282.5,-40.625,68.75,-789.0,-617.0,112.0,47.9375,139.3125,-71.1875,-100.0,143.0,-148.0,0x683f
1677623216.7001548,8636.0,2984.0,587.0,275.0,-44.8125,60.625,-610.0,-397.0,196.0,31.25,130.9375,-84.3125,89.0,190.0,-157.0,0x683f
1677623216.7596018,8811.0,3175.0,626.0,266.6875,-48.5,50.8125,-590.0,-273.0,229.0,20.75,115.875,-59.9375,149.0,214.0,-189.0,0x683f
1677623216.81619,8368.0,3131.0,722.0,260.0625,-50.375,42.25,-566.0,-154.0,438.0,-19.8125,71.25,-58.4375,189.0,258.0,-29.0,0x683f
1677623216.867033,9148.0,3386.0,768.0,255.75,-48.8125,39.375,-534.0,-446.0,418.0,-23.8125,5.625,-76.125,203.0,-36.0,-80.0,0x683f
1677623216.9184482,8788.0,2920.0,841.0,254.3125,-46.0625,36.8125,-673.0,-499.0,476.0,20.625,-1.3125,-93.75,33.0,-91.0,-67.0,0x683f
1677623216.974184,8729.0,3109.0,599.0,254.25,-41.25,32.8125,-508.0,-524.0,585.0,32.9375,-25.6875,-105.125,123.0,-120.0,-42.0,0x683f
1677623217.029631,8869.0,2883.0,471.0,255.125,-36.9375,31.1875,-561.0,-587.0,546.0,8.8125,-53.375,-101.0,15.0,-177.0,-133.0,0x683f
1677623217.0846038,8844.0,3081.0,715.0,256.9375,-30.4375,30.9375,-402.0,-723.0,694.0,-20.0625,-44.9375,-65.9375,83.0,-282.0,-34.0,0x683f
1677623217.140059,8561.0,2637.0,437.0,257.75,-26.0,31.3125,-291.0,-615.0,733.0,4.6875,-24.75,-70.0625,138.0,-156.0,-18.0,0x683f
1677623217.193316,8845.0,2803.0,456.0,258.1875,-23.3125,31.3125,-349.0,-597.0,739.0,-13.625,-24.3125,-34.8125,49.0,-137.0,-44.0,0x683f
1677623217.2484522,8653.0,2479.0,320.0,258.5,-21.5,31.5625,-265.0,-581.0,829.0,16.1875,-6.125,-26.9375,89.0,-105.0,48.0,0x683f
1677623217.301802,8830.0,2791.0,441.0,259.0625,-20.8125,30.75,-362.0,-545.0,868.0,10.0625,-11.9375,38.375,-20.0,-10.0,52.0,0x683f
1677623217.355189,8642.0,2481.0,360.0,259.8125,-22.0,31.0625,-416.0,-565.0,707.0,-3.6875,8.6875,11.3125,-46.0,-95.0,-69.0,0x683f
1677623217.4085262,8471.0,2462.0,354.0,259.4375,-22.4375,30.8125,-269.0,-640.0,779.0,13.9375,6.1875,18.6875,105.0,-176.0,1.0,0x683f
1677623217.4643252,8845.0,3017.0,690.0,259.0,-24.0625,29.4375,-469.0,-681.0,889.0,42.875,51.375,37.0,-76.0,-278.0,151.0,0x683f
1677623217.5199082,8679.0,2842.0,713.0,256.625,-26.0625,25.875,-366.0,-412.0,741.0,-9.0625,34.5625,-9.6875,61.0,-31.0,-54.0,0x683f
1677623217.574074,8395.0,2463.0,648.0,254.625,-27.6875,24.3125,-399.0,-500.0,916.0,17.375,57.375,27.0625,22.0,-27.0,124.0,0x683f
1677623217.6334348,8105.0,2722.0,984.0,252.6875,-31.3125,23.4375,-452.0,-417.0,706.0,-23.4375,51.5625,103.8125,72.0,-86.0,-52.0,0x683f
1677623217.689184,8681.0,2526.0,607.0,250.5,-37.4375,24.9375,-652.0,-184.0,652.0,-57.5,26.6875,67.8125,-46.0,145.0,-44.0,0x683f
1677623217.744759,8602.0,2534.0,574.0,249.0625,-42.1875,30.75,-560.0,-153.0,534.0,-105.25,1.0,119.875,80.0,153.0,-155.0,0x683f
1677623217.806178,7678.0,2102.0,561.0,248.375,-46.25,38.0625,-1007.0,-326.0,402.0,-54.5,-11.25,-23.0625,-228.0,115.0,-57.0,0x683f
1677623217.864248,8423.0,2499.0,497.0,247.375,-43.3125,40.125,-576.0,-408.0,658.0,-32.75,-22.125,-38.75,65.0,65.0,68.0,0x683f
1677623217.9191291,8830.0,2712.0,333.0,247.125,-41.375,41.0625,-630.0,-460.0,461.0,-23.875,-14.25,-50.4375,12.0,26.0,-96.0,0x683f
1677623217.97296,8618.0,2418.0,286.0,246.375,-39.5625,40.125,-624.0,-516.0,536.0,-1.375,0.9375,-27.125,0.0,-29.0,-41.0,0x683f
1677623218.0281868,8507.0,2399.0,257.0,245.9375,-38.5625,39.6875,-645.0,-488.0,487.0,-10.125,-3.625,-26.625,-73.0,-3.0,-146.0,0x683f
1677623218.087646,8995.0,3378.0,982.0,245.5,-37.375,40.125,-590.0,-565.0,517.0,-8.6875,2.125,-11.75,-6.0,1.0,-64.0,0x683f
1677623218.144424,8442.0,2371.0,331.0,245.0625,-36.3125,40.0,-440.0,-492.0,559.0,-2.5,-5.0,-13.5625,166.0,-46.0,-20.0,0x683f
1677623218.1989021,8701.0,2179.0,288.0,245.1875,-36.25,40.0625,-467.0,-524.0,515.0,12.875,0.25,-5.1875,142.0,3.0,-86.0,0x683f
1677623218.2544909,8652.0,2457.0,485.0,245.4375,-36.625,39.75,-443.0,-454.0,505.0,-3.1875,2.1875,25.5,91.0,31.0,-51.0,0x683f
1677623218.310225,8712.0,2229.0,367.0,246.4375,-36.8125,39.8125,-582.0,-488.0,662.0,3.625,-0.125,-15.5,5.0,14.0,59.0,0x683f
1677623218.366234,8523.0,2288.0,285.0,247.25,-37.125,39.9375,-679.0,-577.0,599.0,2.6875,-0.375,23.5,-85.0,-76.0,1.0,0x683f
1677623218.426511,8548.0,2294.0,245.0,249.4375,-37.75,40.0,-599.0,-572.0,631.0,-3.125,0.625,25.5625,1.0,-73.0,37.0,0x683f
1677623218.4799092,8553.0,2277.0,253.0,250.75,-38.5,40.6875,-550.0,-508.0,561.0,10.5625,0.0,-17.9375,100.0,13.0,-15.0,0x683f
1677623218.532484,8636.0,2538.0,413.0,251.9375,-38.3125,40.25,-662.0,-568.0,548.0,4.6875,-2.25,0.6875,-69.0,-92.0,-42.0,0x683f
1677623218.584113,8591.0,2323.0,296.0,253.0,-38.125,40.0,-616.0,-554.0,560.0,3.5,-0.5,-3.75,16.0,-47.0,-41.0,0x683f
1677623218.6390588,8520.0,2322.0,324.0,253.6875,-37.75,39.625,-509.0,-488.0,611.0,1.875,-1.1875,-2.5625,74.0,17.0,10.0,0x683f
1677623218.69447,8671.0,2516.0,409.0,254.8125,-37.8125,39.6875,-604.0,-465.0,566.0,3.4375,-1.8125,-1.5,-59.0,-4.0,-35.0,0x683f
1677623218.755285,8463.0,2426.0,353.0,255.75,-37.3125,39.1875,-647.0,-499.0,596.0,7.1875,-0.8125,-20.375,-20.0,9.0,8.0,0x683f
1677623218.809814,8623.0,2449.0,368.0,256.6875,-37.1875,39.0625,-547.0,-506.0,625.0,-7.9375,-0.4375,29.0,46.0,-13.0,20.0,0x683f
1677623218.8638961,8618.0,2392.0,328.0,257.6875,-38.25,40.125,-665.0,-540.0,553.0,0.25,-1.0625,3.75,-24.0,-29.0,-32.0,0x683f
1677623218.918262,8616.0,2412.0,343.0,258.5,-38.25,40.1875,-584.0,-509.0,540.0,0.6875,-1.3125,2.0,23.0,-12.0,-47.0,0x683f
1677623218.9712,8643.0,2438.0,323.0,260.0,-38.1875,40.25,-594.0,-506.0,545.0,2.25,-1.625,-3.4375,11.0,-8.0,-41.0,0x683f
1677623219.024588,8637.0,2463.0,359.0,260.75,-37.9375,40.0625,-589.0,-484.0,559.0,6.3125,0.3125,-13.75,-1.0,12.0,-5.0,0x683f
1677623219.080538,8620.0,2486.0,371.0,261.25,-37.5625,39.5,-608.0,-516.0,577.0,5.8125,1.75,-7.0625,8.0,-31.0,-33.0,0x683f
1677623219.1354802,8685.0,2363.0,325.0,262.125,-37.5625,39.0625,-587.0,-519.0,558.0,6.375,2.3125,3.9375,19.0,-22.0,-36.0,0x683f
1677623219.193316,8450.0,2374.0,307.0,262.1875,-37.75,38.75,-562.0,-493.0,558.0,11.875,3.8125,1.1875,30.0,-1.0,-46.0,0x683f
1677623219.247036,8543.0,2325.0,465.0,262.8125,-38.125,38.1875,-454.0,-430.0,312.0,2.0625,3.0,-7.0625,246.0,-130.0,-204.0,0x683f
1677623219.306881,8510.0,2287.0,510.0,263.125,-38.3125,36.5625,-518.0,-509.0,554.0,27.5,18.8125,-3.25,87.0,-29.0,-21.0,0x683f
1677623219.362972,8622.0,2664.0,743.0,263.5,-39.25,34.8125,-628.0,-345.0,614.0,26.75,16.8125,15.3125,-7.0,88.0,-8.0,0x683f
1677623219.422017,8445.0,2279.0,521.0,263.9375,-40.125,33.125,-661.0,-409.0,563.0,28.3125,23.9375,0.5,-27.0,-5.0,-65.0,0x683f
1677623219.477828,8375.0,2211.0,356.0,264.75,-40.6875,30.375,-621.0,-387.0,644.0,21.5625,21.0625,11.75,22.0,-20.0,3.0,0x683f
1677623219.534712,7954.0,2234.0,398.0,264.6875,-41.6875,27.75,-657.0,-358.0,650.0,20.8125,26.25,-2.4375,-4.0,-17.0,2.0,0x683f
1677623219.594271,8379.0,2118.0,302.0,264.6875,-42.4375,25.9375,-685.0,-351.0,646.0,18.0625,20.8125,7.875,-20.0,-38.0,-3.0,0x683f
1677623219.651128,8451.0,2179.0,525.0,264.875,-43.125,23.875,-714.0,-299.0,668.0,17.6875,21.4375,-5.75,-42.0,-14.0,13.0,0x683f
1677623219.707113,8491.0,2295.0,533.0,264.0,-43.3125,21.8125,-655.0,-293.0,641.0,15.375,20.25,-5.0625,122.0,-43.0,4.0,0x683f
1677623219.764231,8678.0,2297.0,506.0,263.125,-43.4375,19.5,-773.0,-343.0,706.0,16.3125,17.4375,-6.75,-119.0,-69.0,83.0,0x683f
1677623219.821976,8705.0,2571.0,635.0,262.9375,-43.4375,18.6875,-651.0,-235.0,753.0,-5.5,-5.375,4.375,22.0,-6.0,79.0,0x683f
1677623219.879311,8441.0,2131.0,475.0,263.0625,-43.5,19.5,-789.0,-244.0,744.0,-15.0,-8.4375,1.25,-114.0,-4.0,75.0,0x683f
1677623219.935447,8698.0,2491.0,554.0,263.625,-43.5,21.9375,-741.0,-376.0,682.0,-29.8125,-31.375,22.875,-64.0,-103.0,27.0,0x683f
1677623219.994263,8635.0,2721.0,410.0,264.6875,-43.375,25.25,-594.0,-434.0,553.0,-24.125,-22.75,-3.1875,102.0,-141.0,-110.0,0x683f
1677623220.050426,8203.0,2267.0,368.0,266.5,-42.9375,27.5,-582.0,-482.0,577.0,-17.875,-18.125,14.5625,85.0,-150.0,-59.0,0x683f
1677623220.105637,8142.0,2205.0,438.0,267.8125,-42.6875,28.8125,-617.0,-438.0,524.0,-7.3125,-10.5,-16.0625,42.0,-98.0,-117.0,0x683f
1677623220.160876,7947.0,2215.0,532.0,269.9375,-42.1875,29.6875,-652.0,-469.0,618.0,-10.3125,-12.0625,15.125,7.0,-109.0,-12.0,0x683f
1677623220.216444,9166.0,3528.0,1074.0,271.0,-42.0625,30.4375,-545.0,-401.0,502.0,-4.5,-3.6875,-10.9375,110.0,-31.0,-125.0,0x683f
1677623220.272728,8194.0,2088.0,413.0,271.875,-41.9375,30.875,-620.0,-361.0,546.0,0.75,-1.0625,6.4375,34.0,12.0,-79.0,0x683f
1677623220.328994,8095.0,1938.0,341.0,272.375,-41.8125,30.4375,-588.0,-346.0,600.0,5.1875,6.4375,-7.3125,65.0,23.0,-29.0,0x683f
1677623220.3848078,7753.0,1908.0,501.0,273.3125,-42.0625,30.0,-703.0,-292.0,610.0,10.6875,5.3125,-0.0625,-49.0,72.0,-31.0,0x683f
1677623220.438077,8700.0,2862.0,719.0,273.9375,-42.125,29.125,-788.0,-302.0,735.0,6.0625,2.375,2.9375,-130.0,51.0,100.0,0x683f
1677623220.492374,8675.0,2773.0,669.0,274.875,-42.125,28.875,-769.0,-384.0,737.0,0.6875,-4.25,-6.875,-126.0,-63.0,92.0,0x683f
1677623220.549314,8593.0,2725.0,703.0,275.8125,-41.75,29.25,-686.0,-369.0,721.0,-14.4375,-16.6875,9.125,-34.0,-9.0,84.0,0x683f
1677623220.606051,8217.0,2768.0,724.0,277.4375,-41.6875,31.25,-785.0,-342.0,853.0,-17.9375,-23.9375,6.5,-97.0,59.0,226.0,0x683f
1677623220.660087,8403.0,2355.0,488.0,280.8125,-42.0625,34.25,-741.0,-242.0,530.0,-28.5,-34.1875,63.625,-83.0,167.0,-70.0,0x683f
1677623220.7137642,8740.0,2838.0,649.0,282.875,-42.875,37.9375,-627.0,-293.0,478.0,-31.0,-15.375,1.375,53.0,200.0,-50.0,0x683f
1677623220.77165,8752.0,2977.0,764.0,283.6875,-43.375,40.4375,-786.0,-335.0,351.0,-28.25,-11.75,25.8125,-110.0,131.0,-182.0,0x683f
1677623220.8276439,8253.0,2718.0,638.0,284.4375,-43.1875,42.625,-666.0,-478.0,521.0,-23.4375,-8.125,-6.0625,4.0,8.0,-3.0,0x683f
1677623220.8839061,8933.0,3263.0,733.0,285.1875,-43.375,44.5625,-756.0,-557.0,469.0,-17.1875,-8.25,2.375,-88.0,-56.0,-37.0,0x683f
1677623220.939797,8701.0,2803.0,524.0,285.125,-42.75,45.3125,-630.0,-561.0,431.0,-16.125,-7.875,-5.375,34.0,-47.0,-74.0,0x683f
1677623220.996625,9050.0,3376.0,1036.0,285.0625,-42.5,46.4375,-606.0,-645.0,375.0,-11.6875,-5.5,-6.1875,38.0,-143.0,-126.0,0x683f
1677623221.054419,8361.0,2298.0,165.0,284.75,-41.75,46.3125,-400.0,-598.0,376.0,-8.125,-4.8125,2.1875,252.0,-68.0,-127.0,0x683f
1677623221.110455,8597.0,2469.0,349.0,285.0625,-41.875,46.9375,-608.0,-676.0,324.0,9.5625,-3.3125,-3.5625,45.0,-143.0,-175.0,0x683f
1677623221.163824,8706.0,2587.0,423.0,285.375,-41.75,46.375,-593.0,-700.0,393.0,14.25,2.875,-13.3125,59.0,-170.0,-111.0,0x683f
1677623221.222187,9027.0,3272.0,1049.0,285.1875,-41.1875,44.75,-523.0,-604.0,509.0,17.5,4.5625,-14.6875,72.0,-20.0,-20.0,0x683f
1677623221.277965,8516.0,2537.0,405.0,285.375,-41.0,43.3125,-741.0,-615.0,616.0,14.375,6.5625,-22.0625,-103.0,-121.0,78.0,0x683f
1677623221.334938,8790.0,2684.0,544.0,284.9375,-40.375,41.75,-601.0,-502.0,615.0,6.8125,4.8125,-22.125,18.0,10.0,80.0,0x683f
1677623221.3970659,8917.0,3281.0,963.0,284.6875,-39.5625,40.625,-583.0,-486.0,639.0,-0.8125,-0.125,-8.4375,71.0,-17.0,31.0,0x683f
1677623221.4540532,8693.0,2476.0,426.0,285.0,-39.375,40.75,-634.0,-535.0,576.0,-5.75,-0.5625,2.5625,-20.0,-36.0,7.0,0x683f
1677623221.5127711,8636.0,2432.0,387.0,285.5625,-39.625,41.3125,-595.0,-491.0,533.0,-4.375,-2.4375,7.8125,30.0,7.0,-33.0,0x683f
1677623221.570679,8672.0,2435.0,382.0,286.125,-39.9375,41.875,-675.0,-576.0,499.0,-2.75,-1.625,9.75,-45.0,-74.0,-58.0,0x683f
1677623221.625053,8688.0,2424.0,399.0,286.25,-40.125,42.3125,-641.0,-536.0,530.0,-3.375,-0.5625,-4.8125,-9.0,-32.0,-24.0,0x683f
1677623221.680745,8726.0,2453.0,336.0,286.5625,-40.125,42.5625,-647.0,-555.0,493.0,-5.0,-4.0,9.75,-11.0,-39.0,-66.0,0x683f
1677623221.738225,8682.0,2477.0,333.0,286.9375,-39.75,42.5625,-524.0,-494.0,475.0,2.1875,-1.4375,-14.125,84.0,6.0,-86.0,0x683f
1677623221.793748,8885.0,2421.0,313.0,287.1875,-39.3125,41.8125,-635.0,-526.0,415.0,20.0625,6.6875,-30.5,8.0,-18.0,-141.0,0x683f
1677623221.855037,8209.0,2043.0,325.0,286.625,-38.1875,38.625,-372.0,-504.0,531.0,30.0625,21.0625,-10.6875,234.0,-23.0,-70.0,0x683f
1677623221.9118621,8569.0,2653.0,679.0,286.4375,-39.25,35.8125,-444.0,-284.0,355.0,46.5,27.5,1.9375,177.0,159.0,-259.0,0x683f
1677623221.969957,7910.0,1830.0,437.0,286.375,-41.125,32.5625,-733.0,-251.0,617.0,52.75,39.6875,32.3125,-85.0,105.0,57.0,0x683f
1677623222.02563,9160.0,3530.0,904.0,285.8125,-43.8125,28.3125,-664.0,-388.0,742.0,39.0,33.125,33.5,-170.0,122.0,87.0,0x683f
1677623222.080981,8862.0,2536.0,628.0,285.8125,-45.25,26.25,-734.0,-525.0,610.0,27.625,26.5,1.4375,-208.0,122.0,51.0,0x683f
1677623222.13616,9150.0,2738.0,577.0,284.9375,-45.9375,22.4375,-900.0,-189.0,786.0,30.0,29.875,-4.875,-128.0,32.0,72.0,0x683f
1677623222.190061,9181.0,2735.0,519.0,284.1875,-45.6875,19.8125,-795.0,-394.0,779.0,16.5,15.8125,-19.3125,-131.0,-104.0,122.0,0x683f
1677623222.2469609,8852.0,2518.0,598.0,283.6875,-44.75,18.375,-662.0,-342.0,724.0,0.25,3.5625,-19.5625,42.0,-75.0,97.0,0x683f
1677623222.305887,8623.0,2303.0,604.0,283.4375,-43.8125,18.625,-849.0,-194.0,830.0,-19.875,-6.1875,-29.8125,-155.0,-20.0,156.0,0x683f
1677623222.361408,8380.0,2661.0,413.0,283.4375,-42.1875,20.5,-697.0,-338.0,759.0,-33.1875,-22.125,-15.9375,-38.0,-84.0,78.0,0x683f
1677623222.41744,8676.0,2665.0,565.0,283.9375,-41.1875,23.25,-738.0,-483.0,758.0,-46.75,-31.0,-18.75,-33.0,-98.0,65.0,0x683f
1677623222.477062,8063.0,2542.0,1007.0,285.1875,-39.8125,28.4375,-599.0,-347.0,684.0,-59.5625,-40.1875,19.9375,-16.0,-94.0,-40.0,0x683f
1677623222.535257,8444.0,2111.0,528.0,286.5,-39.5625,33.0,-556.0,-559.0,499.0,-56.0625,-29.5,10.6875,108.0,-137.0,-134.0,0x683f
1677623222.592963,8650.0,2485.0,312.0,287.5,-39.5625,37.5625,-451.0,-578.0,421.0,-43.0,-19.625,32.5625,136.0,-135.0,-168.0,0x683f
1677623222.646393,8583.0,2499.0,378.0,288.3125,-39.9375,40.8125,-536.0,-584.0,491.0,-28.4375,-11.3125,13.5625,93.0,-93.0,-76.0,0x683f
1677623222.705327,8754.0,2274.0,324.0,288.5625,-40.3125,42.8125,-616.0,-539.0,497.0,-20.75,-7.4375,14.3125,18.0,-31.0,-50.0,0x683f
1677623222.76526,9048.0,3437.0,1113.0,289.0,-40.8125,44.875,-683.0,-529.0,451.0,-19.5,-5.9375,20.0625,-42.0,-5.0,-73.0,0x683f
1677623222.8217402,8628.0,2643.0,628.0,289.25,-41.0,46.25,-638.0,-561.0,477.0,-23.125,-6.25,-0.625,27.0,0.0,-26.0,0x683f
1677623222.8763268,8292.0,2208.0,480.0,289.25,-41.0625,48.25,-617.0,-550.0,397.0,-11.0,-3.5625,-7.1875,-1.0,36.0,-148.0,0x683f
1677623222.930023,8790.0,2562.0,444.0,288.9375,-39.8125,47.125,-428.0,-456.0,482.0,0.375,-1.3125,-9.25,188.0,71.0,-21.0,0x683f
1677623222.9845152,8628.0,2406.0,298.0,288.875,-39.5625,46.8125,-554.0,-570.0,453.0,6.9375,0.75,-3.125,65.0,-2.0,-35.0,0x683f
1677623223.040312,8302.0,2446.0,325.0,288.875,-39.5,46.25,-603.0,-552.0,503.0,10.25,2.9375,-1.625,20.0,-6.0,-20.0,0x683f
1677623223.097318,8289.0,2468.0,291.0,289.0,-39.5625,45.6875,-650.0,-601.0,491.0,7.875,1.625,-0.3125,-27.0,-52.0,-31.0,0x683f
1677623223.152364,8639.0,2464.0,353.0,289.4375,-39.5,45.3125,-654.0,-577.0,452.0,11.0,1.1875,-17.8125,4.0,-33.0,-81.0,0x683f
1677623223.210638,8869.0,3365.0,1001.0,289.75,-39.3125,44.5625,-575.0,-532.0,448.0,13.5625,3.375,5.875,10.0,7.0,-107.0,0x683f
1677623223.2650292,8847.0,2729.0,638.0,289.75,-39.1875,42.8125,-481.0,-529.0,412.0,31.9375,10.1875,-7.875,150.0,-28.0,-135.0,0x683f
1677623223.321069,8627.0,2340.0,373.0,290.125,-39.75,40.125,-559.0,-501.0,448.0,50.125,20.9375,-6.125,68.0,-15.0,-127.0,0x683f
1677623223.3808792,8883.0,3284.0,953.0,290.125,-40.5,36.8125,-607.0,-403.0,548.0,52.6875,29.5625,23.625,34.0,34.0,-49.0,0x683f
1677623223.43583,8562.0,2708.0,715.0,289.6875,-41.9375,32.6875,-622.0,-311.0,760.0,44.5,33.1875,-2.5625,35.0,74.0,144.0,0x683f
1677623223.4909482,8575.0,2284.0,174.0,289.6875,-44.0,30.0625,-774.0,-338.0,530.0,31.125,22.8125,-2.0,-93.0,15.0,-79.0,0x683f
1677623223.545873,8269.0,2374.0,419.0,289.0,-43.875,27.0,-562.0,-39.0,689.0,21.1875,24.125,5.25,257.0,84.0,16.0,0x683f
1677623223.606869,8612.0,2709.0,811.0,288.6875,-44.8125,25.25,-597.0,-925.0,423.0,44.5625,53.875,-21.1875,93.0,-628.0,-205.0,0x683f
1677623223.6763892,8824.0,2978.0,710.0,287.125,-45.25,19.4375,-982.0,-538.0,863.0,34.4375,31.875,-1.5625,-243.0,-193.0,268.0,0x683f
1677623223.732175,8164.0,2078.0,909.0,286.625,-45.4375,16.9375,-681.0,-300.0,678.0,12.0625,8.5,-5.25,18.0,-100.0,20.0,0x683f
1677623223.7905579,8499.0,2124.0,663.0,286.3125,-45.0625,15.9375,-794.0,-147.0,732.0,-1.1875,5.0,-21.75,-101.0,41.0,64.0,0x683f
1677623223.85127,8844.0,2513.0,622.0,286.0,-44.125,15.75,-668.0,-9.0,704.0,-4.875,-8.1875,2.3125,14.0,183.0,27.0,0x683f
1677623223.907934,8987.0,3137.0,891.0,286.375,-43.6875,16.5,-762.0,-84.0,714.0,-10.25,-10.0,-14.625,-86.0,118.0,34.0,0x683f
1677623223.963564,8622.0,2484.0,740.0,286.5625,-42.875,17.375,-607.0,-244.0,653.0,-12.0625,-2.625,-22.125,11.0,-47.0,-51.0,0x683f
1677623224.020273,7977.0,2029.0,796.0,286.0625,-40.875,17.125,-572.0,-341.0,661.0,-9.625,10.125,-55.0,63.0,-122.0,-51.0,0x683f
1677623224.080827,8189.0,1788.0,572.0,284.875,-37.4375,15.875,-527.0,-441.0,668.0,4.25,26.1875,-86.75,58.0,-231.0,-89.0,0x683f
1677623224.13765,8336.0,2324.0,307.0,283.1875,-32.8125,13.1875,-387.0,-394.0,804.0,25.75,12.125,-65.5,135.0,-210.0,-4.0,0x683f
1677623224.197099,8981.0,3199.0,890.0,282.8125,-29.25,10.875,-436.0,-355.0,819.0,16.0,1.0625,-42.375,36.0,-195.0,-16.0,0x683f
1677623224.253281,8653.0,2603.0,639.0,282.875,-27.5625,9.875,-521.0,-288.0,799.0,11.1875,6.4375,-25.375,-67.0,-139.0,-56.0,0x683f
1677623224.306423,8570.0,2664.0,626.0,282.875,-26.8125,9.125,-460.0,-327.0,770.0,8.0,10.5625,-27.4375,-19.0,-189.0,-94.0,0x683f
1677623224.36222,7961.0,1571.0,557.0,282.75,-25.5625,8.4375,-466.0,-214.0,737.0,8.125,1.625,-20.5625,-42.0,-84.0,-137.0,0x683f
1677623224.4200919,8493.0,1985.0,439.0,282.8125,-24.625,8.0625,-453.0,-150.0,779.0,-5.0,-2.1875,-3.0,-44.0,-23.0,-102.0,0x683f
1677623224.473161,8738.0,2314.0,477.0,283.1875,-25.1875,8.75,-485.0,-158.0,811.0,-9.375,-11.5625,16.3125,-65.0,-43.0,-77.0,0x683f
1677623224.530872,8459.0,2386.0,511.0,284.125,-25.9375,9.4375,-744.0,-257.0,901.0,-3.0,-2.75,21.5,-311.0,-110.0,33.0,0x683f
1677623224.589751,8732.0,2352.0,439.0,284.625,-26.8125,9.1875,-459.0,-164.0,896.0,17.6875,-4.9375,3.625,-16.0,-26.0,33.0,0x683f
1677623224.645801,8356.0,2057.0,392.0,285.9375,-27.0,8.625,-450.0,-163.0,888.0,5.0625,-16.0,-10.3125,-17.0,-33.0,38.0,0x683f
1677623224.7051232,9102.0,3147.0,837.0,287.25,-26.3125,9.4375,-362.0,50.0,867.0,-35.4375,-19.5625,-3.375,72.0,194.0,0.0,0x683f
1677623224.7673979,8312.0,2051.0,399.0,288.0,-26.0625,11.25,-486.0,-167.0,938.0,4.8125,4.5,7.6875,-55.0,5.0,74.0,0x683f
1677623224.8257082,8755.0,2645.0,490.0,288.0625,-26.125,11.9375,-362.0,-351.0,1026.0,-43.5,-11.6875,12.0,20.0,-111.0,151.0,0x683f
1677623224.882356,8823.0,2408.0,308.0,288.3125,-26.4375,15.8125,-459.0,-648.0,1066.0,-88.125,-18.5,0.125,107.0,-456.0,256.0,0x683f
1677623224.944365,8387.0,2304.0,520.0,288.4375,-27.6875,20.375,-310.0,-795.0,977.0,-17.125,20.0,83.625,158.0,-491.0,170.0,0x683f
1677623224.996872,8777.0,2592.0,663.0,287.9375,-34.25,20.375,-370.0,-663.0,710.0,17.0625,38.1875,123.875,199.0,-386.0,-37.0,0x683f
1677623225.054826,7845.0,2547.0,589.0,288.625,-40.375,18.375,-329.0,-498.0,464.0,76.3125,-8.0625,74.125,306.0,-263.0,-244.0,0x683f
1677623225.109802,8648.0,3349.0,441.0,292.0,-43.25,16.3125,-217.0,-223.0,336.0,74.8125,-57.1875,86.5625,472.0,-17.0,-352.0,0x683f
1677623225.165097,8513.0,2824.0,687.0,300.25,-47.4375,20.25,-235.0,-294.0,164.0,60.75,-143.625,125.1875,446.0,-98.0,-487.0,0x683f
1677623225.2180722,9088.0,3431.0,239.0,312.25,-48.6875,26.9375,-403.0,-160.0,130.0,90.6875,-169.625,57.375,336.0,142.0,-422.0,0x683f
1677623225.27128,9017.0,3400.0,312.0,325.375,-46.4375,37.75,-647.0,-379.0,72.0,10.9375,-273.25,135.75,-59.0,1.0,-484.0,0x683f
1677623225.327882,8623.0,3265.0,414.0,344.5,-39.625,57.3125,-1058.0,-642.0,-131.0,-73.625,-276.8125,90.5625,-242.0,-22.0,-510.0,0x683f
1677623225.385608,8723.0,3272.0,381.0,356.625,-29.625,68.5,-643.0,-998.0,34.0,-156.125,-257.0625,108.8125,-225.0,-241.0,-270.0,0x683f
1677623225.440189,8439.0,3263.0,585.0,10.75,-18.6875,82.6875,-652.0,-1412.0,-62.0,-149.0,-163.1875,64.0,-337.0,-490.0,-180.0,0x683f
1677623225.495866,8423.0,3280.0,549.0,18.4375,-12.6875,88.875,-566.0,-1333.0,-116.0,-43.3125,-83.3125,68.875,-364.0,-343.0,-143.0,0x683f
1677623225.552096,8451.0,3306.0,495.0,25.0625,-9.3125,91.125,-275.0,-1056.0,96.0,-27.0625,-31.9375,62.0625,-115.0,-88.0,116.0,0x683f
1677623225.614911,8443.0,3278.0,423.0,28.875,-8.9375,94.5625,-467.0,-1129.0,166.0,-66.3125,-3.75,53.125,-183.0,-286.0,653.0,0x683f
1677623225.676827,8458.0,3247.0,454.0,29.25,-8.8125,95.9375,25.0,-883.0,244.0,21.375,8.0,-4.5,119.0,35.0,189.0,0x683f
1677623225.732369,8930.0,3376.0,331.0,28.625,-8.875,96.3125,-72.0,-928.0,-297.0,-23.1875,-9.0,-45.0625,112.0,57.0,-178.0,0x683f
1677623225.789325,8550.0,3217.0,303.0,26.75,-8.5625,97.125,-56.0,-901.0,-245.0,-16.8125,-9.625,-16.5625,89.0,60.0,-124.0,0x683f
1677623225.845772,8629.0,3303.0,341.0,25.8125,-8.25,97.1875,-111.0,-1013.0,-80.0,14.375,-1.75,-43.0625,47.0,-51.0,81.0,0x683f
1677623225.90047,8803.0,3231.0,251.0,23.9375,-8.6875,95.5,-100.0,-1034.0,75.0,28.6875,8.1875,-18.1875,48.0,-70.0,169.0,0x683f
1677623225.9555898,8577.0,3307.0,463.0,23.0625,-9.0625,94.6875,-55.0,-1002.0,-30.0,-1.5,6.5625,-12.5625,99.0,-37.0,49.0,0x683f
1677623226.012015,8603.0,3283.0,385.0,22.1875,-9.5,94.5625,-76.0,-957.0,-57.0,8.5625,10.125,-10.3125,84.0,13.0,15.0,0x683f
1677623226.066613,9425.0,3671.0,476.0,21.25,-10.0625,93.875,-101.0,-947.0,-26.0,3.625,2.5,-8.5625,61.0,4.0,46.0,0x683f
1677623226.124989,8567.0,3254.0,402.0,20.8125,-10.1875,93.6875,-113.0,-977.0,-19.0,2.125,1.1875,-7.6875,57.0,-12.0,38.0,0x683f
1677623226.184287,8599.0,3282.0,362.0,20.625,-10.0,93.375,-114.0,-969.0,-38.0,0.5625,0.4375,-8.1875,59.0,-10.0,17.0,0x683f
1677623226.244108,8473.0,3280.0,442.0,20.875,-9.75,93.25,-143.0,-964.0,-40.0,0.4375,0.0625,-2.0625,22.0,0.0,14.0,0x683f
1677623226.299242,8939.0,3377.0,356.0,20.9375,-9.6875,93.1875,-159.0,-969.0,-34.0,1.875,2.4375,-2.625,13.0,-4.0,23.0,0x683f
1677623226.3626099,8535.0,3292.0,428.0,20.75,-9.875,92.9375,-132.0,-968.0,-23.0,2.875,2.75,-6.3125,37.0,0.0,21.0,0x683f
1677623226.421921,8538.0,3266.0,431.0,20.5,-9.875,92.625,-127.0,-958.0,-29.0,1.4375,2.1875,-5.1875,47.0,8.0,17.0,0x683f
1677623226.478247,8414.0,3076.0,341.0,20.5,-9.75,92.5,-124.0,-960.0,-23.0,-0.8125,0.8125,1.125,38.0,4.0,19.0,0x683f
1677623226.5355442,8499.0,3242.0,412.0,20.8125,-9.6875,92.5,-136.0,-968.0,-28.0,0.25,1.0625,0.25,28.0,-2.0,13.0,0x683f
1677623226.593796,8450.0,3250.0,449.0,21.0,-9.625,92.4375,-141.0,-973.0,-28.0,-0.25,1.25,-1.5,23.0,-7.0,12.0,0x683f
1677623226.649101,8516.0,3279.0,398.0,21.0,-9.5625,92.375,-130.0,-975.0,-29.0,0.8125,0.375,-0.8125,32.0,-9.0,11.0,0x683f
1677623226.7055318,8559.0,3280.0,456.0,21.1875,-9.4375,92.25,-133.0,-973.0,-14.0,0.0,0.0,0.0625,17.0,-11.0,18.0,0x683f
1677623226.7589078,8566.0,3237.0,431.0,21.0625,-9.4375,92.25,-142.0,-978.0,-33.0,-0.1875,0.125,-3.8125,18.0,-12.0,5.0,0x683f
1677623226.8146482,8336.0,3081.0,340.0,20.875,-9.375,92.1875,-116.0,-962.0,-20.0,1.4375,1.0625,-2.3125,43.0,4.0,16.0,0x683f
1677623226.870357,8497.0,3266.0,381.0,21.0625,-9.1875,92.0,-114.0,-950.0,-18.0,0.9375,-0.625,4.4375,41.0,16.0,16.0,0x683f
1677623226.92317,8531.0,3298.0,404.0,21.4375,-9.0625,92.0,-168.0,-965.0,-39.0,1.25,0.1875,2.4375,-13.0,2.0,-4.0,0x683f
1677623226.9778318,8431.0,3131.0,283.0,21.375,-9.125,91.9375,-147.0,-964.0,-18.0,0.625,0.875,-5.0,8.0,3.0,15.0,0x683f
1677623227.031103,9434.0,3612.0,461.0,21.0,-9.1875,91.875,-128.0,-969.0,-23.0,-0.9375,1.0,-2.25,28.0,-1.0,9.0,0x683f
1677623227.08729,8614.0,3280.0,395.0,21.0,-9.1875,91.875,-144.0,-979.0,-24.0,0.0,1.6875,-2.5,11.0,-10.0,8.0,0x683f
1677623227.141129,8539.0,3226.0,444.0,20.75,-9.25,91.8125,-115.0,-965.0,-12.0,0.125,1.1875,-2.625,42.0,1.0,18.0,0x683f
1677623227.1940548,8603.0,3269.0,368.0,20.8125,-9.1875,91.75,-121.0,-971.0,-23.0,0.5625,0.5625,-1.75,35.0,0.0,4.0,0x683f
1677623227.2478988,8543.0,3249.0,428.0,20.9375,-9.0625,91.6875,-123.0,-970.0,-15.0,-0.1875,-0.6875,-0.8125,31.0,-2.0,14.0,0x683f
1677623227.301898,8543.0,3283.0,389.0,21.0625,-8.9375,91.6875,-149.0,-966.0,-22.0,0.4375,-1.8125,-0.1875,2.0,1.0,5.0,0x683f
1677623227.3534532,8546.0,3254.0,374.0,20.9375,-8.875,91.625,-138.0,-967.0,-20.0,2.1875,0.0,-5.125,14.0,2.0,2.0,0x683f
1677623227.407252,8479.0,3025.0,317.0,20.8125,-8.875,91.5,-125.0,-955.0,-14.0,0.1875,0.6875,-0.875,25.0,13.0,10.0,0x683f
1677623227.461731,8595.0,3284.0,391.0,20.8125,-8.875,91.5,-149.0,-966.0,-21.0,0.25,1.1875,1.5625,1.0,2.0,4.0,0x683f
1677623227.517173,8713.0,3189.0,389.0,20.75,-8.9375,91.5,-141.0,-973.0,-22.0,0.5625,2.0,-1.1875,11.0,-4.0,2.0,0x683f
1677623227.573185,8495.0,3090.0,301.0,20.75,-9.0,91.4375,-113.0,-958.0,-6.0,-1.4375,0.6875,1.0625,39.0,9.0,18.0,0x683f
1677623227.629434,8448.0,3117.0,336.0,20.9375,-8.875,91.625,-149.0,-978.0,-27.0,-5.1875,-0.6875,3.0625,2.0,-10.0,1.0,0x683f
1677623227.684407,8484.0,3090.0,301.0,20.9375,-8.875,91.875,-118.0,-980.0,-39.0,-1.0625,1.0,0.1875,37.0,-10.0,-4.0,0x683f
1677623227.737542,8564.0,3227.0,356.0,21.125,-8.8125,91.8125,-122.0,-967.0,-16.0,3.3125,1.6875,4.3125,27.0,1.0,14.0,0x683f
1677623227.79257,8549.0,3255.0,373.0,21.5625,-8.75,91.75,-157.0,-962.0,-23.0,1.75,-0.375,2.9375,-7.0,6.0,5.0,0x683f
1677623227.848406,8333.0,2871.0,229.0,21.6875,-8.75,91.6875,-151.0,-967.0,-29.0,-0.1875,-1.1875,-0.4375,-1.0,1.0,0.0,0x683f
1677623227.905115,8518.0,3120.0,303.0,21.8125,-8.6875,91.6875,-135.0,-966.0,-23.0,-0.8125,-1.125,-0.125,15.0,3.0,4.0,0x683f
1677623227.964774,8440.0,3089.0,267.0,21.875,-8.625,91.75,-150.0,-966.0,-33.0,-1.8125,-1.1875,-0.5,-3.0,2.0,-3.0,0x683f
1677623228.019788,8471.0,3231.0,352.0,21.9375,-8.5625,91.8125,-128.0,-965.0,-29.0,0.4375,0.375,-2.9375,18.0,3.0,2.0,0x683f
1677623228.0736089,8369.0,3078.0,370.0,21.75,-8.5625,91.75,-132.0,-968.0,-28.0,1.0625,0.25,-1.0,11.0,-2.0,2.0,0x683f
1677623228.130892,8604.0,3282.0,412.0,21.75,-8.5,91.6875,-134.0,-963.0,-23.0,0.6875,0.125,-0.75,11.0,5.0,5.0,0x683f
1677623228.190114,8440.0,3093.0,330.0,21.625,-8.5,91.6875,-141.0,-968.0,-33.0,-0.125,-0.25,-1.4375,4.0,0.0,-4.0,0x683f
1677623228.244013,8482.0,3101.0,316.0,21.4375,-8.5,91.6875,-146.0,-971.0,-31.0,0.4375,0.5625,-4.75,0.0,-2.0,-2.0,0x683f
1677623228.299689,8613.0,3297.0,382.0,21.25,-8.5,91.625,-123.0,-966.0,-23.0,0.0,0.5,-3.9375,21.0,2.0,4.0,0x683f
1677623228.354229,8455.0,3098.0,320.0,21.0625,-8.5,91.625,-128.0,-969.0,-28.0,0.125,0.8125,-1.125,17.0,0.0,0.0,0x683f
1677623228.410037,8568.0,3254.0,423.0,20.875,-8.5,91.5625,-127.0,-965.0,-22.0,0.625,0.4375,-0.75,18.0,4.0,4.0,0x683f
1677623228.464572,8555.0,3275.0,425.0,20.9375,-8.5,91.5625,-123.0,-969.0,-27.0,0.1875,0.4375,-0.125,21.0,0.0,0.0,0x683f
1677623228.517237,8501.0,3104.0,308.0,21.125,-8.4375,91.5,-132.0,-972.0,-30.0,1.5625,-0.625,2.375,11.0,-2.0,-4.0,0x683f
1677623228.569737,9328.0,3336.0,254.0,21.25,-8.4375,91.5,-148.0,-970.0,-27.0,0.8125,-0.3125,0.4375,-1.0,0.0,-1.0,0x683f
1677623228.625547,8368.0,2911.0,256.0,21.375,-8.4375,91.4375,-139.0,-968.0,-26.0,1.0,-0.125,-0.9375,6.0,0.0,-4.0,0x683f
1677623228.684076,8625.0,3259.0,437.0,21.25,-8.375,91.375,-141.0,-974.0,-29.0,1.625,-0.3125,0.3125,2.0,-4.0,-5.0,0x683f
1677623228.740256,8332.0,2926.0,241.0,21.375,-8.375,91.3125,-138.0,-964.0,-12.0,0.875,-0.0625,-0.25,10.0,4.0,6.0,0x683f
1677623228.798958,8600.0,3277.0,389.0,21.25,-8.375,91.25,-137.0,-962.0,-33.0,0.75,-0.8125,-2.375,8.0,10.0,-7.0,0x683f
1677623228.855995,8414.0,3109.0,353.0,21.0625,-8.375,91.25,-129.0,-963.0,-18.0,0.375,-0.4375,-3.25,14.0,6.0,3.0,0x683f
1677623228.9112298,8604.0,3308.0,455.0,21.0,-8.375,91.1875,-124.0,-977.0,-27.0,0.25,0.0,-3.125,20.0,-7.0,-5.0,0x683f
1677623228.965725,8469.0,3147.0,257.0,21.125,-8.25,91.1875,-110.0,-973.0,-22.0,1.0,0.1875,1.3125,28.0,-1.0,2.0,0x683f
1677623229.024378,8454.0,3106.0,316.0,21.25,-8.25,91.125,-132.0,-968.0,-16.0,1.25,-0.25,3.3125,-2.0,4.0,0.0,0x683f
1677623229.0803971,8963.0,3203.0,190.0,21.3125,-8.25,91.0625,-135.0,-970.0,-23.0,1.25,-0.4375,0.0625,4.0,0.0,-4.0,0x683f
1677623229.1364071,8469.0,3107.0,274.0,21.3125,-8.1875,91.0,-140.0,-967.0,-19.0,0.9375,-0.875,0.5,0.0,2.0,-1.0,0x683f
1677623229.194186,8500.0,3101.0,352.0,21.375,-8.1875,90.9375,-128.0,-963.0,-14.0,1.1875,0.125,-1.1875,11.0,6.0,2.0,0x683f
1677623229.2475278,8395.0,2917.0,243.0,21.3125,-8.1875,90.875,-122.0,-971.0,-17.0,2.875,2.6875,-1.5,17.0,0.0,-2.0,0x683f
1677623229.307473,8496.0,3073.0,302.0,21.1875,-8.25,90.75,-132.0,-965.0,-8.0,0.5,0.25,1.0625,7.0,4.0,4.0,0x683f
1677623229.36914,8610.0,3267.0,400.0,21.125,-8.25,90.6875,-130.0,-971.0,-13.0,-0.0625,0.5,0.5,7.0,-3.0,0.0,0x683f
1677623229.430562,8654.0,3257.0,383.0,21.1875,-8.1875,90.6875,-123.0,-971.0,-13.0,0.4375,0.625,1.0625,16.0,2.0,5.0,0x683f
1677623229.490695,8480.0,3247.0,468.0,21.25,-8.1875,90.6875,-131.0,-976.0,-9.0,0.0,0.625,-0.4375,12.0,-3.0,-1.0,0x683f
1677623229.549529,8595.0,3262.0,396.0,21.4375,-8.1875,90.6875,-106.0,-974.0,-10.0,1.4375,1.0625,2.6875,25.0,3.0,4.0,0x683f
1677623229.608259,9002.0,3319.0,4531.0,21.5625,-8.125,90.625,-128.0,-963.0,-9.0,0.75,0.4375,2.75,4.0,6.0,2.0,0x683f
1677623229.661839,8935.0,3391.0,296.0,21.5625,-8.1875,90.5625,-138.0,-969.0,-13.0,0.5625,1.3125,2.4375,2.0,1.0,-1.0,0x683f
1677623229.719483,8575.0,3228.0,411.0,21.4375,-8.25,90.5625,-139.0,-969.0,-17.0,1.1875,1.1875,1.8125,2.0,2.0,-2.0,0x683f
1677623229.777078,8339.0,3019.0,367.0,21.4375,-8.3125,90.5,-136.0,-966.0,-8.0,1.0,0.9375,2.1875,5.0,0.0,2.0,0x683f
1677623229.837443,8528.0,3263.0,416.0,21.5,-8.375,90.5,-136.0,-967.0,-10.0,0.3125,0.9375,1.5625,6.0,2.0,-1.0,0x683f
1677623229.894054,8622.0,3294.0,433.0,21.3125,-8.375,90.5,-135.0,-959.0,-9.0,-0.625,0.625,2.1875,7.0,8.0,-2.0,0x683f
1677623229.9491541,8484.0,3094.0,301.0,21.4375,-8.375,90.5,-131.0,-975.0,-11.0,0.0625,0.625,3.0,5.0,-7.0,-3.0,0x683f
1677623230.0019798,8987.0,3573.0,397.0,21.5625,-8.375,90.5625,-154.0,-965.0,-13.0,0.875,0.6875,-1.3125,-3.0,10.0,0.0,0x683f
1677623230.056173,8511.0,3285.0,443.0,21.375,-8.4375,90.5,-153.0,-962.0,-11.0,-0.0625,0.75,0.0625,-13.0,3.0,-7.0,0x683f
1677623230.1083488,9217.0,3549.0,423.0,21.25,-8.5,90.5,-164.0,-982.0,-18.0,-0.3125,1.25,-5.375,-19.0,-12.0,-9.0,0x683f
1677623230.161855,8549.0,3089.0,300.0,20.625,-8.625,90.4375,-109.0,-973.0,-2.0,0.125,3.5625,-6.3125,37.0,-4.0,5.0,0x683f
1677623230.219085,8573.0,3292.0,470.0,20.25,-8.8125,90.4375,-104.0,-963.0,-9.0,1.0625,2.6875,2.5625,44.0,6.0,-6.0,0x683f
1677623230.275558,8535.0,3281.0,393.0,20.5,-8.8125,90.375,-142.0,-970.0,-11.0,2.375,1.25,4.8125,7.0,1.0,-4.0,0x683f
1677623230.331438,8512.0,3294.0,442.0,20.75,-8.8125,90.375,-141.0,-962.0,-11.0,0.8125,-1.1875,0.9375,9.0,6.0,-5.0,0x683f
1677623230.386487,8459.0,3267.0,447.0,20.6875,-8.75,90.3125,-139.0,-956.0,-6.0,-0.375,-1.5625,0.9375,3.0,10.0,0.0,0x683f
1677623230.445218,8332.0,2903.0,238.0,20.6875,-8.6875,90.375,-157.0,-960.0,-12.0,-0.625,-0.125,1.25,-8.0,8.0,-5.0,0x683f
1677623230.501748,8446.0,3235.0,450.0,20.6875,-8.6875,90.375,-142.0,-968.0,-11.0,0.0625,1.6875,1.3125,7.0,0.0,-4.0,0x683f
1677623230.5586612,8483.0,3123.0,327.0,20.75,-8.8125,90.375,-152.0,-973.0,-10.0,0.4375,1.75,2.5625,-1.0,-4.0,-3.0,0x683f
1677623230.6135712,8529.0,3249.0,439.0,20.625,-8.875,90.375,-149.0,-968.0,-12.0,-0.125,1.625,-0.75,2.0,0.0,-5.0,0x683f
1677623230.6679869,8540.0,3283.0,431.0,20.5,-9.0,90.375,-133.0,-967.0,-6.0,0.5625,2.1875,-0.9375,20.0,0.0,1.0,0x683f
1677623230.7248058,8473.0,3258.0,439.0,20.5,-9.0625,90.375,-151.0,-971.0,-12.0,0.8125,2.0625,0.5625,4.0,-3.0,-5.0,0x683f
1677623230.7770822,8950.0,3329.0,290.0,20.375,-9.1875,90.375,-127.0,-969.0,-17.0,2.3125,3.6875,-1.375,30.0,-1.0,-11.0,0x683f
1677623230.833069,8467.0,3267.0,462.0,20.1875,-9.375,90.25,-142.0,-946.0,-8.0,0.5625,0.1875,1.125,17.0,21.0,-3.0,0x683f
1677623230.886533,8916.0,3422.0,445.0,20.25,-9.375,90.25,-152.0,-963.0,-21.0,0.875,0.875,-2.75,7.0,4.0,-17.0,0x683f
1677623230.94048,8500.0,3220.0,453.0,20.0625,-9.375,90.1875,-123.0,-976.0,-2.0,-0.375,0.8125,0.0625,37.0,-9.0,1.0,0x683f
1677623230.996397,8524.0,3309.0,463.0,20.3125,-9.4375,90.1875,-151.0,-962.0,-4.0,0.125,0.5625,2.5625,7.0,3.0,0.0,0x683f
1677623231.050285,9276.0,3711.0,522.0,20.4375,-9.4375,90.25,-151.0,-971.0,-6.0,0.75,0.4375,0.25,9.0,-4.0,-2.0,0x683f
1677623231.1054232,8542.0,3276.0,416.0,20.4375,-9.4375,90.1875,-145.0,-972.0,-9.0,0.6875,0.75,1.8125,14.0,-2.0,-4.0,0x683f
1677623231.160885,8498.0,3247.0,447.0,20.375,-9.4375,90.25,-152.0,-966.0,-8.0,0.125,0.375,2.9375,8.0,0.0,-4.0,0x683f
1677623231.2169878,8510.0,3255.0,472.0,20.5,-9.4375,90.25,-168.0,-963.0,-15.0,0.5625,0.4375,0.75,-3.0,3.0,-5.0,0x683f
1677623231.272096,8520.0,3279.0,454.0,20.5,-9.4375,90.25,-153.0,-964.0,-13.0,-0.0625,0.5,-1.0,8.0,2.0,-8.0,0x683f
1677623231.326404,8876.0,3496.0,477.0,20.5,-9.4375,90.25,-154.0,-965.0,-11.0,-0.1875,0.625,-0.6875,6.0,1.0,-6.0,0x683f
1677623231.3829,8522.0,3225.0,452.0,20.3125,-9.4375,90.25,-148.0,-963.0,-12.0,0.1875,0.8125,-0.25,13.0,3.0,-7.0,0x683f
1677623231.4404202,8524.0,3281.0,486.0,20.3125,-9.5,90.3125,-148.0,-962.0,-15.0,-0.0625,0.625,0.0625,13.0,4.0,-9.0,0x683f
1677623231.49874,8546.0,3253.0,465.0,20.125,-9.4375,90.3125,-146.0,-969.0,-11.0,0.25,-0.4375,0.9375,15.0,-2.0,-6.0,0x683f
1677623231.5516438,8468.0,3273.0,434.0,20.25,-9.375,90.3125,-169.0,-968.0,-13.0,0.5,-1.375,-1.125,-9.0,-1.0,-7.0,0x683f
1677623231.606912,8485.0,3270.0,456.0,20.1875,-9.3125,90.3125,-158.0,-967.0,-10.0,-0.75,-0.75,-3.875,4.0,-4.0,-6.0,0x683f
1677623231.661707,8499.0,3250.0,461.0,20.0625,-9.3125,90.3125,-143.0,-973.0,-14.0,0.4375,0.4375,-2.4375,15.0,-6.0,-8.0,0x683f
1677623231.717956,8484.0,3307.0,420.0,19.9375,-9.3125,90.25,-157.0,-973.0,-8.0,1.5,2.75,-4.375,2.0,-6.0,-3.0,0x683f
1677623231.773439,8617.0,3258.0,317.0,19.0625,-9.75,89.9375,-214.0,-1178.0,22.0,24.9375,38.0,-25.5,-47.0,-211.0,21.0,0x683f
1677623231.826367,9606.0,3600.0,584.0,14.125,-13.1875,86.9375,-335.0,-1337.0,161.0,106.125,142.5,-82.125,-89.0,-390.0,90.0,0x683f
1677623231.885563,8500.0,3384.0,201.0,0.125,-23.5625,76.125,-735.0,-977.0,204.0,151.9375,192.625,-114.5625,-343.0,-105.0,-11.0,0x683f
1677623231.941678,8529.0,3270.0,651.0,350.875,-29.4375,65.5625,-729.0,-840.0,472.0,101.6875,161.8125,-76.25,-230.0,-82.0,100.0,0x683f
1677623231.996299,8943.0,3334.0,660.0,340.0,-35.875,55.4375,-1131.0,-781.0,418.0,57.0,193.625,-129.4375,-556.0,-126.0,-31.0,0x683f
1677623232.0516632,8688.0,3205.0,691.0,328.6875,-39.75,44.375,-800.0,-374.0,406.0,42.125,212.4375,-82.5625,-129.0,203.0,-234.0,0x683f
1677623232.107284,8947.0,3179.0,182.0,316.625,-43.8125,31.8125,-591.0,-95.0,209.0,32.8125,186.875,-73.1875,95.0,285.0,-405.0,0x683f
1677623232.1665878,8799.0,3171.0,826.0,308.125,-44.25,21.375,-465.0,65.0,240.0,13.5,141.4375,-81.6875,241.0,320.0,-410.0,0x683f
1677623232.227669,8391.0,3109.0,927.0,299.375,-41.0625,13.375,-339.0,105.0,279.0,-49.0,62.0,-96.625,305.0,276.0,-439.0,0x683f
1677623232.285847,8186.0,2440.0,216.0,295.5,-35.75,15.25,-306.0,-385.0,537.0,-82.5625,9.5625,-94.25,267.0,-175.0,-230.0,0x683f
1677623232.340597,8821.0,3144.0,691.0,293.9375,-32.8125,16.625,-380.0,-464.0,702.0,-43.3125,-6.5625,-57.875,186.0,-269.0,-42.0,0x683f
1677623232.397305,8685.0,2312.0,248.0,292.6875,-31.5625,17.5,-419.0,-717.0,791.0,15.625,31.8125,17.1875,66.0,-470.0,-16.0,0x683f
1677623232.457377,9261.0,3682.0,1157.0,290.8125,-32.5625,14.1875,-745.0,-408.0,841.0,46.0625,42.9375,-5.375,-248.0,-167.0,22.0,0x683f
1677623232.517392,8917.0,2715.0,520.0,291.625,-31.375,12.9375,-547.0,-355.0,878.0,18.375,-25.75,-50.5,2.0,-100.0,46.0,0x683f
1677623232.578959,8700.0,2527.0,523.0,293.8125,-27.625,14.9375,-415.0,-371.0,759.0,-51.875,-62.25,-61.3125,117.0,-272.0,-44.0,0x683f
1677623232.632236,8570.0,2459.0,586.0,295.375,-24.3125,17.3125,-376.0,-391.0,900.0,-9.5625,-24.6875,-33.5625,27.0,-125.0,47.0,0x683f
1677623232.689389,8340.0,2605.0,661.0,296.3125,-23.4375,17.8125,-327.0,-389.0,915.0,2.25,-9.5625,28.3125,-210.0,-47.0,-41.0,0x683f
1677623232.744867,8899.0,2902.0,765.0,296.4375,-24.875,18.125,-382.0,-254.0,926.0,10.625,20.5,12.4375,38.0,42.0,55.0,0x683f
1677623232.802216,9049.0,2924.0,714.0,294.6875,-26.75,16.75,-414.0,-388.0,781.0,21.8125,29.5,28.125,-28.0,-180.0,101.0,0x683f
