1679502506.9704719,9134.0,3856.0,269.0,63.375,-21.125,95.4375,-351.0,-915.0,-76.0,2.0,-4.0,10.0,0.5,-0.375,0.25,93081.0,0x683f
1679502507.043752,9167.0,3962.0,214.0,63.125,-21.1875,95.375,-345.0,-911.0,-72.0,6.0,1.0,14.0,0.5625,1.25,0.8125,93081.0,0x683f
1679502507.1078012,8971.0,3701.0,359.0,62.8125,-21.1875,95.4375,-357.0,-904.0,-71.0,-2.0,5.0,14.0,-0.0625,2.3125,1.0625,93081.0,0x683f
1679502507.1743941,9126.0,3672.0,470.0,62.5625,-21.25,95.4375,-358.0,-906.0,-71.0,-2.0,2.0,15.0,-0.1875,1.1875,0.625,93081.0,0x683f
1679502507.236682,8955.0,3566.0,414.0,62.375,-21.25,95.4375,-358.0,-910.0,-72.0,-2.0,0.0,14.0,-0.8125,-0.375,0.5,93081.0,0x683f
1679502507.303689,8731.0,3377.0,517.0,61.75,-21.25,95.4375,-353.0,-913.0,-70.0,2.0,-4.0,16.0,-0.9375,-1.6875,0.125,93081.0,0x683f
1679502507.369638,8732.0,3359.0,482.0,61.0625,-21.25,95.4375,-350.0,-911.0,-75.0,9.0,-4.0,13.0,-0.9375,-1.6875,0.3125,93074.5,0x683f
1679502507.436544,8704.0,3449.0,396.0,60.8125,-21.25,95.4375,-348.0,-911.0,-71.0,8.0,-2.0,14.0,-0.5,-0.0625,0.4375,93074.5,0x683f
1679502507.496968,8677.0,3451.0,347.0,60.1875,-21.25,95.4375,-359.0,-911.0,-73.0,-7.0,0.0,9.0,-0.4375,0.8125,0.625,93074.5,0x683f
1679502507.558524,8738.0,3378.0,464.0,60.0,-21.3125,95.4375,-360.0,-907.0,-75.0,-2.0,0.0,9.0,-0.5625,-0.9375,0.625,93074.5,0x683f
1679502507.624222,8686.0,3313.0,506.0,59.5625,-21.3125,95.375,-353.0,-911.0,-75.0,3.0,-2.0,11.0,0.0625,-1.25,0.5,93074.5,0x683f
1679502507.692294,9205.0,3785.0,398.0,59.375,-21.375,95.375,-350.0,-907.0,-77.0,6.0,1.0,8.0,-0.0625,-0.6875,0.5625,93074.5,0x683f
1679502507.764708,8796.0,3546.0,342.0,58.875,-21.375,95.375,-355.0,-908.0,-78.0,0.0,2.0,6.0,0.375,0.0,0.5625,93081.5,0x683f
1679502507.830407,9211.0,3546.0,596.0,58.5625,-21.375,95.375,-356.0,-907.0,-72.0,-2.0,-1.0,12.0,-0.1875,-0.5,0.375,93081.5,0x683f
1679502507.896607,8727.0,3359.0,474.0,58.4375,-21.375,95.375,-354.0,-910.0,-78.0,3.0,-1.0,7.0,-0.4375,-1.625,0.1875,93081.5,0x683f
1679502507.965209,8665.0,3409.0,443.0,58.1875,-21.375,95.375,-353.0,-910.0,-79.0,6.0,-1.0,5.0,-0.5,-0.0625,0.25,93081.5,0x683f
1679502508.0312178,8781.0,3579.0,334.0,58.0625,-21.375,95.375,-357.0,-910.0,-77.0,0.0,-1.0,10.0,-0.5,1.25,0.5,93081.5,0x683f
1679502508.09894,8759.0,3588.0,280.0,57.6875,-21.4375,95.4375,-360.0,-906.0,-81.0,-1.0,2.0,5.0,-0.0625,1.625,0.8125,93081.5,0x683f
1679502508.166803,8971.0,3773.0,299.0,57.375,-21.4375,95.4375,-363.0,-909.0,-75.0,-3.0,-1.0,11.0,0.375,1.5625,0.625,93081.25,0x683f
1679502508.23045,9067.0,3692.0,399.0,57.4375,-21.4375,95.5,-362.0,-909.0,-72.0,-1.0,0.0,16.0,0.1875,-0.5,0.375,93081.25,0x683f
1679502508.296405,8508.0,3234.0,565.0,57.1875,-21.4375,95.4375,-356.0,-911.0,-77.0,2.0,-1.0,9.0,0.3125,-0.75,0.0,93081.25,0x683f
1679502508.3568451,8893.0,3632.0,382.0,56.9375,-21.5,95.4375,-355.0,-905.0,-74.0,6.0,0.0,10.0,-0.375,0.1875,0.0625,93081.25,0x683f
1679502508.4217322,8822.0,3459.0,527.0,56.875,-21.4375,95.4375,-356.0,-906.0,-71.0,0.0,-2.0,16.0,-0.0625,0.1875,-0.75,93081.25,0x683f
1679502508.485378,8846.0,3459.0,500.0,56.8125,-21.4375,95.4375,-365.0,-908.0,-68.0,-6.0,0.0,19.0,-0.875,-1.375,-0.5,93089.5,0x683f
1679502508.548649,8728.0,3491.0,454.0,56.6875,-21.4375,95.4375,-360.0,-903.0,-75.0,-1.0,4.0,11.0,-0.5625,-2.125,-0.375,93089.5,0x683f
1679502508.6167638,8733.0,3454.0,474.0,56.4375,-21.4375,95.375,-357.0,-904.0,-78.0,4.0,1.0,9.0,-0.75,-2.0625,-0.0625,93089.5,0x683f
1679502508.681907,9043.0,3819.0,302.0,56.25,-21.4375,95.375,-351.0,-909.0,-80.0,7.0,1.0,8.0,-0.8125,-0.5625,0.125,93089.5,0x683f
1679502508.745725,8909.0,3617.0,356.0,56.1875,-21.4375,95.4375,-359.0,-916.0,-78.0,0.0,-7.0,8.0,-1.3125,-0.75,-0.0625,93089.5,0x683f
1679502508.814401,8823.0,3535.0,473.0,55.625,-21.4375,95.4375,-351.0,-911.0,-73.0,8.0,-2.0,13.0,-1.25,-1.125,-0.5625,93089.5,0x683f
1679502508.885351,8861.0,3751.0,247.0,55.375,-21.375,95.5,-352.0,-912.0,-77.0,5.0,-3.0,9.0,-0.875,-1.4375,-0.8125,93075.0,0x683f
1679502508.949237,8734.0,3531.0,432.0,55.125,-21.3125,95.5,-366.0,-910.0,-77.0,-8.0,-1.0,10.0,-0.625,-3.3125,-1.0,93075.0,0x683f
1679502509.01572,8830.0,3421.0,538.0,54.9375,-21.3125,95.4375,-355.0,-909.0,-78.0,2.0,-2.0,10.0,-0.375,-3.125,-0.5625,93075.0,0x683f
1679502509.081443,9245.0,3833.0,400.0,54.75,-21.3125,95.375,-354.0,-911.0,-80.0,2.0,0.0,7.0,-0.375,-2.8125,0.1875,93075.0,0x683f
1679502509.1468601,8782.0,3555.0,386.0,54.4375,-21.3125,95.3125,-350.0,-912.0,-72.0,6.0,-3.0,11.0,-0.5625,-2.4375,-0.1875,93075.0,0x683f
1679502509.215747,9284.0,3972.0,319.0,53.6875,-21.375,95.25,-349.0,-908.0,-71.0,6.0,0.0,11.0,-0.3125,-2.3125,-0.25,93075.0,0x683f
1679502509.2835681,9050.0,3690.0,445.0,53.375,-21.375,95.1875,-349.0,-910.0,-72.0,3.0,0.0,9.0,0.0,-2.6875,-0.375,93082.0,0x683f
1679502509.350143,9282.0,3803.0,411.0,53.0625,-21.375,95.125,-353.0,-907.0,-79.0,4.0,1.0,2.0,-0.75,-2.375,0.125,93082.0,0x683f
1679502509.416845,8938.0,3705.0,317.0,52.8125,-21.375,95.125,-344.0,-909.0,-75.0,11.0,-2.0,10.0,-1.0,-0.625,0.375,93082.0,0x683f
1679502509.482114,8735.0,3618.0,266.0,52.75,-21.4375,95.1875,-355.0,-910.0,-75.0,4.0,-1.0,5.0,-0.4375,1.0,0.8125,93082.0,0x683f
1679502509.545016,9009.0,3734.0,415.0,52.625,-21.4375,95.1875,-347.0,-914.0,-70.0,9.0,-4.0,12.0,-0.125,0.3125,0.875,93082.0,0x683f
1679502509.604932,9023.0,3871.0,223.0,52.5625,-21.5,95.1875,-356.0,-908.0,-73.0,3.0,0.0,9.0,-0.6875,0.875,0.875,93082.0,0x683f
1679502509.671923,8833.0,3698.0,286.0,52.5,-21.5625,95.25,-357.0,-910.0,-74.0,3.0,-2.0,9.0,-0.625,0.875,0.25,93084.75,0x683f
1679502509.739112,8941.0,3868.0,125.0,52.5,-21.5625,95.3125,-354.0,-906.0,-70.0,5.0,1.0,13.0,-0.5625,-0.5625,-0.0625,93084.75,0x683f
1679502509.807915,8784.0,3677.0,262.0,52.625,-21.5625,95.3125,-355.0,-911.0,-81.0,5.0,-3.0,3.0,-0.5,0.5625,0.0,93084.75,0x683f
1679502509.8789089,8863.0,3703.0,342.0,52.6875,-21.5625,95.3125,-351.0,-910.0,-81.0,8.0,-3.0,4.0,-0.3125,1.3125,0.25,93084.75,0x683f
1679502509.9424288,8836.0,3583.0,371.0,52.625,-21.5625,95.375,-360.0,-910.0,-69.0,0.0,-2.0,17.0,-0.375,2.3125,-0.125,93084.75,0x683f
1679502510.009133,8944.0,3823.0,235.0,52.5625,-21.5625,95.4375,-352.0,-908.0,-76.0,7.0,0.0,9.0,0.1875,-0.875,0.625,93091.75,0x683f
1679502510.0741088,8822.0,3757.0,251.0,52.25,-21.5625,95.375,-344.0,-911.0,-78.0,16.0,-3.0,8.0,0.3125,-0.625,-0.3125,93091.75,0x683f
1679502510.1368809,8600.0,3628.0,254.0,52.3125,-21.5625,95.4375,-357.0,-909.0,-77.0,2.0,-1.0,9.0,0.0,1.875,-0.125,93091.75,0x683f
1679502510.201335,9084.0,3956.0,245.0,52.5,-21.5625,95.4375,-359.0,-911.0,-76.0,3.0,-7.0,12.0,-0.125,1.125,0.0625,93091.75,0x683f
1679502510.2662039,8766.0,3567.0,371.0,52.3125,-21.5,95.5,-359.0,-913.0,-79.0,0.0,-6.0,8.0,0.0,0.4375,0.6875,93091.75,0x683f
1679502510.3279219,8787.0,3718.0,258.0,52.3125,-21.5625,95.5,-356.0,-907.0,-80.0,9.0,-6.0,10.0,-0.25,-0.1875,0.0625,93091.75,0x683f
1679502510.394708,8954.0,3870.0,254.0,52.4375,-21.5625,95.5,-350.0,-916.0,-75.0,10.0,-8.0,14.0,0.25,0.375,-0.4375,93079.75,0x683f
1679502510.461785,8832.0,3741.0,248.0,52.375,-21.5,95.4375,-343.0,-917.0,-67.0,9.0,-11.0,21.0,0.0625,0.125,-0.5625,93079.75,0x683f
1679502510.525653,8814.0,3605.0,370.0,52.5,-21.5,95.375,-365.0,-906.0,-80.0,-5.0,1.0,5.0,1.375,2.0,1.0,93079.75,0x683f
1679502510.590534,8970.0,3833.0,199.0,52.375,-21.5625,95.3125,-359.0,-900.0,-89.0,10.0,6.0,2.0,0.375,-1.3125,0.9375,93079.75,0x683f
1679502510.6546402,8925.0,3762.0,296.0,52.25,-21.5625,95.3125,-342.0,-912.0,-70.0,17.0,-4.0,14.0,0.125,-0.25,-0.4375,93079.75,0x683f
1679502510.719452,8860.0,3751.0,224.0,52.375,-21.5,95.3125,-361.0,-910.0,-73.0,-1.0,-2.0,11.0,0.0,0.9375,0.25,93079.75,0x683f
1679502510.780989,8616.0,3550.0,293.0,52.25,-21.5,95.3125,-353.0,-908.0,-80.0,6.0,0.0,4.0,0.4375,-0.75,-0.25,93087.0,0x683f
1679502510.842279,9063.0,3738.0,414.0,52.3125,-21.5,95.3125,-352.0,-911.0,-77.0,7.0,-3.0,7.0,0.0,1.0,-0.125,93087.0,0x683f
1679502510.901823,8745.0,3613.0,276.0,52.1875,-21.5,95.3125,-353.0,-908.0,-70.0,6.0,0.0,14.0,-0.25,1.4375,0.125,93087.0,0x683f
1679502510.964153,8747.0,3617.0,297.0,52.3125,-21.5,95.3125,-365.0,-922.0,-67.0,-6.0,-13.0,17.0,-0.1875,0.5,-0.5,93087.0,0x683f
1679502511.031731,8603.0,3501.0,361.0,52.0625,-21.5,95.1875,-360.0,-908.0,-79.0,-1.0,2.0,3.0,0.375,-2.375,-0.125,93087.0,0x683f
1679502511.095225,8547.0,3422.0,445.0,51.0625,-21.5,95.0,-406.0,-918.0,-82.0,-46.0,-9.0,-4.0,-2.3125,-37.6875,0.5,93087.0,0x683f
1679502511.158578,8553.0,3305.0,608.0,47.4375,-22.0,93.9375,-551.0,-975.0,-80.0,-183.0,-68.0,-17.0,-2.9375,-81.625,9.8125,93078.25,0x683f
1679502511.223009,8683.0,3304.0,649.0,40.9375,-23.25,91.25,-463.0,-1039.0,83.0,-62.0,-173.0,118.0,11.9375,-109.8125,36.0,93078.25,0x683f
1679502511.286859,8897.0,3289.0,880.0,31.5,-27.75,87.375,-737.0,-1092.0,140.0,-280.0,-225.0,101.0,23.75,-65.125,113.3125,93078.25,0x683f
1679502511.3554611,8511.0,3111.0,736.0,21.5625,-35.8125,83.8125,-855.0,-1018.0,220.0,-271.0,-227.0,126.0,33.6875,-24.375,176.6875,93078.25,0x683f
1679502511.427024,8587.0,3093.0,867.0,9.3125,-46.8125,79.1875,-760.0,-639.0,96.0,0.0,-36.0,-41.0,50.1875,-5.875,216.125,93078.25,0x683f
1679502511.493369,8509.0,3123.0,789.0,357.25,-62.4375,67.6875,-610.0,-251.0,79.0,258.0,168.0,-92.0,54.0625,-22.0,189.4375,93078.25,0x683f
1679502511.557085,8402.0,2896.0,780.0,350.1875,-67.5,47.25,-511.0,-69.0,53.0,390.0,192.0,-226.0,58.5,-154.0625,72.875,93086.0,0x683f
1679502511.62122,8680.0,3229.0,591.0,349.125,-58.125,27.6875,-446.0,-205.0,301.0,323.0,-12.0,-168.0,31.9375,-268.375,-66.125,93086.0,0x683f
1679502511.68484,8575.0,3147.0,806.0,351.6875,-41.25,23.125,-566.0,-577.0,744.0,57.0,-280.0,49.0,4.375,-168.875,-66.875,93086.0,0x683f
1679502511.748662,8497.0,3005.0,859.0,353.5,-33.8125,22.875,-392.0,-523.0,734.0,123.0,-203.0,-38.0,8.1875,-38.5625,-31.6875,93086.0,0x683f
1679502511.814414,8624.0,3116.0,757.0,355.125,-31.25,23.0625,-483.0,-455.0,667.0,61.0,-136.0,-95.0,-3.4375,-16.9375,-19.5,93086.0,0x683f
1679502511.883355,8476.0,2898.0,666.0,355.75,-30.0625,24.0625,-477.0,-393.0,716.0,13.0,-47.0,-57.0,-18.125,-18.3125,-13.8125,93086.0,0x683f
1679502511.953774,8421.0,2789.0,737.0,355.875,-29.4375,25.25,-630.0,-385.0,884.0,-38.0,36.0,104.0,1.8125,-39.25,7.5,93078.0,0x683f
1679502512.020472,8486.0,2888.0,680.0,355.0625,-26.875,24.4375,-338.0,-320.0,746.0,107.0,15.0,-65.0,0.8125,-13.875,-6.1875,93078.0,0x683f
1679502512.081724,8496.0,2880.0,662.0,355.5,-26.625,24.75,-456.0,-464.0,749.0,-15.0,-95.0,-45.0,-1.9375,4.1875,-9.3125,93078.0,0x683f
1679502512.1527302,8738.0,3126.0,487.0,356.0625,-27.0625,24.8125,-480.0,-425.0,750.0,-9.0,-41.0,-40.0,10.6875,20.5,-1.3125,93078.0,0x683f
1679502512.218359,8167.0,2652.0,696.0,356.625,-28.9375,24.5625,-450.0,-355.0,706.0,22.0,-7.0,-83.0,5.0625,42.0625,2.75,93078.0,0x683f
1679502512.2818182,8534.0,3146.0,855.0,356.1875,-31.1875,24.9375,-448.0,-376.0,702.0,77.0,-31.0,-42.0,0.1875,49.0,-3.0,93078.0,0x683f
1679502512.3461142,8251.0,2773.0,684.0,355.125,-35.375,26.125,-795.0,-422.0,582.0,-316.0,-44.0,-150.0,4.0625,102.4375,12.6875,93077.25,0x683f
1679502512.4149902,8685.0,3203.0,794.0,354.3125,-38.75,26.4375,-560.0,-381.0,726.0,27.0,-67.0,51.0,4.875,65.9375,14.9375,93077.25,0x683f
1679502512.478435,8607.0,3017.0,890.0,353.0625,-42.9375,26.6875,-812.0,-385.0,455.0,-143.0,-63.0,-185.0,2.1875,45.125,26.6875,93077.25,0x683f
1679502512.544238,8570.0,3134.0,706.0,349.4375,-47.1875,26.0625,-998.0,-237.0,338.0,-269.0,43.0,-173.0,-18.6875,30.625,57.75,93077.25,0x683f
1679502512.610315,8264.0,2834.0,422.0,344.5625,-50.0625,24.0625,-774.0,-184.0,660.0,2.0,102.0,74.0,-40.1875,32.625,74.75,93077.25,0x683f
1679502512.674678,8531.0,3237.0,643.0,338.625,-53.1875,22.25,-758.0,-69.0,523.0,26.0,153.0,-20.0,-48.75,-3.375,57.75,93090.0,0x683f
1679502512.7401779,8668.0,3132.0,756.0,334.3125,-54.4375,22.125,-695.0,-148.0,445.0,102.0,67.0,-82.0,-54.25,-7.25,25.1875,93090.0,0x683f
1679502512.807682,8619.0,3072.0,920.0,331.3125,-53.75,23.375,-693.0,-346.0,584.0,69.0,-110.0,48.0,-35.4375,-16.5625,6.0625,93090.0,0x683f
1679502512.875223,8640.0,3053.0,964.0,330.0625,-52.4375,24.4375,-746.0,-414.0,616.0,51.0,-166.0,69.0,-22.25,-17.6875,-2.5,93090.0,0x683f
1679502512.945659,8677.0,3001.0,864.0,329.5,-52.0,25.1875,-818.0,-419.0,532.0,177.0,-192.0,249.0,-2.3125,-24.0625,-4.1875,93090.0,0x683f
1679502513.016045,8582.0,2933.0,782.0,329.4375,-51.4375,24.75,-756.0,-408.0,556.0,0.0,-143.0,-34.0,2.75,-6.25,4.75,93090.0,0x683f
1679502513.114111,8613.0,3108.0,816.0,328.75,-50.625,23.6875,-698.0,-303.0,565.0,39.0,-32.0,-22.0,-1.875,-16.0,3.5,93077.5,0x683f
1679502513.182584,8618.0,3113.0,808.0,328.25,-49.0,22.9375,-742.0,-166.0,538.0,4.0,86.0,-54.0,-4.375,-19.5625,-1.5625,93077.5,0x683f
1679502513.248553,8614.0,3101.0,869.0,327.4375,-48.25,23.0625,-672.0,-157.0,579.0,58.0,101.0,-21.0,-6.8125,-2.9375,-6.5,93077.5,0x683f
1679502513.31506,8613.0,3094.0,897.0,327.4375,-47.75,24.0625,-727.0,-294.0,647.0,-12.0,-39.0,44.0,-7.125,4.4375,-6.875,93077.5,0x683f
1679502513.3761501,8597.0,3063.0,885.0,327.125,-48.1875,24.875,-796.0,-318.0,569.0,-32.0,-46.0,5.0,-5.75,-1.125,-2.5625,93077.5,0x683f
1679502513.438893,8568.0,3104.0,900.0,326.375,-48.125,25.25,-728.0,-310.0,608.0,2.0,-31.0,16.0,-1.4375,3.125,-0.8125,93075.75,0x683f
1679502513.503065,8584.0,3067.0,892.0,326.125,-48.0,25.3125,-709.0,-325.0,579.0,3.0,-40.0,-13.0,1.75,0.625,-0.6875,93075.75,0x683f
1679502513.572978,8575.0,3078.0,917.0,326.0625,-48.0,25.375,-775.0,-338.0,555.0,-50.0,-50.0,-45.0,-0.75,1.3125,1.875,93075.75,0x683f
1679502513.6402419,8592.0,3066.0,912.0,325.5625,-48.125,25.75,-709.0,-322.0,554.0,29.0,-30.0,-37.0,-6.3125,0.375,2.5,93075.75,0x683f
1679502513.706963,8563.0,3066.0,939.0,325.125,-48.3125,26.25,-704.0,-269.0,526.0,27.0,19.0,-57.0,-8.875,-5.3125,-3.0625,93075.75,0x683f
1679502513.774139,8570.0,3086.0,932.0,324.875,-47.8125,26.9375,-748.0,-311.0,588.0,-61.0,-18.0,4.0,-6.9375,-2.0625,-3.875,93075.75,0x683f
1679502513.8464901,8835.0,3216.0,932.0,324.3125,-47.6875,27.3125,-737.0,-299.0,596.0,-12.0,-3.0,9.0,-2.6875,3.0625,2.25,93073.25,0x683f
1679502513.9145658,8658.0,2991.0,894.0,323.9375,-47.875,27.375,-712.0,-320.0,597.0,14.0,-17.0,14.0,-0.625,-2.125,1.3125,93073.25,0x683f
1679502513.978517,8813.0,3215.0,864.0,323.4375,-48.0,27.375,-742.0,-325.0,576.0,-13.0,-23.0,-5.0,-0.0625,2.0625,2.9375,93073.25,0x683f
1679502514.043005,8561.0,3099.0,877.0,323.1875,-48.1875,27.375,-736.0,-300.0,565.0,-8.0,10.0,-19.0,-3.375,-1.875,2.9375,93073.25,0x683f
1679502514.111865,8572.0,3105.0,879.0,322.875,-48.0,27.3125,-721.0,-281.0,573.0,10.0,21.0,-18.0,-5.75,-8.1875,0.5,93073.25,0x683f
1679502514.1762528,8537.0,3092.0,899.0,322.5625,-47.625,27.4375,-722.0,-271.0,581.0,1.0,32.0,-5.0,-5.125,-6.625,0.0,93073.25,0x683f
1679502514.241823,8407.0,2808.0,670.0,322.1875,-47.0,27.4375,-676.0,-280.0,629.0,21.0,25.0,26.0,-4.125,-4.375,-0.625,93072.5,0x683f
1679502514.308393,8620.0,2905.0,732.0,321.9375,-46.75,27.4375,-718.0,-301.0,625.0,-4.0,8.0,28.0,-1.4375,-8.125,-0.0625,93072.5,0x683f
1679502514.374778,8763.0,2901.0,782.0,321.5625,-46.1875,27.125,-709.0,-286.0,597.0,-2.0,23.0,-7.0,-0.3125,-17.0625,-1.25,93072.5,0x683f
1679502514.443393,8771.0,2906.0,764.0,321.0,-45.0,26.625,-714.0,-296.0,591.0,-28.0,12.0,-26.0,-2.0,-22.6875,-2.375,93072.5,0x683f
1679502514.503894,8768.0,2985.0,802.0,320.5,-43.4375,26.1875,-745.0,-347.0,637.0,-70.0,-33.0,0.0,1.0625,-21.3125,-2.6875,93072.5,0x683f
1679502514.564707,8799.0,2923.0,901.0,320.1875,-42.0625,25.5625,-655.0,-332.0,668.0,2.0,-17.0,12.0,3.5625,-15.0,-0.375,93075.0,0x683f
1679502514.625507,8685.0,3126.0,812.0,319.5,-41.125,25.0,-624.0,-338.0,662.0,21.0,-25.0,-6.0,5.3125,-12.0625,-1.5,93075.0,0x683f
1679502514.686464,8657.0,2995.0,983.0,319.1875,-40.375,24.625,-606.0,-475.0,716.0,29.0,-164.0,37.0,5.25,-12.875,0.0625,93075.0,0x683f
1679502514.749726,8676.0,2973.0,988.0,319.0625,-40.125,24.3125,-612.0,-387.0,589.0,19.0,-78.0,-93.0,3.9375,2.625,-3.6875,93075.0,0x683f
1679502514.8178492,8599.0,3152.0,720.0,319.0625,-40.25,24.5625,-598.0,-369.0,607.0,35.0,-57.0,-73.0,0.4375,7.8125,-7.0625,93075.0,0x683f
1679502514.8895428,8556.0,3022.0,845.0,318.5,-40.75,25.25,-689.0,-390.0,636.0,-48.0,-72.0,-33.0,0.375,15.875,-10.0625,93075.0,0x683f
1679502514.955114,8493.0,2928.0,684.0,318.3125,-41.875,25.6875,-721.0,-351.0,532.0,-66.0,-34.0,-124.0,4.1875,1.5625,-0.0625,93079.75,0x683f
1679502515.020076,8416.0,2889.0,787.0,317.625,-41.9375,25.3125,-726.0,-321.0,767.0,-70.0,-9.0,109.0,5.875,-8.75,-0.5,93079.75,0x683f
1679502515.092573,8368.0,2773.0,746.0,316.8125,-41.1875,24.75,-681.0,-225.0,517.0,-38.0,83.0,-155.0,2.25,-27.0625,-2.3125,93079.75,0x683f
1679502515.158946,8391.0,2844.0,732.0,316.4375,-39.3125,24.6875,-550.0,-282.0,648.0,55.0,6.0,-3.0,-8.3125,-17.0625,-18.0,93079.75,0x683f
1679502515.22463,8462.0,2821.0,683.0,317.375,-38.5625,25.5,-574.0,-316.0,618.0,37.0,13.0,-72.0,8.125,13.3125,-11.125,93079.75,0x683f
1679502515.292827,8483.0,2826.0,736.0,317.375,-38.125,25.5625,-566.0,-409.0,698.0,39.0,-76.0,3.0,5.1875,-14.25,-13.8125,93079.75,0x683f
1679502515.359529,8588.0,3057.0,871.0,317.625,-37.1875,25.5,-577.0,-258.0,636.0,67.0,119.0,24.0,6.0,-7.5,-14.75,93084.75,0x683f
1679502515.425591,8170.0,2603.0,764.0,318.4375,-37.0,26.125,-671.0,-344.0,732.0,-77.0,0.0,32.0,7.25,32.0,-13.75,93084.75,0x683f
1679502515.493483,8476.0,2990.0,890.0,318.3125,-38.375,26.8125,-518.0,-530.0,576.0,105.0,-191.0,-100.0,5.3125,30.125,-5.0,93084.75,0x683f
1679502515.560323,8653.0,3082.0,811.0,318.1875,-39.625,26.6875,-762.0,-673.0,646.0,-136.0,-278.0,-19.0,17.4375,5.875,14.5625,93084.75,0x683f
1679502515.625568,8478.0,2955.0,728.0,316.6875,-40.9375,25.0,-726.0,-420.0,551.0,-78.0,-112.0,-117.0,12.5,24.0,32.5,93084.75,0x683f
1679502515.6956239,8302.0,2853.0,822.0,313.875,-42.125,23.25,-637.0,-280.0,598.0,14.0,25.0,-69.0,2.25,-1.75,25.5625,93084.75,0x683f
1679502515.7628438,8454.0,2786.0,633.0,311.875,-42.625,21.6875,-660.0,-188.0,629.0,26.0,84.0,-24.0,-0.5,-11.75,14.8125,93082.0,0x683f
1679502515.8282619,8689.0,3247.0,967.0,310.4375,-42.4375,21.0625,-663.0,-169.0,678.0,-1.0,91.0,3.0,-7.3125,-0.6875,8.8125,93082.0,0x683f
1679502515.8936782,8584.0,3217.0,774.0,309.75,-42.5625,21.25,-629.0,-221.0,708.0,-56.0,51.0,6.0,-8.4375,5.5,7.0625,93082.0,0x683f
1679502515.9588962,8639.0,3210.0,779.0,309.3125,-42.5,21.1875,-659.0,-248.0,689.0,15.0,-1.0,29.0,-4.4375,-2.6875,5.0,93082.0,0x683f
1679502516.021766,8664.0,3232.0,805.0,308.875,-42.625,21.3125,-622.0,-272.0,673.0,19.0,-16.0,-13.0,-6.75,10.25,6.0625,93082.0,0x683f
1679502516.083895,8744.0,3327.0,744.0,308.375,-43.0625,21.5,-632.0,-230.0,675.0,48.0,58.0,6.0,-9.4375,0.9375,3.9375,93079.25,0x683f
1679502516.148314,8670.0,3269.0,733.0,308.0,-43.25,22.1875,-648.0,-169.0,656.0,17.0,107.0,-4.0,-12.8125,-2.125,-2.75,93079.25,0x683f
1679502516.212641,8657.0,3203.0,750.0,307.9375,-42.6875,23.1875,-658.0,-208.0,676.0,16.0,73.0,17.0,-11.625,-9.375,-8.0625,93079.25,0x683f
1679502516.281196,8688.0,3225.0,743.0,308.1875,-42.0625,23.875,-667.0,-274.0,706.0,-11.0,22.0,40.0,-9.25,1.125,-2.9375,93079.25,0x683f
1679502516.348077,8488.0,2768.0,406.0,308.4375,-41.8125,24.625,-647.0,-276.0,708.0,6.0,28.0,62.0,-5.125,0.625,-0.4375,93079.25,0x683f
1679502516.41218,8690.0,3020.0,855.0,308.3125,-42.0625,24.875,-670.0,-294.0,687.0,2.0,11.0,25.0,-1.0625,-0.5,0.0,93079.25,0x683f
1679502516.474314,8632.0,3074.0,943.0,308.4375,-42.0,24.9375,-654.0,-344.0,672.0,1.0,-37.0,12.0,0.0625,3.125,-2.0625,93082.25,0x683f
1679502516.538423,8751.0,2898.0,896.0,308.6875,-41.9375,25.0,-666.0,-322.0,656.0,10.0,-20.0,0.0,1.25,-5.0625,-2.8125,93082.25,0x683f
1679502516.606383,8694.0,3012.0,979.0,308.75,-41.5625,25.0625,-678.0,-346.0,599.0,-19.0,-46.0,-62.0,-4.1875,-14.125,-3.875,93082.25,0x683f
1679502516.6730208,8611.0,3210.0,682.0,308.5,-41.0,25.3125,-636.0,-374.0,596.0,32.0,-43.0,-43.0,-10.125,2.1875,-0.75,93082.25,0x683f
1679502516.736564,8564.0,3203.0,686.0,307.9375,-40.875,26.4375,-655.0,-392.0,681.0,7.0,-45.0,4.0,-6.6875,-2.25,-5.125,93082.25,0x683f
1679502516.804127,8603.0,3101.0,882.0,308.0,-41.1875,27.3125,-667.0,-319.0,623.0,-21.0,18.0,-31.0,-5.4375,-5.4375,-6.375,93082.25,0x683f
1679502516.869148,8395.0,2843.0,798.0,307.6875,-40.5625,28.0,-692.0,-456.0,708.0,-79.0,-109.0,78.0,-5.6875,-12.8125,-7.875,93078.5,0x683f
1679502516.934434,8219.0,2621.0,664.0,307.4375,-40.125,27.875,-551.0,-401.0,654.0,-38.0,-45.0,-2.0,3.0,-11.4375,-3.0625,93078.5,0x683f
1679502517.0150678,8216.0,2543.0,780.0,307.0,-39.125,27.25,-589.0,-341.0,807.0,83.0,18.0,49.0,7.8125,2.4375,8.0625,93078.5,0x683f
1679502517.0875762,8399.0,2722.0,864.0,306.125,-38.5,27.0,-690.0,-497.0,624.0,3.0,-106.0,5.0,-4.5625,-27.3125,-2.3125,93078.5,0x683f
1679502517.1535301,8401.0,2751.0,849.0,305.625,-37.375,26.8125,-612.0,-307.0,711.0,-20.0,26.0,12.0,2.8125,-11.1875,-4.8125,93078.5,0x683f
1679502517.215866,8513.0,2826.0,853.0,305.25,-36.6875,26.6875,-583.0,-421.0,624.0,1.0,-68.0,-78.0,3.4375,-10.5,-7.875,93078.5,0x683f
1679502517.2797198,8547.0,2890.0,846.0,305.0625,-36.1875,26.6875,-588.0,-505.0,633.0,-9.0,-149.0,-72.0,-2.0,-4.375,-2.125,93082.5,0x683f
1679502517.339967,8493.0,2838.0,847.0,304.8125,-36.125,26.75,-561.0,-389.0,698.0,0.0,-24.0,-26.0,4.3125,9.8125,-3.0625,93082.5,0x683f
1679502517.4026,8570.0,2879.0,834.0,304.875,-36.3125,26.75,-530.0,-372.0,682.0,50.0,-16.0,-22.0,5.25,7.8125,-5.0,93082.5,0x683f
1679502517.470449,8297.0,2638.0,854.0,304.875,-36.8125,26.8125,-553.0,-391.0,661.0,36.0,-37.0,-37.0,4.5,16.75,-1.875,93082.5,0x683f
1679502517.5408099,8207.0,2586.0,719.0,304.625,-37.625,27.125,-529.0,-380.0,679.0,72.0,-26.0,-8.0,4.3125,33.875,-4.875,93082.5,0x683f
1679502517.606603,8420.0,2788.0,610.0,305.1875,-39.5625,27.8125,-654.0,-494.0,605.0,-27.0,-141.0,-60.0,7.25,27.375,-9.625,93076.5,0x683f
1679502517.6697862,8568.0,2831.0,582.0,305.0,-40.6875,27.25,-829.0,-580.0,602.0,-147.0,-205.0,-48.0,24.125,15.875,19.5625,93076.5,0x683f
1679502517.734508,8454.0,2730.0,680.0,303.9375,-41.875,25.0,-705.0,-412.0,550.0,-48.0,-110.0,-111.0,23.0625,7.5625,29.4375,93076.5,0x683f
1679502517.803832,8070.0,2545.0,757.0,302.375,-42.875,22.375,-642.0,-283.0,565.0,31.0,2.0,-91.0,11.6875,0.1875,20.0625,93076.5,0x683f
1679502517.870708,8373.0,2751.0,509.0,301.1875,-42.8125,20.8125,-612.0,-174.0,627.0,55.0,61.0,-18.0,-0.375,-11.8125,9.3125,93076.5,0x683f
1679502517.9344409,8442.0,2883.0,596.0,300.625,-42.625,20.4375,-658.0,-182.0,678.0,7.0,69.0,3.0,-6.125,3.9375,8.9375,93076.5,0x683f
1679502517.999088,8610.0,3162.0,695.0,299.75,-42.5625,20.5625,-636.0,-199.0,699.0,27.0,54.0,23.0,-10.9375,-1.375,6.125,93087.75,0x683f
1679502518.063099,8787.0,3182.0,669.0,299.1875,-42.4375,20.75,-645.0,-249.0,745.0,16.0,6.0,68.0,-4.3125,-1.625,5.25,93087.75,0x683f
1679502518.125319,8737.0,3293.0,802.0,298.8125,-42.6875,20.5625,-679.0,-240.0,681.0,-13.0,12.0,7.0,-1.75,4.5,8.625,93087.75,0x683f
1679502518.1873899,8708.0,3324.0,808.0,298.25,-43.1875,20.375,-639.0,-253.0,696.0,32.0,-5.0,26.0,-1.5,4.0625,7.875,93087.75,0x683f
1679502518.251015,8604.0,3309.0,846.0,297.875,-43.375,20.125,-639.0,-236.0,666.0,12.0,0.0,-14.0,-2.4375,7.6875,5.375,93087.75,0x683f
1679502518.3246489,8575.0,3300.0,772.0,297.5625,-43.625,20.1875,-605.0,-203.0,657.0,84.0,58.0,-7.0,-8.125,3.75,3.0625,93087.75,0x683f
1679502518.404017,8559.0,3292.0,749.0,297.6875,-44.1875,21.1875,-764.0,-279.0,646.0,15.0,28.0,39.0,-11.25,-10.0625,-3.1875,93077.0,0x683f
1679502518.4786491,8550.0,3310.0,659.0,297.5,-44.3125,21.875,-735.0,-249.0,623.0,-50.0,12.0,-27.0,-7.9375,5.875,4.75,93077.0,0x683f
1679502518.556915,8693.0,3302.0,644.0,297.375,-44.0625,22.3125,-630.0,-231.0,629.0,30.0,30.0,-29.0,-14.6875,5.6875,-0.5,93077.0,0x683f
1679502518.6176279,8696.0,3264.0,667.0,297.625,-43.875,23.5,-637.0,-273.0,693.0,42.0,8.0,45.0,-12.0,-2.6875,-0.75,93077.0,0x683f
1679502518.679302,8682.0,3213.0,701.0,297.3125,-44.75,24.1875,-746.0,-286.0,643.0,-126.0,9.0,-36.0,-6.75,31.625,10.4375,93077.0,0x683f
1679502518.7433238,8690.0,3199.0,778.0,297.0625,-45.6875,24.5,-654.0,-295.0,675.0,44.0,-22.0,56.0,-5.875,5.5,6.0,93077.0,0x683f
1679502518.806516,8696.0,3183.0,814.0,296.875,-46.3125,24.5625,-630.0,-261.0,675.0,80.0,19.0,59.0,-1.0,3.8125,5.0625,93074.0,0x683f
1679502518.8694751,8660.0,3110.0,784.0,296.9375,-46.3125,24.375,-689.0,-250.0,635.0,20.0,29.0,19.0,-0.625,-2.5,1.25,93074.0,0x683f
1679502518.93332,8609.0,3053.0,842.0,297.125,-46.125,24.3125,-720.0,-317.0,589.0,15.0,-13.0,-40.0,-4.1875,-10.8125,0.0,93074.0,0x683f
1679502519.002948,8593.0,3089.0,781.0,296.9375,-45.625,24.5625,-768.0,-319.0,546.0,-46.0,-35.0,-66.0,-6.375,-23.875,-3.0,93074.0,0x683f
1679502519.062289,8615.0,3124.0,795.0,296.6875,-44.125,24.4375,-643.0,-344.0,670.0,38.0,-52.0,28.0,-4.3125,-15.6875,-2.375,93074.0,0x683f
1679502519.1262238,8719.0,3153.0,782.0,296.5625,-43.1875,24.5,-607.0,-363.0,653.0,41.0,-56.0,-21.0,-6.25,-21.0625,-6.0625,93083.5,0x683f
1679502519.195454,8559.0,3021.0,802.0,296.5,-42.75,25.0,-649.0,-322.0,646.0,-45.0,-46.0,13.0,-3.0625,8.0,-5.0,93083.5,0x683f
1679502519.2617228,9071.0,3294.0,668.0,296.5625,-42.625,25.4375,-705.0,-402.0,615.0,-40.0,-92.0,-35.0,-1.375,-5.4375,-1.4375,93083.5,0x683f
1679502519.327918,8798.0,3331.0,732.0,296.4375,-42.0,25.4375,-717.0,-362.0,643.0,-38.0,-43.0,2.0,-0.875,-19.875,-5.8125,93083.5,0x683f
1679502519.395485,8534.0,3112.0,788.0,296.1875,-40.9375,25.375,-692.0,-420.0,640.0,-11.0,-111.0,18.0,-2.4375,-11.8125,-1.5625,93083.5,0x683f
1679502519.463647,8609.0,2934.0,755.0,295.9375,-40.5,25.3125,-661.0,-393.0,598.0,-24.0,-74.0,-74.0,-5.1875,-7.625,0.5625,93083.5,0x683f
1679502519.533548,8637.0,2909.0,763.0,295.4375,-39.8125,25.4375,-569.0,-311.0,676.0,134.0,112.0,15.0,-5.5625,-10.375,-3.625,93079.75,0x683f
1679502519.61167,8612.0,2957.0,688.0,295.5,-38.625,25.9375,-631.0,-353.0,717.0,-9.0,0.0,19.0,-2.8125,-13.0625,-6.4375,93079.75,0x683f
1679502519.690573,9290.0,3444.0,653.0,295.3125,-37.8125,26.125,-564.0,-388.0,567.0,104.0,-29.0,-88.0,-7.4375,-18.1875,-5.3125,93079.75,0x683f
1679502519.764128,8638.0,2967.0,771.0,294.875,-36.4375,26.5,-501.0,-448.0,651.0,81.0,-96.0,-53.0,-6.875,-16.125,-0.5625,93079.75,0x683f
1679502519.8387358,8572.0,2896.0,740.0,294.0,-35.75,26.625,-612.0,-373.0,748.0,-30.0,-5.0,13.0,-5.625,-8.625,-3.5,93079.75,0x683f
1679502519.902814,8863.0,2976.0,803.0,293.9375,-35.0625,26.9375,-540.0,-375.0,710.0,50.0,-13.0,32.0,0.0,-10.125,-6.875,93083.5,0x683f
1679502519.966149,8661.0,2895.0,938.0,294.0625,-34.875,27.0,-543.0,-372.0,733.0,17.0,-7.0,17.0,4.4375,5.1875,-5.25,93083.5,0x683f
1679502520.030178,8699.0,2823.0,966.0,294.0,-34.8125,27.0625,-581.0,-395.0,703.0,-38.0,-20.0,0.0,1.0625,-1.8125,-6.0625,93083.5,0x683f
1679502520.099097,8729.0,2865.0,953.0,294.25,-34.5625,27.1875,-580.0,-412.0,696.0,20.0,-41.0,-29.0,2.125,2.0625,-9.375,93083.5,0x683f
1679502520.164944,8885.0,2954.0,911.0,294.4375,-34.3125,27.5,-498.0,-416.0,698.0,53.0,-41.0,-20.0,-0.1875,-4.1875,-9.9375,93083.5,0x683f
1679502520.228822,8665.0,2876.0,900.0,294.4375,-34.3125,27.9375,-541.0,-370.0,729.0,-47.0,28.0,-33.0,7.5,21.375,-15.4375,93083.5,0x683f
1679502520.297158,8649.0,2809.0,866.0,295.875,-34.5,28.5,-605.0,-322.0,687.0,31.0,2.0,27.0,4.9375,-8.6875,-17.125,93074.5,0x683f
1679502520.365433,8630.0,2822.0,909.0,296.4375,-33.6875,28.5625,-462.0,-528.0,711.0,13.0,-156.0,-63.0,5.625,2.125,-12.5625,93074.5,0x683f
1679502520.4283898,8571.0,2734.0,866.0,296.375,-34.125,29.125,-340.0,-457.0,775.0,209.0,-62.0,66.0,0.75,36.0625,-4.0,93074.5,0x683f
1679502520.496497,8285.0,2676.0,756.0,297.0625,-37.1875,30.125,-629.0,-423.0,651.0,-7.0,-26.0,-16.0,9.5625,58.8125,-4.3125,93074.5,0x683f
1679502520.55999,8285.0,2696.0,754.0,297.4375,-41.3125,31.375,-597.0,-405.0,606.0,33.0,-31.0,-44.0,13.0,91.625,7.0625,93074.5,0x683f
1679502520.625668,8747.0,3055.0,488.0,298.0625,-45.8125,32.6875,-661.0,-471.0,566.0,53.0,-107.0,2.0,19.375,103.75,19.1875,93074.5,0x683f
1679502520.691232,8513.0,2786.0,515.0,298.25,-52.125,33.3125,-903.0,-470.0,477.0,-129.0,-139.0,-24.0,34.5625,42.9375,28.375,93085.5,0x683f
1679502520.755394,8493.0,2922.0,830.0,297.8125,-55.25,30.8125,-722.0,-356.0,540.0,68.0,-65.0,40.0,39.8125,64.8125,36.75,93085.5,0x683f
1679502520.821676,8520.0,2984.0,802.0,297.0,-59.6875,28.1875,-831.0,-190.0,372.0,15.0,43.0,-63.0,33.8125,31.0,19.3125,93085.5,0x683f
1679502520.888342,8692.0,3072.0,492.0,297.1875,-61.625,26.375,-744.0,-217.0,425.0,123.0,-14.0,14.0,29.1875,63.4375,15.0625,93085.5,0x683f
1679502520.9524732,8885.0,3278.0,682.0,298.0625,-65.9375,26.8125,-879.0,-180.0,360.0,-38.0,-38.0,-28.0,37.25,56.5625,1.75,93085.5,0x683f
1679502521.013775,8641.0,3273.0,670.0,299.6875,-67.5,26.875,-776.0,-179.0,381.0,129.0,-10.0,46.0,46.8125,5.6875,-16.25,93085.5,0x683f
1679502521.078113,8721.0,3190.0,819.0,303.0,-67.3125,28.0625,-1119.0,-183.0,156.0,-217.0,-1.0,-182.0,43.8125,-61.875,-51.375,93082.5,0x683f
1679502521.1418319,8694.0,3090.0,933.0,308.125,-58.3125,26.1875,-680.0,-162.0,471.0,220.0,49.0,50.0,26.25,-177.3125,-79.9375,93082.5,0x683f
1679502521.203514,8823.0,3278.0,783.0,311.625,-50.625,25.6875,-869.0,-147.0,531.0,-123.0,128.0,-42.0,11.625,-103.4375,-58.3125,93082.5,0x683f
1679502521.265076,8520.0,3141.0,708.0,313.8125,-43.4375,25.6875,-570.0,-286.0,689.0,90.0,28.0,37.0,-4.0625,-97.5,-46.75,93082.5,0x683f
1679502521.331048,8435.0,3052.0,816.0,315.0625,-37.75,26.0,-592.0,-321.0,659.0,8.0,18.0,-36.0,-13.1875,-79.0625,-30.8125,93082.5,0x683f
1679502521.394318,8499.0,3095.0,800.0,315.3125,-34.0,26.75,-622.0,-393.0,714.0,-78.0,-23.0,-12.0,-19.0,-31.3125,-15.25,93082.5,0x683f
1679502521.457761,8528.0,3103.0,832.0,315.1875,-31.625,27.5625,-497.0,-409.0,743.0,10.0,-20.0,1.0,-18.4375,-35.5,-5.125,93078.5,0x683f
1679502521.519526,8583.0,3115.0,814.0,314.6875,-29.25,28.125,-504.0,-548.0,839.0,-24.0,-144.0,84.0,-3.6875,-22.1875,-2.0625,93078.5,0x683f
1679502521.582089,8482.0,3054.0,879.0,314.4375,-28.375,27.8125,-441.0,-438.0,756.0,54.0,-15.0,-2.0,2.0,-7.0,3.5625,93078.5,0x683f
1679502521.645201,8229.0,2729.0,653.0,314.1875,-28.1875,27.6875,-371.0,-527.0,937.0,91.0,-126.0,172.0,3.75,-1.625,1.1875,93078.5,0x683f
1679502521.714211,8482.0,3083.0,740.0,314.375,-29.5,27.5625,-511.0,-719.0,784.0,-47.0,-377.0,20.0,13.375,32.5625,10.0,93078.5,0x683f
1679502521.7938051,8366.0,2985.0,998.0,312.8125,-31.625,25.125,-564.0,-719.0,628.0,-16.0,-352.0,-138.0,16.4375,-2.125,66.375,93079.5,0x683f
1679502521.862964,8423.0,2908.0,816.0,306.25,-34.75,22.4375,-392.0,-321.0,395.0,216.0,17.0,-379.0,-60.5,10.0,75.0625,93079.5,0x683f
1679502521.933011,8455.0,3133.0,840.0,301.8125,-36.8125,26.1875,-232.0,-208.0,340.0,390.0,176.0,-325.0,-135.5625,48.625,-9.625,93079.5,0x683f
1679502521.996072,8990.0,3443.0,906.0,302.875,-39.5625,40.125,-266.0,-380.0,668.0,365.0,132.0,121.0,-127.4375,210.625,-133.0,93079.5,0x683f
1679502522.062498,9198.0,3578.0,690.0,317.875,-42.4375,66.0,-691.0,-626.0,366.0,-29.0,34.0,73.0,-54.4375,369.25,-174.5,93079.5,0x683f
1679502522.1354399,8868.0,3482.0,528.0,339.625,-37.1875,86.25,-756.0,-863.0,-39.0,-183.0,-67.0,-61.0,-1.5,278.6875,-164.25,93079.5,0x683f
1679502522.211691,8377.0,3165.0,533.0,6.5625,-24.25,96.4375,-616.0,-1308.0,-100.0,-235.0,-411.0,11.0,-5.9375,156.125,-132.75,93082.0,0x683f
1679502522.278902,8393.0,3103.0,547.0,23.3125,-16.75,99.5625,-647.0,-1097.0,-342.0,-372.0,-170.0,-182.0,2.3125,75.0625,-35.875,93082.0,0x683f
1679502522.34252,9016.0,3924.0,163.0,25.9375,-0.125,100.9375,-472.0,-984.0,-127.0,-60.0,-40.0,133.0,-32.5,-15.125,23.5625,93082.0,0x683f
1679502522.408318,8371.0,3327.0,349.0,24.0,-17.625,103.0625,-343.0,-894.0,-70.0,-43.0,14.0,144.0,-13.0,14.625,19.375,93082.0,0x683f
1679502522.475652,8392.0,3303.0,380.0,22.5625,-18.25,103.125,-199.0,-897.0,-62.0,75.0,0.0,106.0,1.875,-13.6875,-4.5625,93082.0,0x683f
1679502522.551145,8387.0,3303.0,395.0,21.875,-18.0,102.625,-270.0,-941.0,-156.0,25.0,-32.0,38.0,5.0625,-10.25,-8.25,93072.75,0x683f
1679502522.62709,8872.0,3784.0,196.0,22.25,-17.625,102.0,-298.0,-916.0,-179.0,-1.0,-2.0,14.0,5.25,6.5625,0.875,93072.75,0x683f
1679502522.69046,8360.0,3336.0,314.0,22.75,-17.75,101.8125,-324.0,-916.0,-126.0,-28.0,-5.0,65.0,3.4375,4.0625,3.375,93072.75,0x683f
1679502522.754245,8477.0,3491.0,400.0,22.875,-17.9375,101.375,-312.0,-926.0,-121.0,-3.0,-12.0,63.0,3.5625,-4.625,1.4375,93072.75,0x683f
1679502522.81725,8985.0,3918.0,325.0,23.5625,-18.0625,100.75,-297.0,-921.0,-145.0,-1.0,1.0,16.0,4.125,2.4375,1.8125,93072.75,0x683f
1679502522.881632,9028.0,3941.0,88.0,24.0,-18.125,100.5,-294.0,-907.0,-145.0,8.0,8.0,27.0,2.5,3.125,-0.125,93072.75,0x683f
1679502522.94977,8384.0,3127.0,591.0,24.5625,-18.0625,100.3125,-317.0,-911.0,-129.0,-13.0,5.0,38.0,2.125,6.3125,0.25,93075.0,0x683f
1679502523.016553,8501.0,3529.0,390.0,25.1875,-18.125,100.125,-325.0,-917.0,-124.0,-19.0,-1.0,33.0,1.1875,1.1875,0.8125,93075.0,0x683f
1679502523.090828,8476.0,3541.0,378.0,25.3125,-18.25,99.9375,-310.0,-917.0,-137.0,2.0,0.0,24.0,-0.125,-0.3125,1.0625,93075.0,0x683f
1679502523.1576781,8499.0,3520.0,383.0,25.5,-18.3125,99.8125,-304.0,-921.0,-127.0,1.0,-1.0,28.0,0.25,-0.0625,-0.3125,93075.0,0x683f
1679502523.225207,8479.0,3519.0,379.0,26.0625,-18.3125,99.625,-303.0,-925.0,-131.0,6.0,-8.0,30.0,-0.0625,-0.8125,0.0625,93075.0,0x683f
1679502523.292417,8468.0,3514.0,339.0,26.3125,-18.25,99.5625,-297.0,-925.0,-127.0,10.0,-3.0,29.0,0.0,1.75,0.125,93075.0,0x683f
1679502523.3638248,8357.0,3399.0,202.0,26.875,-18.25,99.5,-307.0,-925.0,-127.0,0.0,-7.0,24.0,0.5625,1.5625,-0.375,93081.5,0x683f
1679502523.43363,8335.0,3427.0,199.0,27.4375,-18.25,99.375,-309.0,-919.0,-119.0,-2.0,0.0,32.0,1.125,-0.4375,-0.5625,93081.5,0x683f
1679502523.4994,8440.0,3574.0,260.0,27.5625,-18.1875,99.125,-303.0,-917.0,-130.0,3.0,2.0,17.0,0.3125,-2.4375,-0.6875,93081.5,0x683f
1679502523.568511,8564.0,3747.0,376.0,27.9375,-18.1875,99.0625,-304.0,-919.0,-134.0,-2.0,2.0,15.0,-0.6875,1.3125,0.5625,93081.5,0x683f
1679502523.6360781,8478.0,3601.0,266.0,28.3125,-18.1875,99.125,-304.0,-922.0,-119.0,0.0,1.0,28.0,-0.625,1.8125,-0.3125,93081.5,0x683f
1679502523.705097,8317.0,3423.0,177.0,28.5,-18.1875,99.0625,-315.0,-921.0,-124.0,-9.0,-1.0,23.0,-1.125,-1.9375,-0.625,93090.5,0x683f
1679502523.769762,8360.0,3462.0,181.0,28.5,-18.25,99.0,-308.0,-922.0,-122.0,0.0,-4.0,15.0,-0.4375,-2.0625,-0.0625,93090.5,0x683f
1679502523.8404531,8470.0,3585.0,297.0,28.4375,-18.25,98.875,-297.0,-922.0,-127.0,4.0,-4.0,12.0,-1.0,-1.75,-0.5,93090.5,0x683f
1679502523.914795,8472.0,3582.0,278.0,28.625,-18.25,98.8125,-306.0,-925.0,-120.0,0.0,-5.0,23.0,-0.9375,-2.4375,1.5,93090.5,0x683f
1679502523.978729,9085.0,3990.0,327.0,28.75,-18.3125,98.75,-282.0,-925.0,-137.0,23.0,-2.0,2.0,1.0,-1.1875,-0.8125,93090.5,0x683f
1679502524.044736,8869.0,3947.0,178.0,29.1875,-18.1875,98.6875,-290.0,-918.0,-143.0,12.0,3.0,2.0,0.9375,3.1875,-0.5,93090.5,0x683f
1679502524.109035,8587.0,3470.0,640.0,29.4375,-18.125,98.75,-311.0,-919.0,-121.0,-5.0,1.0,20.0,0.8125,5.375,0.625,93076.25,0x683f
1679502524.177075,8338.0,3161.0,473.0,29.8125,-18.1875,98.75,-323.0,-916.0,-120.0,-10.0,5.0,20.0,1.1875,0.5,0.5,93076.25,0x683f
1679502524.2465951,8485.0,3440.0,412.0,29.8125,-18.1875,98.625,-308.0,-921.0,-123.0,-1.0,-1.0,16.0,0.1875,-0.5625,-0.125,93076.25,0x683f
1679502524.319268,8335.0,3428.0,184.0,29.875,-18.25,98.5625,-311.0,-917.0,-128.0,-3.0,3.0,10.0,0.1875,-0.875,0.5,93076.25,0x683f
1679502524.403011,8483.0,3450.0,451.0,30.0625,-18.25,98.5625,-302.0,-921.0,-123.0,5.0,-3.0,12.0,0.3125,-0.8125,0.3125,93076.25,0x683f
1679502524.471154,8333.0,3272.0,321.0,30.3125,-18.25,98.5,-304.0,-921.0,-130.0,2.0,-1.0,8.0,0.125,0.5,0.5,93078.75,0x683f
1679502524.5411992,8309.0,3419.0,198.0,30.25,-18.25,98.5,-306.0,-922.0,-123.0,0.0,-1.0,14.0,0.3125,0.4375,0.25,93078.75,0x683f
1679502524.610722,8487.0,3436.0,419.0,30.375,-18.25,98.5,-299.0,-923.0,-121.0,7.0,-2.0,15.0,0.125,-0.125,0.4375,93078.75,0x683f
1679502524.6850529,8358.0,3281.0,320.0,30.375,-18.1875,98.4375,-299.0,-921.0,-122.0,7.0,0.0,14.0,0.625,-0.25,0.5,93078.75,0x683f
1679502524.759792,8479.0,3466.0,427.0,30.5,-18.1875,98.375,-304.0,-921.0,-126.0,8.0,1.0,11.0,0.25,0.125,0.625,93078.75,0x683f
1679502524.829468,8473.0,3498.0,390.0,30.75,-18.25,98.375,-309.0,-923.0,-126.0,-2.0,-2.0,10.0,0.625,1.125,0.125,93073.5,0x683f
1679502524.899312,8489.0,3464.0,413.0,30.9375,-18.25,98.375,-307.0,-919.0,-120.0,0.0,1.0,15.0,0.75,0.6875,0.25,93073.5,0x683f
1679502524.9653811,8582.0,3390.0,549.0,31.125,-18.25,98.375,-308.0,-922.0,-126.0,1.0,1.0,5.0,-0.125,-0.1875,0.125,93073.5,0x683f
1679502525.039646,8490.0,3471.0,424.0,31.1875,-18.25,98.3125,-304.0,-915.0,-123.0,1.0,4.0,12.0,0.0625,-0.0625,0.125,93073.5,0x683f
1679502525.1086268,8629.0,3675.0,526.0,31.5,-18.25,98.3125,-303.0,-923.0,-121.0,4.0,-2.0,13.0,0.0625,-0.625,-0.25,93073.5,0x683f
1679502525.180298,8467.0,3491.0,389.0,31.4375,-18.25,98.3125,-303.0,-918.0,-124.0,3.0,2.0,10.0,-0.3125,1.0,-0.125,93073.5,0x683f
1679502525.2448692,8455.0,3482.0,349.0,31.375,-18.1875,98.3125,-303.0,-921.0,-128.0,3.0,0.0,6.0,0.1875,1.4375,0.0625,93076.5,0x683f
1679502525.308131,8456.0,3331.0,519.0,31.5625,-18.1875,98.3125,-309.0,-919.0,-124.0,-2.0,2.0,10.0,0.0625,1.125,-0.25,93076.5,0x683f
1679502525.373752,8467.0,3338.0,521.0,31.75,-18.1875,98.3125,-314.0,-922.0,-121.0,-7.0,0.0,13.0,0.125,-0.3125,0.0,93076.5,0x683f
1679502525.4411101,8362.0,3177.0,430.0,31.75,-18.1875,98.3125,-299.0,-923.0,-119.0,7.0,-1.0,15.0,0.6875,-1.125,0.25,93076.5,0x683f
1679502525.517079,9109.0,3895.0,342.0,32.0625,-18.1875,98.25,-295.0,-923.0,-118.0,8.0,0.0,10.0,1.1875,0.5,0.5,93076.5,0x683f
1679502525.5869398,9133.0,3897.0,375.0,32.25,-18.1875,98.25,-307.0,-924.0,-118.0,-5.0,-1.0,13.0,0.875,1.6875,0.375,93072.25,0x683f
1679502525.651631,8966.0,3745.0,188.0,32.3125,-18.1875,98.1875,-327.0,-928.0,-104.0,-20.0,-6.0,28.0,0.25,-2.25,0.4375,93072.25,0x683f
1679502525.716376,8463.0,3184.0,474.0,31.5,-18.3125,97.9375,-583.0,-978.0,-154.0,-274.0,-56.0,-27.0,1.5625,-42.375,-2.875,93072.25,0x683f
1679502525.7792141,9473.0,3858.0,478.0,25.0,-18.4375,94.875,-217.0,-955.0,47.0,93.0,-29.0,127.0,19.25,-144.1875,-11.8125,93072.25,0x683f
1679502525.845084,8843.0,3458.0,568.0,19.1875,-18.5,91.5,-317.0,-922.0,25.0,-39.0,8.0,30.0,20.0625,-86.0,-0.1875,93072.25,0x683f
1679502525.915197,8417.0,3207.0,797.0,14.125,-18.1875,87.625,-371.0,-905.0,-26.0,-65.0,25.0,-65.0,32.25,-124.8125,-12.8125,93072.25,0x683f
1679502525.9792728,8502.0,3281.0,759.0,8.125,-16.5625,83.0625,-237.0,-937.0,184.0,16.0,-19.0,40.0,23.5625,-137.5,-1.5,93079.0,0x683f
1679502526.046123,8526.0,3349.0,748.0,2.375,-16.3125,79.625,-331.0,-943.0,212.0,-76.0,-5.0,24.0,17.25,-37.5625,30.75,93079.0,0x683f
1679502526.111713,8690.0,3339.0,749.0,359.125,-17.9375,77.9375,-401.0,-948.0,178.0,-74.0,-36.0,1.0,19.75,-41.3125,45.0625,93079.0,0x683f
1679502526.177164,8821.0,3407.0,744.0,353.9375,-20.8125,75.4375,-408.0,-908.0,226.0,-51.0,-25.0,-6.0,15.5,-28.9375,64.5625,93079.0,0x683f
1679502526.2408829,8498.0,3160.0,805.0,348.75,-24.75,73.6875,-485.0,-889.0,167.0,-74.0,-34.0,-81.0,6.125,-20.0625,63.875,93079.0,0x683f
1679502526.3075898,8654.0,3170.0,723.0,344.1875,-27.75,71.9375,-473.0,-878.0,253.0,-16.0,-53.0,-15.0,10.4375,-41.625,62.375,93079.0,0x683f
1679502526.375794,8583.0,3225.0,698.0,338.4375,-30.9375,69.125,-502.0,-821.0,293.0,-1.0,-29.0,-16.0,4.3125,-35.375,64.5,93080.25,0x683f
1679502526.442005,8412.0,3004.0,716.0,332.375,-34.3125,66.5,-551.0,-769.0,313.0,1.0,-26.0,-9.0,-2.875,-31.6875,73.75,93080.25,0x683f
1679502526.508257,8512.0,3164.0,823.0,327.625,-37.875,64.4375,-564.0,-675.0,285.0,29.0,49.0,-63.0,-4.25,-9.625,81.375,93080.25,0x683f
1679502526.571351,8802.0,3196.0,777.0,322.4375,-42.4375,62.8125,-646.0,-580.0,257.0,2.0,58.0,-76.0,-10.8125,-1.1875,71.125,93080.25,0x683f
