1675370602.849044,9863.0,4707.0,2400.0,262.6875,-8.625,-75.5,-12.0,0.0,0.0,0x684a
1675370602.972516,9282.0,4937.0,2448.0,115.125,-13.8125,98.4375,-7.0,-2.0,-11.0,0x683f
1675370603.096898,9829.0,4762.0,2400.0,262.5625,-8.625,-75.8125,-14.0,4.0,-4.0,0x684a
1675370603.209907,9254.0,4941.0,2451.0,115.3125,-13.8125,98.5,-6.0,-1.0,-5.0,0x683f
1675370603.333493,9868.0,4758.0,2401.0,262.5625,-8.6875,-76.125,-12.0,0.0,6.0,0x684a
1675370603.445704,9282.0,4954.0,2498.0,115.375,-13.8125,98.5625,-1.0,0.0,-7.0,0x683f
1675370603.559176,9785.0,4635.0,1309.0,262.75,-8.625,-76.375,-8.0,-5.0,-12.0,0x684a
1675370603.673793,9036.0,4636.0,708.0,115.4375,-13.8125,98.5625,-11.0,0.0,-6.0,0x683f
1675370603.7878258,9693.0,4536.0,1031.0,262.5,-8.625,-76.5625,-3.0,0.0,5.0,0x684a
1675370603.902009,8912.0,4740.0,721.0,115.3125,-13.8125,98.5625,0.0,0.0,-5.0,0x683f
1675370604.01598,9808.0,4595.0,1345.0,262.4375,-8.6875,-76.625,-11.0,-1.0,4.0,0x684a
1675370604.126116,9018.0,4671.0,745.0,115.0,-13.8125,98.5,3.0,-1.0,-5.0,0x683f
1675370604.2390091,9892.0,4476.0,1175.0,262.4375,-8.625,-76.5625,-12.0,0.0,12.0,0x684a
1675370604.352584,8996.0,4667.0,726.0,114.875,-13.875,98.4375,15.0,1.0,-2.0,0x683f
1675370604.468344,9699.0,4603.0,1132.0,262.25,-8.75,-76.75,-16.0,0.0,4.0,0x684a
1675370604.584387,8982.0,4679.0,778.0,114.75,-13.8125,98.375,5.0,-2.0,-8.0,0x683f
1675370604.69745,9624.0,4517.0,946.0,262.1875,-8.75,-76.6875,-17.0,0.0,4.0,0x684a
1675370604.814805,8966.0,4707.0,782.0,114.6875,-13.875,98.375,1.0,0.0,-6.0,0x683f
1675370604.9314592,9953.0,4592.0,1371.0,262.4375,-8.5,-76.6875,-17.0,0.0,7.0,0x684a
1675370605.044409,8937.0,4719.0,810.0,114.6875,-13.75,98.3125,4.0,1.0,-2.0,0x683f
1675370605.1567519,9765.0,4729.0,1430.0,262.125,-8.625,-76.75,-15.0,-1.0,2.0,0x684a
1675370605.269614,9004.0,4640.0,819.0,114.4375,-13.6875,98.375,8.0,-2.0,-13.0,0x683f
1675370605.384087,9840.0,4745.0,1519.0,261.9375,-8.5,-76.4375,-11.0,4.0,3.0,0x684a
1675370605.4958348,8940.0,4686.0,773.0,114.1875,-13.6875,98.375,5.0,-2.0,-10.0,0x683f
1675370605.6091928,9748.0,4745.0,1506.0,261.8125,-8.375,-76.125,-18.0,1.0,-2.0,0x684a
1675370605.724176,8968.0,4684.0,793.0,113.875,-13.6875,98.3125,11.0,0.0,-20.0,0x683f
1675370605.8375008,9747.0,4806.0,1298.0,261.5,-8.5,-76.125,-14.0,0.0,6.0,0x684a
1675370605.9491992,8864.0,4701.0,755.0,113.9375,-13.625,98.375,0.0,0.0,-7.0,0x683f
1675370606.062242,9749.0,4776.0,1502.0,261.5,-8.5625,-76.25,-11.0,0.0,-4.0,0x684a
1675370606.175075,8947.0,4661.0,821.0,114.1875,-13.6875,98.4375,3.0,0.0,-9.0,0x683f
1675370606.289143,9819.0,4700.0,1385.0,261.6875,-8.5,-76.3125,-20.0,-1.0,0.0,0x684a
1675370606.401819,8932.0,4706.0,719.0,114.3125,-13.75,98.5,0.0,-2.0,-15.0,0x683f
1675370606.517169,9786.0,4728.0,1383.0,261.625,-8.5625,-76.375,-13.0,1.0,0.0,0x684a
1675370606.628819,8957.0,4719.0,781.0,114.4375,-13.8125,98.5625,-7.0,0.0,-6.0,0x683f
1675370606.7415879,9760.0,4744.0,1405.0,261.8125,-8.5625,-76.375,-10.0,-2.0,-1.0,0x684a
1675370606.854292,8982.0,4709.0,814.0,114.5,-13.8125,98.5625,3.0,-1.0,-3.0,0x683f
1675370606.968745,9753.0,4743.0,1607.0,262.0,-8.625,-76.5625,-16.0,2.0,10.0,0x684a
1675370607.0807621,9024.0,4633.0,727.0,114.4375,-13.6875,98.4375,3.0,1.0,-7.0,0x683f
1675370607.1957319,9783.0,4707.0,1419.0,261.6875,-8.625,-76.6875,-18.0,-3.0,-14.0,0x684a
1675370607.306477,8905.0,4466.0,459.0,114.125,-13.6875,98.4375,-4.0,-1.0,-12.0,0x683f
1675370607.421152,9801.0,4679.0,1432.0,261.5,-8.5625,-75.9375,-9.0,-21.0,10.0,0x684a
1675370607.534476,8962.0,4703.0,739.0,114.6875,-13.8125,98.6875,-31.0,0.0,0.0,0x683f
1675370607.647635,9800.0,4706.0,1484.0,261.1875,-8.375,-75.875,-8.0,0.0,-20.0,0x684a
1675370607.761611,8964.0,4701.0,798.0,114.4375,-13.8125,98.625,-6.0,0.0,-4.0,0x683f
1675370607.876203,9753.0,4843.0,1311.0,260.875,-8.4375,-76.0625,-16.0,3.0,-13.0,0x684a
1675370607.986974,8691.0,4341.0,265.0,113.875,-13.8125,98.75,-35.0,17.0,41.0,0x683f
1675370608.097294,9786.0,4679.0,1334.0,259.9375,-8.1875,-76.125,-11.0,5.0,0.0,0x684a
1675370608.208587,9054.0,4610.0,686.0,109.0,-15.9375,97.3125,-128.0,-13.0,54.0,0x683f
1675370608.323301,9661.0,4628.0,633.0,257.875,-7.8125,-75.375,-19.0,-9.0,-10.0,0x684a
1675370608.435945,8940.0,4540.0,432.0,104.0,-27.5,92.0,66.0,57.0,-148.0,0x683f
1675370608.5507462,9906.0,4745.0,1162.0,255.5625,-6.75,-74.8125,-10.0,-16.0,29.0,0x684a
1675370608.6652749,9416.0,4519.0,984.0,107.4375,-35.25,120.125,116.0,-79.0,40.0,0x683f
1675370608.780382,9807.0,4885.0,1102.0,250.5625,-5.6875,-76.0625,15.0,-17.0,15.0,0x684a
1675370608.890293,9268.0,4698.0,586.0,141.625,-23.6875,127.75,79.0,-9.0,9.0,0x683f
1675370609.0037289,9800.0,4532.0,1046.0,241.0625,-2.5625,-79.75,-18.0,-15.0,0.0,0x684a
1675370609.1163478,9370.0,4826.0,457.0,41.0625,-12.25,138.125,-57.0,-90.0,-63.0,0x683f
1675370609.229413,10073.0,4226.0,974.0,230.625,1.0,-81.9375,-8.0,35.0,-32.0,0x684a
1675370609.3410811,9559.0,4632.0,441.0,42.5,-10.25,144.125,90.0,-61.0,-70.0,0x683f
1675370609.4534872,9722.0,4671.0,1110.0,229.9375,1.5,-81.125,-32.0,25.0,30.0,0x684a
1675370609.567065,9399.0,4655.0,804.0,39.125,-9.3125,143.0,-121.0,-167.0,159.0,0x683f
1675370609.680359,9594.0,4667.0,1091.0,235.75,-1.3125,-79.5,-57.0,17.0,-48.0,0x684a
1675370609.794764,9210.0,4511.0,845.0,169.5625,-13.9375,133.8125,-71.0,-34.0,-14.0,0x683f
1675370609.910814,9659.0,4834.0,1233.0,253.0,-7.3125,-78.375,-10.0,-23.0,7.0,0x684a
1675370610.023835,8868.0,4614.0,616.0,144.75,-26.6875,121.5,86.0,147.0,-62.0,0x683f
1675370610.1387,9336.0,4779.0,792.0,269.6875,-9.3125,-78.5625,-8.0,-4.0,33.0,0x684a
1675370610.254587,8839.0,4542.0,623.0,154.125,-34.1875,119.0625,-36.0,122.0,-175.0,0x683f
1675370610.3699799,9844.0,4400.0,720.0,278.8125,-8.25,-78.3125,40.0,20.0,79.0,0x684a
1675370610.483603,8700.0,4697.0,758.0,143.4375,-47.1875,93.5,222.0,-502.0,-370.0,0x683f
1675370610.599923,9583.0,4776.0,1180.0,280.125,-8.125,-77.875,-24.0,48.0,-54.0,0x684a
1675370610.728029,9028.0,4541.0,4208.0,72.8125,-42.9375,9.125,119.0,243.0,-334.0,0x683f
1675370610.840728,9689.0,4716.0,753.0,275.5,-8.5625,-79.0,-91.0,9.0,-37.0,0x684a
1675370610.9546041,9331.0,4734.0,846.0,29.0,-55.625,-36.8125,-360.0,-7.0,-233.0,0x683f
1675370611.0685709,9675.0,4948.0,372.0,259.3125,-5.8125,-79.5,-51.0,3.0,67.0,0x684a
1675370611.182003,9713.0,4495.0,865.0,29.6875,-67.8125,-45.25,377.0,-193.0,-25.0,0x683f
1675370611.295085,9640.0,5121.0,453.0,240.125,-5.4375,-82.125,-52.0,-13.0,-27.0,0x684a
1675370611.406986,9890.0,4421.0,119.0,43.8125,-68.6875,4.25,-24.0,-264.0,-53.0,0x683f
1675370611.522794,10025.0,4963.0,207.0,223.125,-3.9375,-85.125,31.0,-12.0,-35.0,0x684a
1675370611.639199,10180.0,4025.0,754.0,43.6875,-72.0,-20.3125,127.0,91.0,42.0,0x683f
1675370611.7544909,9829.0,5076.0,185.0,213.6875,-2.9375,-84.4375,-13.0,14.0,-24.0,0x684a
1675370611.866858,10039.0,4162.0,620.0,41.0,-72.9375,-28.6875,14.0,-25.0,-128.0,0x683f
1675370611.979551,10069.0,4390.0,1165.0,213.375,-3.25,-84.9375,0.0,12.0,16.0,0x684a
1675370612.089901,9655.0,4670.0,-343.0,41.625,-74.3125,-13.0,-9.0,-160.0,-21.0,0x683f
1675370612.205387,9753.0,5377.0,732.0,216.3125,-5.6875,-84.25,-39.0,31.0,-38.0,0x684a
1675370612.320527,9665.0,4656.0,226.0,43.6875,-82.6875,4.5,187.0,-180.0,-180.0,0x683f
1675370612.435373,10083.0,4872.0,1567.0,237.625,-9.75,-81.25,38.0,-70.0,42.0,0x684a
1675370612.54812,9365.0,4655.0,489.0,36.75,-83.75,-174.0,176.0,116.0,-130.0,0x683f
1675370612.663327,10092.0,4505.0,1506.0,258.125,-10.75,-77.125,31.0,-55.0,210.0,0x684a
1675370612.778261,8951.0,4868.0,118.0,27.3125,-81.875,22.5625,120.0,-5.0,229.0,0x683f
1675370612.894706,9547.0,4518.0,904.0,268.5,-6.875,-76.75,-1.0,2.0,-28.0,0x684a
1675370613.008085,8908.0,4609.0,599.0,81.8125,-44.125,90.75,-317.0,30.0,18.0,0x683f
1675370613.122427,9524.0,4721.0,993.0,268.9375,-4.375,-77.625,-36.0,1.0,17.0,0x684a
1675370613.237361,8781.0,4539.0,544.0,144.1875,-35.75,106.125,641.0,471.0,-226.0,0x683f
1675370613.351993,9647.0,4746.0,915.0,265.625,-1.75,-77.6875,-21.0,-18.0,27.0,0x684a
1675370613.464468,8846.0,4631.0,897.0,141.75,-24.625,109.125,244.0,42.0,-282.0,0x683f
1675370613.580014,9401.0,4871.0,301.0,261.625,-2.125,-76.75,7.0,-16.0,15.0,0x684a
1675370613.695219,8879.0,4578.0,727.0,132.6875,-21.4375,114.875,55.0,137.0,-14.0,0x683f
1675370613.810503,9572.0,4616.0,1326.0,255.8125,-4.5625,-76.3125,-8.0,-11.0,-22.0,0x684a
1675370613.924891,9053.0,4532.0,461.0,131.25,-18.625,131.8125,-106.0,82.0,-10.0,0x683f
1675370614.040041,9980.0,4643.0,1500.0,245.5,-5.125,-76.8125,-41.0,-11.0,-14.0,0x684a
1675370614.148913,9186.0,4563.0,388.0,129.5,-19.6875,134.5,96.0,-168.0,176.0,0x683f
1675370614.264653,9891.0,4878.0,1316.0,236.5,-5.25,-76.75,-9.0,-25.0,-24.0,0x684a
1675370614.377983,9678.0,4093.0,-97.0,146.0625,-17.4375,131.25,-745.0,503.0,-25.0,0x683f
1675370614.4946802,9854.0,4805.0,1274.0,233.3125,-5.0625,-76.4375,-47.0,40.0,-26.0,0x684a
1675370614.608209,9426.0,4350.0,389.0,107.3125,-28.25,125.75,259.0,-92.0,18.0,0x683f
1675370614.722914,9750.0,4993.0,945.0,240.0625,-5.8125,-76.875,-23.0,0.0,3.0,0x684a
1675370614.841981,8958.0,4598.0,737.0,92.75,-20.125,94.0625,-84.0,9.0,-165.0,0x683f
1675370614.957515,9755.0,4903.0,958.0,251.1875,-7.875,-76.8125,-3.0,-5.0,-7.0,0x684a
1675370615.06637,8732.0,4652.0,537.0,116.3125,-8.1875,93.125,-250.0,47.0,-98.0,0x683f
1675370615.1802409,9752.0,4630.0,1250.0,258.75,-8.6875,-75.9375,-4.0,5.0,12.0,0x684a
1675370615.294493,8839.0,4562.0,470.0,121.75,-11.8125,94.875,4.0,-8.0,12.0,0x683f
1675370615.408732,9748.0,4594.0,1100.0,261.75,-8.625,-75.6875,-13.0,-4.0,0.0,0x684a
1675370615.521274,8867.0,4525.0,502.0,118.0,-14.0,95.0,57.0,-11.0,-7.0,0x683f
1675370615.633863,9733.0,4682.0,1045.0,261.6875,-8.625,-75.375,-7.0,0.0,-10.0,0x684a
1675370615.746119,8889.0,4505.0,502.0,118.125,-13.75,95.125,22.0,7.0,-25.0,0x683f
1675370615.861113,9743.0,4627.0,1364.0,261.1875,-8.6875,-75.4375,-13.0,0.0,-3.0,0x684a
1675370615.974323,8966.0,4563.0,656.0,116.75,-13.9375,95.1875,34.0,-6.0,-1.0,0x683f
1675370616.086606,9777.0,4735.0,1196.0,261.0,-8.875,-75.5,-16.0,0.0,1.0,0x684a
1675370616.19906,8898.0,4587.0,621.0,116.1875,-13.9375,95.3125,20.0,1.0,-11.0,0x683f
1675370616.313688,9892.0,4487.0,1300.0,260.9375,-8.875,-75.4375,-9.0,0.0,-1.0,0x684a
1675370616.4266298,8901.0,4519.0,603.0,116.375,-13.75,95.4375,20.0,-3.0,-5.0,0x683f
1675370616.541452,9715.0,4580.0,1173.0,260.5,-8.625,-75.5,-9.0,-1.0,-4.0,0x684a
1675370616.656302,8895.0,4491.0,476.0,115.875,-13.5,95.5625,30.0,0.0,6.0,0x683f
1675370616.772032,9723.0,4596.0,1308.0,259.875,-8.6875,-75.4375,-14.0,5.0,-1.0,0x684a
1675370616.886097,8930.0,4570.0,557.0,115.875,-13.3125,95.5625,8.0,-7.0,-11.0,0x683f
1675370617.0005498,9730.0,4618.0,1192.0,259.4375,-8.625,-75.5,-18.0,-1.0,-8.0,0x684a
1675370617.115391,8932.0,4583.0,4218.0,115.625,-13.25,95.6875,13.0,0.0,-8.0,0x683f
1675370617.228207,9734.0,4734.0,1173.0,259.0,-8.6875,-75.3125,-2.0,0.0,-3.0,0x684a
1675370617.34271,8948.0,4551.0,4193.0,115.25,-13.0625,95.8125,6.0,-9.0,5.0,0x683f
1675370617.457972,9801.0,4571.0,1353.0,258.8125,-8.6875,-75.4375,-5.0,0.0,0.0,0x684a
1675370617.5725288,8937.0,4610.0,634.0,115.125,-13.0,95.8125,15.0,0.0,-13.0,0x683f
1675370617.68584,9752.0,4592.0,1314.0,258.5625,-8.75,-75.625,-12.0,-2.0,-5.0,0x684a
1675370617.7992299,8958.0,4635.0,685.0,115.4375,-12.9375,95.875,-1.0,-2.0,-6.0,0x683f
1675370617.912981,9750.0,4817.0,923.0,258.375,-9.0,-75.8125,-16.0,1.0,-4.0,0x684a
1675370618.02678,8975.0,4592.0,691.0,115.375,-13.125,95.8125,21.0,-7.0,-6.0,0x683f
1675370618.1421251,9720.0,4803.0,960.0,258.1875,-9.125,-75.75,-10.0,3.0,4.0,0x684a
1675370618.258495,8971.0,4606.0,665.0,115.625,-13.1875,95.875,-11.0,-3.0,4.0,0x683f
1675370618.3720992,9784.0,4639.0,1372.0,258.375,-9.25,-75.5625,-10.0,-3.0,3.0,0x684a
1675370618.488706,8957.0,4589.0,624.0,115.625,-13.375,95.75,9.0,3.0,-17.0,0x683f
1675370618.60314,9732.0,4735.0,1180.0,258.0,-9.0,-75.625,-17.0,1.0,-3.0,0x684a
1675370618.71757,8987.0,4582.0,4155.0,115.5625,-13.375,95.9375,3.0,-8.0,9.0,0x683f
1675370618.831362,9736.0,4611.0,1252.0,257.6875,-9.0,-75.6875,-16.0,0.0,3.0,0x684a
1675370618.9423401,8968.0,4577.0,598.0,115.5625,-13.4375,95.9375,0.0,-6.0,-11.0,0x683f
1675370619.054761,9675.0,4706.0,1026.0,257.4375,-9.0625,-75.6875,-13.0,2.0,-2.0,0x684a
1675370619.170277,8938.0,4572.0,594.0,115.5,-13.4375,96.0,9.0,0.0,-2.0,0x683f
1675370619.284356,9708.0,4733.0,1078.0,257.1875,-8.875,-75.6875,-12.0,0.0,3.0,0x684a
1675370619.398821,8936.0,4565.0,4184.0,115.5,-13.375,96.0625,3.0,-5.0,0.0,0x683f
1675370619.513639,9717.0,4731.0,1118.0,256.8125,-9.0,-75.875,-13.0,3.0,4.0,0x684a
1675370619.625551,8917.0,4599.0,584.0,115.0625,-13.4375,96.0625,6.0,-5.0,-3.0,0x683f
1675370619.7402382,9721.0,4623.0,1203.0,257.0,-8.9375,-75.625,-9.0,2.0,0.0,0x684a
1675370619.852087,8946.0,4595.0,633.0,114.625,-13.4375,96.0,12.0,0.0,-4.0,0x683f
1675370619.96466,9715.0,4703.0,1152.0,257.5,-8.6875,-74.9375,-12.0,-4.0,-25.0,0x684a
1675370620.077955,8939.0,4592.0,611.0,114.5625,-13.4375,96.0,9.0,0.0,-16.0,0x683f
1675370620.191073,9718.0,4586.0,1177.0,257.5625,-8.5625,-74.375,-12.0,12.0,2.0,0x684a
1675370620.3032892,8960.0,4622.0,600.0,115.3125,-13.1875,96.4375,20.0,-5.0,7.0,0x683f
1675370620.418864,9661.0,4739.0,1037.0,257.0625,-8.3125,-74.9375,-10.0,2.0,6.0,0x684a
1675370620.533729,8931.0,4580.0,4288.0,115.875,-12.875,96.625,-3.0,-13.0,-25.0,0x683f
1675370620.649272,9769.0,4692.0,1153.0,256.4375,-8.125,-75.0,-11.0,0.0,4.0,0x684a
1675370620.762039,8906.0,4579.0,560.0,116.0625,-12.6875,96.875,-29.0,-43.0,28.0,0x683f
1675370620.8773,9743.0,4639.0,1191.0,255.5625,-7.9375,-75.25,-24.0,-3.0,-16.0,0x684a
1675370620.997844,8899.0,4536.0,512.0,115.8125,-16.4375,92.9375,-104.0,-43.0,-91.0,0x683f
1675370621.113557,10015.0,4536.0,1494.0,253.6875,-7.375,-75.1875,-6.0,6.0,-13.0,0x684a
1675370621.23181,9185.0,4412.0,674.0,96.875,-31.4375,90.875,-24.0,121.0,-48.0,0x683f
1675370621.3521862,9837.0,4768.0,1432.0,249.3125,-6.375,-76.3125,-13.0,-10.0,20.0,0x684a
1675370621.467475,9329.0,4575.0,882.0,110.625,-34.625,118.1875,223.0,-135.0,-49.0,0x683f
1675370621.583842,9820.0,4877.0,1062.0,238.1875,-3.75,-76.8125,-36.0,-15.0,35.0,0x684a
1675370621.699919,9460.0,4640.0,824.0,163.25,-17.3125,134.3125,-80.0,209.0,175.0,0x683f
1675370621.8179069,9925.0,4620.0,1389.0,227.8125,0.25,-78.25,13.0,0.0,-25.0,0x684a
1675370621.932991,9373.0,4547.0,477.0,46.5625,-5.6875,139.75,-166.0,-201.0,55.0,0x683f
1675370622.044876,9880.0,4648.0,1209.0,220.5625,3.9375,-79.625,3.0,11.0,-20.0,0x684a
1675370622.1603289,9238.0,4548.0,256.0,45.875,-2.5,143.125,103.0,-49.0,-54.0,0x683f
1675370622.290688,9823.0,4619.0,1243.0,224.625,2.0,-78.5,-26.0,14.0,-8.0,0x684a
1675370622.402983,9101.0,4616.0,455.0,39.125,-6.375,137.3125,-158.0,-189.0,24.0,0x683f
1675370622.519671,10020.0,4527.0,1533.0,239.875,-5.0,-77.5625,-33.0,-9.0,-20.0,0x684a
1675370622.6323981,8945.0,4590.0,542.0,166.125,-18.75,124.0,17.0,-7.0,-31.0,0x683f
1675370622.747236,9954.0,4754.0,651.0,258.125,-10.0,-78.1875,-4.0,-22.0,15.0,0x684a
1675370622.8591151,8815.0,4477.0,608.0,147.125,-36.125,117.4375,58.0,92.0,-351.0,0x683f
1675370622.975262,9669.0,4752.0,1424.0,268.5625,-10.4375,-76.0,-44.0,0.0,-3.0,0x684a
1675370623.0890749,8715.0,4190.0,336.0,149.125,-44.375,115.25,104.0,-192.0,-27.0,0x683f
1675370623.2034922,9676.0,4982.0,382.0,270.375,-9.3125,-75.875,16.0,19.0,62.0,0x684a
1675370623.317433,8934.0,4769.0,994.0,185.0625,-27.8125,104.5625,-619.0,230.0,-999.0,0x683f
1675370623.4305248,9692.0,4870.0,1189.0,262.0,-5.25,-77.3125,22.0,-9.0,-9.0,0x684a
1675370623.543461,9526.0,4613.0,986.0,54.1875,-68.125,36.6875,-138.0,112.0,83.0,0x683f
1675370623.657387,9624.0,4868.0,349.0,249.625,-4.375,-81.0625,1.0,52.0,50.0,0x684a
1675370623.7729092,9674.0,4541.0,676.0,20.5625,-60.625,-58.625,54.0,-256.0,-437.0,0x683f
1675370623.890029,10156.0,4415.0,1034.0,225.8125,-4.3125,-82.8125,33.0,-18.0,-78.0,0x684a
1675370624.00668,9595.0,4516.0,-68.0,36.5625,-72.875,-16.9375,24.0,-365.0,31.0,0x683f
1675370624.1232471,9904.0,5038.0,93.0,210.6875,-4.3125,-85.125,6.0,-5.0,-29.0,0x684a
1675370624.237174,10037.0,4434.0,470.0,39.75,-74.5625,-25.0,-69.0,-58.0,38.0,0x683f
1675370624.353798,9779.0,4964.0,315.0,205.6875,-3.4375,-84.375,-4.0,10.0,29.0,0x684a
1675370624.469546,9937.0,4585.0,166.0,39.25,-75.375,-35.25,1.0,-44.0,-113.0,0x683f
1675370624.583093,9748.0,4937.0,295.0,205.25,-3.8125,-84.75,10.0,7.0,19.0,0x684a
1675370624.700345,10069.0,4235.0,538.0,38.0625,-74.4375,-33.6875,-41.0,14.0,-29.0,0x683f
1675370624.8166459,10013.0,4582.0,1144.0,208.25,-5.5625,-85.875,-9.0,23.0,-71.0,0x684a
1675370624.930215,9751.0,4269.0,691.0,35.3125,-79.0,-30.3125,-132.0,-213.0,-16.0,0x683f
1675370625.0451689,9700.0,4751.0,437.0,225.25,-9.625,-82.625,-3.0,-11.0,51.0,0x684a
1675370625.161417,9478.0,4643.0,1078.0,24.625,-77.625,-94.6875,312.0,-355.0,-34.0,0x683f
1675370625.277237,9922.0,4861.0,1092.0,248.5,-11.75,-79.25,34.0,-27.0,-4.0,0x684a
1675370625.390579,9085.0,4612.0,646.0,19.8125,-77.0,-50.25,115.0,-221.0,-12.0,0x683f
1675370625.5027578,9811.0,4674.0,1202.0,262.375,-7.1875,-77.3125,6.0,-70.0,-6.0,0x684a
1675370625.61774,8896.0,4674.0,885.0,61.0,-53.4375,93.5625,-394.0,-370.0,71.0,0x683f
1675370625.731006,9931.0,4572.0,860.0,262.1875,-4.0625,-78.0625,-71.0,16.0,-19.0,0x684a
1675370625.8438148,9017.0,4520.0,1045.0,144.875,-37.0,93.5625,100.0,-128.0,-778.0,0x683f
1675370625.958993,9967.0,4635.0,1020.0,255.625,-1.0,-78.5,47.0,7.0,-27.0,0x684a
1675370626.073747,8813.0,4471.0,3863.0,129.625,-29.1875,111.6875,108.0,-80.0,-120.0,0x683f
1675370626.186594,9412.0,4697.0,776.0,254.5625,-2.875,-78.3125,-21.0,21.0,-10.0,0x684a
1675370626.300239,8709.0,4415.0,436.0,117.5,-27.9375,114.1875,-32.0,86.0,-144.0,0x683f
1675370626.41462,9510.0,4878.0,876.0,253.75,-6.75,-78.375,-22.0,-4.0,-13.0,0x684a
1675370626.5282528,9063.0,4533.0,581.0,105.5625,-32.625,121.3125,34.0,-9.0,79.0,0x683f
1675370626.641372,9745.0,4377.0,938.0,246.6875,-8.8125,-78.75,-8.0,-30.0,-6.0,0x684a
1675370626.755244,9272.0,4592.0,721.0,101.875,-30.3125,132.3125,2.0,-54.0,-11.0,0x683f
1675370626.867973,9816.0,4665.0,1262.0,240.0625,-9.0625,-78.8125,-40.0,5.0,-8.0,0x684a
1675370626.980822,9216.0,4555.0,548.0,112.9375,-25.8125,141.0,-41.0,-21.0,-136.0,0x683f
1675370627.09461,9852.0,4779.0,1334.0,235.625,-9.125,-78.8125,-26.0,-15.0,0.0,0x684a
1675370627.207587,9313.0,4600.0,529.0,135.0,-22.0,139.625,-21.0,-9.0,12.0,0x683f
1675370627.321217,9810.0,4760.0,1315.0,235.5,-8.75,-78.75,-9.0,-6.0,7.0,0x684a
1675370627.434755,9477.0,4328.0,433.0,98.5,-33.25,134.25,64.0,-227.0,149.0,0x683f
1675370627.548471,9885.0,4759.0,1207.0,241.5625,-8.6875,-78.25,-19.0,-16.0,17.0,0x684a
1675370627.659868,8874.0,4366.0,244.0,91.6875,-23.375,91.375,-116.0,29.0,-110.0,0x683f
1675370627.776074,9847.0,4376.0,813.0,248.0,-8.25,-78.0,-10.0,-8.0,-20.0,0x684a
1675370627.889048,8688.0,4720.0,209.0,114.125,-10.375,91.8125,-251.0,-3.0,-93.0,0x683f
1675370628.006052,9513.0,4674.0,896.0,252.6875,-7.75,-76.875,0.0,1.0,-6.0,0x684a
1675370628.1196108,8873.0,4463.0,440.0,113.3125,-11.75,93.75,28.0,-39.0,60.0,0x683f
1675370628.235239,9708.0,4757.0,1101.0,252.625,-7.75,-76.6875,-15.0,2.0,-7.0,0x684a
1675370628.348686,8936.0,4531.0,596.0,111.75,-13.125,93.4375,29.0,12.0,-34.0,0x683f
1675370628.462214,9668.0,4729.0,896.0,251.8125,-8.375,-76.3125,-13.0,5.0,-15.0,0x684a
1675370628.5729191,8823.0,4455.0,437.0,115.4375,-12.875,94.75,104.0,113.0,-151.0,0x683f
1675370628.6857321,9678.0,4637.0,1091.0,251.5625,-9.125,-76.1875,-13.0,-1.0,-14.0,0x684a
1675370628.798462,8856.0,4459.0,507.0,125.25,-11.3125,107.6875,-62.0,-2.0,32.0,0x683f
1675370628.912271,9660.0,4509.0,1064.0,251.4375,-9.0,-76.125,-15.0,-1.0,11.0,0x684a
1675370629.02576,8904.0,4517.0,504.0,127.625,-10.25,107.9375,-18.0,-30.0,52.0,0x683f
1675370629.1384928,9657.0,4663.0,914.0,251.0,-9.1875,-76.0,-16.0,-1.0,-6.0,0x684a
1675370629.2510028,8889.0,4511.0,426.0,131.3125,-9.875,108.0,5.0,0.0,-4.0,0x683f
1675370629.365094,9630.0,4539.0,981.0,251.25,-9.25,-76.1875,-11.0,0.0,-4.0,0x684a
1675370629.480928,8897.0,4541.0,4280.0,131.875,-9.875,107.8125,0.0,9.0,11.0,0x683f
1675370629.5944262,9694.0,4640.0,883.0,251.5,-9.1875,-76.25,-1.0,0.0,-4.0,0x684a
1675370629.703538,8802.0,4579.0,544.0,132.6875,-9.9375,107.6875,18.0,0.0,-3.0,0x683f
1675370629.817547,9645.0,4642.0,936.0,251.4375,-9.25,-76.1875,-11.0,4.0,-9.0,0x684a
1675370629.93017,8875.0,4500.0,511.0,134.125,-9.9375,107.5625,18.0,-3.0,10.0,0x683f
1675370630.0447931,9645.0,4569.0,1023.0,251.1875,-9.1875,-76.0,-9.0,2.0,-1.0,0x684a
1675370630.155615,8880.0,4506.0,495.0,134.5625,-9.9375,107.5625,-6.0,2.0,-2.0,0x683f
1675370630.269814,9696.0,4534.0,1080.0,251.125,-9.1875,-75.875,-5.0,0.0,2.0,0x684a
1675370630.384098,8902.0,4494.0,490.0,135.0,-10.0,107.5,0.0,-2.0,1.0,0x683f
1675370630.4962208,9715.0,4486.0,1062.0,251.1875,-9.3125,-75.9375,-28.0,11.0,3.0,0x684a
1675370630.608334,8786.0,4532.0,471.0,135.25,-10.125,107.5625,-6.0,-1.0,-18.0,0x683f
1675370630.7218182,9778.0,4518.0,1146.0,250.4375,-9.4375,-76.0,-10.0,1.0,5.0,0x684a
1675370630.834848,8818.0,4376.0,303.0,135.0625,-10.3125,107.625,23.0,0.0,0.0,0x683f
1675370630.948458,9769.0,4569.0,1244.0,250.375,-9.4375,-75.875,-10.0,1.0,1.0,0x684a
1675370631.061329,8735.0,4398.0,245.0,135.25,-10.375,107.625,13.0,7.0,-11.0,0x683f
1675370631.175798,9790.0,4581.0,1269.0,250.375,-9.25,-76.0625,-6.0,7.0,8.0,0x684a
1675370631.288619,8771.0,4467.0,357.0,135.5625,-10.5625,107.6875,13.0,4.0,9.0,0x683f
1675370631.4037418,9782.0,4542.0,1275.0,249.8125,-9.25,-76.3125,-6.0,1.0,6.0,0x684a
1675370631.5160801,8827.0,4323.0,283.0,135.6875,-10.6875,107.6875,3.0,5.0,-1.0,0x683f
1675370631.6295931,9867.0,4615.0,1363.0,249.125,-9.25,-76.3125,-10.0,0.0,4.0,0x684a
1675370631.7423072,8715.0,4454.0,248.0,136.0,-10.6875,107.6875,-5.0,5.0,1.0,0x683f
1675370631.8557582,9848.0,4615.0,1390.0,249.125,-9.25,-76.375,-8.0,1.0,8.0,0x684a
1675370631.969147,8740.0,4435.0,256.0,136.125,-10.6875,107.625,6.0,-6.0,-2.0,0x683f
1675370632.078967,9860.0,4601.0,1405.0,249.0,-9.25,-76.5,-12.0,1.0,-4.0,0x684a
1675370632.1917849,8812.0,4388.0,271.0,136.0625,-10.6875,107.5625,5.0,2.0,-3.0,0x683f
1675370632.3034198,9815.0,4552.0,1279.0,248.875,-9.1875,-76.25,-9.0,0.0,1.0,0x684a
1675370632.41948,8755.0,4527.0,332.0,135.9375,-10.6875,107.5,5.0,-4.0,-1.0,0x683f
1675370632.5318038,9818.0,4577.0,1329.0,249.0,-9.0625,-75.4375,-11.0,8.0,0.0,0x684a
1675370632.642844,8796.0,4541.0,389.0,136.0625,-10.75,107.375,-3.0,0.0,-6.0,0x683f
1675370632.75574,9820.0,4620.0,1323.0,249.0625,-9.0625,-74.75,-12.0,-4.0,-14.0,0x684a
1675370632.8675299,8810.0,4391.0,247.0,135.4375,-10.875,107.375,3.0,6.0,-4.0,0x683f
1675370632.978148,9811.0,4602.0,1334.0,250.0,-9.3125,-74.0625,-5.0,0.0,22.0,0x684a
1675370633.0895438,8824.0,4437.0,316.0,135.6875,-11.1875,107.5625,-3.0,3.0,2.0,0x683f
1675370633.2025568,9813.0,4626.0,1433.0,250.375,-9.4375,-74.25,-14.0,4.0,0.0,0x684a
1675370633.315063,8676.0,4371.0,244.0,136.6875,-11.0,107.5625,-15.0,-4.0,-5.0,0x683f
1675370633.4310799,9872.0,4610.0,1538.0,250.3125,-9.3125,-74.0625,-1.0,3.0,0.0,0x684a
1675370633.5440562,8854.0,4460.0,450.0,136.8125,-10.5,107.125,-134.0,-34.0,82.0,0x683f
1675370633.6582642,9875.0,4659.0,1473.0,248.5,-9.5625,-75.25,-10.0,10.0,-5.0,0x684a
1675370633.771279,9052.0,4746.0,938.0,128.5,-19.3125,92.625,-98.0,-8.0,-183.0,0x683f
1675370633.8862028,9841.0,4653.0,1391.0,244.75,-8.375,-76.875,-34.0,18.0,53.0,0x684a
1675370633.999964,9349.0,4230.0,4451.0,115.25,-36.6875,113.75,213.0,95.0,-15.0,0x683f
1675370634.1108532,9815.0,4931.0,1038.0,236.6875,-5.75,-79.0625,10.0,-26.0,22.0,0x684a
1675370634.225714,9193.0,4702.0,241.0,141.0,-25.5625,128.5,-23.0,-99.0,-20.0,0x683f
1675370634.3376808,9878.0,4689.0,1238.0,223.8125,-1.9375,-80.125,-8.0,-14.0,-14.0,0x684a
1675370634.45246,9424.0,4816.0,726.0,47.1875,-11.25,139.5625,-128.0,6.0,0.0,0x683f
1675370634.56488,9894.0,4666.0,1262.0,212.875,2.9375,-81.1875,-19.0,49.0,-4.0,0x684a
1675370634.6808572,9489.0,4820.0,701.0,53.25,-6.8125,142.75,0.0,-22.0,71.0,0x683f
1675370634.7953842,9914.0,4652.0,1275.0,212.8125,2.875,-80.625,-30.0,13.0,69.0,0x684a
1675370634.9120839,9442.0,4689.0,787.0,48.0625,-7.5,142.875,-120.0,-197.0,172.0,0x683f
1675370635.023653,9873.0,4592.0,1273.0,220.9375,-1.5,-79.0,-40.0,24.0,-2.0,0x684a
1675370635.136279,9044.0,4544.0,4288.0,178.875,-13.5625,132.4375,-16.0,-29.0,-91.0,0x683f
1675370635.248271,9630.0,4627.0,849.0,240.625,-7.5,-79.5625,-7.0,-10.0,11.0,0x684a
1675370635.3596768,8887.0,4642.0,534.0,157.125,-28.375,118.1875,86.0,28.0,-43.0,0x683f
1675370635.474093,9772.0,4179.0,784.0,256.75,-8.25,-78.8125,-7.0,-11.0,-9.0,0x684a
1675370635.585134,8912.0,4458.0,636.0,158.25,-41.375,122.125,65.0,176.0,-185.0,0x683f
1675370635.697957,9724.0,4569.0,956.0,263.375,-7.5625,-76.6875,-21.0,7.0,29.0,0x684a
1675370635.808882,8893.0,4432.0,746.0,159.5,-46.4375,117.5,0.0,-293.0,-209.0,0x683f
1675370635.9227588,9436.0,4642.0,504.0,263.875,-6.5,-76.3125,0.0,-17.0,39.0,0x684a
1675370636.0510101,8853.0,4460.0,4253.0,171.25,-51.875,89.75,-405.0,97.0,-600.0,0x683f
1675370636.163054,9832.0,4505.0,1364.0,257.1875,-4.3125,-77.9375,15.0,11.0,-27.0,0x684a
1675370636.274224,9169.0,4697.0,508.0,55.9375,-82.4375,-38.0,-153.0,16.0,9.0,0x683f
1675370636.387551,9389.0,4985.0,484.0,244.25,-3.9375,-79.375,32.0,-24.0,10.0,0x684a
1675370636.498988,9580.0,4566.0,353.0,30.375,-56.8125,-54.1875,494.0,-325.0,-37.0,0x683f
1675370636.6103091,10166.0,4971.0,717.0,225.4375,-6.4375,-82.5,14.0,-49.0,-18.0,0x684a
1675370636.724587,9878.0,4208.0,423.0,50.0,-71.375,-27.5,85.0,-443.0,108.0,0x683f
1675370636.83988,10474.0,4798.0,723.0,209.1875,-5.75,-85.625,-8.0,13.0,-38.0,0x684a
1675370636.953938,9755.0,4415.0,86.0,52.875,-72.9375,-32.125,66.0,46.0,27.0,0x683f
1675370637.066392,9751.0,5054.0,266.0,202.3125,-4.0,-86.4375,-27.0,18.0,-15.0,0x684a
1675370637.180893,9863.0,4127.0,366.0,49.3125,-70.5625,-42.9375,-6.0,-52.0,-81.0,0x683f
1675370637.2965891,9870.0,5065.0,369.0,203.3125,-4.0625,-85.9375,-4.0,-3.0,-8.0,0x684a
1675370637.4129732,9888.0,4338.0,358.0,49.3125,-70.9375,-40.9375,6.0,-94.0,13.0,0x683f
1675370637.52607,10002.0,4736.0,704.0,207.8125,-5.9375,-86.75,3.0,22.0,-77.0,0x684a
1675370637.641709,9590.0,4426.0,244.0,50.0625,-79.5,-34.0,44.0,-387.0,-19.0,0x683f
1675370637.768815,9550.0,4967.0,766.0,231.0,-10.5,-82.8125,-26.0,-6.0,-9.0,0x684a
1675370637.882772,9143.0,4527.0,242.0,37.625,-72.5,-109.4375,270.0,-177.0,-108.0,0x683f
1675370637.996552,9865.0,4840.0,1277.0,253.9375,-11.125,-79.875,-63.0,31.0,117.0,0x684a
1675370638.106475,8961.0,4556.0,543.0,39.3125,-83.5625,-1.1875,-27.0,-132.0,-4.0,0x683f
1675370638.219959,9749.0,5021.0,965.0,265.9375,-6.75,-78.875,62.0,39.0,66.0,0x684a
1675370638.332931,8840.0,4629.0,929.0,94.625,-41.0,98.625,-895.0,-838.0,-253.0,0x683f
1675370638.446111,9667.0,4579.0,998.0,265.125,-3.0625,-79.0,-23.0,-8.0,-14.0,0x684a
1675370638.5608478,8809.0,4243.0,414.0,141.8125,-46.0625,99.5,528.0,-151.0,-280.0,0x683f
1675370638.676543,9757.0,4473.0,766.0,262.4375,-1.625,-79.3125,-20.0,-24.0,-30.0,0x684a
1675370638.790764,8747.0,4398.0,692.0,133.3125,-33.0,119.9375,143.0,15.0,-182.0,0x683f
1675370638.90526,9851.0,4706.0,1030.0,261.6875,-2.875,-78.75,-8.0,-18.0,-20.0,0x684a
1675370639.016276,8917.0,4610.0,747.0,125.0625,-31.0625,120.0625,4.0,-46.0,-22.0,0x683f
1675370639.131079,9853.0,4593.0,981.0,262.125,-6.0,-78.5625,8.0,-9.0,-22.0,0x684a
1675370639.2440572,9157.0,4577.0,645.0,146.0,-23.875,127.125,-185.0,-106.0,213.0,0x683f
1675370639.3594282,9772.0,4538.0,1041.0,255.6875,-7.25,-79.25,-24.0,1.0,-4.0,0x684a
1675370639.473912,9186.0,4785.0,386.0,163.9375,-17.0,134.375,-123.0,36.0,-14.0,0x683f
1675370639.587549,9956.0,4613.0,1440.0,248.5,-7.75,-79.375,-34.0,-2.0,-8.0,0x684a
1675370639.701159,9371.0,4474.0,201.0,35.5,-15.1875,138.75,38.0,-88.0,67.0,0x683f
1675370639.818109,9848.0,4790.0,1574.0,243.375,-8.0625,-78.9375,-28.0,13.0,-15.0,0x684a
1675370639.9318001,9278.0,4426.0,792.0,155.0,-19.5,137.625,-443.0,-335.0,50.0,0x683f
1675370640.045724,9828.0,4755.0,1242.0,248.0,-8.75,-78.625,13.0,-6.0,4.0,0x684a
1675370640.158792,9139.0,4523.0,944.0,99.375,-34.125,87.1875,316.0,-59.0,-325.0,0x683f
1675370640.273761,9893.0,4560.0,1450.0,256.625,-9.5625,-78.0625,0.0,-1.0,21.0,0x684a
1675370640.3861399,8792.0,4891.0,603.0,134.5625,-1.625,104.8125,-462.0,59.0,-277.0,0x683f
1675370640.50094,9922.0,4556.0,1381.0,262.4375,-9.5,-77.1875,-26.0,36.0,-5.0,0x684a
1675370640.61303,8717.0,4734.0,436.0,157.875,-2.375,110.375,99.0,-28.0,-36.0,0x683f
1675370640.726039,9769.0,4595.0,1228.0,265.3125,-9.0625,-76.625,-15.0,4.0,-8.0,0x684a
1675370640.8377678,8547.0,4438.0,172.0,156.3125,-2.8125,110.0625,45.0,8.0,-15.0,0x683f
1675370640.9520829,9817.0,4571.0,1438.0,265.125,-9.0625,-77.0,-10.0,6.0,4.0,0x684a
1675370641.06439,8610.0,4501.0,296.0,151.6875,-3.375,109.8125,29.0,-21.0,-17.0,0x683f
1675370641.179094,10071.0,4385.0,1405.0,265.0,-9.0,-76.6875,-1.0,3.0,3.0,0x684a
1675370641.291581,8647.0,4524.0,298.0,150.875,-3.5625,110.375,4.0,4.0,-24.0,0x683f
1675370641.405366,9846.0,4564.0,1418.0,264.625,-9.0,-76.75,-14.0,0.0,9.0,0x684a
1675370641.516424,8690.0,4474.0,373.0,150.6875,-3.4375,110.5,4.0,1.0,-21.0,0x683f
1675370641.630116,9719.0,4704.0,1120.0,264.125,-8.5625,-77.0625,-10.0,-3.0,-16.0,0x684a
1675370641.743177,8697.0,4560.0,400.0,150.6875,-3.3125,110.0625,53.0,8.0,9.0,0x683f
1675370641.859435,9941.0,4545.0,1287.0,264.0625,-8.4375,-77.375,-13.0,6.0,-10.0,0x684a
1675370641.9740329,8702.0,4613.0,346.0,150.8125,-3.375,109.875,2.0,-4.0,-5.0,0x683f
1675370642.0867531,9685.0,4901.0,818.0,264.25,-8.5,-77.25,-8.0,-1.0,-3.0,0x684a
1675370642.212256,8742.0,4643.0,442.0,150.875,-3.1875,109.9375,12.0,8.0,0.0,0x683f
1675370642.324651,9727.0,4610.0,1035.0,264.9375,-8.5,-76.875,-15.0,0.0,5.0,0x684a
1675370642.436379,8749.0,4581.0,447.0,150.875,-3.25,109.875,20.0,3.0,-5.0,0x683f
1675370642.547664,9614.0,4725.0,905.0,265.25,-8.5,-76.75,-2.0,0.0,2.0,0x684a
1675370642.661643,8752.0,4607.0,392.0,150.75,-3.1875,110.0625,-6.0,0.0,-4.0,0x683f
1675370642.776192,9597.0,4721.0,717.0,265.5,-8.4375,-76.6875,-8.0,3.0,4.0,0x684a
1675370642.893981,8765.0,4586.0,4332.0,150.3125,-3.125,110.375,21.0,5.0,-9.0,0x683f
1675370643.0066419,9634.0,4587.0,887.0,265.6875,-8.25,-76.6875,-1.0,-3.0,-11.0,0x684a
1675370643.117843,8772.0,4619.0,467.0,150.375,-2.9375,110.6875,6.0,-1.0,-13.0,0x683f
1675370643.233221,9646.0,4674.0,668.0,265.5,-8.4375,-76.9375,-5.0,3.0,0.0,0x684a
1675370643.3445802,8771.0,4624.0,539.0,150.4375,-2.9375,110.9375,8.0,5.0,-9.0,0x683f
1675370643.459705,9693.0,4601.0,870.0,265.3125,-8.5,-77.0,-11.0,0.0,-2.0,0x684a
1675370643.573707,8708.0,4593.0,385.0,150.3125,-3.0,111.125,5.0,3.0,-1.0,0x683f
1675370643.687791,9733.0,4740.0,859.0,265.375,-8.5625,-77.0,-12.0,-3.0,3.0,0x684a
1675370643.801423,8687.0,4612.0,358.0,150.1875,-3.0625,111.25,0.0,0.0,-3.0,0x683f
1675370643.9196858,9778.0,4587.0,1170.0,265.1875,-8.5,-77.1875,-12.0,-1.0,11.0,0x684a
1675370644.033501,8698.0,4558.0,411.0,150.25,-3.0625,111.4375,-5.0,2.0,-6.0,0x683f
1675370644.148402,9803.0,4673.0,1147.0,264.9375,-8.5,-77.375,-9.0,3.0,4.0,0x684a
1675370644.260886,8665.0,4600.0,397.0,150.1875,-3.125,111.4375,4.0,1.0,-4.0,0x683f
1675370644.373129,9827.0,4599.0,1266.0,264.9375,-8.5,-77.3125,-12.0,-1.0,-5.0,0x684a
1675370644.486732,8679.0,4589.0,388.0,150.0625,-3.125,111.4375,5.0,2.0,-7.0,0x683f
1675370644.5990698,9781.0,4683.0,1104.0,265.1875,-8.5,-77.25,-17.0,1.0,-15.0,0x684a
1675370644.7116318,8705.0,4577.0,380.0,150.0,-3.125,111.375,5.0,2.0,-11.0,0x683f
1675370644.827733,9751.0,4669.0,999.0,265.0,-8.625,-77.375,-8.0,0.0,1.0,0x684a
1675370644.9439611,8693.0,4584.0,425.0,150.0625,-3.125,111.4375,6.0,3.0,-16.0,0x683f
1675370645.0578,9755.0,4558.0,1054.0,265.125,-8.5625,-77.375,-8.0,1.0,0.0,0x684a
1675370645.17028,8684.0,4525.0,428.0,150.0625,-3.125,111.4375,6.0,1.0,-10.0,0x683f
1675370645.287128,9847.0,4565.0,1311.0,265.3125,-8.5,-77.25,-4.0,0.0,15.0,0x684a
1675370645.4017448,8715.0,4561.0,410.0,150.0,-3.1875,111.25,6.0,1.0,-6.0,0x683f
1675370645.517133,9831.0,4644.0,1245.0,265.0625,-8.625,-77.0625,-4.0,0.0,17.0,0x684a
1675370645.627552,8723.0,4557.0,381.0,149.875,-3.25,111.25,14.0,-1.0,-4.0,0x683f
1675370645.7406669,9816.0,4534.0,1207.0,265.0625,-8.5625,-76.4375,-6.0,-7.0,-15.0,0x684a
1675370645.8526468,8665.0,4558.0,375.0,149.6875,-3.3125,111.375,3.0,3.0,-16.0,0x683f
1675370645.9663339,9857.0,4570.0,995.0,265.9375,-8.875,-76.1875,-3.0,-7.0,14.0,0x684a
1675370646.079066,8680.0,4579.0,322.0,149.625,-3.5,111.5,-3.0,2.0,-8.0,0x683f
1675370646.195037,9790.0,4530.0,1260.0,266.375,-9.0625,-76.3125,-21.0,10.0,-6.0,0x684a
1675370646.307509,8662.0,4535.0,338.0,149.8125,-3.4375,111.375,0.0,2.0,0.0,0x683f
1675370646.421055,9777.0,4666.0,1157.0,266.375,-9.0,-75.875,-14.0,7.0,-2.0,0x684a
1675370646.537171,8685.0,4542.0,340.0,149.875,-3.4375,111.1875,-6.0,-1.0,-7.0,0x683f
1675370646.649615,10031.0,4564.0,1193.0,266.125,-8.875,-75.5625,10.0,-11.0,-40.0,0x684a
1675370646.765932,9112.0,4607.0,862.0,128.1875,-6.3125,103.5,-233.0,-78.0,31.0,0x683f
1675370646.8808699,10061.0,4611.0,1236.0,264.625,-9.25,-77.25,-10.0,-21.0,14.0,0x684a
1675370646.997298,9387.0,4197.0,-55.0,105.375,-24.3125,83.5,213.0,150.0,-122.0,0x683f
1675370647.1091359,9810.0,4904.0,1216.0,257.0625,-6.6875,-79.8125,-19.0,-5.0,20.0,0x684a
1675370647.223377,9375.0,4512.0,749.0,117.625,-33.0625,117.625,117.0,-24.0,74.0,0x683f
1675370647.338148,10036.0,4611.0,1526.0,244.3125,-2.25,-81.75,-26.0,26.0,-18.0,0x684a
1675370647.451315,9477.0,4752.0,510.0,41.8125,-11.8125,142.0,-177.0,113.0,-389.0,0x683f
1675370647.56897,9873.0,4741.0,1273.0,230.0,2.25,-81.875,23.0,44.0,-62.0,0x684a
1675370647.683937,9349.0,4717.0,315.0,54.5625,-7.0625,142.8125,0.0,-19.0,15.0,0x683f
1675370647.802366,9924.0,4670.0,1307.0,229.1875,1.125,-81.3125,-16.0,2.0,73.0,0x684a
1675370647.915387,9171.0,4627.0,108.0,48.0625,-6.5625,143.0,64.0,-259.0,222.0,0x683f
1675370648.033847,9824.0,4852.0,1287.0,234.125,-1.25,-79.75,-14.0,10.0,-70.0,0x684a
1675370648.144672,9107.0,4372.0,467.0,39.25,-10.4375,136.625,-48.0,-126.0,-65.0,0x683f
1675370648.261812,10234.0,4738.0,1183.0,249.375,-6.4375,-79.625,-34.0,-1.0,-43.0,0x684a
1675370648.374967,8894.0,4595.0,721.0,163.3125,-22.0,120.625,68.0,1.0,-24.0,0x683f
1675370648.48818,9383.0,4721.0,551.0,265.5,-7.625,-80.375,-5.0,3.0,2.0,0x684a
1675370648.599636,8864.0,4488.0,640.0,157.75,-34.5,121.5,-9.0,265.0,-173.0,0x683f
1675370648.7133079,9765.0,4571.0,949.0,274.9375,-6.9375,-78.3125,1.0,3.0,14.0,0x684a
1675370648.826499,8915.0,4553.0,708.0,160.5,-43.75,115.25,879.0,-981.0,-97.0,0x683f
1675370648.9407942,9717.0,4833.0,678.0,275.375,-5.8125,-78.375,16.0,7.0,-80.0,0x684a
1675370649.0533938,8919.0,4824.0,138.0,101.25,-55.1875,66.5625,-194.0,367.0,458.0,0x683f
1675370649.169318,9797.0,4835.0,475.0,265.6875,-5.3125,-80.4375,-49.0,30.0,-18.0,0x684a
1675370649.282958,9349.0,4666.0,640.0,31.625,-56.25,-56.9375,265.0,-37.0,-207.0,0x683f
1675370649.3978581,9810.0,4978.0,379.0,249.625,-5.9375,-80.875,-50.0,-61.0,4.0,0x684a
1675370649.512308,9632.0,4351.0,323.0,40.0625,-67.3125,-30.8125,313.0,-484.0,-54.0,0x683f
1675370649.6260421,9742.0,5185.0,15.0,230.125,-7.4375,-82.6875,0.0,-20.0,-36.0,0x684a
1675370649.740014,9588.0,4639.0,-73.0,51.0,-74.875,-24.4375,-74.0,-54.0,-23.0,0x683f
1675370649.854943,9864.0,5015.0,889.0,216.0625,-6.0625,-83.4375,-12.0,23.0,-11.0,0x684a
1675370649.969045,9555.0,4617.0,-118.0,51.25,-72.0,-42.5625,-61.0,-31.0,-45.0,0x683f
1675370650.085588,9865.0,5123.0,796.0,214.625,-6.1875,-83.5,4.0,15.0,-12.0,0x684a
1675370650.200147,9302.0,5090.0,-632.0,50.625,-71.375,-43.4375,20.0,-70.0,-11.0,0x683f
1675370650.3149261,9979.0,4850.0,540.0,216.8125,-6.75,-84.1875,-20.0,35.0,-61.0,0x684a
1675370650.428517,9583.0,4714.0,98.0,50.1875,-78.9375,-26.1875,-176.0,-134.0,-11.0,0x683f
1675370650.541545,9783.0,4864.0,581.0,232.875,-9.9375,-82.875,23.0,-44.0,-7.0,0x684a
1675370650.671104,9324.0,4610.0,448.0,37.75,-81.75,-93.1875,154.0,-351.0,27.0,0x683f
1675370650.786468,9775.0,4814.0,1002.0,254.0625,-10.75,-78.375,11.0,-5.0,92.0,0x684a
1675370650.902236,9080.0,4776.0,706.0,40.0625,-84.8125,0.3125,239.0,43.0,254.0,0x683f
1675370651.018116,9872.0,4718.0,1233.0,260.625,-8.3125,-77.625,5.0,11.0,-37.0,0x684a
1675370651.131478,8654.0,4322.0,622.0,117.9375,-27.0,98.6875,-523.0,-652.0,-249.0,0x683f
1675370651.249007,9686.0,4804.0,664.0,257.125,-4.1875,-78.375,-49.0,-15.0,-25.0,0x684a
1675370651.37868,8901.0,4328.0,3789.0,165.1875,-45.4375,94.75,157.0,-10.0,-470.0,0x683f
1675370651.506337,9934.0,4601.0,912.0,252.0625,-0.375,-79.1875,30.0,93.0,-11.0,0x684a
1675370651.620908,9046.0,4414.0,1062.0,142.4375,-36.375,117.4375,-82.0,-96.0,-229.0,0x683f
1675370651.7509382,10082.0,4886.0,1702.0,253.375,-1.125,-78.75,8.0,7.0,-7.0,0x684a
1675370651.8662772,8990.0,4317.0,496.0,129.625,-34.3125,121.25,37.0,29.0,-206.0,0x683f
1675370651.97965,9624.0,4715.0,443.0,258.8125,-6.75,-78.0,-17.0,-53.0,-12.0,0x684a
1675370652.0937111,8968.0,4514.0,4317.0,138.5625,-31.375,118.8125,-108.0,11.0,-66.0,0x683f
1675370652.207544,9507.0,4812.0,916.0,258.4375,-9.1875,-79.25,-8.0,1.0,-15.0,0x684a
1675370652.3190022,9091.0,4605.0,640.0,149.6875,-23.125,125.75,9.0,12.0,-23.0,0x683f
1675370652.4321122,9855.0,4584.0,907.0,250.875,-10.0,-79.875,-60.0,8.0,-11.0,0x684a
1675370652.548299,9170.0,4860.0,473.0,154.25,-18.5625,135.625,-28.0,-53.0,54.0,0x683f
1675370652.6607192,9824.0,4712.0,1230.0,242.0,-10.3125,-79.375,-25.0,-5.0,-16.0,0x684a
1675370652.7745988,9292.0,4524.0,396.0,34.5,-16.8125,141.625,-2.0,-27.0,-3.0,0x683f
1675370652.888761,9818.0,4775.0,1655.0,237.0,-10.125,-79.4375,-25.0,12.0,-12.0,0x684a
1675370653.000364,9283.0,4705.0,624.0,38.375,-16.4375,140.9375,-99.0,-26.0,48.0,0x683f
1675370653.1161978,9893.0,4690.0,1481.0,239.375,-10.25,-79.75,22.0,12.0,0.0,0x684a
1675370653.2304351,9271.0,4545.0,741.0,100.125,-39.125,120.375,533.0,-22.0,-66.0,0x683f
1675370653.3433092,9978.0,4592.0,1384.0,245.0625,-9.5625,-78.625,-15.0,6.0,14.0,0x684a
1675370653.456887,9083.0,4580.0,657.0,100.875,-15.5,98.5625,-330.0,-22.0,-114.0,0x683f
1675370653.574531,9789.0,4432.0,948.0,251.9375,-9.1875,-76.9375,2.0,-14.0,-21.0,0x684a
1675370653.686879,8863.0,4583.0,4193.0,130.375,-12.75,111.8125,-67.0,-58.0,145.0,0x683f
1675370653.802065,9796.0,4473.0,1052.0,256.5,-8.875,-76.4375,5.0,-5.0,9.0,0x684a
1675370653.9140742,8834.0,4610.0,624.0,135.1875,-12.0,109.1875,16.0,21.0,-45.0,0x683f
1675370654.030166,9732.0,4557.0,1102.0,256.875,-9.125,-76.5625,-12.0,0.0,4.0,0x684a
1675370654.1416461,8918.0,4516.0,597.0,136.125,-12.125,108.625,0.0,9.0,-19.0,0x683f
1675370654.25552,9681.0,4527.0,1092.0,256.625,-9.25,-76.4375,-7.0,0.0,-7.0,0x684a
1675370654.369385,8895.0,4631.0,437.0,136.625,-12.1875,108.5,6.0,2.0,-6.0,0x683f
1675370654.483743,9717.0,4552.0,1132.0,256.8125,-9.1875,-76.3125,-10.0,4.0,7.0,0x684a
1675370654.595354,8964.0,4507.0,527.0,137.6875,-12.3125,108.5625,0.0,2.0,-18.0,0x683f
1675370654.710655,9798.0,4472.0,1186.0,257.25,-9.0625,-76.3125,-7.0,1.0,0.0,0x684a
1675370654.823476,8899.0,4609.0,452.0,138.625,-12.4375,108.5625,5.0,5.0,-9.0,0x683f
1675370654.938721,9752.0,4578.0,1183.0,257.3125,-9.1875,-76.375,-10.0,3.0,0.0,0x684a
1675370655.053282,8835.0,4766.0,306.0,139.1875,-12.5,108.625,1.0,0.0,-10.0,0x683f
1675370655.16486,9766.0,4600.0,1213.0,257.375,-9.1875,-75.875,-11.0,0.0,-5.0,0x684a
1675370655.278065,8895.0,4620.0,379.0,140.0,-12.5,108.8125,8.0,4.0,-6.0,0x683f
1675370655.392382,9822.0,4563.0,1000.0,257.25,-9.0,-75.6875,-14.0,2.0,9.0,0x684a
1675370655.5076659,8908.0,4659.0,446.0,140.625,-12.5,108.875,4.0,-2.0,-13.0,0x683f
1675370655.6214678,9745.0,4548.0,1227.0,257.375,-8.875,-75.5625,-10.0,0.0,-7.0,0x684a
1675370655.734495,8886.0,4599.0,375.0,141.25,-12.4375,108.875,8.0,3.0,-9.0,0x683f
1675370655.846766,9788.0,4537.0,1203.0,257.5,-8.6875,-75.4375,-8.0,1.0,-1.0,0x684a
1675370655.96227,8958.0,4498.0,545.0,141.6875,-12.5625,109.0,1.0,4.0,-13.0,0x683f
1675370656.074124,9762.0,4582.0,1163.0,257.625,-8.625,-75.4375,-7.0,2.0,-2.0,0x684a
1675370656.188993,8925.0,4491.0,510.0,142.25,-12.625,109.0,4.0,4.0,-12.0,0x683f
1675370656.3034089,9753.0,4577.0,1227.0,257.1875,-8.5,-75.875,-19.0,-5.0,0.0,0x684a
1675370656.416513,8947.0,4518.0,547.0,141.875,-12.5625,108.8125,12.0,2.0,-12.0,0x683f
1675370656.529217,9799.0,4612.0,1225.0,256.8125,-8.5625,-76.125,-10.0,2.0,2.0,0x684a
1675370656.639811,8911.0,4507.0,587.0,142.3125,-12.625,108.8125,1.0,-2.0,-18.0,0x683f
1675370656.754112,9760.0,4644.0,1290.0,256.5,-8.5625,-76.3125,-11.0,-3.0,-2.0,0x684a
1675370656.8662589,8918.0,4551.0,550.0,142.0,-12.625,108.75,11.0,0.0,-15.0,0x683f
1675370656.980097,9785.0,4590.0,1202.0,256.125,-8.375,-76.4375,-6.0,0.0,-7.0,0x684a
1675370657.093178,8898.0,4557.0,498.0,142.3125,-12.625,108.75,9.0,6.0,-3.0,0x683f
1675370657.206676,9810.0,4547.0,1256.0,255.875,-8.375,-76.75,-17.0,4.0,-2.0,0x684a
1675370657.320599,8896.0,4627.0,408.0,142.75,-12.625,108.75,7.0,3.0,-14.0,0x683f
1675370657.433779,9795.0,4554.0,1212.0,256.0625,-8.3125,-76.5625,-19.0,3.0,-7.0,0x684a
1675370657.5453708,8921.0,4591.0,528.0,143.1875,-12.5625,108.75,12.0,5.0,-13.0,0x683f
1675370657.658439,9764.0,4690.0,1086.0,256.3125,-8.0625,-76.25,-15.0,3.0,5.0,0x684a
1675370657.770993,8852.0,4675.0,440.0,143.125,-12.5625,108.8125,16.0,0.0,-17.0,0x683f
1675370657.883664,9840.0,4479.0,1229.0,256.75,-7.9375,-75.875,-7.0,0.0,-10.0,0x684a
1675370657.995397,8897.0,4525.0,547.0,143.1875,-12.625,108.8125,5.0,6.0,-16.0,0x683f
1675370658.1085289,9762.0,4565.0,1152.0,256.75,-8.0,-75.6875,-1.0,-5.0,2.0,0x684a
1675370658.220408,8874.0,4566.0,533.0,143.125,-12.625,108.875,14.0,0.0,-18.0,0x683f
1675370658.334955,9761.0,4612.0,1214.0,257.25,-8.0625,-75.25,-16.0,-5.0,-10.0,0x684a
1675370658.4492621,8773.0,4725.0,405.0,143.125,-12.625,109.0625,8.0,6.0,-16.0,0x683f
1675370658.5638962,9774.0,4643.0,1089.0,257.4375,-8.125,-75.1875,-18.0,-2.0,-8.0,0x684a
1675370658.673511,8875.0,4584.0,484.0,143.125,-12.625,109.1875,5.0,7.0,-17.0,0x683f
1675370658.787573,9719.0,4658.0,1005.0,257.375,-8.4375,-74.8125,-22.0,-7.0,19.0,0x684a
1675370658.90128,8897.0,4505.0,571.0,143.125,-12.75,109.4375,17.0,1.0,-7.0,0x683f
1675370659.0143821,9746.0,4709.0,1129.0,258.4375,-8.8125,-74.75,-9.0,8.0,-9.0,0x684a
1675370659.129199,8896.0,4529.0,479.0,143.6875,-12.5,109.5625,8.0,-1.0,-9.0,0x683f
1675370659.243583,9730.0,4639.0,1261.0,258.5625,-8.625,-75.0,-16.0,2.0,4.0,0x684a
1675370659.356925,8851.0,4543.0,503.0,144.0625,-12.4375,109.625,2.0,6.0,-10.0,0x683f
1675370659.470586,9716.0,4695.0,1302.0,258.25,-8.8125,-74.875,-10.0,3.0,-6.0,0x684a
1675370659.5838988,8895.0,4592.0,484.0,143.9375,-12.4375,109.5625,-50.0,1.0,-2.0,0x683f
1675370659.694711,9796.0,4594.0,1214.0,256.5,-9.125,-75.375,-2.0,-21.0,6.0,0x684a
1675370659.807339,9060.0,4394.0,556.0,126.75,-14.8125,91.875,-175.0,-81.0,-2.0,0x683f
1675370659.922428,9760.0,4882.0,930.0,249.5,-8.1875,-79.0,-33.0,1.0,13.0,0x684a
1675370660.039788,9402.0,4577.0,716.0,123.125,-38.8125,108.0625,61.0,12.0,-194.0,0x683f
1675370660.154612,9849.0,4833.0,1063.0,238.5625,-5.3125,-81.625,12.0,-41.0,19.0,0x684a
1675370660.2703118,9615.0,4448.0,813.0,154.875,-24.625,136.0,-175.0,-125.0,-212.0,0x683f
1675370660.384365,10012.0,4617.0,1477.0,223.625,0.0,-83.125,-66.0,69.0,-30.0,0x684a
1675370660.501653,9377.0,4684.0,686.0,64.0,-10.9375,144.4375,-65.0,-113.0,57.0,0x683f
1675370660.61478,9910.0,4644.0,1231.0,221.25,1.125,-83.125,-17.0,10.0,45.0,0x684a
1675370660.729959,9362.0,4716.0,836.0,59.125,-11.4375,145.0,98.0,-454.0,356.0,0x683f
1675370660.845891,9911.0,4629.0,1386.0,225.1875,-0.5,-81.8125,-31.0,-3.0,-33.0,0x684a
1675370660.958158,9158.0,4553.0,636.0,50.625,-14.1875,139.8125,13.0,-117.0,-26.0,0x683f
1675370661.072723,10116.0,4391.0,1404.0,239.375,-4.625,-80.75,2.0,-5.0,-15.0,0x684a
1675370661.182979,8921.0,4588.0,660.0,173.125,-22.75,125.875,1.0,-37.0,-89.0,0x683f
1675370661.296125,9539.0,4374.0,785.0,255.8125,-7.5,-79.625,95.0,83.0,-7.0,0x684a
1675370661.4100852,8816.0,4416.0,592.0,162.0,-37.1875,123.75,116.0,166.0,-257.0,0x683f
1675370661.526315,9608.0,4568.0,1017.0,267.3125,-7.6875,-77.875,-8.0,-17.0,-7.0,0x684a
1675370661.639138,8859.0,4294.0,583.0,166.75,-44.9375,122.375,-59.0,-359.0,-242.0,0x683f
1675370661.7530172,9468.0,4505.0,634.0,269.875,-6.8125,-78.6875,1.0,-52.0,10.0,0x684a
1675370661.865749,8733.0,4532.0,360.0,141.625,-77.5,33.125,423.0,307.0,-723.0,0x683f
1675370661.97958,9524.0,4628.0,829.0,268.9375,-4.8125,-79.25,68.0,23.0,-15.0,0x684a
1675370662.0939252,9211.0,4908.0,280.0,63.4375,-71.8125,-45.875,-180.0,316.0,162.0,0x683f
1675370662.206917,9875.0,5078.0,485.0,258.9375,-6.25,-81.375,19.0,22.0,40.0,0x684a
1675370662.321162,9737.0,4675.0,927.0,37.375,-57.375,-57.125,228.0,-271.0,-205.0,0x683f
1675370662.43573,9927.0,5005.0,600.0,239.0,-8.625,-82.125,-10.0,-51.0,-47.0,0x684a
1675370662.5476868,9916.0,4712.0,252.0,57.75,-68.4375,-19.75,-44.0,-406.0,38.0,0x683f
1675370662.661775,10244.0,4765.0,142.0,220.375,-7.4375,-86.0,-1.0,-12.0,-29.0,0x684a
1675370662.776208,9718.0,4186.0,281.0,65.4375,-72.375,-23.0,77.0,-250.0,55.0,0x683f
1675370662.891534,9619.0,4945.0,183.0,209.125,-4.25,-86.0,-31.0,49.0,-94.0,0x684a
1675370663.004298,9797.0,4249.0,415.0,66.75,-69.25,-39.25,22.0,-13.0,-23.0,0x683f
1675370663.1196458,9961.0,5024.0,325.0,209.625,-4.9375,-86.3125,-6.0,-19.0,55.0,0x684a
1675370663.23375,9841.0,4225.0,418.0,65.625,-68.6875,-39.4375,-2.0,-87.0,-16.0,0x683f
1675370663.349352,9871.0,4993.0,207.0,210.125,-4.625,-85.625,-23.0,62.0,-65.0,0x684a
1675370663.462686,9736.0,4602.0,102.0,63.25,-68.8125,-33.4375,130.0,-234.0,-2.0,0x683f
1675370663.579378,9594.0,5330.0,307.0,217.5625,-6.625,-84.8125,-50.0,58.0,20.0,0x684a
1675370663.692919,9445.0,4503.0,-127.0,56.9375,-77.375,-40.9375,78.0,-304.0,-153.0,0x683f
1675370663.806628,9698.0,5014.0,642.0,238.3125,-9.4375,-81.25,25.0,-39.0,51.0,0x684a
1675370663.922246,9132.0,4909.0,49.0,50.125,-74.0625,-70.5,399.0,-105.0,-253.0,0x683f
1675370664.036541,9752.0,4959.0,234.0,259.1875,-9.0,-78.1875,-67.0,-66.0,-45.0,0x684a
1675370664.149069,9007.0,4685.0,708.0,52.25,-77.5625,41.8125,-377.0,-119.0,278.0,0x683f
1675370664.264777,9512.0,4565.0,670.0,264.125,-5.4375,-77.125,34.0,6.0,-65.0,0x684a
1675370664.378905,8757.0,4296.0,623.0,151.6875,-33.5,72.8125,-219.0,143.0,-718.0,0x683f
1675370664.493576,10089.0,4371.0,926.0,261.75,-2.75,-78.3125,4.0,31.0,5.0,0x684a
1675370664.609026,8970.0,4250.0,484.0,147.5,-39.375,111.4375,-915.0,-312.0,201.0,0x683f
1675370664.7233438,9613.0,4699.0,947.0,260.125,-3.875,-77.5625,-37.0,25.0,31.0,0x684a
1675370664.8371751,8907.0,4323.0,545.0,133.6875,-34.875,124.5625,157.0,83.0,-184.0,0x683f
1675370664.950447,9404.0,4866.0,799.0,261.25,-7.375,-76.9375,4.0,17.0,-41.0,0x684a
1675370665.0626109,9019.0,4441.0,792.0,143.25,-34.8125,123.6875,-70.0,2.0,14.0,0x683f
1675370665.174023,9868.0,4411.0,680.0,259.8125,-8.5625,-77.125,-10.0,17.0,-5.0,0x684a
1675370665.2873979,9035.0,4644.0,357.0,161.0,-24.125,129.9375,-71.0,60.0,-55.0,0x683f
1675370665.4030578,10096.0,4492.0,1532.0,254.75,-8.75,-77.0,3.0,-22.0,-3.0,0x684a
1675370665.5163038,9225.0,4510.0,4383.0,44.625,-19.125,140.625,67.0,6.0,76.0,0x683f
1675370665.6320388,9921.0,4625.0,1429.0,251.0,-9.0625,-76.5625,-11.0,-19.0,0.0,0x684a
1675370665.7452219,9184.0,4842.0,469.0,49.25,-14.4375,144.375,473.0,-1417.0,23.0,0x683f
1675370665.860673,9853.0,4708.0,1308.0,249.3125,-9.4375,-76.125,1.0,-2.0,-14.0,0x684a
1675370665.9730911,9306.0,4343.0,399.0,39.25,-25.8125,144.1875,66.0,-132.0,172.0,0x683f
1675370666.085071,9796.0,4815.0,1210.0,253.8125,-9.3125,-76.6875,-13.0,10.0,-15.0,0x684a
1675370666.19597,9092.0,4547.0,653.0,109.8125,-33.0,98.0625,43.0,-57.0,-262.0,0x683f
1675370666.3083131,9715.0,4402.0,846.0,259.875,-9.0,-77.125,0.0,-2.0,-15.0,0x684a
1675370666.422223,8841.0,4641.0,324.0,138.1875,-9.125,104.8125,-451.0,72.0,-222.0,0x683f
1675370666.535041,9989.0,4483.0,1351.0,263.8125,-8.5625,-77.0625,13.0,1.0,-10.0,0x684a
1675370666.648064,8751.0,4646.0,473.0,152.1875,-9.125,110.875,61.0,22.0,18.0,0x683f
1675370666.763364,9919.0,4447.0,859.0,265.3125,-8.3125,-76.3125,-17.0,5.0,-3.0,0x684a
1675370666.876236,8832.0,4578.0,403.0,151.8125,-9.375,111.0,21.0,9.0,-10.0,0x683f
1675370666.988889,9831.0,4508.0,1103.0,265.5,-8.5625,-76.375,-13.0,4.0,-14.0,0x684a
1675370667.103544,8739.0,4612.0,541.0,150.6875,-9.3125,111.0,9.0,1.0,-7.0,0x683f
1675370667.216623,9717.0,4702.0,1003.0,266.25,-8.8125,-76.5,-18.0,0.0,-9.0,0x684a
1675370667.331309,8739.0,4613.0,4328.0,151.1875,-9.4375,110.9375,0.0,2.0,-13.0,0x683f
1675370667.446176,9815.0,4507.0,1105.0,267.1875,-9.125,-76.5625,-15.0,-2.0,-3.0,0x684a
1675370667.557462,8878.0,4434.0,394.0,151.375,-9.5,111.0625,7.0,9.0,-16.0,0x683f
1675370667.670547,9604.0,4771.0,774.0,267.875,-9.125,-76.625,-11.0,0.0,-7.0,0x684a
1675370667.784811,8826.0,4530.0,433.0,150.875,-9.625,111.125,18.0,2.0,-16.0,0x683f
1675370667.898148,9670.0,4622.0,1066.0,268.8125,-9.125,-76.625,-10.0,1.0,3.0,0x684a
1675370668.0126731,8735.0,4654.0,489.0,151.375,-9.625,111.1875,12.0,0.0,-5.0,0x683f
1675370668.125994,9785.0,4612.0,1290.0,269.625,-9.1875,-76.875,-6.0,-1.0,-3.0,0x684a
1675370668.2389581,8753.0,4628.0,485.0,151.6875,-9.5625,111.0625,3.0,4.0,-9.0,0x683f
1675370668.353118,9725.0,4658.0,1134.0,270.25,-9.1875,-76.875,-13.0,-1.0,-3.0,0x684a
1675370668.467836,8727.0,4622.0,508.0,151.75,-9.5625,111.0,0.0,8.0,-1.0,0x683f
1675370668.582301,9650.0,4736.0,915.0,271.125,-9.1875,-76.5625,-8.0,-3.0,-1.0,0x684a
1675370668.694806,8803.0,4544.0,380.0,151.75,-9.625,111.0625,5.0,5.0,-7.0,0x683f
1675370668.808384,9668.0,4542.0,961.0,272.0625,-9.0625,-76.25,-7.0,0.0,0.0,0x684a
1675370668.922975,8872.0,4554.0,484.0,151.5625,-9.625,111.0625,-1.0,9.0,-16.0,0x683f
1675370669.0388422,9668.0,4707.0,933.0,272.4375,-8.9375,-76.5625,-7.0,2.0,-5.0,0x684a
1675370669.1524422,8850.0,4563.0,493.0,151.4375,-9.75,111.125,-1.0,4.0,-14.0,0x683f
1675370669.267189,9604.0,4801.0,705.0,272.5,-8.5625,-76.3125,-8.0,0.0,-6.0,0x684a
1675370669.3816268,8824.0,4549.0,491.0,151.3125,-9.875,111.125,9.0,0.0,-10.0,0x683f
1675370669.497534,9601.0,4672.0,850.0,273.1875,-8.5625,-76.1875,-16.0,0.0,-15.0,0x684a
1675370669.60989,8803.0,4535.0,386.0,151.625,-9.9375,111.125,-9.0,5.0,-10.0,0x683f
1675370669.7236118,9689.0,4608.0,1056.0,272.9375,-8.6875,-76.375,-11.0,3.0,5.0,0x684a
1675370669.8374999,8825.0,4575.0,436.0,151.4375,-10.0625,111.0625,0.0,0.0,-2.0,0x683f
1675370669.950399,9723.0,4598.0,1123.0,273.4375,-8.875,-76.4375,-15.0,-1.0,0.0,0x684a
1675370670.061475,8843.0,4568.0,471.0,151.25,-10.1875,111.0,10.0,2.0,-9.0,0x683f
1675370670.173899,9717.0,4606.0,1058.0,274.0625,-8.9375,-76.4375,-15.0,4.0,1.0,0x684a
1675370670.287978,8820.0,4556.0,481.0,151.75,-10.1875,111.0,17.0,4.0,-7.0,0x683f
1675370670.4006588,9808.0,4461.0,1083.0,274.125,-8.8125,-76.625,-10.0,0.0,-7.0,0x684a
1675370670.5126321,8798.0,4553.0,411.0,152.0,-10.125,111.125,9.0,2.0,-10.0,0x683f
1675370670.627737,9686.0,4587.0,1071.0,274.5,-8.8125,-76.8125,-3.0,1.0,-7.0,0x684a
1675370670.7410529,8818.0,4562.0,474.0,152.3125,-10.0625,111.125,3.0,6.0,-11.0,0x683f
1675370670.856556,9812.0,4491.0,1105.0,274.875,-8.8125,-77.0,-13.0,2.0,-4.0,0x684a
1675370670.971074,8821.0,4543.0,478.0,152.3125,-10.0625,111.1875,5.0,0.0,-7.0,0x683f
1675370671.08499,9695.0,4568.0,1087.0,275.25,-8.8125,-77.0,-16.0,5.0,-9.0,0x684a
1675370671.197431,8896.0,4482.0,397.0,152.1875,-10.125,111.1875,10.0,5.0,-12.0,0x683f
1675370671.3106089,9849.0,4474.0,1094.0,274.9375,-8.875,-76.625,-6.0,0.0,-2.0,0x684a
1675370671.422293,8814.0,4655.0,556.0,151.8125,-10.25,111.1875,6.0,2.0,-8.0,0x683f
1675370671.535977,9778.0,4563.0,1186.0,275.25,-8.75,-75.875,-8.0,-1.0,4.0,0x684a
1675370671.6503959,8810.0,4667.0,585.0,151.3125,-10.375,111.125,-7.0,11.0,-8.0,0x683f
1675370671.763875,9714.0,4780.0,870.0,276.0625,-9.0625,-75.0,-4.0,-23.0,3.0,0x684a
1675370671.8802629,8801.0,4669.0,4186.0,151.0625,-10.5625,111.1875,7.0,0.0,-3.0,0x683f
1675370671.997219,9753.0,4541.0,1215.0,276.5625,-9.5625,-75.0625,-9.0,3.0,21.0,0x684a
1675370672.10898,8774.0,4521.0,413.0,152.5,-10.125,110.75,32.0,-25.0,14.0,0x683f
1675370672.2203012,9847.0,4624.0,1374.0,279.75,-10.4375,-75.875,-18.0,-5.0,10.0,0x684a
1675370672.334495,8740.0,4467.0,406.0,160.5,-9.75,109.6875,34.0,-39.0,13.0,0x683f
1675370672.447537,9711.0,4280.0,823.0,287.9375,-8.5,-77.5,-208.0,23.0,22.0,0x684a
1675370672.560416,8890.0,4678.0,3822.0,171.6875,-13.5625,106.625,-143.0,87.0,-62.0,0x683f
1675370672.6722791,9914.0,4602.0,1206.0,307.3125,-5.375,-78.9375,-115.0,-55.0,45.0,0x684a
1675370672.787584,8841.0,4692.0,1027.0,189.3125,-15.5625,103.625,-220.0,-14.0,81.0,0x683f
1675370672.8995872,9388.0,3909.0,658.0,320.4375,-1.4375,-77.5,-94.0,206.0,-70.0,0x684a
1675370673.012798,8768.0,4724.0,881.0,201.875,-14.1875,105.625,239.0,162.0,-23.0,0x683f
1675370673.1250439,9067.0,3625.0,423.0,341.0,-5.8125,-72.375,87.0,0.0,-65.0,0x684a
1675370673.239485,8743.0,4602.0,3938.0,221.375,-7.5625,109.5625,15.0,26.0,-34.0,0x683f
1675370673.3534222,8963.0,3334.0,429.0,354.75,-5.75,-78.375,31.0,-70.0,64.0,0x684a
1675370673.4698749,8763.0,4411.0,3864.0,236.6875,-4.875,109.6875,-26.0,-25.0,-101.0,0x683f
1675370673.58539,8607.0,3323.0,521.0,5.0625,-8.3125,-79.9375,-305.0,272.0,-36.0,0x684a
1675370673.695853,8586.0,4133.0,684.0,240.6875,-7.75,106.0,341.0,86.0,224.0,0x683f
1675370673.8103092,8797.0,3948.0,1372.0,15.625,-3.875,-75.4375,-105.0,-112.0,-6.0,0x684a
1675370673.922386,8544.0,4167.0,662.0,240.9375,-18.5625,102.625,-5.0,220.0,107.0,0x683f
1675370674.036599,8719.0,3770.0,862.0,31.75,0.3125,-77.6875,-252.0,-36.0,32.0,0x684a
1675370674.149506,8558.0,4096.0,742.0,251.8125,-16.75,107.5,156.0,-287.0,411.0,0x683f
1675370674.2634392,8411.0,3815.0,1258.0,38.125,4.625,-73.0625,-188.0,-298.0,-269.0,0x684a
1675370674.377963,8391.0,4070.0,539.0,265.875,-11.5,112.4375,245.0,-140.0,-64.0,0x683f
1675370674.494957,8162.0,3766.0,1334.0,52.1875,-3.8125,-75.4375,-69.0,-97.0,-22.0,0x684a
1675370674.610562,8239.0,4201.0,544.0,294.875,-3.75,114.625,-88.0,-75.0,66.0,0x683f
1675370674.725185,8009.0,3924.0,1161.0,70.8125,-6.125,-78.5625,-53.0,109.0,42.0,0x684a
1675370674.838971,8108.0,4217.0,596.0,322.125,-0.875,110.0,-310.0,-248.0,28.0,0x683f
1675370674.949247,7805.0,3855.0,872.0,91.75,-8.5625,-74.125,-124.0,-70.0,-276.0,0x684a
1675370675.061216,7997.0,4173.0,628.0,326.3125,-16.0,105.25,45.0,153.0,119.0,0x683f
1675370675.175141,7588.0,4222.0,652.0,104.1875,0.125,-79.5,-186.0,-119.0,-28.0,0x684a
1675370675.28989,7882.0,4213.0,515.0,335.0,-12.4375,105.125,-505.0,-261.0,-73.0,0x683f
1675370675.4048982,7478.0,4209.0,842.0,105.875,3.3125,-79.0625,-69.0,151.0,98.0,0x684a
1675370675.520115,7808.0,4194.0,544.0,337.5,-11.4375,109.0625,664.0,257.0,407.0,0x683f
1675370675.634784,7254.0,4383.0,462.0,116.0625,-4.5,-74.625,-7.0,-6.0,-6.0,0x684a
1675370675.747823,7849.0,4193.0,710.0,6.3125,-4.5,113.375,131.0,50.0,76.0,0x683f
1675370675.859898,6865.0,5000.0,-103.0,129.8125,-4.5,-77.4375,-11.0,-62.0,0.0,0x684a
1675370675.9773178,7761.0,4221.0,554.0,36.1875,0.375,113.3125,-78.0,-45.0,18.0,0x683f
1675370676.09328,7273.0,4980.0,576.0,144.75,-6.6875,-78.875,-183.0,191.0,80.0,0x684a
1675370676.206801,7887.0,4623.0,698.0,57.75,-2.625,108.5625,-27.0,198.0,205.0,0x683f
1675370676.32079,7238.0,5152.0,293.0,159.875,-4.5,-77.1875,-301.0,185.0,-43.0,0x684a
1675370676.433693,7837.0,4673.0,580.0,60.0625,-16.4375,105.1875,25.0,259.0,77.0,0x683f
1675370676.544872,7281.0,5521.0,193.0,170.5625,-2.0,-80.25,-95.0,-50.0,144.0,0x684a
1675370676.661698,7763.0,4632.0,449.0,73.1875,-12.3125,104.625,-386.0,-43.0,39.0,0x683f
1675370676.789592,7745.0,5775.0,369.0,166.5625,0.6875,-80.5,-71.0,56.0,85.0,0x684a
1675370676.9034948,7856.0,4986.0,651.0,73.375,-13.75,104.9375,-24.0,338.0,-123.0,0x683f
1675370677.014608,7419.0,5591.0,149.0,160.625,-3.0,-73.5,200.0,220.0,-26.0,0x684a
1675370677.126574,7980.0,5120.0,684.0,68.3125,-8.0625,102.3125,65.0,175.0,-12.0,0x683f
1675370677.240236,7017.0,5355.0,151.0,144.4375,-7.0,-78.375,96.0,-34.0,110.0,0x684a
1675370677.354794,7911.0,5272.0,510.0,61.5625,-0.625,103.1875,-139.0,2.0,-82.0,0x683f
1675370677.47513,6796.0,5925.0,452.0,125.875,-10.625,-78.3125,-121.0,226.0,20.0,0x684a
1675370677.587328,7034.0,5036.0,215.0,36.0,-7.75,97.6875,405.0,236.0,-109.0,0x683f
1675370677.699166,6567.0,5158.0,652.0,104.0625,-10.375,-74.5625,-75.0,26.0,170.0,0x684a
1675370677.813691,6776.0,5693.0,444.0,351.0625,-21.375,100.25,51.0,70.0,-265.0,0x683f
1675370677.926184,6344.0,4937.0,508.0,76.1875,-2.75,-76.4375,-35.0,17.0,44.0,0x684a
1675370678.039566,6335.0,5971.0,330.0,323.6875,-22.25,100.75,-161.0,103.0,-156.0,0x683f
1675370678.154979,6272.0,4750.0,470.0,55.875,-0.1875,-74.1875,201.0,-188.0,-88.0,0x684a
1675370678.265572,6033.0,5575.0,374.0,312.9375,-16.375,103.75,-182.0,-94.0,-310.0,0x683f
1675370678.380345,6202.0,4805.0,747.0,39.4375,-12.0,-76.0,161.0,-59.0,-107.0,0x684a
1675370678.493623,6065.0,5007.0,260.0,310.5625,-3.6875,105.5,-100.0,-97.0,-41.0,0x683f
1675370678.608397,5665.0,4006.0,334.0,23.5625,-13.0625,-78.25,-126.0,279.0,82.0,0x684a
1675370678.7344818,5918.0,4988.0,639.0,308.9375,-5.6875,102.75,-55.0,56.0,85.0,0x683f
1675370678.8600829,5651.0,3903.0,405.0,19.625,-10.125,-71.375,52.0,10.0,-40.0,0x684a
1675370678.972748,6014.0,4764.0,690.0,279.0625,-24.9375,102.4375,-88.0,173.0,-124.0,0x683f
1675370679.0848808,5780.0,3717.0,685.0,11.4375,-3.6875,-75.25,-111.0,-15.0,5.0,0x684a
1675370679.196954,5923.0,4742.0,514.0,263.0,-23.75,101.4375,-214.0,27.0,-171.0,0x683f
1675370679.311588,5990.0,3990.0,1105.0,2.875,-0.3125,-73.9375,126.0,135.0,39.0,0x684a
1675370679.423996,5893.0,4227.0,512.0,253.6875,-21.25,104.4375,368.0,15.0,53.0,0x683f
1675370679.539037,5468.0,3127.0,1026.0,357.25,-7.625,-73.1875,-62.0,-164.0,-69.0,0x684a
1675370679.65216,5555.0,3778.0,649.0,264.625,-8.75,107.125,21.0,-15.0,-45.0,0x683f
1675370679.76488,5420.0,3043.0,1108.0,356.6875,-9.0,-75.25,-7.0,131.0,54.0,0x684a
1675370679.877921,5364.0,3819.0,364.0,278.6875,-4.8125,105.1875,-74.0,-285.0,-17.0,0x683f
1675370679.9939709,5352.0,2868.0,993.0,7.5625,-10.375,-71.25,-39.0,33.0,-216.0,0x684a
1675370680.1089768,5354.0,3606.0,497.0,269.8125,-19.8125,101.625,-97.0,114.0,-2.0,0x683f
1675370680.220148,5528.0,2776.0,762.0,13.0,-4.6875,-72.5,-132.0,-44.0,-5.0,0x684a
1675370680.335158,5387.0,3470.0,682.0,255.75,-22.0625,100.125,-104.0,-86.0,126.0,0x683f
1675370680.449215,5383.0,2609.0,925.0,10.3125,-0.75,-73.3125,-30.0,439.0,46.0,0x684a
1675370680.5658472,5509.0,3044.0,389.0,253.8125,-20.8125,106.5625,126.0,38.0,-76.0,0x683f
1675370680.6779578,5360.0,2780.0,806.0,11.375,-3.0,-68.5625,28.0,-40.0,-52.0,0x684a
1675370680.789619,5417.0,2944.0,216.0,265.4375,-12.375,109.125,83.0,-19.0,0.0,0x683f
1675370680.9024441,5301.0,2212.0,568.0,19.1875,-5.6875,-71.9375,-52.0,-38.0,-50.0,0x684a
1675370681.015868,5322.0,2862.0,593.0,287.0,-6.4375,110.3125,-37.0,-102.0,-63.0,0x683f
1675370681.133513,4600.0,1954.0,1143.0,29.375,-7.25,-74.375,-333.0,-80.0,61.0,0x684a
1675370681.24631,5056.0,2755.0,547.0,290.75,-14.0,102.75,511.0,-5.0,132.0,0x683f
1675370681.371587,4140.0,2204.0,779.0,45.0,-4.875,-75.1875,-82.0,-168.0,-12.0,0x684a
1675370681.486911,4948.0,2761.0,320.0,289.625,-23.9375,102.0625,-84.0,177.0,80.0,0x683f
1675370681.6078231,4476.0,2157.0,1335.0,49.1875,-1.5,-77.0625,-177.0,-60.0,-7.0,0x684a
1675370681.749856,4624.0,2489.0,609.0,282.4375,-24.9375,102.125,303.0,-423.0,32.0,0x683f
1675370681.864672,3600.0,2753.0,248.0,36.5,0.0,-74.8125,60.0,-37.0,-179.0,0x684a
1675370681.977442,4493.0,2533.0,310.0,280.25,-15.9375,106.5625,-9.0,-50.0,-100.0,0x683f
1675370682.0920188,3579.0,2197.0,250.0,30.375,-5.5625,-74.125,-21.0,-124.0,-74.0,0x684a
1675370682.202141,4296.0,2351.0,558.0,294.3125,-7.125,108.75,89.0,-81.0,-20.0,0x683f
1675370682.317495,4053.0,2166.0,763.0,38.3125,-7.5,-75.4375,-119.0,304.0,44.0,0x684a
1675370682.4328299,4194.0,2356.0,227.0,308.5,-10.5,106.4375,200.0,39.0,144.0,0x683f
1675370682.5478861,3608.0,2184.0,546.0,55.8125,-3.3125,-73.375,-138.0,-83.0,-133.0,0x684a
1675370682.662397,3895.0,2518.0,300.0,305.25,-25.125,106.6875,158.0,149.0,98.0,0x683f
1675370682.773793,2758.0,2597.0,53.0,71.125,0.875,-74.375,-207.0,-33.0,-26.0,0x684a
1675370682.885526,3876.0,2422.0,326.0,324.9375,-20.0,113.25,-284.0,-200.0,188.0,0x683f
1675370682.9989781,2897.0,2615.0,248.0,81.5625,4.6875,-72.5625,-180.0,-215.0,-144.0,0x684a
1675370683.112962,3738.0,2527.0,275.0,333.125,-17.375,113.6875,588.0,-245.0,88.0,0x683f
1675370683.225761,3363.0,2559.0,522.0,98.4375,2.75,-72.6875,-170.0,-29.0,-73.0,0x684a
1675370683.338119,3808.0,2934.0,-47.0,26.3125,-7.125,117.3125,-101.0,-15.0,-65.0,0x683f
1675370683.45263,3749.0,2916.0,463.0,128.6875,-0.5625,-77.8125,-56.0,47.0,69.0,0x684a
1675370683.567384,4001.0,2668.0,-49.0,68.0625,-2.5,114.75,-24.0,-269.0,-95.0,0x683f
1675370683.681957,3820.0,2824.0,746.0,162.4375,-4.9375,-77.125,-78.0,-17.0,-178.0,0x684a
1675370683.795392,3895.0,2526.0,495.0,90.875,-11.9375,102.5625,-147.0,139.0,-80.0,0x683f
1675370683.9099479,4119.0,2733.0,513.0,193.9375,-4.625,-77.9375,-177.0,-30.0,-2.0,0x684a
1675370684.024894,3899.0,2435.0,506.0,116.125,-15.5,98.375,-291.0,201.0,109.0,0x683f
1675370684.1380951,4495.0,3109.0,99.0,219.1875,-3.4375,-78.3125,-37.0,325.0,13.0,0x684a
1675370684.250345,4086.0,2640.0,320.0,134.5,-15.6875,104.125,45.0,216.0,196.0,0x683f
1675370684.363468,4776.0,2851.0,175.0,236.1875,-6.625,-75.6875,146.0,4.0,13.0,0x684a
1675370684.4778738,4029.0,2708.0,189.0,158.3125,-7.6875,108.25,-60.0,87.0,-32.0,0x683f
1675370684.5929542,4855.0,2812.0,126.0,244.375,-7.625,-80.0625,21.0,-60.0,22.0,0x684a
1675370684.70577,3701.0,2232.0,196.0,178.125,-1.5,107.0625,-165.0,-34.0,-26.0,0x683f
1675370684.818846,4953.0,2486.0,208.0,253.25,-9.875,-81.3125,-58.0,206.0,93.0,0x684a
1675370684.93085,4438.0,2306.0,327.0,182.6875,-3.0625,102.1875,159.0,121.0,80.0,0x683f
1675370685.045001,5014.0,2842.0,607.0,261.1875,-11.5,-76.9375,-5.0,96.0,-117.0,0x684a
1675370685.158061,4707.0,2162.0,411.0,165.875,-18.5,99.75,-63.0,226.0,17.0,0x683f
1675370685.273221,5627.0,2203.0,278.0,259.125,-8.25,-78.0625,-19.0,-75.0,53.0,0x684a
1675370685.386011,4926.0,2185.0,-162.0,151.5625,-20.1875,98.375,-177.0,-80.0,59.0,0x683f
1675370685.497161,5568.0,2714.0,808.0,249.8125,-6.25,-77.3125,154.0,98.0,-24.0,0x684a
1675370685.6101902,5161.0,2428.0,366.0,142.25,-15.625,98.25,-100.0,74.0,-317.0,0x683f
1675370685.723326,5595.0,2559.0,801.0,237.625,-14.25,-77.9375,148.0,-51.0,-44.0,0x684a
1675370685.83843,5411.0,2279.0,-44.0,140.3125,-2.5625,99.9375,4.0,40.0,-86.0,0x683f
1675370685.954139,5762.0,3050.0,1017.0,220.5625,-15.25,-82.875,122.0,164.0,52.0,0x684a
1675370686.0678542,5534.0,2544.0,562.0,142.125,0.9375,99.375,-451.0,-95.0,-329.0,0x683f
1675370686.183618,6289.0,3144.0,547.0,214.0625,-16.6875,-79.5,42.0,-23.0,-145.0,0x684a
1675370686.2962291,5972.0,2829.0,428.0,111.5625,-15.8125,99.3125,-107.0,109.0,-95.0,0x683f
1675370686.4112902,6059.0,3232.0,551.0,200.6875,-7.0625,-80.25,-69.0,-77.0,30.0,0x684a
1675370686.5262258,6214.0,3305.0,265.0,86.875,-16.1875,96.8125,-278.0,-129.0,-78.0,0x683f
1675370686.640107,5873.0,3750.0,654.0,187.8125,-1.375,-80.75,87.0,90.0,23.0,0x684a
1675370686.752338,6431.0,3370.0,33.0,75.875,-16.1875,99.3125,295.0,183.0,-71.0,0x683f
1675370686.8651378,6460.0,3867.0,465.0,184.125,-11.1875,-77.875,88.0,-165.0,64.0,0x684a
1675370686.978549,6132.0,3602.0,650.0,91.875,-3.1875,105.8125,-68.0,-6.0,7.0,0x683f
1675370687.106071,6163.0,4325.0,546.0,178.3125,-12.5,-81.25,0.0,96.0,117.0,0x684a
1675370687.2166138,6201.0,3840.0,794.0,106.0625,0.875,104.625,-410.0,-251.0,-242.0,0x683f
1675370687.3294349,6223.0,4484.0,1051.0,180.625,-12.0,-78.9375,-16.0,-55.0,-115.0,0x684a
1675370687.442205,6300.0,3915.0,743.0,84.25,-18.5625,100.1875,62.0,218.0,14.0,0x683f
1675370687.5551722,6294.0,4570.0,556.0,182.5625,-3.6875,-80.625,-18.0,-145.0,11.0,0x684a
1675370687.6675699,6468.0,4308.0,508.0,74.4375,-18.6875,100.75,-283.0,-122.0,27.0,0x683f
1675370687.781903,6472.0,4465.0,1022.0,178.875,0.1875,-79.5,71.0,222.0,133.0,0x684a
1675370687.894627,6693.0,4450.0,691.0,69.8125,-20.375,105.125,556.0,223.0,8.0,0x683f
1675370688.010699,6742.0,5526.0,214.0,181.4375,-8.125,-75.25,46.0,-133.0,132.0,0x684a
1675370688.122866,6604.0,4325.0,421.0,89.4375,-7.0,110.25,114.0,32.0,12.0,0x683f
1675370688.235588,6870.0,5013.0,962.0,183.75,-9.3125,-77.1875,-44.0,125.0,60.0,0x684a
1675370688.347683,6881.0,4650.0,559.0,109.8125,-2.875,109.1875,-179.0,-224.0,-10.0,0x683f
1675370688.462334,7495.0,5714.0,724.0,196.375,-7.0,-75.875,-37.0,43.0,-195.0,0x684a
1675370688.575375,6977.0,4584.0,542.0,107.25,-21.125,103.6875,21.0,334.0,87.0,0x683f
1675370688.6904,7622.0,5261.0,1290.0,213.9375,-2.5,-77.5625,-199.0,-33.0,167.0,0x684a
1675370688.8054059,7224.0,4632.0,408.0,112.125,-19.0625,102.9375,-653.0,-212.0,175.0,0x683f
1675370688.9199018,8333.0,5483.0,1109.0,221.0625,-0.8125,-76.9375,-31.0,-190.0,-50.0,0x684a
1675370689.032345,7072.0,4681.0,412.0,120.0625,-16.0,106.125,108.0,-141.0,-95.0,0x683f
1675370689.146241,8623.0,5542.0,924.0,227.4375,-8.6875,-76.3125,0.0,-166.0,-4.0,0x684a
1675370689.256435,7168.0,4677.0,539.0,142.8125,-5.75,109.8125,22.0,-13.0,42.0,0x683f
1675370689.369845,8523.0,5237.0,932.0,232.8125,-10.1875,-79.0625,36.0,116.0,88.0,0x684a
1675370689.483897,7540.0,4779.0,593.0,157.0,-2.75,107.375,-383.0,-216.0,-1.0,0x683f
1675370689.596158,8521.0,5113.0,790.0,240.625,-10.75,-75.6875,-45.0,-23.0,-203.0,0x684a
1675370689.707226,7736.0,4929.0,295.0,144.5,-20.875,102.125,-185.0,219.0,-27.0,0x683f
1675370689.8209229,8595.0,4959.0,1004.0,244.3125,-3.125,-76.375,-130.0,-70.0,99.0,0x684a
1675370689.937333,8167.0,4924.0,716.0,137.1875,-20.3125,99.625,-385.0,-89.0,-55.0,0x683f
1675370690.052876,9615.0,4677.0,829.0,240.9375,0.75,-77.625,-20.0,123.0,20.0,0x684a
1675370690.16544,8159.0,4863.0,595.0,135.75,-20.0,103.875,204.0,38.0,-88.0,0x683f
1675370690.280706,10088.0,5192.0,850.0,244.5,-8.5,-73.3125,-31.0,-139.0,-62.0,0x684a
1675370690.392201,8268.0,4799.0,472.0,149.625,-9.5625,108.1875,-74.0,49.0,-46.0,0x683f
1675370690.5226529,10039.0,4741.0,996.0,242.5,-9.75,-75.25,14.0,56.0,18.0,0x684a
1675370690.6354408,8456.0,4871.0,4047.0,157.625,-7.0625,107.0625,-191.0,-301.0,-165.0,0x683f
1675370690.746976,10354.0,4871.0,2081.0,248.1875,-11.1875,-73.9375,-10.0,250.0,-153.0,0x684a
1675370690.860659,8534.0,4923.0,494.0,144.625,-22.375,100.125,67.0,107.0,69.0,0x683f
1675370690.976085,10027.0,4745.0,1483.0,245.875,-4.875,-74.9375,-94.0,8.0,-63.0,0x684a
1675370691.088338,8666.0,4645.0,590.0,141.4375,-19.25,100.0625,-31.0,-96.0,133.0,0x683f
1675370691.200298,9801.0,4678.0,1302.0,245.6875,-3.25,-75.5625,0.0,144.0,49.0,0x684a
1675370691.313131,8982.0,4629.0,758.0,138.9375,-17.9375,103.0,312.0,96.0,99.0,0x683f
1675370691.426212,9834.0,4355.0,831.0,249.5,-8.5,-75.4375,115.0,44.0,152.0,0x684a
1675370691.5387928,8988.0,4598.0,841.0,145.6875,-13.4375,104.875,16.0,55.0,90.0,0x683f
1675370691.651911,9963.0,4668.0,1516.0,253.4375,-10.5,-74.75,-88.0,36.0,102.0,0x684a
1675370691.7628632,8977.0,4635.0,722.0,147.4375,-14.0625,104.625,22.0,16.0,11.0,0x683f
1675370691.877934,9714.0,4653.0,1004.0,254.75,-10.0625,-74.625,2.0,24.0,-66.0,0x684a
1675370691.989409,8929.0,4584.0,600.0,146.25,-11.9375,105.5,-17.0,-18.0,-87.0,0x683f
1675370692.101035,9786.0,4686.0,1495.0,252.625,-8.125,-76.625,7.0,-3.0,-23.0,0x684a
1675370692.213137,8986.0,4661.0,686.0,145.75,-9.625,105.1875,64.0,-56.0,6.0,0x683f
1675370692.330542,9967.0,4440.0,1317.0,255.75,-8.625,-77.8125,-5.0,22.0,10.0,0x684a
1675370692.4581518,8945.0,4560.0,4201.0,149.8125,-8.9375,104.75,-67.0,32.0,-16.0,0x683f
1675370692.573205,10026.0,4435.0,1452.0,257.9375,-8.625,-77.8125,-14.0,7.0,0.0,0x684a
1675370692.688174,9030.0,4641.0,674.0,147.0625,-9.1875,105.0625,-2.0,0.0,-5.0,0x683f
1675370692.802155,10031.0,4560.0,1481.0,257.5625,-8.1875,-76.625,-30.0,6.0,-1.0,0x684a
1675370692.915217,9003.0,4627.0,619.0,144.6875,-8.6875,105.125,18.0,-6.0,-11.0,0x683f
1675370693.0297432,9733.0,4766.0,1272.0,257.75,-8.875,-76.875,-28.0,-3.0,-18.0,0x684a
1675370693.159708,8986.0,4652.0,629.0,143.8125,-8.75,105.1875,-5.0,0.0,-2.0,0x683f
1675370693.2722518,9886.0,4700.0,1226.0,257.8125,-9.0625,-76.8125,-12.0,5.0,-5.0,0x684a
1675370693.388015,9000.0,4626.0,615.0,143.3125,-8.75,105.125,12.0,15.0,-5.0,0x683f
1675370693.501864,9615.0,4908.0,1047.0,258.5,-8.875,-76.5625,-9.0,2.0,-1.0,0x684a
1675370693.61423,9011.0,4628.0,604.0,142.9375,-8.8125,105.3125,15.0,-3.0,-14.0,0x683f
1675370693.727478,9695.0,4685.0,1244.0,259.3125,-8.9375,-76.625,-6.0,1.0,-2.0,0x684a
1675370693.84019,8975.0,4601.0,593.0,143.0,-8.8125,105.4375,-7.0,3.0,-17.0,0x683f
1675370693.9542358,9666.0,4717.0,1236.0,260.125,-8.8125,-76.5,255.0,-2.0,2.0,0x684a
1675370694.069677,9047.0,4633.0,623.0,141.9375,-8.9375,105.625,8.0,-7.0,-5.0,0x683f
1675370694.184981,9692.0,4712.0,1255.0,260.25,-8.5625,-76.375,-15.0,4.0,4.0,0x684a
1675370694.298553,8926.0,4597.0,504.0,141.1875,-8.9375,105.5625,-7.0,3.0,-6.0,0x683f
1675370694.41128,9752.0,4650.0,1332.0,261.0,-8.375,-76.1875,-6.0,0.0,-1.0,0x684a
1675370694.52328,9018.0,4616.0,619.0,140.3125,-9.0,105.625,19.0,-3.0,-2.0,0x683f
1675370694.638023,9745.0,4713.0,1238.0,261.25,-8.1875,-76.0,-6.0,1.0,1.0,0x684a
1675370694.750253,9012.0,4674.0,785.0,139.75,-9.0,105.6875,-3.0,2.0,-10.0,0x683f
1675370694.864937,9693.0,4744.0,1106.0,261.6875,-8.125,-76.0,-14.0,0.0,11.0,0x684a
1675370694.977367,8973.0,4622.0,647.0,139.125,-9.0625,105.6875,8.0,-2.0,-11.0,0x683f
1675370695.0911171,9709.0,4682.0,1292.0,262.125,-8.25,-75.625,-13.0,0.0,-13.0,0x684a
1675370695.2030962,8962.0,4621.0,727.0,138.6875,-9.125,105.75,0.0,2.0,-7.0,0x683f
1675370695.314634,9693.0,4663.0,1348.0,262.25,-8.375,-75.6875,-17.0,-4.0,-2.0,0x684a
1675370695.427595,8952.0,4643.0,661.0,138.1875,-9.1875,105.75,2.0,0.0,-10.0,0x683f
1675370695.540069,9733.0,4649.0,1304.0,262.5625,-8.6875,-75.875,-7.0,-3.0,1.0,0x684a
1675370695.653103,8984.0,4630.0,750.0,138.0625,-9.125,105.875,-24.0,3.0,-19.0,0x683f
1675370695.7644758,9729.0,4658.0,1420.0,262.6875,-8.875,-76.25,-10.0,0.0,2.0,0x684a
1675370695.878191,8974.0,4665.0,791.0,137.75,-9.1875,106.0,-13.0,-2.0,-23.0,0x683f
1675370695.9923751,9741.0,4708.0,1554.0,262.5,-8.8125,-76.4375,-12.0,0.0,-2.0,0x684a
1675370696.1086981,8998.0,4651.0,787.0,137.3125,-9.25,106.0625,2.0,0.0,-5.0,0x683f
1675370696.223287,9757.0,4746.0,1520.0,263.1875,-8.625,-76.6875,-3.0,-1.0,9.0,0x684a
1675370696.3347032,8973.0,4663.0,716.0,137.25,-9.25,106.125,-2.0,6.0,3.0,0x683f
1675370696.450065,9786.0,4775.0,1718.0,263.25,-8.625,-76.75,-6.0,0.0,10.0,0x684a
1675370696.563514,8988.0,4626.0,718.0,136.875,-9.25,106.0625,8.0,-2.0,-13.0,0x683f
1675370696.6784608,9799.0,4734.0,1764.0,263.4375,-8.75,-77.1875,-8.0,0.0,-8.0,0x684a
1675370696.7919538,8985.0,4674.0,746.0,136.5,-9.125,106.0625,-1.0,-1.0,-8.0,0x683f
1675370696.908597,9730.0,4832.0,1495.0,263.25,-8.8125,-77.375,-9.0,12.0,-24.0,0x684a
1675370697.0217888,8826.0,4445.0,401.0,135.8125,-9.1875,105.875,0.0,5.0,-3.0,0x683f
1675370697.135189,9672.0,4934.0,1286.0,262.5,-8.625,-77.375,-28.0,2.0,17.0,0x684a
1675370697.244559,8686.0,4220.0,102.0,135.375,-9.125,105.875,-1.0,0.0,-7.0,0x683f
1675370697.358932,9732.0,4746.0,1520.0,263.4375,-8.5625,-76.75,-7.0,0.0,-3.0,0x684a
1675370697.4720168,8927.0,4592.0,629.0,135.75,-9.0625,106.0,-13.0,3.0,-10.0,0x683f
1675370697.5874612,9686.0,4953.0,1224.0,263.5,-8.625,-76.6875,-9.0,-1.0,0.0,0x684a
1675370697.701934,8759.0,4293.0,278.0,135.375,-9.0625,106.0,8.0,0.0,-11.0,0x683f
1675370697.8155038,9741.0,4745.0,1543.0,263.3125,-8.75,-76.625,-11.0,0.0,-3.0,0x684a
1675370697.9305081,9017.0,4659.0,807.0,134.5,-9.125,106.0625,6.0,3.0,-7.0,0x683f
1675370698.046612,9701.0,4694.0,1343.0,263.5625,-8.8125,-76.5625,-14.0,0.0,17.0,0x684a
1675370698.160356,9003.0,4696.0,851.0,133.875,-9.125,106.0625,-5.0,-4.0,-15.0,0x683f
1675370698.274343,9632.0,4567.0,1086.0,263.4375,-8.75,-76.875,-6.0,-2.0,13.0,0x684a
1675370698.388559,8882.0,4454.0,462.0,133.125,-9.125,106.0,9.0,3.0,-7.0,0x683f
1675370698.501766,9582.0,4476.0,893.0,263.5,-8.75,-76.5625,-8.0,3.0,-2.0,0x684a
1675370698.615454,9019.0,4648.0,832.0,132.5625,-9.1875,106.0,4.0,2.0,-11.0,0x683f
1675370698.730229,9702.0,4566.0,1134.0,263.5625,-8.6875,-76.375,-5.0,-12.0,-11.0,0x684a
1675370698.841019,8995.0,4635.0,750.0,132.3125,-9.1875,106.0,7.0,3.0,-15.0,0x683f
1675370698.9582772,9650.0,4550.0,1064.0,263.25,-8.8125,-76.5625,-12.0,0.0,2.0,0x684a
1675370699.0706718,8994.0,4691.0,746.0,132.3125,-9.1875,106.0625,8.0,0.0,-11.0,0x683f
1675370699.184016,9752.0,4720.0,1513.0,263.5,-8.6875,-76.6875,-7.0,0.0,2.0,0x684a
1675370699.298113,8934.0,4615.0,641.0,131.8125,-9.125,106.0,-2.0,4.0,-8.0,0x683f
1675370699.410364,9752.0,4700.0,1414.0,263.5625,-8.5625,-76.9375,-2.0,-2.0,-6.0,0x684a
1675370699.5225039,9009.0,4656.0,704.0,130.8125,-9.125,105.875,-1.0,-2.0,-11.0,0x683f
1675370699.6513422,9776.0,4727.0,1447.0,263.4375,-8.6875,-77.0,-9.0,2.0,-2.0,0x684a
1675370699.763319,8956.0,4607.0,679.0,129.5,-9.0625,105.75,8.0,2.0,-17.0,0x683f
1675370699.8761249,9755.0,4716.0,1480.0,263.1875,-8.6875,-77.25,-15.0,8.0,0.0,0x684a
1675370699.989749,8967.0,4620.0,4115.0,128.125,-9.0625,105.6875,3.0,-2.0,-9.0,0x683f
1675370700.101859,9763.0,4722.0,1545.0,262.8125,-8.6875,-77.3125,-10.0,0.0,12.0,0x684a
1675370700.214308,8979.0,4563.0,645.0,126.8125,-9.0625,105.625,6.0,-1.0,-11.0,0x683f
1675370700.329643,9796.0,4720.0,1628.0,262.9375,-8.8125,-77.3125,-20.0,-1.0,-5.0,0x684a
1675370700.4417448,8960.0,4627.0,722.0,125.75,-9.0625,105.5,9.0,3.0,-3.0,0x683f
1675370700.554742,9717.0,4674.0,1352.0,262.875,-8.8125,-76.875,-15.0,1.0,-9.0,0x684a
1675370700.667153,8979.0,4630.0,768.0,125.0,-9.0625,105.4375,0.0,2.0,-16.0,0x683f
1675370700.779424,9717.0,4654.0,1340.0,262.875,-8.8125,-76.5,-8.0,1.0,2.0,0x684a
1675370700.8926039,8979.0,4606.0,731.0,124.0,-9.125,105.4375,16.0,-2.0,-8.0,0x683f
1675370701.007266,9767.0,4657.0,1435.0,263.0,-8.8125,-76.25,-12.0,9.0,8.0,0x684a
1675370701.121525,8949.0,4614.0,767.0,123.4375,-9.1875,105.4375,13.0,3.0,-12.0,0x683f
1675370701.23374,9704.0,4683.0,1452.0,262.875,-9.125,-76.6875,-14.0,1.0,-4.0,0x684a
1675370701.346504,8919.0,4557.0,608.0,123.0625,-9.25,105.4375,2.0,-2.0,-7.0,0x683f
1675370701.4618409,9750.0,4766.0,1765.0,262.75,-9.25,-76.75,-13.0,0.0,-7.0,0x684a
1675370701.572747,8667.0,4226.0,106.0,122.4375,-9.3125,105.4375,1.0,-3.0,-14.0,0x683f
1675370701.687605,9744.0,4909.0,1408.0,263.3125,-9.0625,-76.25,-4.0,4.0,14.0,0x684a
1675370701.800867,8729.0,4204.0,129.0,121.9375,-9.4375,105.5,14.0,3.0,-9.0,0x683f
1675370701.915089,9503.0,4684.0,530.0,263.1875,-9.1875,-76.1875,1.0,-24.0,17.0,0x684a
1675370702.032199,8871.0,4438.0,425.0,120.875,-9.8125,105.375,7.0,-4.0,-16.0,0x683f
1675370702.1457942,9641.0,4786.0,1046.0,263.4375,-9.1875,-76.0625,-9.0,2.0,-4.0,0x684a
1675370702.260232,8886.0,4454.0,363.0,121.0,-9.5625,105.3125,21.0,-1.0,-16.0,0x683f
1675370702.374985,9755.0,4711.0,1436.0,265.3125,-9.3125,-76.625,18.0,-3.0,2.0,0x684a
1675370702.489671,8989.0,4603.0,618.0,122.625,-9.625,104.875,49.0,-19.0,-18.0,0x683f
1675370702.6051211,9788.0,4531.0,1091.0,268.5,-10.25,-77.9375,14.0,-21.0,3.0,0x684a
1675370702.717729,8937.0,4862.0,913.0,127.75,-9.5,101.4375,146.0,-73.0,0.0,0x683f
1675370702.8315678,9719.0,4442.0,894.0,275.3125,-7.9375,-82.75,-99.0,54.0,-13.0,0x684a
1675370702.945348,8696.0,4791.0,836.0,143.25,-8.875,95.3125,219.0,-80.0,48.0,0x683f
1675370703.0551198,10156.0,3899.0,679.0,297.3125,-10.1875,-81.375,-102.0,1.0,-133.0,0x684a
1675370703.167221,8469.0,4678.0,531.0,163.3125,-10.375,90.5625,110.0,15.0,0.0,0x683f
1675370703.278847,8856.0,4265.0,506.0,326.0,-8.375,-75.375,-120.0,-18.0,-107.0,0x684a
1675370703.392967,8443.0,4798.0,574.0,183.4375,-15.75,85.5625,127.0,4.0,88.0,0x683f
1675370703.505899,8688.0,4701.0,1124.0,350.125,-4.125,-72.0,-110.0,186.0,-173.0,0x684a
1675370703.6178792,8302.0,5103.0,806.0,198.625,-21.6875,91.8125,-47.0,-208.0,-97.0,0x683f
1675370703.7303622,8376.0,4975.0,1104.0,14.5625,-2.8125,-76.0625,69.0,-99.0,-52.0,0x684a
1675370703.843689,8152.0,5261.0,1072.0,217.875,-32.9375,95.5625,-9.0,141.0,-99.0,0x683f
1675370703.9555268,7735.0,4822.0,234.0,41.625,-5.9375,-80.1875,-11.0,33.0,54.0,0x684a
1675370704.069878,7964.0,5311.0,855.0,227.125,-41.0,103.125,-42.0,106.0,-72.0,0x683f
1675370704.186177,8091.0,5041.0,1013.0,53.6875,-8.625,-83.375,-197.0,395.0,150.0,0x684a
1675370704.299367,7677.0,5791.0,419.0,240.5,-37.0,104.3125,-515.0,18.0,-13.0,0x683f
1675370704.414098,7575.0,4958.0,986.0,67.3125,-12.5,-77.0625,1.0,-93.0,-42.0,0x684a
1675370704.527353,7457.0,5626.0,749.0,204.75,-73.3125,114.875,311.0,-97.0,-67.0,0x683f
1675370704.640367,7159.0,5357.0,627.0,69.8125,-5.6875,-78.3125,-127.0,-51.0,76.0,0x684a
1675370704.750443,7274.0,5757.0,482.0,172.1875,-76.125,-113.0,-8.0,87.0,-53.0,0x683f
1675370704.8636549,6925.0,5376.0,298.0,62.4375,-1.5,-73.375,164.0,104.0,-53.0,0x684a
1675370704.976757,7192.0,5422.0,1523.0,131.75,-51.8125,-88.0,-65.0,-108.0,-234.0,0x683f
1675370705.106814,6961.0,5063.0,967.0,54.4375,-4.125,-70.875,3.0,-186.0,-11.0,0x684a
1675370705.220006,6641.0,4990.0,770.0,84.0625,-37.75,-66.125,55.0,-176.0,57.0,0x683f
1675370705.334204,6731.0,5475.0,1044.0,58.625,-8.75,-74.0625,-203.0,419.0,108.0,0x684a
1675370705.447994,6693.0,5195.0,1504.0,75.875,-37.3125,-76.4375,-104.0,-198.0,-76.0,0x683f
1675370705.562269,6509.0,5444.0,1007.0,61.375,-4.125,-70.875,-8.0,44.0,-104.0,0x684a
1675370705.675447,6240.0,5687.0,963.0,86.625,-35.25,-81.1875,76.0,-88.0,43.0,0x683f
1675370705.7882838,6355.0,5429.0,1279.0,65.125,4.375,-75.0,-185.0,92.0,44.0,0x684a
1675370705.90448,6029.0,5780.0,1027.0,95.375,-33.125,-80.0625,4.0,-177.0,50.0,0x683f
1675370706.019178,6167.0,5482.0,1255.0,72.3125,0.0625,-71.625,-112.0,-47.0,-37.0,0x684a
1675370706.1332,6007.0,5446.0,1022.0,129.3125,-43.375,-79.375,-60.0,-158.0,37.0,0x683f
1675370706.245308,5605.0,5800.0,993.0,84.125,-3.5,-75.375,22.0,80.0,80.0,0x684a
1675370706.3579671,5723.0,6047.0,878.0,198.25,-38.4375,-18.875,241.0,-172.0,261.0,0x683f
1675370706.476667,5530.0,5810.0,1172.0,94.6875,-5.3125,-74.125,-208.0,226.0,-308.0,0x684a
1675370706.5928042,5720.0,5941.0,1091.0,235.6875,-29.8125,6.8125,88.0,45.0,-50.0,0x683f
1675370706.705965,5635.0,5451.0,1416.0,97.75,2.5625,-75.0625,-122.0,14.0,129.0,0x684a
1675370706.821292,5473.0,6127.0,1185.0,250.9375,-36.0,12.625,-47.0,119.0,-32.0,0x683f
1675370706.935383,5438.0,5634.0,1431.0,94.5625,3.9375,-75.5625,-71.0,458.0,48.0,0x684a
1675370707.053994,5332.0,6271.0,1058.0,260.75,-36.5625,15.1875,-55.0,10.0,65.0,0x683f
1675370707.1708622,5087.0,6059.0,1210.0,94.0,1.0,-74.4375,38.0,-5.0,-58.0,0x684a
1675370707.2847319,5032.0,6545.0,912.0,269.25,-35.0,30.5,70.0,-63.0,16.0,0x683f
1675370707.4021041,4639.0,6643.0,967.0,98.1875,-4.125,-78.625,-14.0,-65.0,-24.0,0x684a
1675370707.5137842,5076.0,6724.0,787.0,281.25,-31.625,36.875,44.0,-25.0,-78.0,0x683f
1675370707.625025,4642.0,6370.0,826.0,97.75,-3.0,-83.4375,-187.0,76.0,-67.0,0x684a
1675370707.737756,5019.0,6530.0,751.0,294.25,-26.875,38.0,2.0,-160.0,-41.0,0x683f
1675370707.8524768,4954.0,6122.0,1311.0,84.8125,4.0625,-81.1875,-60.0,34.0,-200.0,0x684a
1675370707.964857,5041.0,6640.0,779.0,298.25,-25.75,35.4375,55.0,-137.0,-87.0,0x683f
1675370708.079076,4899.0,6325.0,1209.0,91.5625,3.1875,-82.3125,-20.0,-8.0,-185.0,0x684a
1675370708.192769,5059.0,6676.0,686.0,297.0625,-22.625,31.4375,31.0,-164.0,-35.0,0x683f
1675370708.307132,4993.0,6359.0,1268.0,124.0625,-2.75,-83.8125,-11.0,-4.0,-1.0,0x684a
1675370708.4189298,4979.0,6769.0,693.0,298.9375,-22.8125,30.0,-1.0,-24.0,-16.0,0x683f
1675370708.5293682,4950.0,6402.0,1250.0,113.625,1.25,-83.875,-54.0,16.0,-44.0,0x684a
1675370708.641234,4988.0,6576.0,605.0,304.5,-23.3125,31.375,58.0,31.0,38.0,0x683f
1675370708.75327,4998.0,6353.0,1293.0,112.1875,2.1875,-85.75,-61.0,-12.0,28.0,0x684a
1675370708.868414,5004.0,6539.0,771.0,305.8125,-26.0625,31.4375,-3.0,2.0,0.0,0x683f
1675370708.983007,5021.0,6402.0,1228.0,118.25,-0.0625,-84.75,-34.0,8.0,-3.0,0x684a
1675370709.0958521,5129.0,6614.0,758.0,301.375,-25.3125,30.0625,75.0,23.0,9.0,0x683f
1675370709.206911,4980.0,6397.0,1238.0,116.75,0.6875,-85.0625,-44.0,-1.0,9.0,0x684a
1675370709.319374,4943.0,6486.0,977.0,302.25,-25.75,29.4375,5.0,61.0,-2.0,0x683f
1675370709.432301,4989.0,6343.0,1226.0,118.25,0.0,-84.875,-23.0,-2.0,5.0,0x684a
1675370709.546331,4889.0,6939.0,799.0,303.0625,-20.625,30.4375,39.0,-3.0,104.0,0x683f
1675370709.656182,4972.0,6353.0,1259.0,119.25,-0.125,-84.75,-17.0,-3.0,2.0,0x684a
1675370709.7683709,4873.0,6503.0,993.0,306.4375,-21.6875,30.125,243.0,-20.0,3.0,0x683f
1675370709.878958,4994.0,6341.0,1226.0,120.0625,-0.25,-84.6875,-20.0,3.0,6.0,0x684a
1675370709.992534,4940.0,6464.0,811.0,308.5,-23.375,32.1875,0.0,-41.0,-20.0,0x683f
1675370710.104057,5004.0,6340.0,1185.0,121.5,-0.5,-84.4375,-16.0,-3.0,1.0,0x684a
1675370710.2159722,4926.0,6462.0,882.0,309.3125,-23.9375,33.3125,23.0,-7.0,9.0,0x683f
1675370710.331242,4998.0,6345.0,1177.0,122.1875,-0.125,-84.5625,-11.0,-9.0,16.0,0x684a
1675370710.446086,4911.0,6493.0,827.0,309.375,-23.75,35.1875,23.0,-52.0,25.0,0x683f
