1677696164.905008,8582.0,2891.0,-391.0,6.4375,-5.75,71.375,-119.0,-926.0,314.0,-1.0,-1.75,1.875,-20.0,-1.0,3.0,0x683f
1677696164.968122,8588.0,2929.0,-389.0,6.5625,-5.75,71.375,-99.0,-913.0,307.0,0.1875,0.75,-4.875,0.0,11.0,-4.0,0x683f
1677696165.031657,8610.0,2840.0,-328.0,6.75,-5.75,71.375,-95.0,-920.0,305.0,-1.625,-0.6875,2.75,2.0,4.0,-5.0,0x683f
1677696165.09166,8641.0,2883.0,-327.0,7.0625,-5.75,71.5,-116.0,-928.0,303.0,-1.125,-1.0625,2.375,-23.0,0.0,-5.0,0x683f
1677696165.151793,8598.0,2873.0,-364.0,7.1875,-5.75,71.5625,-109.0,-926.0,302.0,-0.4375,1.125,-2.1875,-7.0,3.0,-2.0,0x683f
1677696165.213701,8590.0,2897.0,-352.0,7.1875,-5.75,71.5625,-98.0,-925.0,309.0,-0.0625,-1.0,-1.625,0.0,-1.0,0.0,0x683f
1677696165.269162,8566.0,2877.0,-375.0,7.125,-5.75,71.5625,-102.0,-923.0,308.0,-0.875,-0.0625,0.125,-6.0,1.0,2.0,0x683f
1677696165.328741,8607.0,2877.0,-368.0,7.1875,-5.6875,71.5625,-106.0,-922.0,306.0,1.375,-0.8125,-0.625,-8.0,3.0,-2.0,0x683f
1677696165.3886862,8606.0,2866.0,-368.0,7.25,-5.625,71.4375,-110.0,-921.0,303.0,0.8125,-0.6875,-0.9375,-13.0,4.0,-5.0,0x683f
1677696165.449302,8331.0,3245.0,4337.0,7.1875,-5.5625,71.4375,-97.0,-919.0,306.0,-0.625,0.6875,-3.125,-1.0,5.0,-4.0,0x683f
1677696165.511245,8333.0,3285.0,4348.0,7.1875,-5.5625,71.4375,-97.0,-920.0,307.0,-0.5,-0.25,-1.6875,-2.0,4.0,-2.0,0x683f
1677696165.5763578,8305.0,3366.0,4401.0,7.125,-5.5,71.4375,-103.0,-923.0,310.0,-0.5,-0.625,0.125,-8.0,2.0,0.0,0x683f
1677696165.63806,8336.0,3322.0,4371.0,7.1875,-5.5,71.4375,-98.0,-917.0,304.0,-0.625,-0.5,-0.375,-3.0,8.0,-6.0,0x683f
1677696165.696657,8320.0,3271.0,4354.0,7.1875,-5.5,71.4375,-102.0,-920.0,303.0,0.75,-0.75,-0.875,-8.0,5.0,-6.0,0x683f
1677696165.757836,8326.0,3272.0,4324.0,7.125,-5.4375,71.4375,-99.0,-915.0,311.0,0.625,0.4375,-3.1875,-6.0,10.0,0.0,0x683f
1677696165.816962,8317.0,3272.0,4370.0,7.0,-5.375,71.375,-90.0,-918.0,306.0,0.125,-0.5,0.4375,1.0,7.0,-4.0,0x683f
1677696165.875833,8331.0,3242.0,4344.0,7.125,-5.375,71.4375,-102.0,-924.0,310.0,-1.125,-1.9375,3.1875,-9.0,0.0,0.0,0x683f
1677696165.935713,8331.0,3217.0,4338.0,7.25,-5.3125,71.4375,-107.0,-920.0,305.0,0.4375,-0.3125,0.5,-15.0,5.0,-4.0,0x683f
1677696165.992803,8326.0,3248.0,4343.0,6.9375,-5.375,71.4375,-96.0,-921.0,305.0,0.3125,0.75,-2.1875,-4.0,4.0,-3.0,0x683f
1677696166.051567,8323.0,3244.0,4318.0,6.875,-5.3125,71.4375,-94.0,-924.0,308.0,1.0,-0.5,0.0,-1.0,5.0,-4.0,0x683f
1677696166.110462,8327.0,3274.0,4308.0,6.8125,-5.3125,71.4375,-95.0,-921.0,310.0,-0.3125,0.125,0.4375,-4.0,4.0,0.0,0x683f
1677696166.171526,8300.0,3308.0,4390.0,6.625,-5.3125,71.4375,-104.0,-922.0,308.0,0.4375,0.8125,-1.3125,-13.0,3.0,-2.0,0x683f
1677696166.232532,8326.0,3256.0,4289.0,6.3125,-5.375,71.4375,-98.0,-923.0,307.0,-0.8125,1.0625,-0.875,-6.0,2.0,-3.0,0x683f
1677696166.293091,8273.0,3276.0,4336.0,6.25,-5.375,71.4375,-96.0,-924.0,308.0,0.25,-0.25,0.75,-3.0,1.0,-1.0,0x683f
1677696166.355795,8269.0,3278.0,4344.0,6.375,-5.375,71.4375,-103.0,-923.0,307.0,0.3125,-1.25,0.1875,-12.0,4.0,-3.0,0x683f
1677696166.41627,8302.0,3274.0,4371.0,6.1875,-5.3125,71.4375,-106.0,-919.0,303.0,0.3125,-0.75,0.1875,-5.0,6.0,-1.0,0x683f
1677696166.477993,8360.0,3370.0,4368.0,6.0625,-5.25,71.4375,-101.0,-923.0,310.0,-0.875,-0.6875,-0.875,-10.0,2.0,0.0,0x683f
1677696166.537823,8285.0,3304.0,4360.0,5.875,-5.1875,71.4375,-102.0,-921.0,302.0,0.375,-0.1875,-2.9375,-7.0,8.0,-4.0,0x683f
1677696166.597044,8306.0,3257.0,4342.0,5.75,-5.1875,71.4375,-96.0,-925.0,307.0,-0.375,0.3125,-1.8125,-7.0,1.0,-4.0,0x683f
1677696166.6530292,8343.0,3311.0,4364.0,5.5625,-5.125,71.4375,-95.0,-921.0,309.0,0.25,0.0625,-1.0625,-7.0,4.0,0.0,0x683f
1677696166.712642,8334.0,3277.0,4349.0,5.375,-5.125,71.4375,-100.0,-920.0,302.0,0.5,0.5,-2.5,-7.0,6.0,-2.0,0x683f
1677696166.777386,8360.0,3380.0,4381.0,4.875,-5.125,71.4375,-90.0,-924.0,306.0,0.3125,-0.1875,-0.375,-4.0,4.0,-7.0,0x683f
1677696166.83743,8318.0,3312.0,4333.0,4.6875,-5.125,71.4375,-88.0,-922.0,310.0,0.5,0.5,-1.75,-1.0,4.0,0.0,0x683f
1677696166.898782,8317.0,3327.0,4342.0,4.5,-5.0625,71.375,-95.0,-921.0,307.0,0.4375,-1.0,0.9375,-13.0,7.0,-3.0,0x683f
1677696166.958076,8333.0,3289.0,4335.0,4.4375,-5.0625,71.375,-98.0,-927.0,313.0,0.1875,-0.1875,0.625,-11.0,-1.0,2.0,0x683f
1677696167.018743,8333.0,3295.0,4344.0,4.1875,-5.0625,71.375,-96.0,-919.0,310.0,0.3125,-0.3125,-0.8125,-6.0,4.0,1.0,0x683f
1677696167.078825,8339.0,3263.0,4353.0,4.0625,-5.0625,71.3125,-97.0,-919.0,308.0,1.0625,-0.8125,-0.1875,-15.0,5.0,-5.0,0x683f
1677696167.143907,8268.0,3228.0,4331.0,4.125,-5.0,71.3125,-97.0,-922.0,310.0,0.3125,-0.875,0.625,-11.0,7.0,0.0,0x683f
1677696167.2063518,8333.0,3241.0,4324.0,4.1875,-5.0,71.3125,-100.0,-918.0,308.0,0.0625,0.0,-0.1875,-15.0,7.0,-4.0,0x683f
1677696167.2700422,8323.0,3290.0,4359.0,3.9375,-5.0,71.3125,-108.0,-917.0,313.0,-0.875,2.125,-3.0,-22.0,7.0,1.0,0x683f
1677696167.337495,8320.0,3246.0,4299.0,3.125,-5.1875,71.375,-91.0,-923.0,302.0,-1.5,4.0,-4.9375,3.0,-2.0,-5.0,0x683f
1677696167.398617,8354.0,3345.0,4379.0,2.875,-5.25,71.375,-82.0,-918.0,308.0,-0.75,-1.0,2.3125,-3.0,9.0,-7.0,0x683f
1677696167.459572,8269.0,3247.0,4354.0,2.6875,-5.1875,71.4375,-108.0,-922.0,310.0,-2.0,-1.5,3.0,-18.0,3.0,0.0,0x683f
1677696167.5214348,8326.0,3315.0,4356.0,2.375,-5.1875,71.5625,-103.0,-921.0,305.0,-2.375,-0.375,-0.625,-13.0,4.0,-3.0,0x683f
1677696167.584249,8277.0,3268.0,4328.0,2.125,-5.1875,71.6875,-100.0,-927.0,307.0,0.25,-0.5,-1.375,-6.0,2.0,-1.0,0x683f
1677696167.642524,8308.0,3381.0,4400.0,1.875,-5.1875,71.6875,-95.0,-925.0,304.0,0.3125,-0.4375,-0.5,-8.0,-3.0,-3.0,0x683f
1677696167.700762,8250.0,3305.0,4394.0,1.875,-5.125,71.625,-92.0,-915.0,304.0,-0.0625,-1.625,1.1875,-3.0,10.0,0.0,0x683f
1677696167.7618072,8316.0,3293.0,4392.0,1.75,-5.125,71.6875,-109.0,-923.0,302.0,1.0,-0.1875,-1.125,-21.0,3.0,-3.0,0x683f
1677696167.817822,8266.0,3307.0,4387.0,1.5,-5.125,71.625,-95.0,-920.0,312.0,0.5,0.4375,-2.8125,-7.0,6.0,4.0,0x683f
1677696167.8772302,8289.0,3366.0,4409.0,1.25,-5.0625,71.625,-94.0,-922.0,300.0,-0.5,0.125,-1.25,-1.0,4.0,-5.0,0x683f
1677696167.9376252,8292.0,3302.0,4366.0,1.0,-5.0625,71.625,-98.0,-921.0,307.0,-0.3125,-0.3125,-0.3125,-13.0,2.0,-6.0,0x683f
1677696167.997461,8270.0,3282.0,4343.0,1.0,-5.0625,71.625,-97.0,-922.0,305.0,-0.125,0.3125,-0.5625,-11.0,3.0,-3.0,0x683f
1677696168.057417,8233.0,3289.0,4401.0,0.9375,-5.125,71.625,-91.0,-922.0,301.0,-0.0625,0.875,-2.125,-3.0,4.0,-5.0,0x683f
1677696168.1161752,8311.0,3327.0,4336.0,0.625,-5.0625,71.625,-97.0,-923.0,301.0,-0.1875,-0.1875,-0.125,-5.0,3.0,-7.0,0x683f
1677696168.1748328,8312.0,3353.0,4443.0,0.4375,-5.125,71.625,-95.0,-925.0,303.0,-0.1875,-0.9375,1.8125,-8.0,1.0,-3.0,0x683f
1677696168.230616,8289.0,3383.0,4414.0,0.25,-5.125,71.625,-100.0,-921.0,304.0,-0.0625,-0.625,2.0625,-15.0,1.0,-2.0,0x683f
1677696168.290793,8266.0,3307.0,4387.0,0.3125,-5.125,71.625,-102.0,-922.0,305.0,0.5,-0.0625,-0.125,-14.0,4.0,-2.0,0x683f
1677696168.3513432,8287.0,3302.0,4396.0,0.1875,-5.125,71.625,-95.0,-921.0,306.0,0.125,-0.1875,0.75,-8.0,5.0,-1.0,0x683f
1677696168.411572,8250.0,3312.0,4392.0,0.0,-5.1875,71.625,-102.0,-924.0,301.0,0.6875,-0.375,1.0625,-16.0,3.0,-6.0,0x683f
1677696168.4695191,8301.0,3360.0,4382.0,359.9375,-5.1875,71.625,-105.0,-924.0,301.0,-0.0625,-0.5625,-0.1875,-17.0,2.0,-6.0,0x683f
1677696168.527462,8244.0,3297.0,4371.0,359.8125,-5.1875,71.625,-90.0,-923.0,308.0,0.0625,-0.5,0.0,-1.0,3.0,2.0,0x683f
1677696168.587254,8303.0,3337.0,4388.0,359.6875,-5.1875,71.625,-106.0,-923.0,300.0,0.5,0.0625,-0.125,-17.0,4.0,-6.0,0x683f
1677696168.6474822,8299.0,3322.0,4407.0,359.4375,-5.1875,71.625,-96.0,-924.0,301.0,0.5625,0.5625,-2.25,-7.0,2.0,-5.0,0x683f
1677696168.707693,8305.0,3356.0,4392.0,359.25,-5.125,71.625,-102.0,-926.0,304.0,0.0,0.4375,-2.5,-11.0,0.0,0.0,0x683f
1677696168.765901,8292.0,3347.0,4397.0,358.9375,-5.125,71.5625,-96.0,-921.0,306.0,0.5,0.5,-2.3125,-8.0,5.0,-2.0,0x683f
1677696168.824169,8281.0,3320.0,4353.0,358.8125,-5.0625,71.5625,-94.0,-923.0,301.0,0.0625,1.0,-2.1875,-7.0,2.0,-7.0,0x683f
1677696168.883818,8265.0,3330.0,4409.0,358.6875,-5.0625,71.5625,-96.0,-921.0,304.0,0.25,-0.25,0.1875,-9.0,5.0,-3.0,0x683f
1677696168.941549,8288.0,3292.0,4391.0,358.5625,-5.0625,71.5625,-99.0,-923.0,308.0,-0.1875,-0.1875,-0.625,-13.0,3.0,-2.0,0x683f
1677696168.996746,8339.0,3450.0,4434.0,358.375,-5.0625,71.5625,-87.0,-922.0,307.0,-0.6875,0.25,-0.75,0.0,4.0,-1.0,0x683f
1677696169.0521019,8259.0,3317.0,4433.0,358.125,-5.0625,71.5625,-94.0,-923.0,310.0,0.5625,-0.0625,0.1875,-7.0,2.0,1.0,0x683f
1677696169.106483,8249.0,3300.0,4431.0,357.875,-5.0625,71.5625,-97.0,-919.0,311.0,-0.625,0.0,-0.3125,-10.0,7.0,3.0,0x683f
1677696169.161613,8280.0,3347.0,4412.0,357.75,-5.0625,71.5625,-94.0,-921.0,304.0,0.75,-0.0625,-1.9375,-7.0,5.0,-4.0,0x683f
1677696169.215484,8291.0,3278.0,4372.0,357.6875,-5.0,71.5,-88.0,-918.0,309.0,-0.6875,0.0625,-1.0,-2.0,8.0,0.0,0x683f
1677696169.268088,8241.0,3295.0,4429.0,357.6875,-5.0,71.5625,-99.0,-921.0,301.0,0.0,0.0625,-0.0625,-14.0,6.0,-9.0,0x683f
1677696169.321078,8270.0,3342.0,4433.0,357.6875,-5.0,71.5625,-101.0,-921.0,308.0,-0.875,0.0625,-1.4375,-15.0,5.0,0.0,0x683f
1677696169.375956,8253.0,3324.0,4428.0,357.5625,-5.0,71.5625,-90.0,-919.0,299.0,-0.25,1.25,-0.6875,-3.0,7.0,-8.0,0x683f
1677696169.429535,8274.0,3286.0,4383.0,357.375,-5.0625,71.625,-93.0,-925.0,307.0,-1.0625,-0.4375,1.875,-9.0,0.0,2.0,0x683f
1677696169.483548,8272.0,3359.0,4429.0,357.1875,-5.0625,71.625,-99.0,-918.0,302.0,0.8125,-0.4375,0.5,-12.0,8.0,-4.0,0x683f
1677696169.541478,8267.0,3300.0,4382.0,356.9375,-5.0,71.625,-92.0,-919.0,305.0,-1.375,0.25,-0.25,-8.0,4.0,-3.0,0x683f
1677696169.598738,8294.0,3292.0,4393.0,356.8125,-5.0,71.6875,-106.0,-930.0,305.0,0.0,-0.6875,-3.3125,-20.0,-2.0,-1.0,0x683f
1677696169.656335,8305.0,3302.0,4378.0,356.4375,-4.9375,71.625,-81.0,-924.0,304.0,0.1875,0.0,-4.5,4.0,2.0,-2.0,0x683f
1677696169.716546,8305.0,3302.0,4378.0,356.0,-4.875,71.5625,-100.0,-922.0,311.0,2.1875,0.75,-7.625,-17.0,4.0,2.0,0x683f
1677696169.778016,8288.0,3261.0,4337.0,355.6875,-4.8125,71.5,-89.0,-915.0,301.0,-1.125,1.0625,-2.6875,-6.0,10.0,-8.0,0x683f
1677696169.836612,8323.0,3278.0,4363.0,355.25,-4.875,71.5,-103.0,-922.0,309.0,-0.1875,2.125,-2.1875,-19.0,4.0,0.0,0x683f
1677696169.89328,8279.0,3254.0,4333.0,355.0625,-4.875,71.4375,-94.0,-922.0,309.0,2.0,3.5625,-7.625,-10.0,3.0,-1.0,0x683f
1677696169.952259,8333.0,3297.0,4355.0,354.375,-5.0,71.1875,-116.0,-918.0,308.0,3.6875,5.125,-14.1875,-26.0,1.0,-10.0,0x683f
1677696170.013122,8334.0,3295.0,4294.0,353.375,-5.125,70.9375,-76.0,-928.0,319.0,2.625,7.0,-15.0625,11.0,0.0,3.0,0x683f
1677696170.07258,8340.0,3278.0,4304.0,352.5,-5.25,70.75,-107.0,-924.0,321.0,0.0,6.875,-10.4375,-22.0,-10.0,-11.0,0x683f
1677696170.129697,8346.0,3287.0,4292.0,351.5,-5.5,70.625,-97.0,-918.0,315.0,4.0,8.5,-16.625,-5.0,14.0,-4.0,0x683f
1677696170.185945,8364.0,3332.0,4360.0,350.25,-5.6875,70.3125,-96.0,-907.0,318.0,3.5625,7.5,-11.6875,0.0,11.0,-10.0,0x683f
1677696170.241237,8341.0,3318.0,4308.0,349.75,-5.75,70.1875,-107.0,-919.0,327.0,-1.25,3.125,-6.25,-8.0,-1.0,-2.0,0x683f
1677696170.2994618,8402.0,3365.0,4350.0,349.375,-5.8125,70.125,-115.0,-916.0,326.0,1.0,4.1875,-8.625,-15.0,0.0,-5.0,0x683f
1677696170.357802,8346.0,3356.0,4336.0,348.9375,-5.875,69.9375,-104.0,-906.0,319.0,2.0625,3.3125,-2.1875,-2.0,9.0,-14.0,0x683f
1677696170.41761,8329.0,3265.0,4340.0,348.875,-6.0,70.0,-106.0,-906.0,333.0,-2.8125,1.625,1.625,-2.0,10.0,0.0,0x683f
1677696170.479199,8397.0,3280.0,4253.0,349.0625,-6.0625,70.0,-150.0,-916.0,304.0,2.1875,0.8125,2.9375,-40.0,-5.0,-28.0,0x683f
1677696170.540708,8346.0,3306.0,4302.0,349.0,-6.25,69.9375,-102.0,-905.0,331.0,-3.75,2.8125,4.5,0.0,0.0,-3.0,0x683f
1677696170.602518,8345.0,3329.0,4333.0,349.375,-6.4375,70.1875,-126.0,-905.0,336.0,-2.625,0.4375,6.875,-16.0,11.0,6.0,0x683f
1677696170.6609678,8391.0,3366.0,4259.0,349.4375,-6.6875,70.375,-164.0,-916.0,330.0,-2.125,1.8125,0.375,-50.0,1.0,4.0,0x683f
1677696170.719753,8310.0,3267.0,4256.0,348.75,-6.9375,70.25,-205.0,-1048.0,455.0,20.4375,30.0625,-17.625,-69.0,-131.0,115.0,0x683f
1677696170.782603,8323.0,3249.0,4105.0,344.875,-10.1875,67.25,-209.0,-831.0,476.0,38.5625,60.9375,8.125,-30.0,14.0,63.0,0x683f
1677696170.845804,8394.0,3214.0,4055.0,342.125,-13.875,65.8125,-477.0,-1073.0,467.0,21.875,52.75,11.625,-242.0,-204.0,78.0,0x683f
1677696170.9063098,8374.0,3243.0,4012.0,339.3125,-16.9375,63.3125,-688.0,-1010.0,453.0,45.1875,102.4375,-10.25,-388.0,-180.0,25.0,0x683f
1677696170.967351,10157.0,4955.0,2088.0,333.875,-22.75,59.6875,-301.0,-749.0,471.0,43.0,122.8125,19.9375,112.0,10.0,-53.0,0x683f
1677696171.030716,8480.0,3192.0,3921.0,330.125,-29.5,57.3125,-490.0,-662.0,305.0,2.1875,50.3125,50.9375,-127.0,-31.0,-156.0,0x683f
1677696171.0931048,8336.0,3207.0,4009.0,327.8125,-33.5,57.9375,-945.0,-814.0,215.0,-38.5625,87.1875,8.375,-391.0,-116.0,-222.0,0x683f
1677696171.151702,9019.0,3952.0,2385.0,320.375,-37.875,59.5,-1136.0,-765.0,138.0,-127.25,87.375,-20.3125,-533.0,-95.0,-271.0,0x683f
1677696171.2127109,8355.0,3108.0,3894.0,309.8125,-43.0,66.8125,-1029.0,-732.0,-24.0,-172.6875,144.625,-1.3125,-359.0,-73.0,-306.0,0x683f
1677696171.2766411,8728.0,3160.0,3887.0,291.625,-52.375,69.3125,-788.0,-443.0,66.0,-96.5625,176.6875,-94.3125,2.0,133.0,-126.0,0x683f
1677696171.3333912,8531.0,2320.0,3654.0,276.5,-58.3125,58.875,-712.0,-352.0,122.0,-38.25,147.25,-138.25,118.0,69.0,-141.0,0x683f
1677696171.387862,10069.0,3771.0,2603.0,266.125,-58.5,41.875,-521.0,-193.0,195.0,-9.625,97.75,-138.25,294.0,149.0,-175.0,0x683f
1677696171.445462,8543.0,1577.0,2930.0,261.1875,-54.625,32.8125,-602.0,-263.0,284.0,-28.75,30.875,-152.0,197.0,44.0,-191.0,0x683f
1677696171.506804,8778.0,2367.0,3762.0,258.625,-48.9375,30.875,-509.0,-502.0,342.0,-56.9375,-16.875,-96.6875,220.0,-164.0,-218.0,0x683f
1677696171.569418,8706.0,1748.0,1248.0,257.1875,-42.8125,29.5625,-432.0,-540.0,469.0,21.6875,-4.6875,-142.5,204.0,-186.0,-168.0,0x683f
1677696171.629693,8726.0,2064.0,3675.0,256.0,-34.0625,24.4375,-286.0,-487.0,722.0,39.6875,3.125,-133.875,224.0,-168.0,2.0,0x683f
1677696171.6901162,8852.0,2947.0,3919.0,255.125,-27.75,20.8125,-268.0,-553.0,996.0,32.75,-4.3125,-84.5625,177.0,-255.0,185.0,0x683f
1677696171.748829,8753.0,2160.0,3741.0,255.5,-25.0625,18.5,-368.0,-407.0,910.0,13.375,-29.9375,-18.375,46.0,-124.0,68.0,0x683f
1677696171.822853,8796.0,2282.0,3746.0,257.5625,-24.125,19.875,-864.0,-770.0,935.0,5.5625,-12.8125,19.9375,-463.0,-465.0,93.0,0x683f
1677696171.8823638,8890.0,2951.0,3791.0,252.625,-20.3125,15.4375,-500.0,-227.0,710.0,-0.4375,47.375,-126.625,-111.0,91.0,-116.0,0x683f
1677696171.943348,8879.0,2817.0,3840.0,250.1875,-15.375,15.8125,-248.0,-133.0,1117.0,-37.0625,1.9375,-47.3125,24.0,146.0,199.0,0x683f
1677696172.005919,8846.0,2651.0,3791.0,250.5625,-15.125,17.8125,-359.0,-212.0,873.0,-37.5,-19.5,4.6875,-166.0,-20.0,-88.0,0x683f
1677696172.068696,8866.0,2819.0,3876.0,249.3125,-13.5625,19.75,-249.0,-367.0,761.0,-25.3125,-1.8125,-58.125,-36.0,-36.0,-136.0,0x683f
1677696172.126676,8902.0,2738.0,3803.0,246.9375,-9.75,20.3125,-123.0,-459.0,922.0,11.125,12.25,-55.375,34.0,-125.0,14.0,0x683f
1677696172.1883829,8885.0,2764.0,3846.0,244.6875,-8.625,17.8125,-167.0,-324.0,976.0,64.9375,15.8125,14.375,-17.0,-37.0,50.0,0x683f
1677696172.2490828,8895.0,2708.0,3767.0,243.5625,-9.4375,15.0625,-155.0,-238.0,895.0,41.0625,-31.8125,22.125,3.0,-12.0,-28.0,0x683f
1677696172.3103528,8835.0,2725.0,3851.0,243.0,-10.875,12.0,-71.0,-222.0,989.0,68.5625,-11.0625,52.3125,141.0,-74.0,68.0,0x683f
1677696172.372394,8797.0,2760.0,3855.0,242.0,-15.5625,6.8125,-336.0,-117.0,1101.0,89.375,9.1875,97.75,-72.0,-4.0,163.0,0x683f
1677696172.434253,8722.0,2697.0,3948.0,241.5,-22.75,2.375,-309.0,-260.0,1212.0,75.6875,-24.5,172.75,135.0,-251.0,306.0,0x683f
1677696172.494273,9026.0,2849.0,3937.0,245.1875,-34.8125,-1.375,-252.0,-210.0,1050.0,99.6875,-55.625,251.4375,318.0,-232.0,218.0,0x683f
1677696172.558811,8894.0,3052.0,3878.0,250.875,-51.3125,-4.0,-556.0,-273.0,597.0,108.5,-74.8125,267.5,236.0,-317.0,22.0,0x683f
1677696172.621681,8747.0,2931.0,3773.0,260.0625,-67.875,-5.5625,-513.0,-87.0,273.0,122.0,-75.75,233.6875,394.0,-123.0,-94.0,0x683f
1677696172.6864488,8625.0,2974.0,3845.0,270.0625,-79.4375,0.1875,-832.0,-55.0,-113.0,132.9375,-71.625,121.125,136.0,-16.0,-309.0,0x683f
1677696172.748551,8490.0,2956.0,3804.0,280.6875,-83.625,3.5625,-726.0,4.0,-308.0,92.4375,-88.25,92.625,247.0,78.0,-385.0,0x683f
1677696172.806387,8809.0,3285.0,3901.0,291.25,-81.8125,91.4375,-1215.0,-257.0,-581.0,90.1875,-57.5,81.4375,-246.0,-108.0,-566.0,0x683f
1677696172.865649,8530.0,3045.0,3969.0,297.8125,-79.5625,98.4375,-1106.0,-222.0,-401.0,49.125,-17.3125,-21.0,-142.0,-44.0,-380.0,0x683f
1677696172.927443,8561.0,3064.0,3931.0,302.0625,-77.875,86.6875,-1070.0,-334.0,-202.0,51.9375,-48.5625,-66.25,-113.0,-121.0,-226.0,0x683f
1677696172.983671,8575.0,3146.0,3954.0,305.3125,-74.4375,60.1875,-1094.0,-288.0,-43.0,55.0625,28.75,-189.4375,-153.0,-65.0,-206.0,0x683f
1677696173.03999,8650.0,3197.0,4020.0,301.75,-67.75,26.375,-873.0,-74.0,260.0,18.375,60.375,-189.875,33.0,90.0,-71.0,0x683f
1677696173.0962088,8707.0,3220.0,4027.0,298.5,-59.3125,15.0625,-809.0,-14.0,485.0,-15.3125,17.25,-154.125,34.0,115.0,3.0,0x683f
1677696173.156926,9022.0,3434.0,3989.0,297.1875,-54.25,14.6875,-968.0,-78.0,506.0,-33.375,-7.625,-51.6875,-177.0,71.0,-53.0,0x683f
1677696173.218019,9732.0,4321.0,2519.0,296.4375,-49.5,15.9375,-759.0,-214.0,601.0,-22.6875,-7.8125,-105.1875,-25.0,-35.0,-23.0,0x683f
1677696173.279831,8693.0,3193.0,4036.0,295.875,-45.375,15.5625,-737.0,-209.0,747.0,17.625,13.125,-17.8125,-41.0,-27.0,80.0,0x683f
1677696173.338252,8690.0,3209.0,4032.0,295.5625,-45.0,14.5625,-709.0,-202.0,724.0,-1.0625,2.125,4.0625,-15.0,-27.0,54.0,0x683f
1677696173.398151,10336.0,4832.0,2397.0,295.4375,-45.1875,14.75,-796.0,-163.0,644.0,-18.1875,-1.75,-0.875,-99.0,14.0,-22.0,0x683f
1677696173.459053,8615.0,3161.0,3936.0,295.0,-45.0,16.125,-766.0,-200.0,641.0,-18.9375,-6.8125,-3.625,-72.0,-7.0,-23.0,0x683f
1677696173.517961,8562.0,3084.0,3945.0,294.9375,-44.8125,17.1875,-708.0,-247.0,612.0,-6.375,-0.25,-4.6875,-16.0,-41.0,-51.0,0x683f
1677696173.577316,8669.0,3128.0,3992.0,294.6875,-44.75,17.125,-725.0,-235.0,650.0,0.1875,7.0625,-3.875,-34.0,-31.0,-14.0,0x683f
1677696173.636134,8634.0,3118.0,3997.0,294.3125,-44.375,16.875,-760.0,-197.0,686.0,-8.25,-0.9375,-3.625,-75.0,8.0,15.0,0x683f
1677696173.693048,9861.0,4499.0,2416.0,294.1875,-44.375,17.5625,-723.0,-232.0,643.0,-6.0625,-4.0625,1.9375,-37.0,-19.0,-23.0,0x683f
1677696173.7524328,8778.0,3277.0,4057.0,294.3125,-44.5625,18.0625,-714.0,-251.0,662.0,-2.8125,-2.1875,7.9375,-19.0,-32.0,0.0,0x683f
1677696173.811166,8804.0,3277.0,4024.0,294.5,-45.3125,18.8125,-725.0,-228.0,696.0,-6.0625,-5.5625,24.875,-27.0,-5.0,44.0,0x683f
1677696173.870783,8906.0,3381.0,4060.0,295.0,-47.0625,20.3125,-763.0,-262.0,672.0,-6.875,-5.8125,49.0,-45.0,-30.0,46.0,0x683f
1677696173.929458,8937.0,3329.0,4052.0,295.125,-49.6875,21.25,-882.0,-228.0,602.0,23.0,19.6875,37.6875,-128.0,-2.0,17.0,0x683f
1677696173.98816,8972.0,3225.0,4068.0,294.8125,-51.8125,18.4375,-760.0,-69.0,598.0,24.375,16.3125,12.625,10.0,123.0,23.0,0x683f
1677696174.047856,8381.0,2906.0,3869.0,294.75,-53.0,18.5625,-885.0,-87.0,464.0,-8.9375,-0.5,-1.625,-101.0,101.0,-93.0,0x683f
1677696174.107593,8457.0,3008.0,3920.0,294.0625,-52.875,19.1875,-808.0,-121.0,447.0,-19.625,-1.4375,0.125,-26.0,75.0,-110.0,0x683f
1677696174.1681652,8461.0,3019.0,3889.0,293.4375,-52.75,21.125,-819.0,-231.0,480.0,-24.8125,-9.3125,-11.625,-21.0,-7.0,-82.0,0x683f
1677696174.230879,8505.0,3048.0,3917.0,292.875,-52.1875,22.1875,-816.0,-275.0,486.0,-8.1875,-0.3125,-5.3125,-28.0,-44.0,-62.0,0x683f
1677696174.29794,8590.0,3048.0,3873.0,292.5,-51.1875,22.3125,-779.0,-267.0,533.0,-11.9375,-6.625,-11.0,-9.0,-39.0,-38.0,0x683f
1677696174.364015,8599.0,3081.0,3902.0,291.4375,-50.625,23.125,-858.0,-302.0,538.0,-11.1875,-1.4375,-22.5625,-71.0,-35.0,-20.0,0x683f
1677696174.4306428,8618.0,3062.0,3863.0,290.6875,-49.0625,22.6875,-828.0,-253.0,550.0,-10.6875,6.0,-19.625,-90.0,-8.0,-38.0,0x683f
1677696174.493568,8616.0,3001.0,3871.0,289.5,-47.8125,22.0,-822.0,-318.0,631.0,-6.875,12.9375,-24.375,-68.0,-63.0,33.0,0x683f
1677696174.555649,8526.0,2969.0,3896.0,287.3125,-47.0625,20.8125,-786.0,-339.0,633.0,-0.4375,15.625,-16.5625,-67.0,-102.0,9.0,0x683f
1677696174.6150641,8777.0,3271.0,3818.0,285.75,-46.25,19.125,-755.0,-174.0,539.0,7.0625,17.8125,-20.1875,-109.0,110.0,-145.0,0x683f
1677696174.67461,8423.0,2775.0,3796.0,283.125,-44.875,17.6875,-852.0,-16.0,487.0,-28.4375,25.0625,-38.0625,-163.0,211.0,-185.0,0x683f
1677696174.737997,8448.0,2889.0,3872.0,278.875,-43.125,18.625,-665.0,-34.0,405.0,-75.0,38.625,-45.625,27.0,186.0,-248.0,0x683f
1677696174.796365,8992.0,3134.0,3934.0,275.375,-40.75,20.4375,-522.0,-264.0,558.0,-99.0625,5.625,-94.625,106.0,6.0,-142.0,0x683f
1677696174.853795,10023.0,4115.0,2492.0,273.3125,-35.1875,25.1875,-411.0,-507.0,747.0,-86.625,-51.9375,-72.5625,133.0,-190.0,45.0,0x683f
1677696174.915183,9036.0,3183.0,3895.0,275.25,-29.875,31.5625,-458.0,-655.0,782.0,-61.5625,-60.5,-47.875,57.0,-219.0,51.0,0x683f
1677696174.981227,9087.0,3070.0,3861.0,276.4375,-26.4375,34.875,-454.0,-683.0,803.0,-37.5,-41.5,-40.9375,114.0,-155.0,100.0,0x683f
1677696175.0465438,9087.0,3014.0,3879.0,277.875,-22.6875,35.5,-283.0,-598.0,712.0,-13.4375,-39.9375,-54.1875,116.0,-198.0,30.0,0x683f
1677696175.1093109,9117.0,3089.0,3904.0,277.8125,-21.25,32.6875,-511.0,-571.0,855.0,39.0,52.5625,-37.25,48.0,-227.0,141.0,0x683f
1677696175.169358,9211.0,3093.0,3880.0,274.3125,-23.625,28.75,-648.0,-590.0,962.0,7.75,43.3125,39.625,198.0,-283.0,278.0,0x683f
1677696175.23044,9253.0,3256.0,3921.0,272.1875,-29.375,27.8125,-564.0,-597.0,742.0,9.625,68.3125,135.4375,-106.0,-168.0,-29.0,0x683f
1677696175.291876,9665.0,3496.0,3708.0,270.25,-38.4375,28.8125,-629.0,-470.0,604.0,-29.6875,25.5625,131.8125,-19.0,-99.0,-68.0,0x683f
1677696175.357933,8770.0,2941.0,3929.0,270.5625,-45.3125,32.625,-583.0,-370.0,490.0,-31.875,19.0,127.25,114.0,1.0,-89.0,0x683f
1677696175.419431,8947.0,3197.0,3941.0,269.0,-55.0,40.0625,-914.0,-552.0,180.0,-31.8125,51.0,163.25,-149.0,-214.0,-286.0,0x683f
1677696175.483144,8870.0,3076.0,3800.0,265.6875,-62.25,43.625,-930.0,-415.0,146.0,5.3125,74.875,48.25,-7.0,-67.0,-144.0,0x683f
1677696175.544499,8990.0,3139.0,3825.0,261.25,-67.5625,41.0625,-894.0,-267.0,126.0,12.4375,74.375,73.375,1.0,-5.0,-162.0,0x683f
1677696175.604414,9046.0,3220.0,3843.0,258.0625,-72.125,34.875,-908.0,-79.0,173.0,16.125,60.5625,-19.75,86.0,73.0,18.0,0x683f
1677696175.6630862,8948.0,3140.0,3955.0,255.125,-72.4375,20.1875,-895.0,-78.0,213.0,33.625,60.3125,-47.875,14.0,69.0,-86.0,0x683f
1677696175.720912,8922.0,3128.0,3892.0,252.125,-69.5,6.9375,-779.0,96.0,365.0,1.75,78.25,-57.625,109.0,94.0,140.0,0x683f
1677696175.780308,8912.0,3153.0,3845.0,248.5625,-68.9375,-2.3125,-918.0,205.0,454.0,-11.0,45.0,81.1875,-83.0,128.0,50.0,0x683f
1677696175.84127,8621.0,3054.0,3855.0,245.75,-73.125,-11.0,-1016.0,134.0,153.0,2.4375,47.5,67.9375,-78.0,79.0,-125.0,0x683f
1677696175.902494,8573.0,3075.0,3892.0,243.375,-75.1875,-22.25,-972.0,196.0,188.0,2.4375,29.5625,26.5625,-24.0,101.0,-43.0,0x683f
1677696175.962482,8563.0,3092.0,3896.0,241.5,-76.0625,-31.1875,-940.0,239.0,263.0,-17.8125,16.3125,33.4375,23.0,100.0,39.0,0x683f
1677696176.0243042,8537.0,3126.0,3950.0,239.625,-77.1875,-37.3125,-922.0,250.0,197.0,-23.375,14.75,39.4375,22.0,131.0,34.0,0x683f
1677696176.083573,8828.0,3429.0,3869.0,237.0625,-79.3125,-46.125,-936.0,269.0,338.0,-50.8125,-9.8125,71.4375,-11.0,142.0,212.0,0x683f
1677696176.140119,8803.0,3359.0,3864.0,234.6875,-84.9375,-4.75,-1105.0,222.0,271.0,-90.0,-58.25,144.75,-151.0,119.0,213.0,0x683f
1677696176.200929,8628.0,3105.0,3801.0,232.75,-83.4375,-177.375,-1385.0,10.0,-208.0,15.3125,7.375,79.1875,-432.0,18.0,-179.0,0x683f
1677696176.261091,8970.0,3244.0,3859.0,234.75,-82.0625,-156.625,-1065.0,258.0,-333.0,42.9375,-10.875,-41.6875,-94.0,205.0,-209.0,0x683f
1677696176.319639,8614.0,3046.0,3814.0,234.4375,-83.75,-176.75,-842.0,78.0,-267.0,-39.0625,37.6875,11.625,132.0,23.0,-176.0,0x683f
1677696176.376842,8459.0,3006.0,3738.0,231.25,-82.5,-137.75,-914.0,-2.0,-75.0,15.125,18.75,-32.4375,57.0,-90.0,14.0,0x683f
1677696176.43854,8511.0,2978.0,3719.0,233.1875,-83.3125,-174.8125,-1270.0,-52.0,-243.0,63.4375,-11.5625,-58.25,-295.0,-137.0,-179.0,0x683f
1677696176.5039139,8529.0,2984.0,3728.0,241.625,-82.5,-28.8125,-791.0,114.0,150.0,100.0625,-21.5625,-175.5,180.0,52.0,38.0,0x683f
1677696176.564571,8580.0,2916.0,3729.0,243.625,-76.1875,-33.0,-1009.0,208.0,239.0,77.8125,113.875,14.875,-59.0,60.0,48.0,0x683f
1677696176.622011,8601.0,2946.0,3610.0,238.25,-72.25,-64.625,-970.0,102.0,50.0,54.25,191.25,95.3125,-50.0,-173.0,-85.0,0x683f
1677696176.680685,8476.0,2548.0,3467.0,230.1875,-62.9375,-84.75,-817.0,499.0,-169.0,47.625,102.9375,-39.5,55.0,55.0,-210.0,0x683f
1677696176.7420642,8250.0,2529.0,3922.0,225.0,-57.5,-87.8125,-1019.0,283.0,-178.0,17.625,106.125,41.4375,-191.0,-243.0,-198.0,0x683f
1677696176.799801,8725.0,3201.0,3930.0,220.75,-51.1875,-86.5625,-763.0,141.0,-239.0,46.625,93.1875,-144.875,0.0,-471.0,-276.0,0x683f
1677696176.858716,8950.0,3414.0,3942.0,223.8125,-46.75,-81.0,371.0,128.0,-352.0,51.0,37.1875,-104.625,1085.0,-535.0,-457.0,0x683f
1677696176.917803,8262.0,2881.0,3985.0,223.9375,-43.4375,-79.0625,697.0,-16.0,49.0,-27.125,-92.8125,-38.0,1381.0,-704.0,-92.0,0x683f
1677696176.97803,8301.0,2999.0,4330.0,245.375,-63.4375,-83.4375,-3946.0,-86.0,-1461.0,15.25,-317.375,13.0,-3047.0,-474.0,-1507.0,0x683f
1677696177.0386791,9085.0,3626.0,3773.0,246.375,-65.375,-79.9375,-2274.0,1164.0,184.0,-4.125,204.4375,52.0625,-1396.0,732.0,120.0,0x683f
1677696177.0969338,8675.0,3240.0,4082.0,228.5,-48.3125,-82.375,-457.0,457.0,23.0,-20.3125,263.3125,-43.0625,275.0,-187.0,-66.0,0x683f
1677696177.156256,8735.0,3236.0,3928.0,218.0,-37.375,-80.8125,346.0,-202.0,7.0,-22.3125,181.0,-16.1875,917.0,-988.0,-121.0,0x683f
1677696177.213043,9115.0,3526.0,3913.0,211.1875,-29.5,-80.8125,2448.0,-868.0,902.0,44.6875,-18.3125,-50.5,2933.0,-1710.0,768.0,0x683f
1677696177.270923,8488.0,2999.0,4027.0,230.1875,-46.875,-77.9375,-437.0,-903.0,-92.0,-17.625,-603.0625,5.75,278.0,-1558.0,-232.0,0x683f
1677696177.3300018,8383.0,2957.0,4084.0,249.25,-66.0625,-69.0625,-3930.0,1656.0,597.0,52.4375,32.0,87.625,-3034.0,1284.0,455.0,0x683f
1677696177.389738,9004.0,3684.0,3940.0,242.0,-59.6875,-81.8125,-1584.0,1230.0,90.0,-1.875,187.75,19.0625,-736.0,741.0,20.0,0x683f
1677696177.449276,8697.0,3175.0,3968.0,229.375,-48.625,-82.8125,-443.0,151.0,45.0,-56.6875,193.375,-11.25,292.0,-491.0,-35.0,0x683f
1677696177.508167,8990.0,3577.0,3961.0,218.5625,-40.0,-81.625,1467.0,-501.0,14.0,32.1875,45.5,39.5625,2084.0,-1256.0,-90.0,0x683f
1677696177.568604,9009.0,3436.0,3773.0,224.25,-45.3125,-85.5625,357.0,-401.0,264.0,45.1875,-456.0625,69.625,1099.0,-1041.0,223.0,0x683f
1677696177.6261718,8501.0,3016.0,4029.0,247.4375,-68.625,-88.25,-3576.0,-85.0,-753.0,-33.875,-188.625,-38.125,-2651.0,-412.0,-772.0,0x683f
1677696177.6869178,8538.0,3013.0,3912.0,247.9375,-70.375,-86.0625,-1271.0,824.0,427.0,18.75,59.375,40.375,-351.0,487.0,412.0,0x683f
1677696177.749758,8451.0,2917.0,3711.0,247.125,-67.8125,-93.9375,-637.0,530.0,63.0,67.375,16.8125,25.3125,269.0,159.0,97.0,0x683f
1677696177.8096662,9810.0,4245.0,2499.0,249.5625,-66.8125,-97.3125,-883.0,320.0,-180.0,30.875,32.5625,-110.0,18.0,-64.0,-142.0,0x683f
1677696177.868795,8458.0,3083.0,4254.0,252.125,-65.3125,-83.25,-692.0,257.0,-232.0,27.5625,15.25,-94.9375,196.0,-151.0,-294.0,0x683f
1677696177.928312,8409.0,3078.0,4190.0,254.0625,-64.5625,-76.125,-947.0,372.0,-201.0,-18.8125,-24.9375,3.125,-59.0,-32.0,-303.0,0x683f
1677696177.9873338,8523.0,3051.0,4044.0,254.1875,-66.0625,-74.625,-919.0,562.0,29.0,-20.4375,-6.75,-7.625,-22.0,181.0,-78.0,0x683f
1677696178.05054,8310.0,2973.0,4087.0,253.5,-66.3125,-74.75,-933.0,504.0,28.0,-8.5625,-6.625,40.9375,-60.0,120.0,-84.0,0x683f
1677696178.1139,8356.0,2992.0,4148.0,252.5625,-67.1875,-80.4375,-941.0,503.0,73.0,1.0,0.875,40.3125,8.0,117.0,33.0,0x683f
1677696178.1742568,8393.0,2914.0,4101.0,250.5625,-67.25,-86.3125,-1008.0,411.0,62.0,-2.125,14.875,25.125,-45.0,34.0,57.0,0x683f
1677696178.233247,8381.0,2891.0,4040.0,248.25,-66.0625,-88.8125,-863.0,428.0,117.0,9.0,26.0,11.25,36.0,21.0,104.0,0x683f
1677696178.293073,8280.0,2873.0,4256.0,246.6875,-64.625,-90.8125,-875.0,403.0,50.0,15.1875,21.375,2.1875,10.0,-16.0,56.0,0x683f
1677696178.350326,10336.0,4725.0,2389.0,246.4375,-63.6875,-91.375,-857.0,362.0,5.0,17.75,18.1875,-10.8125,55.0,-76.0,33.0,0x683f
1677696178.409119,9005.0,3449.0,3844.0,247.0,-62.75,-90.8125,-839.0,343.0,32.0,19.1875,8.75,-13.625,22.0,-106.0,39.0,0x683f
1677696178.471,8529.0,2891.0,3836.0,248.4375,-63.0625,-89.75,-849.0,380.0,23.0,17.5,4.625,-14.1875,18.0,-57.0,18.0,0x683f
1677696178.527433,8405.0,2855.0,3896.0,249.875,-62.9375,-88.875,-819.0,393.0,48.0,19.875,-2.375,-15.5,54.0,-51.0,40.0,0x683f
1677696178.584966,8451.0,2893.0,3848.0,250.375,-63.3125,-88.9375,-914.0,398.0,29.0,26.5,-7.25,-10.3125,-37.0,-40.0,21.0,0x683f
1677696178.642926,8496.0,2907.0,3775.0,250.125,-63.75,-89.375,-902.0,377.0,12.0,23.5625,-7.6875,-9.3125,-23.0,-55.0,7.0,0x683f
1677696178.700663,8533.0,2873.0,3603.0,251.8125,-64.3125,-89.4375,-905.0,331.0,-18.0,17.875,-7.375,-10.5,-15.0,-95.0,-18.0,0x683f
1677696178.7599711,8509.0,2877.0,3653.0,253.8125,-65.0,-89.375,-913.0,333.0,-56.0,15.4375,-8.3125,-8.125,-31.0,-69.0,-74.0,0x683f
1677696178.816052,9982.0,4463.0,2331.0,253.8125,-65.3125,-88.5625,-898.0,375.0,-77.0,4.0,-1.5625,-14.75,-2.0,-34.0,-87.0,0x683f
1677696178.8741739,10243.0,4748.0,2148.0,253.3125,-65.375,-87.0625,-912.0,400.0,-67.0,2.8125,0.1875,-14.1875,2.0,-29.0,-78.0,0x683f
1677696178.9371362,8479.0,3003.0,3945.0,253.6875,-65.25,-86.3125,-904.0,407.0,-47.0,2.3125,0.5625,-8.875,-13.0,-1.0,-72.0,0x683f
1677696178.998245,8445.0,3026.0,4035.0,253.9375,-65.1875,-86.3125,-908.0,382.0,-34.0,-1.25,4.25,-8.0,-18.0,-27.0,-61.0,0x683f
1677696179.0597901,8326.0,3045.0,4222.0,253.75,-65.125,-85.8125,-847.0,399.0,-31.0,-9.5,1.625,-5.75,52.0,-3.0,-68.0,0x683f
1677696179.120922,8239.0,3205.0,4458.0,253.375,-65.125,-84.875,-839.0,401.0,-68.0,-7.8125,-4.0,1.5625,85.0,16.0,-89.0,0x683f
1677696179.178582,8613.0,3087.0,3877.0,253.0625,-65.375,-84.875,-873.0,458.0,-73.0,-13.375,-3.25,3.5,18.0,52.0,-109.0,0x683f
1677696179.238229,8534.0,3114.0,4059.0,251.5625,-65.5,-85.0625,-851.0,454.0,-91.0,-15.25,-4.6875,5.25,40.0,49.0,-122.0,0x683f
1677696179.294775,8435.0,3133.0,4169.0,248.75,-65.5625,-86.25,-837.0,517.0,-63.0,-22.4375,-0.9375,11.625,52.0,129.0,-85.0,0x683f
1677696179.354228,8368.0,3024.0,4163.0,246.25,-65.4375,-86.25,-896.0,594.0,-33.0,-25.6875,11.625,5.1875,4.0,192.0,-51.0,0x683f
1677696179.410316,8359.0,2869.0,3990.0,243.4375,-64.6875,-85.4375,-846.0,583.0,29.0,-18.75,15.4375,2.0,49.0,167.0,10.0,0x683f
1677696179.469934,8418.0,2873.0,3988.0,241.5625,-64.0,-84.6875,-757.0,568.0,118.0,-12.375,5.875,-8.0625,144.0,129.0,90.0,0x683f
1677696179.532618,8392.0,2777.0,3932.0,240.9375,-63.9375,-81.75,-765.0,387.0,176.0,-5.25,-7.6875,-39.8125,115.0,-38.0,114.0,0x683f
1677696179.5924978,8474.0,2738.0,3794.0,242.0625,-64.5,-76.125,-839.0,274.0,252.0,11.0,-34.875,-53.8125,46.0,-135.0,151.0,0x683f
1677696179.6524758,8458.0,2837.0,3973.0,245.6875,-65.75,-68.25,-1088.0,213.0,155.0,7.4375,-27.0,-33.0625,-191.0,-177.0,43.0,0x683f
1677696179.721395,8343.0,2900.0,4273.0,246.0625,-65.625,-64.0,-1041.0,298.0,60.0,-22.1875,7.625,-16.875,-122.0,-60.0,-132.0,0x683f
1677696179.783594,8369.0,2917.0,4234.0,244.3125,-64.5,-61.1875,-710.0,297.0,218.0,-23.3125,6.375,-17.5,174.0,-72.0,15.0,0x683f
1677696179.842963,8362.0,2883.0,4118.0,244.375,-65.125,-60.875,-961.0,371.0,230.0,6.1875,-12.8125,9.9375,-29.0,65.0,-21.0,0x683f
1677696179.9009259,8398.0,2845.0,4036.0,245.4375,-66.3125,-61.9375,-884.0,382.0,149.0,8.125,-17.75,8.875,14.0,34.0,-35.0,0x683f
1677696179.960613,8424.0,2859.0,3910.0,246.6875,-67.5625,-61.5,-912.0,345.0,139.0,-11.0,-51.5,11.5,-3.0,23.0,-37.0,0x683f
1677696180.020718,8457.0,2811.0,3898.0,249.5,-71.5625,-57.8125,-1042.0,419.0,136.0,-35.5625,-101.6875,25.875,-106.0,174.0,-26.0,0x683f
1677696180.08028,8526.0,2911.0,3839.0,253.1875,-76.5625,-32.75,-1235.0,333.0,163.0,-113.3125,-124.75,-78.8125,-270.0,123.0,7.0,0x683f
1677696180.13698,8746.0,3147.0,3839.0,253.625,-72.8125,-0.375,-957.0,-300.0,395.0,-160.8125,-79.4375,-160.4375,-29.0,-281.0,80.0,0x683f
1677696180.198199,8688.0,3155.0,3894.0,250.0625,-63.5625,9.4375,-467.0,-359.0,712.0,-45.375,19.125,-77.625,405.0,-287.0,271.0,0x683f
1677696180.257963,10347.0,4845.0,2386.0,250.3125,-64.5,9.25,-836.0,-65.0,309.0,49.5625,-24.5,70.9375,53.0,2.0,-96.0,0x683f
1677696180.3205252,8766.0,3146.0,3930.0,253.1875,-66.25,9.5625,-773.0,-64.0,192.0,31.875,-19.625,2.125,124.0,1.0,-196.0,0x683f
1677696180.3812218,8889.0,3311.0,3986.0,255.8125,-65.875,11.625,-883.0,-56.0,154.0,8.375,-38.3125,-12.6875,11.0,24.0,-237.0,0x683f
1677696180.441283,8634.0,3152.0,3947.0,258.3125,-63.5625,16.6875,-939.0,-130.0,295.0,-24.125,-50.375,-46.9375,-61.0,-4.0,-122.0,0x683f
1677696180.502312,8586.0,3086.0,3949.0,259.4375,-60.0,20.8125,-1010.0,-167.0,476.0,-29.9375,-32.9375,-53.0,-160.0,6.0,18.0,0x683f
1677696180.565099,9040.0,3473.0,3899.0,259.625,-57.5625,21.9375,-995.0,-167.0,534.0,6.6875,-3.4375,-22.0625,-167.0,29.0,46.0,0x683f
1677696180.6213288,10581.0,4862.0,2371.0,259.4375,-56.1875,20.5625,-896.0,-156.0,602.0,-0.4375,9.0625,-27.0,-55.0,32.0,97.0,0x683f
1677696180.677213,9050.0,3363.0,3942.0,258.875,-55.5,19.1875,-811.0,-156.0,577.0,11.4375,12.1875,-5.3125,-3.0,23.0,52.0,0x683f
1677696180.733751,9006.0,3135.0,3957.0,258.4375,-55.6875,17.0,-814.0,-119.0,565.0,14.8125,12.9375,10.875,-2.0,38.0,38.0,0x683f
1677696180.7899551,8715.0,3151.0,3941.0,258.375,-56.875,15.125,-894.0,-101.0,497.0,27.0625,14.9375,15.5,-72.0,38.0,-19.0,0x683f
1677696180.849987,8703.0,3219.0,3957.0,258.1875,-57.6875,12.375,-895.0,-33.0,473.0,16.625,15.75,4.3125,-66.0,78.0,-38.0,0x683f
1677696180.908298,8903.0,3477.0,3878.0,257.875,-58.125,10.4375,-933.0,-23.0,422.0,9.0625,15.0,2.0,-100.0,70.0,-86.0,0x683f
1677696180.967467,8679.0,3240.0,3932.0,257.0,-58.3125,8.9375,-963.0,7.0,363.0,-12.0625,23.625,1.1875,-127.0,85.0,-144.0,0x683f
1677696181.0245912,8636.0,3165.0,3903.0,254.9375,-58.25,7.875,-1017.0,-9.0,317.0,-40.8125,31.8125,-19.8125,-184.0,60.0,-195.0,0x683f
1677696181.081675,8744.0,3272.0,3971.0,251.3125,-57.5625,6.75,-1002.0,25.0,329.0,-78.0625,52.5,-26.0625,-176.0,82.0,-202.0,0x683f
1677696181.139789,8690.0,3101.0,3941.0,244.875,-55.875,6.5,-895.0,-8.0,371.0,-111.5625,66.1875,-48.125,-82.0,54.0,-174.0,0x683f
1677696181.1985579,8665.0,3174.0,3864.0,238.5625,-54.0,7.5625,-818.0,-83.0,470.0,-136.875,61.625,-47.125,-29.0,-1.0,-104.0,0x683f
1677696181.2557251,10064.0,4025.0,2500.0,230.9375,-51.625,10.0625,-671.0,-158.0,592.0,-120.5625,55.875,-44.9375,93.0,-47.0,-9.0,0x683f
1677696181.313945,8616.0,2562.0,3886.0,224.875,-49.875,13.1875,-783.0,-190.0,607.0,-119.5625,25.125,-57.625,-15.0,-41.0,3.0,0x683f
1677696181.372851,9085.0,3072.0,3965.0,220.5,-46.375,18.0625,-615.0,-244.0,735.0,-114.9375,7.125,-59.0625,74.0,-36.0,113.0,0x683f
1677696181.4303842,9107.0,3099.0,3942.0,217.375,-43.125,23.125,-568.0,-336.0,902.0,-80.875,-13.9375,-48.125,101.0,-55.0,244.0,0x683f
1677696181.489548,8620.0,2672.0,3818.0,216.9375,-41.5,26.6875,-565.0,-289.0,865.0,-51.0625,-33.0625,7.625,83.0,49.0,213.0,0x683f
1677696181.547853,8481.0,2269.0,693.0,217.9375,-40.4375,30.875,-598.0,-405.0,719.0,-38.625,-27.625,-38.4375,31.0,-15.0,77.0,0x683f
1677696181.6081338,8616.0,2764.0,4184.0,218.375,-38.125,33.8125,-604.0,-396.0,585.0,-56.6875,-41.4375,-16.25,-3.0,42.0,-52.0,0x683f
1677696181.668239,8666.0,2723.0,3976.0,219.25,-35.0625,38.0,-589.0,-567.0,556.0,-49.9375,-49.1875,-47.0,-34.0,-62.0,-76.0,0x683f
1677696181.7293582,8702.0,2838.0,4008.0,221.0,-30.3125,42.0,-406.0,-828.0,638.0,-69.5,-91.0,-54.4375,74.0,-247.0,12.0,0x683f
1677696181.790842,8728.0,2665.0,3944.0,222.75,-26.375,44.875,-375.0,-639.0,608.0,-14.375,-14.75,-7.3125,61.0,-19.0,-13.0,0x683f
1677696181.8515651,8794.0,2715.0,3930.0,223.8125,-25.375,46.625,-327.0,-610.0,561.0,-40.0625,-40.875,-0.375,109.0,8.0,-25.0,0x683f
1677696181.912469,8797.0,2788.0,3922.0,225.0625,-24.875,49.1875,-440.0,-781.0,563.0,-44.9375,-6.875,57.5625,-88.0,-127.0,10.0,0x683f
1677696181.9741042,8832.0,2830.0,3935.0,225.625,-26.6875,53.5,-478.0,-826.0,533.0,-33.4375,-0.625,43.9375,-30.0,-62.0,-6.0,0x683f
1677696182.035739,8849.0,2811.0,3883.0,224.75,-27.375,55.125,-505.0,-789.0,461.0,-5.1875,7.625,0.6875,-49.0,-74.0,-36.0,0x683f
1677696182.099367,8822.0,2652.0,3934.0,223.1875,-27.9375,55.0625,-409.0,-772.0,424.0,-4.0,29.4375,1.3125,49.0,-61.0,-71.0,0x683f
1677696182.161066,8771.0,2666.0,3923.0,220.6875,-28.625,53.375,-432.0,-758.0,536.0,28.4375,39.3125,-34.8125,52.0,-45.0,39.0,0x683f
1677696182.2213,8618.0,2697.0,4124.0,216.9375,-30.0625,50.25,-536.0,-735.0,562.0,8.9375,43.6875,-8.875,-45.0,-83.0,19.0,0x683f
1677696182.284247,8631.0,2682.0,4178.0,212.25,-31.8125,46.9375,-564.0,-678.0,518.0,36.5625,85.9375,-52.25,-46.0,-69.0,-49.0,0x683f
1677696182.343654,8695.0,2627.0,3875.0,207.3125,-33.0625,42.5625,-662.0,-629.0,546.0,49.5,68.0625,-57.75,-130.0,-75.0,-50.0,0x683f
1677696182.401449,8519.0,1553.0,2881.0,201.8125,-31.5,35.6875,-423.0,-359.0,719.0,47.5625,57.6875,-56.8125,42.0,84.0,29.0,0x683f
1677696182.460196,8515.0,1541.0,2921.0,198.75,-31.1875,29.25,-454.0,-285.0,766.0,60.0,46.4375,-35.6875,59.0,149.0,34.0,0x683f
1677696182.516345,8482.0,1533.0,2933.0,196.4375,-30.9375,25.125,-456.0,-225.0,834.0,29.1875,28.875,-9.4375,47.0,131.0,72.0,0x683f
1677696182.5772889,8664.0,2299.0,3686.0,195.25,-31.75,23.25,-512.0,-365.0,928.0,28.125,17.625,30.4375,8.0,-41.0,163.0,0x683f
1677696182.636558,8711.0,2791.0,3734.0,194.625,-34.9375,21.9375,-531.0,-431.0,922.0,30.125,8.0625,82.0625,82.0,-130.0,178.0,0x683f
1677696182.6956968,8622.0,2806.0,3750.0,196.125,-41.8125,21.625,-446.0,-421.0,843.0,35.5,-2.1875,137.0625,189.0,-152.0,138.0,0x683f
1677696182.754942,9034.0,3167.0,3764.0,198.8125,-49.6875,22.1875,-570.0,-360.0,718.0,56.0,-4.1875,151.6875,77.0,-120.0,94.0,0x683f
1677696182.81458,8847.0,3087.0,3835.0,203.0,-55.6875,21.875,-794.0,-318.0,606.0,104.125,-21.6875,86.75,29.0,-82.0,101.0,0x683f
1677696182.869874,8753.0,2946.0,3843.0,207.9375,-57.9375,19.875,-766.0,-176.0,536.0,129.9375,-39.0625,38.1875,64.0,0.0,47.0,0x683f
1677696182.929787,8616.0,3098.0,3837.0,214.9375,-57.4375,16.25,-892.0,-112.0,410.0,144.625,-51.8125,-24.375,-65.0,35.0,-95.0,0x683f
1677696182.98911,8633.0,2998.0,3807.0,221.125,-53.5625,11.9375,-844.0,-74.0,261.0,149.5,-40.8125,-122.5625,-91.0,25.0,-351.0,0x683f
1677696183.051717,8519.0,3055.0,3840.0,226.875,-44.0,2.6875,-642.0,-68.0,327.0,124.1875,28.125,-175.4375,56.0,105.0,-345.0,0x683f
1677696183.111695,8349.0,2966.0,3772.0,227.375,-35.875,-3.375,-451.0,40.0,549.0,21.4375,7.0625,-59.8125,109.0,44.0,-223.0,0x683f
1677696183.1755562,8546.0,2985.0,3914.0,227.5,-35.375,-0.5,-834.0,-69.0,470.0,-95.625,-33.75,1.3125,-327.0,-71.0,-299.0,0x683f
1677696183.2348459,8612.0,3090.0,4011.0,227.875,-32.25,8.6875,-699.0,-193.0,954.0,-160.3125,-90.125,-77.0,-175.0,-68.0,135.0,0x683f
1677696183.29892,8600.0,3138.0,4001.0,231.9375,-25.125,20.6875,-485.0,-438.0,999.0,-52.9375,-64.0,-16.5,16.0,-186.0,341.0,0x683f
1677696183.35953,8524.0,2951.0,3985.0,232.5625,-26.875,24.125,-761.0,-213.0,935.0,-60.1875,-15.125,17.1875,-268.0,113.0,118.0,0x683f
1677696183.41766,8633.0,3100.0,3960.0,233.6875,-25.5625,28.1875,-363.0,-406.0,1012.0,-43.3125,-47.5625,4.125,60.0,11.0,233.0,0x683f
1677696183.479242,8712.0,3138.0,3893.0,235.9375,-25.75,30.5625,-460.0,-373.0,814.0,-23.0,-38.25,23.125,-29.0,62.0,49.0,0x683f
1677696183.5407202,8698.0,3157.0,3853.0,238.0,-26.4375,33.5625,-453.0,-459.0,735.0,-29.5,-32.0625,50.5,-6.0,31.0,23.0,0x683f
1677696183.602335,8606.0,3101.0,3892.0,239.8125,-28.4375,35.875,-616.0,-781.0,629.0,101.25,34.875,40.9375,-145.0,-268.0,-82.0,0x683f
1677696183.6646411,8431.0,2962.0,3846.0,239.5,-32.9375,25.8125,-773.0,-313.0,571.0,155.25,82.0625,55.75,-224.0,141.0,-174.0,0x683f
1677696183.7274969,8524.0,3048.0,3937.0,237.3125,-37.875,19.75,-808.0,-95.0,405.0,28.3125,91.5,71.125,-197.0,90.0,-350.0,0x683f
1677696183.7974458,8676.0,3027.0,3861.0,233.5,-42.375,16.5625,-572.0,-61.0,611.0,-59.1875,40.4375,28.8125,100.0,141.0,-72.0,0x683f
1677696183.8579671,8652.0,3025.0,3883.0,230.6875,-45.6875,22.5625,-435.0,-143.0,819.0,-104.5625,-71.4375,73.5625,265.0,118.0,191.0,0x683f
1677696183.919208,8648.0,2933.0,3896.0,234.0,-46.375,34.3125,-615.0,-485.0,719.0,-58.125,-82.5625,29.0,57.0,-220.0,148.0,0x683f
1677696183.978861,8626.0,2925.0,3860.0,236.4375,-45.125,36.875,-688.0,-587.0,717.0,59.0,3.1875,-27.75,4.0,-178.0,157.0,0x683f
1677696184.0384588,8602.0,2914.0,3863.0,237.5625,-45.1875,33.375,-919.0,-385.0,589.0,38.375,-7.875,20.375,-222.0,-7.0,12.0,0x683f
1677696184.096736,8559.0,2890.0,3955.0,238.5625,-44.1875,31.9375,-660.0,-259.0,628.0,5.4375,-24.5,-25.75,18.0,115.0,28.0,0x683f
1677696184.154819,8578.0,3006.0,3924.0,240.1875,-41.875,33.5,-520.0,-454.0,628.0,-7.3125,-30.125,5.375,52.0,-141.0,-6.0,0x683f
1677696184.21489,8549.0,2998.0,3938.0,240.5625,-40.5625,31.3125,-703.0,-484.0,674.0,46.9375,23.3125,-55.375,13.0,-11.0,85.0,0x683f
1677696184.274504,8551.0,2985.0,3906.0,239.6875,-40.4375,28.125,-687.0,-395.0,715.0,18.3125,27.3125,21.375,-31.0,-14.0,50.0,0x683f
1677696184.3341079,9163.0,3400.0,3853.0,239.4375,-43.125,27.75,-368.0,-221.0,748.0,0.5,-5.6875,110.9375,379.0,85.0,126.0,0x683f
1677696184.393187,9036.0,3281.0,3898.0,243.125,-51.375,34.8125,-795.0,-299.0,487.0,-2.3125,-50.25,191.625,-28.0,50.0,-14.0,0x683f
1677696184.4515982,8996.0,3192.0,3820.0,249.6875,-57.5625,49.6875,-821.0,-520.0,366.0,13.5,-58.0,195.875,6.0,-119.0,26.0,0x683f
1677696184.50892,8976.0,3209.0,3848.0,255.8125,-60.6875,60.25,-885.0,-288.0,233.0,35.3125,-18.3125,80.9375,-30.0,128.0,-3.0,0x683f
1677696184.5693362,9025.0,3265.0,3902.0,259.0625,-61.25,65.6875,-1146.0,-472.0,44.0,14.0,17.125,-60.625,-287.0,-45.0,-158.0,0x683f
1677696184.628094,9016.0,3309.0,3871.0,256.75,-59.9375,56.4375,-788.0,-430.0,395.0,-4.0,16.0625,-80.9375,57.0,-23.0,112.0,0x683f
1677696184.688587,8989.0,3281.0,3943.0,255.0625,-58.4375,50.5625,-818.0,-393.0,346.0,6.4375,-0.75,-28.125,15.0,2.0,17.0,0x683f
1677696184.750056,8693.0,3003.0,3891.0,253.9375,-56.9375,46.25,-862.0,-415.0,336.0,2.4375,27.1875,-87.9375,-43.0,-33.0,-45.0,0x683f
1677696184.8110988,8618.0,2923.0,3873.0,250.125,-53.75,37.4375,-666.0,-248.0,535.0,11.75,36.8125,-119.3125,116.0,97.0,58.0,0x683f
1677696184.870225,8665.0,2981.0,3831.0,246.625,-49.625,30.5625,-750.0,-312.0,624.0,6.5625,20.25,-33.4375,-2.0,10.0,78.0,0x683f
1677696184.930985,9091.0,3282.0,3984.0,245.25,-49.9375,29.125,-884.0,-362.0,633.0,1.75,26.875,10.375,-130.0,-58.0,84.0,0x683f
1677696184.9932,9093.0,3292.0,3899.0,244.0625,-53.25,29.0625,-660.0,-171.0,619.0,-16.4375,20.0,146.3125,125.0,113.0,107.0,0x683f
1677696185.052829,9127.0,3230.0,3824.0,244.0625,-62.375,37.5625,-1026.0,-339.0,394.0,-6.0,19.3125,125.0625,-157.0,-62.0,34.0,0x683f
1677696185.112231,8568.0,2875.0,3767.0,244.0,-68.8125,46.0,-878.0,-197.0,428.0,-23.25,28.5625,155.0,35.0,57.0,183.0,0x683f
1677696185.171644,8588.0,2872.0,3783.0,243.25,-74.6875,62.9375,-1007.0,-254.0,302.0,5.625,37.75,65.9375,-60.0,-24.0,185.0,0x683f
1677696185.231432,8657.0,2941.0,3770.0,240.6875,-78.4375,70.0625,-942.0,-157.0,292.0,-25.9375,52.5,45.25,17.0,26.0,225.0,0x683f
1677696185.292804,8729.0,2895.0,3809.0,237.125,-81.3125,72.4375,-863.0,-181.0,213.0,2.1875,36.4375,-25.8125,105.0,-40.0,168.0,0x683f
1677696185.3570402,8675.0,2940.0,3845.0,235.25,-82.1875,53.8125,-726.0,-121.0,228.0,19.9375,22.0,-27.4375,296.0,-2.0,138.0,0x683f
1677696185.416669,8900.0,3351.0,3975.0,237.0625,-82.0,50.1875,-783.0,-184.0,104.0,70.9375,-27.875,17.125,187.0,-77.0,18.0,0x683f
1677696185.471222,8699.0,3344.0,4009.0,243.3125,-80.125,48.75,-770.0,-81.0,24.0,90.1875,-41.8125,-53.9375,247.0,51.0,-94.0,0x683f
1677696185.526873,8893.0,3434.0,3993.0,250.0625,-77.0625,50.8125,-1009.0,-107.0,-153.0,80.875,-88.8125,1.625,-56.0,74.0,-294.0,0x683f
1677696185.584089,8664.0,3096.0,3910.0,258.5625,-71.0,51.8125,-1219.0,-374.0,-107.0,73.875,-78.5,-105.25,-291.0,-124.0,-304.0,0x683f
1677696185.642445,8779.0,3240.0,3957.0,263.0,-64.125,40.5,-1167.0,-246.0,111.0,47.1875,-23.8125,-121.8125,-285.0,31.0,-213.0,0x683f
1677696185.701728,8796.0,3229.0,3964.0,263.875,-60.375,35.25,-1289.0,-321.0,196.0,21.25,28.9375,-55.625,-438.0,-45.0,-205.0,0x683f
1677696185.7617211,8553.0,3053.0,3897.0,261.25,-56.875,26.6875,-818.0,-126.0,399.0,0.3125,43.25,-141.8125,-7.0,107.0,-98.0,0x683f
1677696185.825493,8549.0,3022.0,3878.0,258.4375,-47.75,19.4375,-637.0,-220.0,505.0,12.75,7.75,-184.375,88.0,0.0,-116.0,0x683f
1677696185.885653,8722.0,3356.0,3923.0,257.3125,-39.4375,13.875,-468.0,-73.0,784.0,52.625,38.0625,-155.5,245.0,100.0,73.0,0x683f
1677696185.947476,8704.0,3186.0,4032.0,240.0,-34.1875,10.375,-488.0,-116.0,969.0,34.625,-21.875,-81.0,18.0,94.0,194.0,0x683f
1677696186.007916,8711.0,3183.0,3985.0,255.8125,-29.5,8.3125,-583.0,-94.0,942.0,17.875,13.8125,-42.125,-106.0,25.0,94.0,0x683f
1677696186.069506,8817.0,3390.0,3983.0,255.5,-28.0,7.125,-517.0,-81.0,884.0,3.9375,-0.5,4.1875,-56.0,26.0,25.0,0x683f
1677696186.131271,8664.0,3129.0,4017.0,255.5,-28.0625,6.8125,-500.0,-16.0,900.0,3.75,10.25,-9.3125,-30.0,94.0,50.0,0x683f
1677696186.1915488,8767.0,3223.0,4015.0,255.125,-28.125,6.9375,-547.0,-19.0,959.0,-12.375,-5.9375,21.5625,-60.0,38.0,143.0,0x683f
1677696186.256154,8596.0,3084.0,3890.0,255.8125,-30.1875,9.25,-568.0,-187.0,1114.0,-21.5625,-28.125,54.25,-73.0,-58.0,264.0,0x683f
1677696186.32002,8641.0,3084.0,3838.0,257.5625,-34.75,10.4375,-1035.0,-323.0,732.0,58.3125,13.0,113.25,-516.0,-80.0,-104.0,0x683f
1677696186.385412,8459.0,2972.0,3883.0,256.75,-39.4375,6.3125,-935.0,55.0,401.0,-11.8125,60.3125,55.625,-226.0,156.0,-351.0,0x683f
1677696186.4514408,8428.0,2894.0,3801.0,249.375,-45.0625,6.75,-758.0,100.0,354.0,-137.5,82.625,66.0625,5.0,171.0,-292.0,0x683f
1677696186.5135,8791.0,3206.0,3813.0,239.75,-48.0625,12.6875,-612.0,-15.0,452.0,-217.625,77.375,-1.625,117.0,128.0,-186.0,0x683f
1677696186.574931,8630.0,2899.0,3814.0,231.8125,-47.125,21.6875,-563.0,-298.0,588.0,-180.1875,-4.4375,-48.4375,155.0,-51.0,-30.0,0x683f
1677696186.633431,8861.0,3304.0,3887.0,227.3125,-44.1875,30.125,-520.0,-447.0,665.0,-86.125,1.4375,-33.375,120.0,-51.0,47.0,0x683f
1677696186.6929011,8831.0,3074.0,3952.0,225.5625,-42.5625,32.875,-586.0,-421.0,674.0,-60.5625,-22.0,-40.125,99.0,-38.0,87.0,0x683f
1677696186.755635,8744.0,2975.0,3912.0,225.4375,-40.875,36.875,-617.0,-608.0,656.0,-42.25,-24.5625,5.5625,33.0,-159.0,65.0,0x683f
1677696186.813962,8804.0,2924.0,3844.0,227.125,-40.4375,39.75,-649.0,-613.0,615.0,-1.3125,-42.375,21.125,-13.0,-135.0,42.0,0x683f
1677696186.874867,8738.0,2964.0,3886.0,230.375,-38.75,41.25,-546.0,-561.0,540.0,6.4375,-40.125,9.125,68.0,-57.0,-34.0,0x683f
1677696186.933595,8740.0,2900.0,3891.0,232.5,-36.875,42.25,-671.0,-608.0,589.0,22.9375,-21.3125,-53.9375,-80.0,-134.0,59.0,0x683f
1677696186.993286,8732.0,2879.0,3930.0,233.25,-34.0625,39.5,-384.0,-485.0,769.0,29.8125,-13.3125,-6.3125,109.0,46.0,136.0,0x683f
1677696187.0543602,8764.0,2952.0,3973.0,233.9375,-33.0,38.0,-333.0,-540.0,889.0,21.5,-4.1875,-4.4375,160.0,-71.0,230.0,0x683f
1677696187.1148539,8776.0,2973.0,3959.0,234.0,-34.0,37.8125,-512.0,-496.0,698.0,-3.125,15.25,12.5,16.0,-65.0,34.0,0x683f
1677696187.175637,8679.0,2937.0,4017.0,233.1875,-34.6875,36.75,-486.0,-505.0,700.0,20.125,19.8125,3.8125,71.0,-23.0,54.0,0x683f
1677696187.241784,8694.0,2924.0,4026.0,232.3125,-35.375,34.125,-639.0,-407.0,627.0,29.375,22.125,-15.0625,-67.0,72.0,-9.0,0x683f
1677696187.307894,8712.0,2998.0,4036.0,231.8125,-35.3125,32.125,-641.0,-364.0,696.0,19.0625,3.375,-15.0,-57.0,54.0,24.0,0x683f
1677696187.376642,8731.0,2961.0,4019.0,231.8125,-34.875,30.75,-614.0,-430.0,755.0,5.5625,-0.5,-8.4375,-55.0,-20.0,62.0,0x683f
1677696187.449269,8695.0,2944.0,3982.0,231.625,-34.1875,29.4375,-620.0,-408.0,685.0,30.25,17.1875,-24.1875,-147.0,-73.0,-60.0,0x683f
1677696187.514594,8747.0,2857.0,3973.0,229.9375,-31.6875,24.4375,-595.0,-388.0,684.0,53.125,39.625,-105.8125,112.0,29.0,-12.0,0x683f
1677696187.58339,8704.0,2768.0,3899.0,227.625,-28.25,19.1875,-392.0,-270.0,854.0,59.0625,25.625,-44.0,70.0,19.0,50.0,0x683f
1677696187.646629,8645.0,2793.0,3929.0,227.3125,-27.375,14.875,-491.0,-204.0,898.0,40.9375,-5.8125,22.5625,-39.0,18.0,57.0,0x683f
1677696187.714004,8669.0,2844.0,3981.0,228.75,-29.5,13.25,-358.0,-125.0,970.0,22.375,-25.25,112.5625,159.0,81.0,145.0,0x683f
1677696187.77683,8620.0,2870.0,3969.0,231.625,-36.4375,15.0625,-504.0,-172.0,891.0,-10.3125,-36.9375,135.1875,6.0,-37.0,71.0,0x683f
1677696187.8393118,8844.0,3098.0,3911.0,234.5625,-43.625,19.6875,-822.0,-333.0,605.0,-21.4375,-21.0625,108.0625,-134.0,-89.0,-49.0,0x683f
1677696187.8989189,9116.0,3275.0,3875.0,235.4375,-47.4375,22.5,-647.0,-254.0,606.0,9.1875,-6.3125,69.8125,81.0,0.0,1.0,0x683f
1677696187.958406,9496.0,3586.0,3663.0,237.25,-52.1875,24.75,-774.0,-239.0,575.0,17.375,-17.4375,127.0625,-14.0,4.0,2.0,0x683f
1677696188.019419,9584.0,3645.0,3724.0,240.0,-58.25,29.25,-935.0,-207.0,391.0,19.3125,-15.6875,105.375,-94.0,45.0,-44.0,0x683f
1677696188.0772438,8637.0,3000.0,3916.0,241.9375,-62.75,35.0,-951.0,-317.0,385.0,4.0,5.9375,87.4375,-73.0,-61.0,30.0,0x683f
1677696188.137207,8702.0,2951.0,3994.0,242.625,-66.3125,38.5625,-944.0,-319.0,439.0,18.5,10.5625,52.9375,-43.0,-76.0,139.0,0x683f
1677696188.193755,8733.0,3000.0,3960.0,243.5,-69.625,40.6875,-954.0,-267.0,415.0,42.375,18.125,63.5625,-34.0,-44.0,156.0,0x683f
1677696188.2515469,8649.0,2944.0,3925.0,245.1875,-72.6875,41.4375,-961.0,-237.0,333.0,63.625,20.0625,16.0,-24.0,-44.0,115.0,0x683f
1677696188.310055,9024.0,3232.0,3939.0,246.75,-72.625,34.0,-885.0,-92.0,218.0,81.125,17.5,-64.375,47.0,64.0,-36.0,0x683f
1677696188.371146,8898.0,3277.0,4039.0,249.3125,-68.0625,21.6875,-795.0,-15.0,209.0,62.875,-24.8125,-84.25,108.0,119.0,-145.0,0x683f
1677696188.430263,9051.0,3436.0,3901.0,252.1875,-62.9375,17.5625,-836.0,-70.0,270.0,24.0,-23.875,-60.5,31.0,65.0,-165.0,0x683f
1677696188.4927769,8729.0,3123.0,4030.0,254.25,-59.875,17.875,-960.0,-153.0,322.0,2.5625,-19.0625,-26.875,-111.0,0.0,-144.0,0x683f
1677696188.552188,8776.0,3328.0,3990.0,254.9375,-58.0625,18.3125,-877.0,-120.0,517.0,2.8125,-15.1875,-9.625,-45.0,42.0,25.0,0x683f
1677696188.61484,8643.0,3120.0,3937.0,255.8125,-58.0,18.8125,-910.0,-154.0,535.0,19.4375,-5.25,17.875,-78.0,12.0,43.0,0x683f
1677696188.673193,8650.0,3112.0,3869.0,256.8125,-58.9375,18.375,-931.0,-80.0,440.0,18.3125,-0.625,6.125,-90.0,79.0,-38.0,0x683f
1677696188.7320461,8653.0,3117.0,3920.0,257.3125,-59.125,18.0,-895.0,-97.0,419.0,2.5625,-3.75,4.0625,-53.0,57.0,-58.0,0x683f
1677696188.792311,8612.0,3094.0,3918.0,257.3125,-59.1875,18.1875,-954.0,-150.0,417.0,-7.1875,0.25,-9.25,-112.0,6.0,-59.0,0x683f
1677696188.852842,8596.0,3094.0,3910.0,256.375,-58.125,17.125,-856.0,-118.0,486.0,-8.4375,12.1875,-31.3125,-23.0,34.0,-7.0,0x683f
1677696188.912216,8629.0,3079.0,3865.0,255.4375,-56.625,16.125,-817.0,-128.0,529.0,-3.0,4.75,-35.5625,1.0,22.0,11.0,0x683f
1677696188.9730759,8585.0,3077.0,3908.0,255.375,-54.125,14.625,-779.0,-124.0,559.0,10.375,1.75,-48.0,15.0,20.0,4.0,0x683f
1677696189.0325172,8553.0,3021.0,3850.0,255.375,-50.6875,12.0,-879.0,-168.0,521.0,33.375,20.1875,-106.5,-120.0,-38.0,-86.0,0x683f
1677696189.092499,8733.0,3242.0,3917.0,255.0,-44.8125,7.5,-731.0,-77.0,564.0,33.0625,14.4375,-90.4375,-39.0,14.0,-124.0,0x683f
1677696189.150469,8743.0,3221.0,3955.0,254.75,-40.0,4.625,-690.0,-37.0,661.0,4.25,20.25,-82.0625,-60.0,23.0,-87.0,0x683f
1677696189.211076,8533.0,3031.0,3901.0,253.9375,-35.875,4.0625,-608.0,-188.0,860.0,-14.3125,13.0,-84.375,-44.0,-130.0,60.0,0x683f
1677696189.273761,8606.0,3106.0,3913.0,252.375,-31.1875,3.5,-476.0,-29.0,905.0,-29.375,23.75,-46.375,31.0,22.0,68.0,0x683f
1677696189.3348942,8571.0,3066.0,3873.0,250.6875,-29.6875,5.125,-424.0,-1.0,839.0,-60.125,14.6875,-15.875,62.0,75.0,-8.0,0x683f
1677696189.396086,9089.0,3396.0,3942.0,249.9375,-28.8125,7.375,-397.0,-108.0,911.0,-18.1875,13.3125,7.6875,49.0,21.0,74.0,0x683f
1677696189.4625762,9056.0,3375.0,3960.0,248.9375,-30.1875,8.125,-596.0,-63.0,850.0,-24.625,14.9375,16.0625,-70.0,62.0,42.0,0x683f
1677696189.531751,9003.0,3341.0,3990.0,248.9375,-31.4375,9.4375,-528.0,-100.0,929.0,-15.4375,6.0,33.5625,-16.0,37.0,104.0,0x683f
1677696189.600459,8678.0,3098.0,3873.0,249.5625,-33.75,9.5625,-559.0,-155.0,696.0,28.25,3.9375,27.3125,-10.0,9.0,-97.0,0x683f
1677696189.660326,8641.0,3083.0,3880.0,250.1875,-34.8125,8.875,-693.0,-187.0,744.0,-26.4375,-2.0,-8.75,-134.0,-58.0,-50.0,0x683f
1677696189.721236,8699.0,3471.0,3814.0,250.5,-33.625,10.5625,-618.0,-84.0,788.0,-46.4375,-2.5,-3.25,-75.0,65.0,-13.0,0x683f
1677696189.785738,8617.0,3069.0,3902.0,250.5,-33.375,12.9375,-529.0,-157.0,869.0,-30.5,2.9375,-13.875,5.0,83.0,79.0,0x683f
1677696189.845633,8752.0,3525.0,3798.0,251.0625,-33.3125,14.375,-541.0,-121.0,904.0,6.625,-2.0,6.4375,3.0,97.0,117.0,0x683f
1677696189.9074628,8547.0,3039.0,3896.0,252.125,-34.125,14.375,-636.0,-154.0,783.0,-4.625,-2.1875,14.9375,-64.0,29.0,-17.0,0x683f
1677696189.967425,9058.0,3596.0,3885.0,253.0625,-34.5625,15.1875,-601.0,-329.0,780.0,-33.625,12.875,14.0,-42.0,-114.0,3.0,0x683f
1677696190.025432,9046.0,3454.0,3921.0,252.6875,-36.0,16.875,-541.0,-241.0,799.0,-12.875,6.1875,27.375,22.0,-12.0,40.0,0x683f
1677696190.0850089,8919.0,3261.0,3967.0,253.125,-38.9375,16.6875,-630.0,-210.0,758.0,28.125,20.625,63.125,-38.0,29.0,10.0,0x683f
1677696190.142679,8935.0,3333.0,3968.0,253.625,-42.0,14.9375,-681.0,-142.0,660.0,27.0625,12.0,52.875,-34.0,28.0,-52.0,0x683f
1677696190.201787,8937.0,3272.0,3917.0,254.625,-44.0625,13.5625,-664.0,-158.0,685.0,26.9375,-0.375,15.8125,18.0,6.0,0.0,0x683f
1677696190.258496,8898.0,3302.0,4008.0,255.625,-45.1875,12.6875,-733.0,-111.0,667.0,17.8125,-0.3125,26.1875,-34.0,38.0,-3.0,0x683f
1677696190.317174,8887.0,3289.0,3953.0,256.1875,-46.4375,12.1875,-742.0,-113.0,673.0,12.8125,-2.375,22.1875,-26.0,32.0,21.0,0x683f
1677696190.381334,8889.0,3277.0,3948.0,256.875,-47.9375,11.4375,-755.0,-76.0,654.0,18.0,-2.5625,23.9375,-59.0,71.0,4.0,0x683f
1677696190.442658,8975.0,3280.0,3890.0,258.25,-48.875,11.0625,-848.0,-49.0,627.0,14.25,-5.25,11.8125,-102.0,57.0,-7.0,0x683f
1677696190.505654,8605.0,3019.0,3885.0,259.375,-49.125,10.625,-866.0,-35.0,636.0,9.25,-1.5625,-5.25,-130.0,89.0,13.0,0x683f
1677696190.568107,8566.0,3005.0,3879.0,260.1875,-48.5625,10.4375,-856.0,-122.0,637.0,5.6875,10.4375,-20.0,-121.0,-4.0,0.0,0x683f
1677696190.6298912,8642.0,3094.0,3849.0,259.8125,-47.75,9.1875,-885.0,-36.0,577.0,-1.9375,14.6875,-4.8125,-246.0,88.0,-100.0,0x683f
1677696190.690561,8580.0,3190.0,3855.0,258.25,-47.5625,8.375,-954.0,15.0,486.0,-26.1875,39.9375,-9.1875,-226.0,126.0,-161.0,0x683f
1677696190.749156,8369.0,3013.0,3841.0,254.125,-47.375,7.5,-890.0,30.0,501.0,-59.6875,61.6875,-10.1875,-168.0,117.0,-156.0,0x683f
1677696190.809464,8502.0,3008.0,3848.0,249.5625,-47.625,7.8125,-791.0,-7.0,522.0,-82.8125,56.875,-3.5,-66.0,84.0,-131.0,0x683f
1677696190.8658738,8562.0,2940.0,3802.0,244.25,-47.625,9.6875,-592.0,-73.0,546.0,-92.9375,35.6875,-0.625,131.0,38.0,-104.0,0x683f
1677696190.922789,8663.0,3091.0,3932.0,240.0,-47.75,14.375,-735.0,-86.0,549.0,-93.6875,-9.6875,-15.0625,82.0,21.0,-65.0,0x683f
1677696190.9835389,8706.0,2954.0,3760.0,238.625,-45.9375,19.75,-526.0,-206.0,586.0,-106.625,-27.3125,-24.9375,137.0,19.0,-61.0,0x683f
1677696191.04747,8614.0,2759.0,3966.0,237.125,-42.75,26.5,-511.0,-345.0,662.0,-110.25,-32.0625,-79.4375,161.0,-25.0,30.0,0x683f
1677696191.1110568,8595.0,2789.0,4108.0,235.9375,-38.125,32.4375,-493.0,-497.0,716.0,-90.125,-35.75,-66.1875,102.0,-70.0,65.0,0x683f
1677696191.171713,8689.0,2795.0,4114.0,235.125,-33.6875,36.25,-366.0,-614.0,756.0,-43.0625,-23.8125,-44.5625,140.0,-111.0,90.0,0x683f
1677696191.233792,8710.0,2839.0,4101.0,235.0,-30.8125,38.9375,-476.0,-729.0,749.0,-10.5,-24.625,-27.875,-34.0,-277.0,103.0,0x683f
1677696191.302485,8704.0,2850.0,4095.0,235.8125,-32.0625,39.25,-797.0,-446.0,647.0,11.0625,23.625,68.3125,-178.0,6.0,-39.0,0x683f
1677696191.366888,8746.0,2565.0,4006.0,236.125,-33.5625,40.9375,-616.0,-554.0,608.0,-27.5625,-3.75,16.625,-74.0,-19.0,-8.0,0x683f
1677696191.427553,8761.0,2608.0,3911.0,236.3125,-34.6875,43.375,-468.0,-589.0,611.0,-13.375,7.9375,35.375,-43.0,-40.0,-22.0,0x683f
1677696191.491012,8855.0,2820.0,4080.0,236.125,-36.5,44.0625,-612.0,-554.0,558.0,16.3125,17.75,29.1875,-24.0,-9.0,-6.0,0x683f
1677696191.5504022,8739.0,2668.0,3973.0,236.3125,-38.25,42.6875,-597.0,-517.0,578.0,48.125,11.875,23.6875,54.0,8.0,21.0,0x683f
1677696191.6104,8770.0,2668.0,3996.0,235.9375,-40.125,40.0625,-661.0,-474.0,575.0,45.25,13.5,35.5,-56.0,23.0,0.0,0x683f
1677696191.665269,8761.0,2578.0,3953.0,236.125,-41.5,38.5625,-695.0,-440.0,589.0,38.0625,9.875,9.25,-41.0,8.0,12.0,0x683f
1677696191.723135,8729.0,2572.0,3999.0,235.875,-42.375,36.5,-697.0,-432.0,633.0,16.25,6.0625,14.8125,-36.0,-1.0,51.0,0x683f
1677696191.781539,8806.0,2551.0,3907.0,235.625,-43.3125,36.3125,-598.0,-412.0,710.0,1.6875,-1.9375,40.5625,75.0,9.0,136.0,0x683f
1677696191.840526,8842.0,2518.0,3873.0,236.375,-45.5625,38.5,-737.0,-463.0,575.0,-6.5,-14.5,83.125,-30.0,-33.0,49.0,0x683f
1677696191.897055,8716.0,2098.0,3682.0,237.75,-48.375,41.6875,-921.0,-509.0,558.0,21.875,6.0625,46.25,-183.0,-79.0,76.0,0x683f
1677696191.95469,8739.0,2559.0,3804.0,237.25,-50.5,40.6875,-803.0,-486.0,594.0,32.125,25.0,36.8125,-33.0,-82.0,115.0,0x683f
1677696192.0134442,8753.0,3054.0,3813.0,237.3125,-53.25,38.75,-837.0,-437.0,532.0,43.5,26.9375,32.375,-50.0,-70.0,75.0,0x683f
1677696192.0721312,9358.0,3275.0,3764.0,237.125,-55.5,36.0,-777.0,-445.0,535.0,46.5625,29.8125,35.9375,30.0,-118.0,86.0,0x683f
1677696192.130048,9148.0,3249.0,3809.0,237.0,-57.625,33.25,-837.0,-389.0,472.0,53.5,29.4375,21.375,-6.0,-109.0,34.0,0x683f
1677696192.1897442,9381.0,3442.0,3847.0,237.9375,-58.9375,29.0,-791.0,-292.0,418.0,60.6875,7.5,3.8125,50.0,-53.0,-24.0,0x683f
1677696192.247978,8937.0,3165.0,3813.0,239.875,-58.375,24.625,-703.0,-219.0,463.0,64.6875,-10.125,-26.8125,129.0,-8.0,-9.0,0x683f
1677696192.3035798,8823.0,3100.0,3847.0,243.125,-56.5625,21.75,-649.0,-167.0,474.0,66.125,-32.4375,-19.125,164.0,43.0,-36.0,0x683f
1677696192.389657,8882.0,3191.0,3921.0,247.1875,-54.75,20.625,-654.0,-120.0,430.0,55.75,-47.0625,-12.8125,141.0,81.0,-106.0,0x683f
1677696192.445437,9016.0,3362.0,4003.0,253.1875,-53.125,21.25,-768.0,-133.0,424.0,46.0625,-57.75,2.8125,14.0,83.0,-125.0,0x683f
1677696192.499711,8655.0,3129.0,3919.0,258.0,-51.8125,22.75,-877.0,-165.0,435.0,45.75,-56.9375,-4.0,-106.0,69.0,-123.0,0x683f
1677696192.555638,8555.0,3038.0,3858.0,261.5,-50.6875,23.375,-838.0,-208.0,447.0,43.25,-49.9375,-1.0,-81.0,40.0,-124.0,0x683f
1677696192.6110551,8594.0,3058.0,3904.0,264.375,-50.6875,23.3125,-852.0,-131.0,425.0,26.25,-24.6875,-3.0625,-93.0,113.0,-143.0,0x683f
1677696192.6670878,8532.0,3092.0,3933.0,266.0625,-49.8125,23.625,-982.0,-196.0,504.0,3.5625,-33.4375,-20.375,-236.0,61.0,-76.0,0x683f
1677696192.723316,8548.0,3105.0,3907.0,267.625,-47.5625,25.75,-883.0,-373.0,661.0,-14.0625,-27.4375,-2.8125,-159.0,-86.0,66.0,0x683f
1677696192.783848,8621.0,3117.0,3912.0,268.0,-48.3125,27.25,-883.0,-237.0,611.0,-12.625,11.75,37.0,-150.0,61.0,31.0,0x683f
1677696192.844597,8683.0,3157.0,3951.0,266.8125,-49.875,28.4375,-809.0,-236.0,573.0,-29.8125,13.5,6.0,-59.0,64.0,18.0,0x683f
1677696192.904774,9248.0,3552.0,3918.0,265.375,-50.8125,29.75,-802.0,-270.0,570.0,-21.0625,15.5,14.5625,-41.0,36.0,33.0,0x683f
1677696192.965205,8752.0,3207.0,3979.0,264.0,-51.6875,30.0625,-794.0,-289.0,551.0,-11.875,18.25,2.125,-21.0,21.0,29.0,0x683f
1677696193.023881,9206.0,3504.0,3896.0,262.4375,-52.5625,29.5625,-834.0,-278.0,508.0,-7.0,20.6875,1.375,-47.0,15.0,3.0,0x683f
1677696193.084009,8731.0,3231.0,3956.0,261.375,-52.375,28.375,-743.0,-272.0,610.0,-0.625,7.4375,-13.875,33.0,11.0,84.0,0x683f
1677696193.1427698,9025.0,3381.0,3951.0,260.8125,-52.75,28.3125,-780.0,-301.0,537.0,-5.5625,2.6875,13.5,1.0,-19.0,15.0,0x683f
1677696193.20243,8988.0,3442.0,3919.0,261.5,-53.0,28.5625,-741.0,-262.0,506.0,-1.1875,1.625,-1.75,41.0,20.0,-12.0,0x683f
1677696193.264496,8899.0,3323.0,3936.0,262.1875,-53.1875,29.4375,-938.0,-213.0,398.0,-18.75,-15.0,-9.5625,-152.0,75.0,-112.0,0x683f
1677696193.323862,9081.0,3410.0,3932.0,262.75,-51.3125,29.875,-825.0,-312.0,573.0,1.1875,-6.125,-44.1875,-64.0,-7.0,36.0,0x683f
1677696193.382447,9204.0,3533.0,3870.0,263.125,-49.9375,28.375,-734.0,-288.0,609.0,14.5625,8.25,4.0625,4.0,40.0,47.0,0x683f
1677696193.44401,8966.0,3333.0,3952.0,263.9375,-50.3125,27.5625,-764.0,-279.0,568.0,-1.6875,2.5,-3.0625,-9.0,9.0,13.0,0x683f
1677696193.506389,8928.0,3371.0,4019.0,264.5625,-50.375,27.375,-731.0,-277.0,569.0,-0.0625,4.5,5.25,33.0,15.0,9.0,0x683f
1677696193.567984,8917.0,3329.0,4019.0,265.0,-50.9375,27.25,-823.0,-234.0,535.0,1.9375,3.0625,9.875,-61.0,48.0,-13.0,0x683f
1677696193.6318321,8970.0,3400.0,3969.0,265.4375,-51.375,27.125,-816.0,-279.0,563.0,2.25,4.5625,1.375,-41.0,-2.0,25.0,0x683f
1677696193.69231,8950.0,3371.0,4015.0,265.9375,-51.5625,26.9375,-775.0,-260.0,566.0,0.8125,0.0625,4.625,-6.0,15.0,23.0,0x683f
1677696193.749519,9040.0,3416.0,3961.0,266.4375,-51.6875,26.9375,-798.0,-248.0,565.0,-1.75,0.375,-1.8125,-29.0,27.0,23.0,0x683f
1677696193.8053372,9098.0,3486.0,3973.0,267.1875,-51.6875,27.0,-806.0,-247.0,572.0,-4.0,0.0625,1.9375,-38.0,27.0,25.0,0x683f
1677696193.859126,9084.0,3442.0,3955.0,267.75,-51.75,27.125,-805.0,-249.0,552.0,-3.875,-3.125,-0.875,-31.0,25.0,11.0,0x683f
1677696193.9171379,9094.0,3476.0,3947.0,268.125,-51.625,27.5,-796.0,-255.0,543.0,-4.5625,-6.625,-2.625,-26.0,25.0,4.0,0x683f
1677696193.9734569,9116.0,3462.0,3955.0,268.6875,-51.3125,28.125,-793.0,-278.0,537.0,-4.875,-6.0,-4.625,-16.0,8.0,-4.0,0x683f
1677696194.027544,9120.0,3460.0,3962.0,269.3125,-51.125,28.3125,-733.0,-275.0,537.0,-0.625,-2.125,0.1875,20.0,19.0,-1.0,0x683f
1677696194.083453,9126.0,3499.0,3936.0,269.875,-51.125,28.5625,-790.0,-318.0,569.0,0.8125,-3.6875,3.25,-36.0,-14.0,30.0,0x683f
1677696194.141302,9109.0,3514.0,3939.0,270.4375,-51.3125,28.8125,-795.0,-293.0,553.0,-0.8125,0.1875,3.25,-30.0,1.0,16.0,0x683f
1677696194.2006211,9138.0,3521.0,3908.0,270.8125,-51.4375,28.9375,-788.0,-268.0,555.0,-3.75,0.0625,5.0625,-21.0,27.0,21.0,0x683f
1677696194.2575622,9122.0,3451.0,3921.0,271.5625,-51.625,29.375,-809.0,-304.0,546.0,-7.3125,-7.3125,-0.75,-40.0,-6.0,25.0,0x683f
1677696194.3160498,8768.0,3302.0,3928.0,271.75,-51.125,30.5625,-794.0,-350.0,534.0,-14.375,-6.1875,-8.8125,-25.0,-25.0,-4.0,0x683f
1677696194.3736079,9240.0,3598.0,3834.0,271.6875,-50.5,30.6875,-748.0,-269.0,498.0,-3.5,2.4375,-14.5,12.0,60.0,-31.0,0x683f
1677696194.433595,8889.0,3348.0,3937.0,271.5,-49.9375,30.25,-731.0,-252.0,534.0,0.625,-2.875,-14.375,20.0,59.0,-10.0,0x683f
1677696194.496097,9058.0,3453.0,3920.0,271.8125,-49.375,29.8125,-731.0,-288.0,560.0,3.1875,-1.3125,-0.75,12.0,28.0,6.0,0x683f
1677696194.553455,9018.0,3392.0,3947.0,272.6875,-49.5,29.3125,-758.0,-325.0,605.0,8.625,0.375,11.8125,-12.0,-13.0,50.0,0x683f
1677696194.613709,9016.0,3410.0,4005.0,273.375,-49.875,29.25,-787.0,-302.0,552.0,0.25,-1.625,-0.625,-26.0,2.0,-3.0,0x683f
1677696194.677102,8954.0,3379.0,4052.0,273.6875,-49.8125,29.25,-736.0,-298.0,541.0,1.1875,2.25,1.75,11.0,16.0,-8.0,0x683f
1677696194.74082,9009.0,3412.0,3998.0,273.875,-50.0625,29.125,-778.0,-294.0,580.0,-0.75,2.0625,3.6875,-26.0,12.0,31.0,0x683f
1677696194.8067682,8911.0,3388.0,4012.0,274.5625,-50.75,29.9375,-801.0,-312.0,612.0,-15.75,-2.5625,22.125,-41.0,-2.0,75.0,0x683f
1677696194.8675609,8786.0,3359.0,3933.0,274.625,-53.375,34.3125,-813.0,-392.0,607.0,-48.0,0.875,67.5,-25.0,-71.0,106.0,0x683f
1677696194.9276319,8702.0,3163.0,3983.0,273.5,-56.4375,40.375,-806.0,-388.0,496.0,-74.5,6.375,59.375,46.0,-79.0,53.0,0x683f
1677696194.9894662,8643.0,3045.0,3964.0,272.5625,-59.625,48.125,-848.0,-377.0,348.0,-44.3125,3.25,66.4375,-53.0,7.0,9.0,0x683f
1677696195.0497081,8827.0,3273.0,3854.0,272.375,-60.625,52.1875,-918.0,-432.0,263.0,-15.9375,-2.25,25.9375,-62.0,-51.0,-25.0,0x683f
1677696195.111862,8796.0,3221.0,3928.0,273.125,-62.0,52.375,-1039.0,-340.0,111.0,78.625,33.625,-6.25,-196.0,27.0,-199.0,0x683f
1677696195.166261,9542.0,4095.0,2600.0,274.3125,-62.1875,39.9375,-1001.0,-156.0,67.0,96.8125,46.1875,-63.0,-95.0,187.0,-292.0,0x683f
1677696195.228359,8969.0,3362.0,3813.0,272.6875,-61.875,28.3125,-852.0,-18.0,189.0,7.6875,69.3125,-19.375,7.0,193.0,-205.0,0x683f
1677696195.2891,8888.0,3226.0,3933.0,268.3125,-62.1875,21.0625,-847.0,-83.0,275.0,-27.375,61.875,-36.0625,93.0,85.0,-78.0,0x683f
1677696195.350228,8993.0,3208.0,3876.0,264.4375,-61.6875,17.6875,-761.0,-117.0,382.0,-50.875,36.75,-20.875,100.0,22.0,-62.0,0x683f
1677696195.4116428,8965.0,3260.0,4015.0,260.875,-60.875,16.25,-835.0,-40.0,297.0,-33.4375,26.125,-37.8125,11.0,109.0,-155.0,0x683f
1677696195.472258,9379.0,3571.0,3798.0,257.375,-59.125,15.8125,-952.0,-102.0,304.0,-61.75,19.5,-24.5625,-112.0,37.0,-180.0,0x683f
1677696195.534595,8628.0,3073.0,3866.0,253.25,-58.125,16.5625,-890.0,-100.0,395.0,-84.9375,37.375,-31.25,-58.0,49.0,-102.0,0x683f
1677696195.5930429,8737.0,2957.0,3856.0,248.25,-56.0625,19.0,-838.0,-109.0,450.0,-92.6875,-5.25,-50.5,-23.0,38.0,-65.0,0x683f
1677696195.652492,8682.0,2477.0,3840.0,245.3125,-53.0,22.8125,-809.0,-290.0,490.0,-92.75,3.75,-57.25,-33.0,-60.0,-10.0,0x683f
1677696195.7121239,8730.0,2626.0,3910.0,242.5,-50.9375,24.5625,-877.0,-396.0,592.0,-69.4375,13.6875,-53.1875,-120.0,-134.0,27.0,0x683f
1677696195.7700338,8690.0,2616.0,3888.0,239.4375,-48.125,25.3125,-691.0,-418.0,671.0,-45.0625,20.3125,-51.4375,34.0,-136.0,76.0,0x683f
1677696195.828761,8699.0,2649.0,3890.0,236.6875,-46.0625,24.9375,-634.0,-424.0,648.0,-27.0625,17.0,-65.6875,65.0,-136.0,25.0,0x683f
1677696195.8871622,8780.0,2822.0,3937.0,234.1875,-42.25,22.75,-523.0,-394.0,744.0,0.8125,19.25,-92.3125,126.0,-115.0,64.0,0x683f
1677696195.943369,8717.0,2344.0,3852.0,232.9375,-37.5625,20.1875,-408.0,-433.0,880.0,31.75,-14.3125,-114.5,326.0,-153.0,268.0,0x683f
1677696196.00241,8768.0,2426.0,3872.0,233.75,-33.0625,16.375,-416.0,-243.0,916.0,79.1875,-10.375,-64.0,119.0,-11.0,128.0,0x683f
1677696196.058401,8783.0,2842.0,3837.0,234.3125,-29.5625,14.1875,-475.0,-277.0,845.0,-4.0,-18.4375,-49.3125,0.0,-65.0,14.0,0x683f
1677696196.119217,8850.0,2796.0,3865.0,234.3125,-26.4375,13.5625,-410.0,-150.0,844.0,7.0625,3.125,-84.875,111.0,50.0,17.0,0x683f
1677696196.174658,8828.0,2856.0,3852.0,234.125,-22.3125,13.1875,-268.0,-286.0,988.0,8.875,8.1875,-60.1875,294.0,-145.0,270.0,0x683f
1677696196.2337768,8772.0,2297.0,3732.0,233.375,-22.0,12.0625,-363.0,-299.0,948.0,3.625,19.125,7.4375,4.0,-108.0,59.0,0x683f
1677696196.292054,8636.0,1472.0,2810.0,232.5,-23.625,11.1875,-323.0,-188.0,899.0,16.1875,16.4375,40.3125,70.0,-14.0,18.0,0x683f
1677696196.3534348,8686.0,1409.0,2032.0,231.875,-25.5,10.125,-358.0,-103.0,829.0,-2.875,23.4375,27.625,68.0,49.0,-39.0,0x683f
1677696196.414795,8651.0,1946.0,3647.0,229.6875,-28.0625,9.8125,-527.0,-336.0,882.0,27.4375,15.3125,29.75,-65.0,-188.0,29.0,0x683f
1677696196.4760451,8614.0,1891.0,3493.0,228.5625,-30.1875,7.5,-409.0,-119.0,893.0,41.3125,-2.8125,66.0625,83.0,-8.0,53.0,0x683f
1677696196.5374742,8622.0,2052.0,3774.0,229.0625,-34.25,5.75,-547.0,-119.0,839.0,54.0625,-16.5625,80.8125,10.0,-6.0,42.0,0x683f
1677696196.598181,8442.0,1681.0,3208.0,229.3125,-39.375,3.9375,-586.0,-118.0,798.0,37.875,-13.375,107.1875,-85.0,-94.0,-23.0,0x683f
1677696196.655669,9999.0,4196.0,2462.0,230.5625,-44.625,2.75,-544.0,-64.0,772.0,33.5,-15.5,96.8125,155.0,-32.0,86.0,0x683f
1677696196.715234,9347.0,3343.0,3805.0,231.125,-51.0,3.3125,-770.0,-259.0,617.0,29.875,-34.625,99.6875,-7.0,-223.0,2.0,0x683f
1677696196.7763681,9098.0,3123.0,3938.0,233.4375,-56.875,3.4375,-771.0,-76.0,607.0,35.25,-7.875,113.1875,-19.0,-72.0,41.0,0x683f
1677696196.834982,8908.0,3075.0,3810.0,235.875,-62.75,2.0625,-786.0,-77.0,467.0,92.375,-27.125,97.875,105.0,-35.0,19.0,0x683f
1677696196.8947132,8755.0,3006.0,3894.0,241.25,-69.25,0.5,-943.0,-2.0,263.0,89.9375,-21.375,104.0,-26.0,0.0,-83.0,0x683f
1677696196.958178,8708.0,3036.0,3976.0,245.6875,-73.4375,-2.25,-940.0,80.0,153.0,84.125,-18.375,38.125,26.0,82.0,-119.0,0x683f
1677696197.024527,8651.0,3004.0,3910.0,250.9375,-76.0,0.3125,-882.0,-9.0,67.0,66.3125,-50.8125,59.9375,70.0,-2.0,-159.0,0x683f
1677696197.091035,8840.0,3298.0,3917.0,258.0,-80.8125,12.8125,-895.0,22.0,-103.0,72.875,-37.9375,89.4375,102.0,75.0,-255.0,0x683f
1677696197.152399,8918.0,3542.0,3849.0,265.0,-85.0,4.25,-909.0,-41.0,-181.0,50.5,-38.375,95.75,67.0,31.0,-224.0,0x683f
1677696197.208523,8489.0,3009.0,3838.0,269.4375,-83.75,174.1875,-941.0,-31.0,-183.0,57.8125,-21.4375,113.75,31.0,71.0,-127.0,0x683f
1677696197.262953,8877.0,3443.0,3925.0,275.0,-78.8125,135.875,-944.0,-126.0,-274.0,45.4375,-47.3125,89.6875,17.0,5.0,-138.0,0x683f
1677696197.3226812,8501.0,3032.0,3942.0,282.125,-73.1875,136.8125,-1096.0,-261.0,-364.0,40.625,-71.8125,56.4375,-157.0,-64.0,-161.0,0x683f
1677696197.382185,9851.0,4333.0,2459.0,289.625,-71.125,121.5625,-1137.0,-372.0,-248.0,87.0625,-28.125,-73.6875,-209.0,-102.0,-82.0,0x683f
1677696197.442394,8530.0,2962.0,3901.0,293.8125,-72.625,103.125,-952.0,-162.0,-36.0,70.8125,23.6875,-119.8125,-14.0,119.0,6.0,0x683f
1677696197.5051,9399.0,3729.0,3901.0,294.125,-73.9375,75.75,-904.0,-146.0,78.0,27.0,15.125,-107.25,32.0,94.0,1.0,0x683f
1677696197.56556,8561.0,2747.0,3938.0,293.0,-72.125,55.4375,-962.0,-234.0,165.0,12.25,17.9375,-114.25,-17.0,10.0,-28.0,0x683f
1677696197.628845,8857.0,3232.0,3985.0,289.875,-68.25,36.5,-982.0,-153.0,263.0,8.5,46.5,-137.25,-93.0,4.0,-90.0,0x683f
1677696197.688118,8949.0,3349.0,4019.0,285.4375,-60.3125,19.0625,-734.0,-115.0,492.0,-9.8125,60.75,-152.8125,91.0,79.0,27.0,0x683f
1677696197.746069,9040.0,3336.0,3980.0,281.6875,-53.75,13.875,-759.0,-52.0,582.0,-42.5,2.8125,-96.875,51.0,92.0,-1.0,0x683f
1677696197.805856,8658.0,3112.0,3945.0,280.6875,-49.9375,15.5,-738.0,-225.0,701.0,-15.3125,-6.3125,-37.625,-129.0,-14.0,80.0,0x683f
1677696197.8671849,8622.0,3098.0,3905.0,280.5,-48.0,15.375,-805.0,-140.0,692.0,-3.375,2.5625,-16.0625,-70.0,39.0,50.0,0x683f
1677696197.927674,8729.0,3170.0,3999.0,281.0625,-47.3125,15.875,-710.0,-150.0,633.0,-11.875,-6.4375,-3.25,13.0,25.0,-7.0,0x683f
1677696197.988226,8661.0,3143.0,3941.0,281.3125,-46.5625,16.875,-745.0,-212.0,653.0,-13.625,-5.6875,-24.0,-21.0,-34.0,16.0,0x683f
1677696198.054196,8638.0,3126.0,3919.0,281.875,-45.3125,17.5,-688.0,-202.0,650.0,-13.0,-6.0625,-22.8125,6.0,7.0,-8.0,0x683f
1677696198.1241589,9048.0,3391.0,3969.0,282.0625,-44.125,18.125,-724.0,-214.0,644.0,-9.5625,-2.75,-17.4375,-44.0,5.0,-19.0,0x683f
1677696198.1835678,8410.0,3012.0,3832.0,282.375,-42.6875,18.6875,-670.0,-209.0,693.0,-10.9375,-6.875,-19.5625,-5.0,22.0,11.0,0x683f
1677696198.2424371,8627.0,3168.0,3921.0,283.0625,-41.9375,19.6875,-696.0,-245.0,691.0,-15.5625,-6.875,-3.75,-40.0,0.0,5.0,0x683f
1677696198.302424,9081.0,3386.0,3935.0,283.4375,-41.5625,20.4375,-657.0,-255.0,700.0,-7.25,-6.5,-9.375,0.0,-1.0,10.0,0x683f
1677696198.362968,8607.0,3178.0,3940.0,284.0,-41.4375,20.6875,-590.0,-278.0,759.0,1.25,0.9375,9.875,30.0,-22.0,62.0,0x683f
1677696198.4242702,9010.0,3426.0,3990.0,284.3125,-43.4375,21.125,-648.0,-257.0,737.0,-0.75,1.5625,42.3125,41.0,-16.0,74.0,0x683f
1677696198.484905,8712.0,3182.0,3941.0,284.625,-46.9375,22.3125,-731.0,-310.0,650.0,-3.75,12.75,70.6875,-14.0,-55.0,31.0,0x683f
1677696198.543199,8349.0,3059.0,3876.0,283.9375,-51.375,21.3125,-899.0,-344.0,632.0,26.5,58.75,70.1875,-133.0,-121.0,63.0,0x683f
1677696198.605388,8420.0,2977.0,3770.0,282.375,-54.6875,16.3125,-810.0,-210.0,541.0,44.6875,57.9375,25.5,10.0,-48.0,-24.0,0x683f
1677696198.663712,8426.0,2933.0,3748.0,280.25,-57.0,9.625,-784.0,-3.0,381.0,6.1875,38.0,13.0625,23.0,88.0,-156.0,0x683f
1677696198.723572,8365.0,2917.0,3725.0,278.0625,-57.125,7.0,-749.0,89.0,359.0,-23.0,26.8125,-17.5,47.0,173.0,-147.0,0x683f
1677696198.784022,8399.0,3021.0,3824.0,275.9375,-56.3125,7.25,-788.0,39.0,400.0,-34.875,11.0,-14.0625,28.0,108.0,-139.0,0x683f
1677696198.8475509,8485.0,3091.0,3890.0,274.3125,-55.375,8.0625,-792.0,-7.0,494.0,-27.1875,3.25,-16.75,14.0,70.0,-56.0,0x683f
1677696198.9085052,8369.0,3099.0,3898.0,273.4375,-54.3125,9.625,-835.0,-94.0,572.0,-24.375,-1.8125,-10.625,-59.0,-48.0,33.0,0x683f
1677696198.973181,8442.0,3111.0,3960.0,272.5,-53.8125,10.1875,-891.0,-198.0,611.0,-12.1875,8.75,-13.0625,-108.0,-99.0,62.0,0x683f
1677696199.033689,8793.0,3452.0,3878.0,271.375,-53.25,10.125,-879.0,-216.0,720.0,-25.1875,19.0,-3.0625,-92.0,-113.0,143.0,0x683f
1677696199.10404,8411.0,3254.0,3788.0,268.75,-53.625,9.8125,-779.0,-274.0,646.0,-39.6875,37.25,5.75,91.0,-195.0,-10.0,0x683f
1677696199.1652522,10231.0,4835.0,2394.0,264.25,-55.625,10.5,-640.0,-252.0,390.0,-74.9375,24.0625,43.25,149.0,-149.0,-210.0,0x683f
1677696199.228788,8592.0,3305.0,3968.0,260.6875,-58.25,16.25,-704.0,-155.0,248.0,-122.625,-7.75,39.1875,121.0,-5.0,-237.0,0x683f
1677696199.290797,8777.0,3357.0,4000.0,258.5,-58.5,25.625,-659.0,-243.0,307.0,-133.9375,-54.9375,-4.375,174.0,-3.0,-149.0,0x683f
1677696199.349474,9078.0,3780.0,3888.0,259.9375,-55.875,37.625,-412.0,-324.0,388.0,-60.0625,-124.375,23.75,351.0,40.0,-31.0,0x683f
1677696199.413972,9869.0,4727.0,2340.0,268.125,-49.6875,51.25,-596.0,-447.0,415.0,-40.3125,-172.0625,-8.75,189.0,55.0,27.0,0x683f
1677696199.481605,8350.0,3181.0,3853.0,280.1875,-40.4375,61.3125,-553.0,-637.0,383.0,-11.875,-190.5625,73.9375,-52.0,-43.0,-12.0,0x683f
1677696199.5495849,8405.0,3309.0,4076.0,294.25,-33.625,69.3125,-508.0,-812.0,235.0,18.5,-173.5625,191.625,41.0,-52.0,-61.0,0x683f
1677696199.6120372,8761.0,3661.0,4405.0,315.3125,-26.8125,76.75,-698.0,-1008.0,78.0,51.9375,-145.375,197.5625,-270.0,-147.0,-114.0,0x683f
1677696199.669276,8716.0,3656.0,4470.0,333.25,-21.0,78.75,-697.0,-1033.0,87.0,67.875,-142.125,181.3125,-361.0,-129.0,-90.0,0x683f
1677696199.728939,8774.0,3587.0,4312.0,348.625,-15.0,79.1875,-571.0,-1158.0,82.0,32.8125,-106.5,114.4375,-325.0,-257.0,-101.0,0x683f
1677696199.787064,8746.0,3560.0,4345.0,357.5625,-11.75,77.5625,-568.0,-1021.0,152.0,42.5625,-32.6875,55.1875,-356.0,-75.0,-56.0,0x683f
1677696199.847004,8716.0,3613.0,4492.0,0.1875,-11.625,77.125,-518.0,-919.0,232.0,1.875,3.375,-25.3125,-311.0,26.0,19.0,0x683f
1677696199.905866,8764.0,3685.0,4494.0,357.625,-11.0625,76.125,-91.0,-910.0,378.0,16.375,5.1875,-35.5625,97.0,23.0,147.0,0x683f
1677696199.9681458,8757.0,3598.0,275.0,356.0,-10.5,75.375,-142.0,-1008.0,302.0,5.6875,-24.875,-23.875,23.0,-68.0,116.0,0x683f
1677696200.0308008,8769.0,3644.0,275.0,355.9375,-9.5625,75.4375,8.0,-873.0,624.0,-3.25,-8.1875,7.0625,150.0,20.0,354.0,0x683f
1677696200.091019,8687.0,3648.0,229.0,357.75,-8.9375,74.3125,-217.0,-854.0,191.0,25.5625,-18.8125,20.0625,-66.0,78.0,-72.0,0x683f
1677696200.15006,8749.0,3655.0,280.0,359.1875,-8.5,74.5625,-268.0,-923.0,181.0,-25.25,-9.6875,-5.75,-124.0,12.0,-71.0,0x683f
1677696200.209274,8721.0,3646.0,219.0,358.4375,-7.9375,75.5,-196.0,-927.0,371.0,-4.8125,10.4375,-29.4375,-59.0,13.0,129.0,0x683f
1677696200.269333,8733.0,3590.0,262.0,355.9375,-8.1875,75.0,-155.0,-920.0,261.0,5.4375,14.875,-41.8125,3.0,18.0,1.0,0x683f
1677696200.332064,8760.0,3547.0,275.0,353.875,-8.4375,74.6875,-102.0,-916.0,258.0,-3.3125,8.25,-14.9375,42.0,18.0,3.0,0x683f
1677696200.386018,8734.0,3543.0,251.0,353.4375,-8.5,74.625,-130.0,-911.0,283.0,3.0625,-0.5,0.3125,14.0,24.0,25.0,0x683f
1677696200.443168,8668.0,3558.0,236.0,353.5625,-8.375,74.4375,-158.0,-928.0,269.0,3.9375,-2.625,-0.4375,-15.0,6.0,9.0,0x683f
1677696200.502542,8707.0,3576.0,206.0,353.625,-8.3125,74.25,-135.0,-925.0,268.0,1.6875,0.3125,2.25,6.0,8.0,5.0,0x683f
1677696200.563863,8714.0,3587.0,219.0,353.8125,-8.375,74.25,-173.0,-918.0,266.0,0.125,-1.8125,1.875,-30.0,15.0,2.0,0x683f
1677696200.625201,8730.0,3587.0,207.0,353.8125,-8.3125,74.125,-156.0,-909.0,280.0,-0.75,0.0,-2.625,-13.0,23.0,14.0,0x683f
1677696200.684138,8738.0,3592.0,232.0,353.8125,-8.375,74.1875,-181.0,-930.0,259.0,-0.5,-2.625,0.4375,-38.0,2.0,-4.0,0x683f
1677696200.7441761,8795.0,3626.0,248.0,353.75,-8.375,74.1875,-153.0,-910.0,285.0,-1.75,0.9375,-0.6875,-9.0,23.0,21.0,0x683f
1677696200.804578,8798.0,3666.0,4475.0,353.6875,-8.4375,74.1875,-156.0,-921.0,275.0,0.6875,-0.4375,-1.25,-12.0,12.0,11.0,0x683f
1677696200.863978,8753.0,3541.0,247.0,353.5625,-8.5,74.0625,-156.0,-917.0,281.0,1.1875,0.8125,0.25,-10.0,15.0,15.0,0x683f
1677696200.9246159,8694.0,3623.0,159.0,353.4375,-8.5625,74.0,-173.0,-932.0,281.0,1.5625,0.0,-3.125,-26.0,0.0,14.0,0x683f
1677696200.983915,8729.0,3589.0,202.0,353.25,-8.5625,73.75,-158.0,-911.0,271.0,2.75,1.3125,-5.1875,-12.0,19.0,1.0,0x683f
1677696201.0443032,8731.0,3622.0,170.0,353.0,-8.5625,73.6875,-163.0,-927.0,277.0,1.6875,-0.25,-3.8125,-17.0,2.0,4.0,0x683f
1677696201.104042,8695.0,3613.0,148.0,352.8125,-8.5,73.5,-156.0,-912.0,274.0,0.3125,0.4375,-2.25,-11.0,17.0,0.0,0x683f
1677696201.165219,8696.0,3572.0,157.0,352.75,-8.5625,73.5625,-158.0,-921.0,280.0,-4.25,-0.3125,1.125,-12.0,9.0,6.0,0x683f
1677696201.2249742,8729.0,3589.0,202.0,352.8125,-8.5,73.6875,-156.0,-913.0,274.0,-1.5,-1.3125,-0.0625,-10.0,17.0,3.0,0x683f
1677696201.289381,8659.0,3609.0,106.0,352.875,-8.4375,73.8125,-159.0,-917.0,274.0,-0.75,-1.3125,0.75,-18.0,10.0,-2.0,0x683f
1677696201.349788,8704.0,3550.0,183.0,352.8125,-8.4375,73.8125,-145.0,-927.0,281.0,-1.5,0.5,-2.375,0.0,3.0,12.0,0x683f
1677696201.409885,8678.0,3525.0,157.0,352.6875,-8.4375,73.8125,-152.0,-920.0,281.0,-0.375,0.4375,-2.625,-7.0,11.0,11.0,0x683f
1677696201.470352,8758.0,3548.0,186.0,352.5625,-8.4375,73.8125,-144.0,-920.0,273.0,-0.4375,0.4375,-2.1875,0.0,11.0,3.0,0x683f
1677696201.530987,8675.0,3508.0,163.0,352.5,-8.4375,73.75,-151.0,-924.0,282.0,0.25,-0.6875,-0.6875,-7.0,3.0,9.0,0x683f
1677696201.591417,8697.0,3514.0,208.0,352.5,-8.375,73.6875,-150.0,-917.0,280.0,0.8125,-1.125,-0.4375,-9.0,12.0,7.0,0x683f
1677696201.653686,8810.0,3572.0,226.0,352.5625,-8.375,73.6875,-159.0,-920.0,272.0,1.375,-0.375,0.5625,-16.0,5.0,0.0,0x683f
1677696201.71419,8729.0,3542.0,210.0,352.5,-8.4375,73.625,-154.0,-913.0,283.0,-0.1875,-0.1875,-0.375,-15.0,13.0,10.0,0x683f
1677696201.775062,8712.0,3530.0,187.0,352.5,-8.5,73.5625,-167.0,-920.0,273.0,1.9375,0.875,-1.1875,-22.0,10.0,0.0,0x683f
1677696201.838485,8718.0,3541.0,175.0,352.3125,-8.5625,73.5,-155.0,-916.0,281.0,-0.625,1.1875,-1.6875,-8.0,11.0,9.0,0x683f
1677696201.899858,8773.0,3570.0,227.0,352.1875,-8.5625,73.375,-156.0,-917.0,284.0,2.375,0.4375,-1.8125,-10.0,11.0,8.0,0x683f
1677696201.964382,8734.0,3549.0,202.0,352.0625,-8.5625,73.25,-156.0,-920.0,283.0,-0.8125,0.8125,-2.4375,-6.0,8.0,7.0,0x683f
1677696202.032602,8713.0,3549.0,187.0,351.9375,-8.5625,73.1875,-157.0,-912.0,286.0,1.5625,-0.125,-1.3125,-12.0,10.0,6.0,0x683f
1677696202.097507,8718.0,3561.0,139.0,352.375,-8.5625,73.0625,-150.0,-913.0,285.0,1.125,0.3125,-1.9375,-4.0,13.0,3.0,0x683f
1677696202.162976,8727.0,3555.0,225.0,352.75,-8.5,73.0625,-155.0,-916.0,282.0,0.0,-0.875,0.0625,-10.0,10.0,3.0,0x683f
1677696202.224101,8735.0,3571.0,188.0,352.6875,-8.5625,73.0,-153.0,-917.0,284.0,-0.3125,0.5625,-1.3125,-6.0,9.0,2.0,0x683f
1677696202.286122,8739.0,3599.0,142.0,352.625,-8.5625,73.0,-152.0,-912.0,288.0,0.375,0.4375,-1.25,-7.0,18.0,2.0,0x683f
1677696202.3472168,8702.0,3563.0,166.0,352.625,-8.5625,73.0,-148.0,-916.0,285.0,-0.375,-0.5,1.4375,-3.0,8.0,1.0,0x683f
1677696202.4051468,8709.0,3540.0,145.0,352.625,-8.5625,73.0,-166.0,-919.0,288.0,0.0625,-0.25,-0.6875,-14.0,8.0,3.0,0x683f
1677696202.469205,8811.0,3572.0,262.0,352.5,-8.5625,72.9375,-155.0,-912.0,284.0,0.25,0.25,-1.75,-8.0,11.0,1.0,0x683f
1677696202.532518,8716.0,3578.0,143.0,352.5,-8.5625,72.9375,-156.0,-911.0,285.0,-0.4375,0.3125,0.25,0.0,11.0,0.0,0x683f
1677696202.5970821,8680.0,3564.0,130.0,352.5,-8.625,72.9375,-156.0,-922.0,286.0,-0.3125,-1.0625,2.0,-17.0,0.0,2.0,0x683f
1677696202.6575592,8697.0,3563.0,178.0,352.5625,-8.625,72.9375,-161.0,-916.0,282.0,-0.3125,0.3125,-0.8125,-12.0,14.0,0.0,0x683f
1677696202.7184799,8674.0,3581.0,125.0,352.5,-8.625,72.9375,-159.0,-921.0,289.0,-0.1875,0.3125,-2.6875,-2.0,6.0,3.0,0x683f
1677696202.7828212,8772.0,3539.0,287.0,352.4375,-8.625,72.875,-149.0,-918.0,283.0,0.0625,-0.9375,0.25,-4.0,6.0,2.0,0x683f
1677696202.845291,8688.0,3545.0,178.0,352.375,-8.5625,72.875,-158.0,-916.0,283.0,0.9375,0.3125,-2.125,-9.0,13.0,-4.0,0x683f
1677696202.907466,8702.0,3586.0,183.0,352.375,-8.5625,72.875,-155.0,-918.0,280.0,-0.125,-0.875,0.75,-7.0,7.0,-3.0,0x683f
1677696202.9690099,8694.0,3526.0,194.0,352.4375,-8.5625,72.875,-164.0,-919.0,285.0,0.1875,-0.125,0.5625,-17.0,9.0,3.0,0x683f
1677696203.028382,8704.0,3566.0,217.0,352.375,-8.625,72.875,-150.0,-916.0,286.0,-0.1875,0.5625,-0.75,-4.0,8.0,0.0,0x683f
1677696203.093142,8691.0,3549.0,214.0,352.375,-8.625,72.875,-149.0,-918.0,288.0,0.125,-0.5,0.8125,-15.0,8.0,1.0,0x683f
1677696203.155614,8731.0,3576.0,185.0,353.0,-8.625,72.8125,-162.0,-909.0,283.0,-0.25,-0.5625,0.125,-10.0,9.0,0.0,0x683f
1677696203.218774,8715.0,3619.0,178.0,353.0,-8.625,72.8125,-158.0,-912.0,285.0,0.625,0.375,-0.125,-7.0,14.0,3.0,0x683f
1677696203.28194,8679.0,3577.0,136.0,353.4375,-8.6875,72.8125,-157.0,-920.0,288.0,1.625,-0.125,1.0,-9.0,5.0,2.0,0x683f
1677696203.346603,8721.0,3565.0,198.0,353.4375,-8.6875,72.6875,-163.0,-916.0,290.0,1.375,0.375,-2.3125,-8.0,11.0,0.0,0x683f
1677696203.41406,8721.0,3565.0,198.0,353.6875,-8.625,72.5625,-156.0,-915.0,285.0,0.9375,1.3125,-5.875,-4.0,8.0,-6.0,0x683f
1677696203.478982,8807.0,3613.0,219.0,353.4375,-8.625,72.5,-149.0,-920.0,291.0,-0.0625,0.5,-2.5,-1.0,6.0,2.0,0x683f
1677696203.5385752,8727.0,3588.0,159.0,354.0625,-8.5625,72.5,-158.0,-916.0,289.0,-0.3125,-0.6875,-1.5,-8.0,7.0,-1.0,0x683f
1677696203.5984929,8730.0,3595.0,199.0,354.0,-8.5625,72.5,-155.0,-912.0,288.0,-1.1875,0.125,-1.25,-8.0,10.0,-2.0,0x683f
1677696203.6579561,8762.0,3626.0,199.0,353.9375,-8.5625,72.5,-155.0,-921.0,288.0,0.75,-0.1875,-0.6875,-11.0,7.0,-3.0,0x683f
1677696203.7165701,8739.0,3613.0,172.0,353.9375,-8.5625,72.5,-150.0,-918.0,295.0,0.4375,-0.6875,0.6875,-4.0,6.0,4.0,0x683f
1677696203.775184,8712.0,3546.0,195.0,354.0,-8.5,72.5,-154.0,-917.0,289.0,-0.5,-0.625,0.75,-8.0,7.0,-1.0,0x683f
1677696203.834966,8714.0,3576.0,168.0,354.5625,-8.5,72.5,-154.0,-914.0,289.0,0.6875,-0.3125,0.25,-8.0,10.0,-1.0,0x683f
1677696203.8935502,8708.0,3544.0,177.0,354.875,-8.5,72.5,-153.0,-919.0,289.0,-0.375,-0.25,0.1875,-7.0,5.0,-1.0,0x683f
1677696203.952397,8713.0,3573.0,190.0,354.875,-8.5,72.5,-155.0,-914.0,292.0,1.0625,-0.9375,0.0,-9.0,10.0,0.0,0x683f
1677696204.011991,8738.0,3592.0,232.0,354.875,-8.5,72.375,-152.0,-915.0,284.0,0.8125,-0.0625,-0.5,-7.0,8.0,-7.0,0x683f
1677696204.067809,8728.0,3576.0,204.0,354.875,-8.5,72.375,-155.0,-919.0,296.0,0.6875,-0.8125,0.5625,-9.0,5.0,3.0,0x683f
1677696204.1229172,8721.0,3565.0,198.0,354.875,-8.5,72.375,-157.0,-914.0,291.0,0.25,0.25,-1.375,-12.0,9.0,-1.0,0x683f
1677696204.180758,8716.0,3557.0,284.0,355.4375,-8.4375,72.375,-152.0,-914.0,288.0,0.25,0.1875,-1.125,-7.0,9.0,-4.0,0x683f
1677696204.240442,8730.0,3611.0,209.0,355.4375,-8.4375,72.375,-145.0,-925.0,291.0,-0.4375,-0.125,1.0625,-1.0,-1.0,-2.0,0x683f
1677696204.3007,8736.0,3560.0,217.0,355.5625,-8.4375,72.3125,-166.0,-912.0,292.0,0.0625,-1.25,2.75,-21.0,12.0,-2.0,0x683f
1677696204.364712,8714.0,3555.0,223.0,355.625,-8.4375,72.3125,-161.0,-914.0,289.0,0.0,1.0,-0.4375,-16.0,9.0,-4.0,0x683f
1677696204.429645,8751.0,3590.0,220.0,356.0,-8.5,72.25,-146.0,-913.0,294.0,0.9375,0.9375,-0.625,-5.0,11.0,3.0,0x683f
1677696204.492092,8735.0,3589.0,237.0,355.9375,-8.5625,72.25,-157.0,-915.0,291.0,-0.1875,0.4375,0.1875,-11.0,7.0,-3.0,0x683f
1677696204.557802,8706.0,3572.0,169.0,356.375,-8.5625,72.25,-153.0,-916.0,292.0,0.125,0.3125,-0.0625,-7.0,7.0,-2.0,0x683f
1677696204.622133,8744.0,3593.0,190.0,356.375,-8.5625,72.25,-151.0,-918.0,290.0,-0.4375,0.4375,1.0625,-2.0,7.0,-5.0,0x683f
1677696204.6811159,8736.0,3560.0,217.0,356.4375,-8.5625,72.3125,-156.0,-917.0,304.0,1.3125,-0.25,1.1875,-9.0,6.0,10.0,0x683f
1677696204.7409742,8758.0,3584.0,222.0,356.5,-8.5625,72.1875,-165.0,-914.0,286.0,1.3125,0.4375,-1.0,-19.0,8.0,-9.0,0x683f
1677696204.801111,8772.0,3565.0,268.0,356.9375,-8.5625,72.125,-157.0,-913.0,292.0,0.25,1.375,-5.25,-11.0,9.0,-4.0,0x683f
1677696204.861425,8721.0,3565.0,198.0,356.875,-8.625,72.0625,-154.0,-919.0,299.0,1.8125,3.3125,-6.6875,-6.0,3.0,1.0,0x683f
1677696204.922893,8764.0,3583.0,249.0,356.5625,-8.625,71.9375,-153.0,-909.0,305.0,1.0,0.125,-2.4375,-5.0,12.0,4.0,0x683f
1677696204.984441,8750.0,3602.0,229.0,357.0,-8.6875,71.875,-154.0,-909.0,308.0,0.5625,-0.1875,2.0625,-5.0,12.0,7.0,0x683f
1677696205.044998,8773.0,3561.0,232.0,357.5625,-8.75,71.875,-166.0,-911.0,293.0,0.1875,-0.0625,1.5625,-16.0,10.0,-7.0,0x683f
1677696205.104704,8725.0,3570.0,232.0,358.0,-8.75,71.8125,-155.0,-902.0,302.0,0.25,0.4375,0.0,-5.0,18.0,0.0,0x683f
1677696205.1630669,8724.0,3542.0,217.0,358.0,-8.8125,71.8125,-155.0,-916.0,297.0,-0.5,-0.25,0.9375,-4.0,4.0,-4.0,0x683f
1677696205.222068,8740.0,3579.0,259.0,358.0625,-8.8125,71.875,-165.0,-912.0,299.0,-0.8125,-0.9375,2.125,-14.0,9.0,-1.0,0x683f
1677696205.2826712,8744.0,3588.0,210.0,358.4375,-8.875,71.875,-167.0,-911.0,299.0,-0.1875,-0.125,1.5625,-15.0,9.0,0.0,0x683f
1677696205.342879,8743.0,3571.0,242.0,358.375,-8.875,71.9375,-160.0,-913.0,297.0,-0.1875,0.4375,-0.625,-8.0,7.0,-2.0,0x683f
1677696205.4047868,8757.0,3577.0,260.0,358.375,-8.9375,71.9375,-165.0,-917.0,300.0,-0.75,0.1875,0.9375,-12.0,3.0,0.0,0x683f
1677696205.4697611,8739.0,3557.0,220.0,358.375,-8.9375,71.9375,-172.0,-916.0,296.0,0.5625,0.5,-1.5,-17.0,5.0,0.0,0x683f
1677696205.531796,8715.0,3515.0,225.0,358.3125,-8.9375,71.9375,-156.0,-916.0,300.0,0.875,-0.1875,-1.0625,-3.0,4.0,0.0,0x683f
1677696205.5934489,8731.0,3576.0,236.0,358.3125,-8.9375,71.875,-166.0,-910.0,290.0,1.8125,-0.375,-0.625,-14.0,8.0,-5.0,0x683f
1677696205.654857,8769.0,3585.0,4466.0,358.6875,-8.9375,71.8125,-165.0,-915.0,289.0,0.6875,0.0,-1.1875,-16.0,1.0,-13.0,0x683f
1677696205.718119,8772.0,3581.0,295.0,358.5,-9.0,71.8125,-151.0,-916.0,311.0,-0.5625,1.25,-2.8125,1.0,3.0,9.0,0x683f
1677696205.777375,8761.0,3607.0,279.0,358.8125,-9.0,71.75,-137.0,-914.0,293.0,-1.125,1.25,-0.9375,18.0,7.0,-11.0,0x683f
1677696205.835506,8761.0,3626.0,259.0,359.125,-9.0,71.875,-122.0,-916.0,299.0,-2.625,-0.0625,0.0625,30.0,4.0,-1.0,0x683f
1677696205.8983092,8834.0,3693.0,4463.0,359.375,-8.75,72.0,-122.0,-922.0,293.0,-2.875,-5.75,4.875,34.0,0.0,-3.0,0x683f
1677696205.957355,8740.0,3718.0,4489.0,0.75,-8.4375,72.25,-114.0,-936.0,327.0,0.5,-10.875,25.0,14.0,-17.0,39.0,0x683f
1677696206.0183098,8664.0,3621.0,212.0,2.8125,-8.3125,72.3125,-210.0,-942.0,385.0,10.5,-6.9375,26.3125,-50.0,10.0,97.0,0x683f
1677696206.079278,8681.0,3423.0,4367.0,3.6875,-8.375,71.5,-194.0,-890.0,423.0,26.4375,5.8125,-5.9375,-51.0,29.0,115.0,0x683f
1677696206.1404438,8798.0,3375.0,4222.0,4.375,-9.0625,69.0625,-148.0,-887.0,437.0,40.125,1.625,35.5625,3.0,-4.0,79.0,0x683f
1677696206.198028,8820.0,3532.0,4182.0,5.3125,-9.9375,67.1875,-168.0,-933.0,387.0,34.1875,11.75,16.3125,29.0,-34.0,16.0,0x683f
1677696206.258847,8672.0,3402.0,4242.0,5.6875,-11.0,65.8125,-87.0,-957.0,338.0,35.625,11.5,31.1875,113.0,-90.0,-49.0,0x683f
1677696206.31702,10175.0,4961.0,2164.0,6.8125,-12.1875,64.1875,-59.0,-928.0,333.0,34.5,4.125,48.5,148.0,-65.0,-83.0,0x683f
1677696206.374876,10198.0,4972.0,2178.0,9.8125,-13.125,63.3125,-85.0,-915.0,324.0,33.1875,-10.125,68.0,137.0,-62.0,-103.0,0x683f
1677696206.4339242,8315.0,3286.0,115.0,12.875,-13.8125,62.875,-183.0,-917.0,353.0,23.875,-18.25,72.0,26.0,-80.0,-76.0,0x683f
1677696206.4928792,10308.0,4981.0,2120.0,17.3125,-15.125,63.0,-218.0,-921.0,394.0,7.5,-8.0,81.4375,44.0,-83.0,-35.0,0x683f
1677696206.554522,9980.0,4446.0,2499.0,20.25,-16.6875,63.625,-190.0,-857.0,423.0,12.625,-2.625,53.8125,99.0,-5.0,7.0,0x683f
1677696206.614455,10018.0,4465.0,2469.0,22.25,-17.375,63.4375,-173.0,-791.0,449.0,19.5625,-13.5,24.5625,120.0,45.0,30.0,0x683f
1677696206.673385,10064.0,5259.0,2185.0,24.375,-16.875,62.875,-168.0,-776.0,505.0,16.125,-31.125,25.9375,116.0,59.0,78.0,0x683f
1677696206.733823,8893.0,3747.0,4178.0,27.0625,-16.0,62.5,-186.0,-793.0,497.0,34.5625,-40.25,43.9375,69.0,53.0,46.0,0x683f
1677696206.794532,9015.0,3881.0,3961.0,32.4375,-15.3125,61.0625,-213.0,-741.0,436.0,41.375,-41.75,76.1875,32.0,79.0,-26.0,0x683f
