1677696094.949708,8650.0,3104.0,8.0,342.625,-20.5625,75.3125,-355.0,-885.0,221.0,-2.125,-2.625,1.4375,-10.0,2.0,-10.0,0x683f
1677696095.012079,8659.0,3102.0,19.0,343.0625,-20.4375,75.5625,-341.0,-889.0,229.0,-3.6875,-1.875,-0.125,0.0,0.0,1.0,0x683f
1677696095.074293,8528.0,3010.0,0.0,343.5,-20.3125,75.75,-347.0,-886.0,225.0,-1.875,-2.125,1.3125,-6.0,4.0,0.0,0x683f
1677696095.136089,8724.0,3150.0,18.0,344.125,-20.25,75.9375,-347.0,-890.0,223.0,-1.6875,-0.6875,1.0625,-7.0,1.0,0.0,0x683f
1677696095.197494,8580.0,3043.0,27.0,344.125,-20.25,76.0,-347.0,-888.0,218.0,-0.625,0.0625,-0.1875,-8.0,1.0,-4.0,0x683f
1677696095.257986,8696.0,3124.0,76.0,344.5,-20.25,76.0,-351.0,-889.0,219.0,-0.5,0.8125,-3.125,-2.0,-3.0,0.0,0x683f
1677696095.317945,8759.0,3152.0,-20.0,344.5,-20.3125,75.875,-337.0,-883.0,228.0,0.5625,1.0,-4.875,2.0,8.0,3.0,0x683f
1677696095.3778508,8683.0,3075.0,10.0,345.0,-20.25,75.8125,-332.0,-884.0,227.0,-0.5625,-1.1875,-1.125,6.0,7.0,1.0,0x683f
1677696095.438207,8705.0,3095.0,36.0,345.3125,-20.1875,75.8125,-347.0,-890.0,223.0,0.3125,-0.125,0.625,-10.0,8.0,0.0,0x683f
1677696095.495842,8480.0,3296.0,4270.0,345.625,-20.1875,75.75,-344.0,-882.0,215.0,-0.3125,0.1875,-1.75,-2.0,11.0,-7.0,0x683f
1677696095.555936,8622.0,3432.0,4294.0,345.6875,-20.1875,75.875,-331.0,-897.0,221.0,-0.9375,0.1875,0.875,9.0,4.0,-1.0,0x683f
1677696095.614323,8588.0,3439.0,4298.0,346.1875,-20.1875,76.0,-328.0,-880.0,224.0,-2.125,-1.9375,5.25,10.0,12.0,1.0,0x683f
1677696095.675422,8564.0,3360.0,4282.0,346.5,-20.125,76.125,-358.0,-893.0,215.0,-1.3125,-1.8125,2.3125,-21.0,0.0,-4.0,0x683f
1677696095.736038,8635.0,3468.0,4308.0,347.0,-20.0625,76.1875,-346.0,-891.0,222.0,0.875,-0.3125,0.625,-10.0,4.0,-6.0,0x683f
1677696095.796393,8483.0,3325.0,4245.0,347.1875,-20.0625,76.1875,-341.0,-887.0,218.0,-0.5625,-1.0625,0.6875,-4.0,3.0,4.0,0x683f
1677696095.855764,8518.0,3341.0,4275.0,347.375,-20.0625,76.1875,-371.0,-891.0,215.0,1.25,0.0625,-2.8125,-34.0,2.0,-4.0,0x683f
1677696095.914197,8551.0,3364.0,4293.0,347.25,-20.125,75.9375,-352.0,-888.0,216.0,2.625,3.1875,-9.5625,-14.0,4.0,-7.0,0x683f
1677696095.973805,8451.0,3306.0,4264.0,346.8125,-20.1875,75.625,-341.0,-893.0,221.0,2.4375,4.125,-10.5625,2.0,0.0,-10.0,0x683f
1677696096.033463,8494.0,3354.0,4235.0,346.5625,-20.25,75.3125,-310.0,-867.0,229.0,0.875,2.625,-3.8125,30.0,17.0,-5.0,0x683f
1677696096.091535,8410.0,3329.0,4236.0,346.8125,-20.25,75.375,-323.0,-880.0,224.0,-1.5625,-2.1875,6.875,-9.0,3.0,-6.0,0x683f
1677696096.147451,8489.0,3314.0,4270.0,347.3125,-20.25,75.625,-355.0,-891.0,226.0,-0.75,0.0625,2.5625,-15.0,-3.0,-1.0,0x683f
1677696096.204652,8480.0,3248.0,4263.0,347.5625,-20.25,75.6875,-337.0,-880.0,224.0,-2.375,-0.8125,0.0,0.0,2.0,0.0,0x683f
1677696096.266568,8498.0,3332.0,4269.0,347.75,-20.25,75.8125,-343.0,-888.0,226.0,-0.125,-0.6875,1.375,-3.0,4.0,0.0,0x683f
1677696096.324189,10235.0,5111.0,2065.0,348.125,-20.25,75.875,-345.0,-889.0,223.0,-0.125,-0.9375,3.25,-5.0,2.0,0.0,0x683f
1677696096.387701,8485.0,3331.0,4245.0,348.375,-20.1875,75.875,-353.0,-893.0,219.0,1.4375,-0.6875,1.6875,-16.0,0.0,-7.0,0x683f
1677696096.447516,8453.0,3319.0,4247.0,348.5,-20.25,75.8125,-347.0,-886.0,217.0,0.1875,-0.1875,-1.4375,-6.0,4.0,-5.0,0x683f
1677696096.5073001,8506.0,3330.0,4280.0,348.6875,-20.1875,75.8125,-343.0,-883.0,217.0,0.1875,-0.3125,-1.125,-4.0,8.0,-2.0,0x683f
1677696096.567724,8439.0,3252.0,4236.0,348.75,-20.1875,75.8125,-345.0,-881.0,216.0,-0.375,-0.9375,0.25,-6.0,10.0,-8.0,0x683f
1677696096.626154,8543.0,3328.0,4282.0,348.9375,-20.125,75.875,-341.0,-890.0,222.0,-0.5625,-0.375,-0.5625,-2.0,4.0,2.0,0x683f
1677696096.685418,8486.0,3308.0,4244.0,349.0625,-20.1875,75.875,-329.0,-888.0,222.0,1.3125,0.5,-0.5,13.0,7.0,-3.0,0x683f
1677696096.745096,8628.0,3409.0,4305.0,349.25,-20.125,75.875,-337.0,-896.0,229.0,-1.625,-3.0625,4.0,0.0,-2.0,6.0,0x683f
1677696096.80692,8450.0,3305.0,4229.0,349.75,-20.0625,76.0625,-336.0,-877.0,219.0,2.375,-0.625,3.9375,0.0,15.0,-2.0,0x683f
1677696096.866207,8534.0,3336.0,4287.0,350.25,-20.0,76.0625,-356.0,-895.0,218.0,-0.375,-1.875,4.0,-23.0,0.0,0.0,0x683f
1677696096.9264388,8440.0,3299.0,4249.0,350.4375,-20.0625,76.125,-347.0,-888.0,217.0,0.625,-0.3125,-1.5625,-10.0,5.0,-3.0,0x683f
1677696096.9866738,8512.0,3353.0,4307.0,350.5,-20.0,76.0625,-342.0,-894.0,216.0,-0.375,-0.5,-3.125,-6.0,0.0,-5.0,0x683f
1677696097.047945,8529.0,3335.0,4298.0,350.5,-20.0,76.0,-343.0,-882.0,219.0,0.125,-0.3125,-1.9375,-7.0,11.0,-2.0,0x683f
1677696097.1069498,8457.0,3347.0,4331.0,350.5625,-20.0,75.875,-323.0,-882.0,220.0,3.0625,-0.6875,2.0,11.0,11.0,-3.0,0x683f
1677696097.165542,8395.0,3242.0,4297.0,351.125,-19.875,75.8125,-347.0,-887.0,227.0,1.1875,-1.1875,0.0,-8.0,7.0,4.0,0x683f
1677696097.2251751,8435.0,3270.0,4289.0,351.375,-19.8125,75.8125,-343.0,-901.0,229.0,0.75,-0.875,-2.8125,-10.0,-7.0,2.0,0x683f
1677696097.285077,8435.0,3269.0,4293.0,351.3125,-19.75,75.625,-328.0,-887.0,225.0,0.8125,-0.8125,-4.125,3.0,7.0,-2.0,0x683f
1677696097.3398452,8405.0,3270.0,4315.0,351.1875,-19.6875,75.5625,-336.0,-888.0,218.0,0.375,-0.5,-3.25,-6.0,6.0,-10.0,0x683f
1677696097.398939,8466.0,3330.0,4321.0,351.125,-19.5625,75.5,-332.0,-889.0,229.0,-0.4375,-0.375,-3.0625,-3.0,4.0,0.0,0x683f
1677696097.457932,8446.0,3270.0,4294.0,351.375,-19.5625,75.5,-329.0,-888.0,229.0,-0.8125,0.0625,-3.5625,-1.0,5.0,-1.0,0x683f
1677696097.518063,8469.0,3367.0,4336.0,351.5,-19.5,75.4375,-332.0,-890.0,225.0,-0.0625,0.3125,-2.4375,-4.0,3.0,-6.0,0x683f
1677696097.5781069,8442.0,3260.0,4231.0,351.5625,-19.5,75.4375,-321.0,-890.0,232.0,-0.5625,-0.375,-1.125,6.0,3.0,0.0,0x683f
1677696097.636823,8442.0,3344.0,4337.0,351.625,-19.4375,75.4375,-327.0,-897.0,225.0,-0.625,-1.125,1.375,0.0,-2.0,-6.0,0x683f
1677696097.696239,8598.0,3403.0,4328.0,351.75,-19.4375,75.5,-311.0,-887.0,229.0,2.25,-1.1875,4.625,15.0,7.0,-2.0,0x683f
1677696097.7589,8480.0,3344.0,4252.0,352.3125,-19.375,75.5,-352.0,-887.0,233.0,-0.4375,-2.6875,4.3125,-26.0,8.0,3.0,0x683f
1677696097.817634,8410.0,3261.0,4289.0,352.9375,-19.375,75.5625,-338.0,-898.0,225.0,0.5625,1.75,-3.1875,-12.0,-2.0,-4.0,0x683f
1677696097.877129,8453.0,3278.0,4281.0,353.0625,-19.4375,75.5,-324.0,-890.0,224.0,0.5,0.25,0.9375,2.0,4.0,-6.0,0x683f
1677696097.937671,8427.0,3269.0,4298.0,353.375,-19.4375,75.5,-336.0,-896.0,226.0,-0.3125,-0.4375,-0.125,-10.0,-1.0,-4.0,0x683f
1677696097.9985259,8484.0,3290.0,4282.0,353.3125,-19.4375,75.4375,-346.0,-892.0,227.0,1.625,1.4375,-3.3125,-18.0,2.0,-4.0,0x683f
1677696098.05818,8430.0,3286.0,4311.0,353.125,-19.5,75.375,-323.0,-894.0,229.0,-1.75,0.25,-3.375,3.0,0.0,-3.0,0x683f
1677696098.120933,8501.0,3357.0,4298.0,353.4375,-19.4375,75.375,-327.0,-888.0,233.0,-0.5625,-0.9375,-0.1875,0.0,6.0,0.0,0x683f
1677696098.180338,8436.0,3268.0,4299.0,353.4375,-19.375,75.4375,-340.0,-892.0,226.0,-1.25,0.3125,-2.9375,-12.0,1.0,-3.0,0x683f
1677696098.2409542,8527.0,3366.0,4300.0,353.25,-19.4375,75.375,-326.0,-892.0,230.0,0.3125,0.8125,-1.25,4.0,1.0,-5.0,0x683f
1677696098.298522,8443.0,3293.0,4285.0,353.25,-19.4375,75.4375,-331.0,-899.0,231.0,0.0,-0.3125,1.6875,-10.0,-4.0,-1.0,0x683f
1677696098.358523,8402.0,3221.0,4284.0,353.25,-19.4375,75.375,-334.0,-887.0,229.0,-0.0625,0.0,-1.0,-8.0,7.0,-3.0,0x683f
1677696098.417908,8419.0,3302.0,4315.0,353.1875,-19.4375,75.375,-339.0,-889.0,225.0,0.625,0.4375,-1.0,-12.0,5.0,-7.0,0x683f
1677696098.479092,8441.0,3290.0,4228.0,353.125,-19.5,75.3125,-332.0,-888.0,230.0,0.0,1.0625,-1.1875,-4.0,6.0,-2.0,0x683f
1677696098.5337129,8459.0,3312.0,4301.0,353.0625,-19.5,75.3125,-339.0,-894.0,229.0,-0.8125,0.1875,-0.375,-11.0,0.0,-4.0,0x683f
1677696098.590133,8436.0,3273.0,4240.0,352.9375,-19.5625,75.3125,-336.0,-881.0,226.0,-0.4375,0.9375,-2.6875,-9.0,10.0,-3.0,0x683f
1677696098.647491,8441.0,3290.0,4228.0,352.6875,-19.5625,75.25,-328.0,-888.0,229.0,0.1875,1.3125,-3.25,0.0,4.0,-5.0,0x683f
1677696098.707723,8413.0,3268.0,4312.0,352.5625,-19.5625,75.25,-326.0,-890.0,229.0,-1.125,0.3125,-0.75,2.0,3.0,-5.0,0x683f
1677696098.767082,8378.0,3190.0,4281.0,352.625,-19.5625,75.3125,-339.0,-892.0,230.0,-0.6875,-0.625,0.9375,-9.0,-2.0,-1.0,0x683f
1677696098.827657,8477.0,3337.0,4323.0,353.375,-19.5625,75.3125,-325.0,-888.0,230.0,15.8125,-0.0625,-1.125,2.0,5.0,-2.0,0x683f
1677696098.8867772,8490.0,3295.0,4298.0,353.375,-19.5625,75.3125,-329.0,-888.0,227.0,0.1875,-0.5,0.8125,-3.0,6.0,-6.0,0x683f
1677696098.948191,8412.0,3286.0,4305.0,353.4375,-19.5625,75.375,-344.0,-890.0,233.0,0.8125,0.0625,0.3125,-14.0,4.0,0.0,0x683f
1677696099.0071812,8440.0,3294.0,4318.0,353.4375,-19.5625,75.3125,-331.0,-892.0,230.0,0.5625,0.625,-0.5625,-2.0,1.0,-2.0,0x683f
1677696099.0652192,8521.0,3316.0,4300.0,353.4375,-19.5625,75.3125,-334.0,-889.0,229.0,0.8125,0.0625,0.5,-6.0,4.0,-5.0,0x683f
1677696099.1224241,8461.0,3340.0,4317.0,353.5,-19.625,75.3125,-337.0,-889.0,234.0,-0.375,-0.5625,1.125,-9.0,-1.0,-2.0,0x683f
1677696099.1824179,8474.0,3316.0,4341.0,353.5,-19.5625,75.25,-342.0,-889.0,227.0,1.0625,0.0625,-0.875,-12.0,6.0,-11.0,0x683f
1677696099.2479308,8379.0,3316.0,4237.0,353.4375,-19.5625,75.25,-332.0,-887.0,228.0,0.1875,0.125,-1.8125,-4.0,3.0,-3.0,0x683f
1677696099.314796,8448.0,3310.0,4218.0,353.4375,-19.5625,75.25,-340.0,-884.0,226.0,-0.1875,-0.0625,-0.1875,-11.0,9.0,-8.0,0x683f
1677696099.3826702,8485.0,3331.0,4243.0,353.375,-19.5625,75.1875,-328.0,-888.0,230.0,-0.4375,0.625,-2.125,13.0,2.0,-1.0,0x683f
1677696099.4470558,8411.0,3221.0,4279.0,354.25,-19.5625,75.25,-339.0,-890.0,227.0,-0.9375,-1.25,3.3125,-10.0,-3.0,0.0,0x683f
1677696099.507914,8425.0,3290.0,4231.0,354.375,-19.5625,75.25,-346.0,-887.0,232.0,1.25,-0.4375,-0.25,-17.0,6.0,-1.0,0x683f
1677696099.5698738,8444.0,3338.0,4247.0,354.3125,-19.5,75.1875,-330.0,-884.0,230.0,0.5625,0.625,-1.6875,-2.0,8.0,-5.0,0x683f
1677696099.6320992,8400.0,3241.0,4285.0,354.3125,-19.5625,75.125,-340.0,-881.0,230.0,0.25,-0.3125,1.3125,-13.0,6.0,-9.0,0x683f
1677696099.6867058,8483.0,3334.0,4295.0,354.3125,-19.5625,75.125,-338.0,-888.0,233.0,0.4375,0.375,0.125,-1.0,1.0,-5.0,0x683f
1677696099.741659,8468.0,3295.0,4281.0,354.375,-19.5625,75.125,-334.0,-888.0,230.0,0.375,-0.375,1.4375,-9.0,9.0,-3.0,0x683f
1677696099.8011782,8524.0,3389.0,4319.0,354.4375,-19.5625,75.1875,-341.0,-887.0,229.0,0.25,-0.125,-0.5625,-6.0,3.0,-5.0,0x683f
1677696099.856996,8455.0,3298.0,4283.0,354.4375,-19.5625,75.1875,-340.0,-892.0,233.0,0.0625,0.0625,-0.5,-11.0,0.0,-2.0,0x683f
1677696099.91738,8456.0,3374.0,4331.0,354.375,-19.5625,75.1875,-336.0,-885.0,233.0,0.6875,-0.0625,0.0,-7.0,3.0,-2.0,0x683f
1677696099.9796212,8516.0,3369.0,4312.0,354.4375,-19.5625,75.125,-324.0,-898.0,230.0,0.4375,0.1875,1.625,4.0,-4.0,-6.0,0x683f
1677696100.038317,8454.0,3330.0,4317.0,354.6875,-19.5625,75.25,-343.0,-881.0,236.0,0.1875,-1.125,4.0625,-20.0,6.0,-1.0,0x683f
1677696100.101768,8484.0,3409.0,4334.0,355.25,-19.625,75.25,-352.0,-889.0,231.0,-0.1875,1.1875,-0.6875,-19.0,2.0,1.0,0x683f
1677696100.160138,8443.0,3314.0,4296.0,355.1875,-19.6875,75.1875,-328.0,-884.0,230.0,1.5,0.625,-0.875,2.0,9.0,0.0,0x683f
1677696100.219003,8511.0,3353.0,4295.0,355.25,-19.6875,75.1875,-330.0,-888.0,232.0,0.0625,-1.125,2.625,0.0,3.0,-2.0,0x683f
1677696100.280967,8538.0,3346.0,4283.0,355.375,-19.6875,75.1875,-343.0,-899.0,230.0,1.5625,0.0625,1.3125,-5.0,4.0,-6.0,0x683f
1677696100.341703,8483.0,3334.0,4295.0,355.4375,-19.6875,75.1875,-349.0,-899.0,236.0,1.0,0.0,-0.3125,-22.0,-6.0,-2.0,0x683f
1677696100.401346,8499.0,3413.0,4327.0,355.375,-19.6875,75.125,-343.0,-877.0,234.0,0.6875,-0.0625,-1.8125,-16.0,12.0,-1.0,0x683f
1677696100.460341,8482.0,3404.0,4338.0,355.25,-19.6875,75.0,-344.0,-895.0,230.0,2.25,1.75,-5.0,0.0,3.0,-3.0,0x683f
1677696100.521794,8430.0,3286.0,4311.0,355.0625,-19.75,74.8125,-331.0,-881.0,230.0,0.875,0.1875,1.25,0.0,6.0,-11.0,0x683f
1677696100.583122,8482.0,3397.0,4320.0,355.125,-19.75,74.8125,-349.0,-881.0,247.0,-0.5625,-0.25,-2.3125,-12.0,-15.0,-4.0,0x683f
1677696100.641095,8586.0,3386.0,4322.0,354.9375,-19.75,74.75,-346.0,-880.0,244.0,-0.375,1.4375,-2.8125,-33.0,-4.0,28.0,0x683f
1677696100.700327,8447.0,3242.0,4313.0,354.0625,-20.3125,73.9375,-536.0,-983.0,342.0,29.1875,25.0,-23.625,-195.0,-99.0,88.0,0x683f
1677696100.762472,8590.0,3303.0,4332.0,352.3125,-22.3125,70.4375,-466.0,-941.0,506.0,64.25,45.25,34.1875,-69.0,-68.0,137.0,0x683f
1677696100.8217258,8509.0,3372.0,4189.0,350.625,-27.0,68.0,-800.0,-990.0,282.0,31.5625,112.8125,-64.3125,-299.0,-134.0,-8.0,0x683f
1677696100.876406,8418.0,3306.0,4200.0,340.25,-31.8125,62.8125,-691.0,-910.0,100.0,-36.9375,156.3125,-63.25,-173.0,-169.0,-280.0,0x683f
1677696100.932346,8406.0,3180.0,3991.0,329.875,-37.75,61.125,-959.0,-804.0,180.0,-78.9375,195.5625,-84.0625,-342.0,-140.0,-193.0,0x683f
1677696100.990784,8417.0,3150.0,4003.0,314.625,-44.4375,57.1875,-874.0,-573.0,127.0,-83.1875,169.1875,-52.1875,-166.0,64.0,-256.0,0x683f
1677696101.051877,8434.0,3190.0,3873.0,301.6875,-52.0,56.375,-934.0,-409.0,-26.0,-102.0625,163.625,17.25,-184.0,83.0,-368.0,0x683f
1677696101.112949,8595.0,2556.0,3953.0,287.6875,-59.0,51.0625,-893.0,-374.0,-38.0,-90.5625,181.9375,-101.125,21.0,10.0,-341.0,0x683f
1677696101.170196,9385.0,3211.0,3976.0,273.1875,-61.5625,36.1875,-697.0,-286.0,107.0,-76.375,147.3125,-103.5625,146.0,-27.0,-264.0,0x683f
1677696101.2305448,8682.0,2743.0,3819.0,262.375,-58.9375,21.875,-518.0,-245.0,267.0,-38.4375,106.75,-140.0625,321.0,-56.0,-202.0,0x683f
1677696101.2891881,8580.0,2375.0,3916.0,255.1875,-52.625,12.5625,-497.0,-198.0,442.0,-32.5,59.5,-138.875,281.0,-68.0,-138.0,0x683f
1677696101.347435,9165.0,2842.0,4091.0,251.25,-46.125,9.25,-533.0,-226.0,659.0,-19.4375,34.375,-108.3125,173.0,-117.0,-11.0,0x683f
1677696101.4051409,9110.0,3361.0,3907.0,248.75,-40.3125,8.8125,-661.0,-329.0,748.0,-35.125,8.875,-113.8125,-26.0,-214.0,9.0,0x683f
1677696101.4656909,8808.0,2865.0,4005.0,247.3125,-35.5625,9.625,-481.0,-283.0,794.0,-40.9375,12.6875,-82.6875,78.0,-146.0,1.0,0x683f
1677696101.526796,8715.0,2102.0,3781.0,245.9375,-32.0,11.875,-479.0,-381.0,897.0,-48.3125,-3.4375,-45.75,33.0,-202.0,81.0,0x683f
1677696101.5903842,8623.0,2015.0,3730.0,244.9375,-30.25,14.375,-589.0,-427.0,888.0,-25.375,1.0625,-4.5625,-94.0,-216.0,68.0,0x683f
1677696101.649587,8715.0,2139.0,3839.0,244.6875,-29.625,13.25,-324.0,-248.0,1025.0,50.375,17.625,-0.5625,160.0,-52.0,196.0,0x683f
1677696101.709867,8706.0,2066.0,3737.0,244.625,-31.3125,11.5625,-666.0,-190.0,744.0,-2.5625,16.375,29.0625,-156.0,-22.0,-76.0,0x683f
1677696101.769174,8654.0,2009.0,3763.0,242.875,-32.375,10.1875,-539.0,-193.0,818.0,23.375,52.9375,4.875,-14.0,-46.0,3.0,0x683f
1677696101.826565,8730.0,2756.0,3959.0,241.3125,-32.375,4.5625,-534.0,-85.0,918.0,111.0625,32.25,-16.875,-8.0,-19.0,92.0,0x683f
1677696101.887171,8664.0,2753.0,3944.0,241.875,-32.6875,-1.25,-533.0,-119.0,1017.0,126.125,-23.8125,61.0,5.0,-153.0,198.0,0x683f
1677696101.947801,9010.0,2976.0,4060.0,245.875,-38.625,-6.75,-551.0,-97.0,926.0,117.0,-95.0,188.75,83.0,-193.0,184.0,0x683f
1677696102.007047,8902.0,3019.0,3920.0,255.25,-53.3125,-9.0,-752.0,-145.0,603.0,105.4375,-111.6875,213.375,34.0,-237.0,25.0,0x683f
1677696102.067361,8731.0,3006.0,3896.0,264.0625,-64.375,-10.1875,-793.0,18.0,448.0,139.4375,-76.4375,131.8125,90.0,-56.0,31.0,0x683f
1677696102.122207,8453.0,2843.0,3857.0,272.1875,-70.8125,-11.0,-792.0,37.0,192.0,154.6875,-77.4375,111.8125,140.0,-19.0,-104.0,0x683f
1677696102.177908,8564.0,3023.0,3929.0,283.4375,-77.9375,-7.5625,-816.0,68.0,0.0,150.5,-84.1875,109.3125,142.0,41.0,-203.0,0x683f
1677696102.2327948,8572.0,3077.0,3945.0,293.625,-82.125,10.8125,-1101.0,-80.0,-265.0,129.6875,-75.5625,26.1875,-129.0,-50.0,-387.0,0x683f
1677696102.291283,8542.0,3081.0,3950.0,302.0625,-80.8125,23.6875,-877.0,-45.0,-182.0,77.8125,-52.3125,5.8125,90.0,17.0,-324.0,0x683f
1677696102.344125,8488.0,3072.0,4052.0,309.8125,-79.75,49.3125,-1168.0,-240.0,-210.0,38.375,-105.0625,28.125,-203.0,-108.0,-323.0,0x683f
1677696102.401166,8534.0,2756.0,3986.0,315.625,-76.375,56.8125,-1414.0,-471.0,-204.0,55.75,-22.5,-104.9375,-294.0,-191.0,-216.0,0x683f
1677696102.4561338,8749.0,3191.0,4011.0,315.625,-69.875,28.5625,-1002.0,-228.0,200.0,59.25,53.625,-191.625,-81.0,-66.0,-95.0,0x683f
1677696102.509987,8996.0,3453.0,3983.0,313.3125,-63.5625,12.9375,-916.0,-95.0,331.0,29.5625,55.25,-142.25,-38.0,2.0,-93.0,0x683f
1677696102.5675719,8785.0,3231.0,4074.0,311.6875,-58.25,6.9375,-742.0,-70.0,499.0,8.3125,21.5,-87.6875,94.0,4.0,-23.0,0x683f
1677696102.629034,8749.0,3227.0,4082.0,311.25,-54.3125,5.375,-865.0,-107.0,551.0,6.0,0.625,-54.5,-86.0,-58.0,-82.0,0x683f
1677696102.690272,8953.0,3483.0,4042.0,310.75,-51.75,3.9375,-936.0,-82.0,649.0,1.0,21.375,-40.25,-38.0,37.0,52.0,0x683f
1677696102.750975,8780.0,3209.0,4067.0,309.9375,-50.3125,2.875,-797.0,-54.0,656.0,-1.4375,-1.4375,-7.6875,-42.0,-22.0,31.0,0x683f
1677696102.820904,8948.0,3501.0,4092.0,310.1875,-50.25,3.3125,-767.0,-64.0,627.0,-3.5,-5.5625,7.4375,10.0,-73.0,0.0,0x683f
1677696102.8817978,8723.0,3191.0,4051.0,310.125,-51.25,3.625,-808.0,-89.0,596.0,-1.4375,5.125,9.625,-31.0,-40.0,4.0,0x683f
1677696102.9469829,8694.0,3259.0,4100.0,310.0625,-52.75,3.75,-796.0,-74.0,689.0,-0.875,-3.4375,45.9375,-11.0,-37.0,103.0,0x683f
1677696103.0104058,8612.0,3076.0,4074.0,310.625,-57.0,4.125,-987.0,-51.0,532.0,15.0625,-3.25,77.625,-165.0,-12.0,0.0,0x683f
1677696103.070105,8718.0,3135.0,4048.0,311.0625,-60.0625,3.6875,-1004.0,-40.0,469.0,17.75,0.3125,37.75,-163.0,-18.0,-34.0,0x683f
1677696103.130259,9199.0,3287.0,4017.0,310.625,-61.3125,1.375,-1006.0,19.0,367.0,6.75,26.125,7.25,-134.0,35.0,-93.0,0x683f
1677696103.190828,10396.0,4738.0,2384.0,308.5,-61.1875,-0.75,-923.0,-6.0,397.0,-32.375,10.4375,-11.3125,-48.0,-17.0,-77.0,0x683f
1677696103.252636,9977.0,4407.0,2371.0,306.5,-61.0625,1.5625,-768.0,-62.0,403.0,-52.5,-7.25,20.625,88.0,-54.0,-81.0,0x683f
1677696103.31631,8392.0,2888.0,3865.0,305.375,-62.1875,5.9375,-767.0,-71.0,349.0,-49.3125,-17.8125,3.375,99.0,-23.0,-105.0,0x683f
1677696103.374443,10207.0,4360.0,2394.0,304.9375,-62.0625,10.0,-857.0,-123.0,389.0,-19.125,-10.375,3.375,-13.0,-42.0,-61.0,0x683f
1677696103.4330711,8320.0,2846.0,3826.0,305.0625,-62.0625,12.3125,-945.0,-156.0,392.0,-15.0625,-10.0,-0.9375,-76.0,-75.0,-44.0,0x683f
1677696103.4915001,9736.0,4245.0,2516.0,305.0,-61.8125,13.6875,-928.0,-125.0,391.0,-10.4375,-2.0625,-8.75,-63.0,-15.0,-57.0,0x683f
1677696103.5480478,8458.0,2960.0,3904.0,304.5625,-60.5625,13.75,-862.0,-130.0,480.0,-16.875,-0.0625,-34.5,-7.0,-15.0,13.0,0x683f
1677696103.604448,8415.0,2977.0,3902.0,303.875,-59.375,13.9375,-869.0,-182.0,548.0,-13.75,4.3125,-15.4375,-27.0,-61.0,61.0,0x683f
1677696103.6589818,9360.0,3507.0,3876.0,303.0,-58.875,13.875,-836.0,-128.0,493.0,7.5,-1.4375,-1.625,2.0,-6.0,1.0,0x683f
1677696103.7158709,9356.0,3558.0,3844.0,302.625,-58.75,13.6875,-848.0,-79.0,478.0,2.875,-9.4375,0.9375,-23.0,31.0,-11.0,0x683f
1677696103.774694,9203.0,3440.0,3979.0,303.3125,-58.8125,14.8125,-910.0,-151.0,481.0,5.125,-6.9375,4.375,-60.0,-34.0,-16.0,0x683f
1677696103.834018,8946.0,3089.0,3986.0,303.0625,-59.1875,14.625,-869.0,-114.0,455.0,1.25,5.625,6.875,-26.0,9.0,-33.0,0x683f
1677696103.891592,9146.0,3447.0,4031.0,302.6875,-59.875,15.0,-870.0,-132.0,451.0,-2.875,-5.0625,16.9375,-35.0,-13.0,-29.0,0x683f
1677696103.9510221,8910.0,3076.0,4057.0,302.6875,-60.8125,15.8125,-960.0,-177.0,487.0,0.3125,1.6875,26.75,-120.0,-44.0,50.0,0x683f
1677696104.010761,8431.0,2907.0,3874.0,301.625,-63.125,15.8125,-1031.0,-176.0,442.0,19.4375,28.0625,54.5625,-156.0,-55.0,16.0,0x683f
1677696104.073515,8345.0,2942.0,3846.0,300.0,-68.1875,12.6875,-1177.0,-56.0,346.0,4.125,46.4375,83.75,-285.0,18.0,-32.0,0x683f
1677696104.136705,8521.0,2952.0,3983.0,296.4375,-74.5,7.0625,-1217.0,10.0,197.0,-37.0,68.5625,144.8125,-264.0,42.0,-112.0,0x683f
1677696104.191912,8517.0,2940.0,3790.0,287.875,-82.3125,-16.1875,-1114.0,111.0,-88.0,-101.5,90.25,107.6875,-142.0,74.0,-214.0,0x683f
1677696104.248172,9115.0,3330.0,3899.0,277.0,-83.3125,-5.25,-783.0,-113.0,-38.0,-148.0625,50.5625,52.0625,190.0,-203.0,-107.0,0x683f
1677696104.3071308,8758.0,3126.0,3885.0,267.625,-83.3125,-6.3125,-659.0,-229.0,78.0,-134.1875,8.125,52.75,314.0,-337.0,42.0,0x683f
1677696104.368335,9001.0,3240.0,3827.0,260.75,-82.4375,-85.5625,-720.0,-290.0,174.0,-31.0625,17.375,32.375,182.0,-306.0,40.0,0x683f
1677696104.427968,8419.0,2869.0,3690.0,258.8125,-81.25,-76.375,-577.0,115.0,-75.0,8.1875,-19.625,-72.8125,392.0,-25.0,-122.0,0x683f
1677696104.488327,8564.0,3051.0,3902.0,260.6875,-82.5,-71.1875,-1096.0,2.0,-68.0,-2.75,-25.4375,64.3125,-123.0,-114.0,-98.0,0x683f
1677696104.548745,8601.0,3150.0,3912.0,263.375,-83.4375,-173.5,-1566.0,302.0,-111.0,85.125,2.0625,-25.1875,-591.0,191.0,-98.0,0x683f
1677696104.608918,8821.0,3380.0,4029.0,267.5625,-82.625,-97.875,-1018.0,202.0,-33.0,59.625,30.875,60.1875,5.0,84.0,-66.0,0x683f
1677696104.667423,8816.0,3378.0,4091.0,267.4375,-79.25,-123.875,-1185.0,202.0,-74.0,12.4375,26.375,47.1875,-222.0,51.0,27.0,0x683f
1677696104.723588,8489.0,3031.0,4062.0,266.0625,-76.75,-127.9375,-1010.0,173.0,-195.0,17.25,35.3125,31.5,-57.0,-8.0,-51.0,0x683f
1677696104.782999,8483.0,3098.0,4090.0,266.0,-74.5,-128.5,-861.0,183.0,-266.0,41.0625,32.4375,14.0,91.0,-11.0,-91.0,0x683f
1677696104.8419368,8471.0,3025.0,4037.0,266.5625,-72.3125,-132.625,-1001.0,248.0,-208.0,19.25,2.0,46.75,-116.0,10.0,-19.0,0x683f
1677696104.903278,8482.0,3110.0,4081.0,266.9375,-71.375,-135.75,-904.0,238.0,-253.0,22.1875,5.6875,-5.8125,18.0,31.0,-12.0,0x683f
1677696104.9681869,8547.0,3111.0,4056.0,267.25,-71.125,-137.375,-991.0,196.0,-272.0,3.1875,-1.6875,2.375,-63.0,-17.0,-39.0,0x683f
1677696105.033077,8828.0,3446.0,4071.0,266.75,-70.75,-138.0625,-841.0,156.0,-235.0,0.375,-3.375,28.75,84.0,-59.0,4.0,0x683f
1677696105.097711,8521.0,3062.0,3948.0,266.3125,-69.5,-141.6875,-723.0,223.0,-191.0,9.0625,-0.125,49.5625,192.0,11.0,85.0,0x683f
1677696105.154478,8385.0,2977.0,3900.0,265.5,-67.125,-148.3125,-826.0,227.0,-316.0,3.9375,-29.4375,67.75,74.0,31.0,18.0,0x683f
1677696105.216449,8551.0,3186.0,3968.0,266.4375,-65.125,-156.875,-1279.0,353.0,-412.0,-14.375,-48.4375,10.9375,-388.0,198.0,-32.0,0x683f
1677696105.277911,8505.0,2940.0,3915.0,266.0625,-68.875,-157.5625,-1785.0,350.0,-536.0,-80.625,-35.625,-213.5625,-861.0,218.0,-236.0,0x683f
1677696105.339956,8927.0,3275.0,3997.0,264.875,-82.0625,-76.25,-996.0,123.0,33.0,-17.3125,37.0625,-337.625,-24.0,-7.0,1.0,0x683f
1677696105.398853,8563.0,3099.0,3873.0,262.0,-73.625,-49.4375,-1027.0,410.0,58.0,18.375,101.0625,-2.4375,-86.0,200.0,-121.0,0x683f
1677696105.458221,8548.0,2996.0,3860.0,255.4375,-68.75,-57.6875,-610.0,325.0,-90.0,-42.0625,83.125,27.6875,303.0,26.0,-280.0,0x683f
1677696105.513961,9022.0,3531.0,3650.0,248.3125,-66.1875,-68.3125,-852.0,-19.0,-32.0,-3.5,72.125,38.0625,44.0,-386.0,-178.0,0x683f
1677696105.576373,8605.0,2978.0,3633.0,248.9375,-64.0,-70.0,-588.0,261.0,86.0,30.375,13.0625,-82.1875,290.0,-145.0,-70.0,0x683f
1677696105.635148,8608.0,3005.0,3826.0,249.4375,-60.5625,-65.0,-876.0,390.0,163.0,-6.5625,31.8125,-43.5,-25.0,-49.0,-46.0,0x683f
1677696105.69537,8479.0,2886.0,3975.0,247.625,-58.3125,-59.6875,-1273.0,421.0,330.0,-39.5,27.125,-43.8125,-442.0,-25.0,61.0,0x683f
1677696105.753804,8745.0,3261.0,3859.0,243.75,-54.8125,-60.25,-1425.0,617.0,265.0,-0.0625,117.6875,-2.625,-634.0,111.0,-14.0,0x683f
1677696105.812468,8685.0,3315.0,3932.0,236.0,-47.875,-67.0,-1090.0,560.0,360.0,81.5,154.25,-0.5625,-378.0,-67.0,112.0,0x683f
1677696105.875577,8419.0,3034.0,3648.0,229.875,-38.8125,-72.4375,-760.0,611.0,158.0,33.625,151.9375,-42.8125,156.0,-234.0,-58.0,0x683f
1677696105.942452,8864.0,3503.0,3891.0,224.75,-31.3125,-73.875,-11.0,279.0,19.0,12.125,63.75,-39.1875,486.0,-532.0,-214.0,0x683f
1677696106.008172,8377.0,2882.0,3824.0,225.375,-28.625,-73.8125,1700.0,-639.0,-130.0,29.375,-28.875,-22.4375,2172.0,-1464.0,-368.0,0x683f
1677696106.068915,8984.0,3477.0,3930.0,238.8125,-41.125,-71.625,-123.0,-453.0,304.0,-77.0,-544.0,49.1875,521.0,-1154.0,72.0,0x683f
1677696106.131335,8913.0,3172.0,3970.0,259.9375,-60.8125,-57.375,-3954.0,1200.0,998.0,86.6875,-81.25,62.875,-3089.0,1479.0,779.0,0x683f
1677696106.192814,9106.0,3713.0,3837.0,257.375,-57.5625,-70.5625,-2116.0,1465.0,232.0,26.125,209.625,26.625,-1108.0,794.0,49.0,0x683f
1677696106.253959,9119.0,3789.0,3736.0,243.375,-44.6875,-76.25,-928.0,563.0,87.0,-17.625,252.125,2.625,-255.0,-177.0,-165.0,0x683f
1677696106.3143191,8324.0,3091.0,3963.0,228.875,-30.5625,-76.9375,-59.0,-164.0,-83.0,-20.4375,219.3125,-28.25,407.0,-1004.0,-279.0,0x683f
1677696106.370065,8791.0,3330.0,3648.0,219.9375,-21.0,-76.25,671.0,-514.0,-86.0,-20.125,72.125,-19.3125,1173.0,-1484.0,-285.0,0x683f
1677696106.4227772,8970.0,3496.0,3865.0,220.9375,-21.8125,-75.375,1626.0,-1025.0,35.0,-1.75,-128.0625,21.25,1990.0,-1906.0,-193.0,0x683f
1677696106.4805682,8326.0,2885.0,3786.0,237.0,-38.3125,-70.9375,-379.0,-482.0,-57.0,-85.5,-507.75,-10.1875,-904.0,-896.0,-202.0,0x683f
1677696106.538244,8731.0,3223.0,3919.0,254.75,-57.6875,-63.375,-3954.0,2815.0,1090.0,89.3125,58.125,44.875,-3125.0,2346.0,855.0,0x683f
1677696106.598336,8463.0,3005.0,3855.0,247.0,-49.25,-75.0,-1472.0,1348.0,188.0,46.5,237.875,20.375,-728.0,730.0,23.0,0x683f
1677696106.658457,8343.0,2893.0,3864.0,234.75,-37.3125,-77.0625,298.0,-576.0,-35.0,-38.9375,228.9375,9.5,863.0,-1357.0,-213.0,0x683f
1677696106.718817,8646.0,2960.0,3841.0,223.25,-28.125,-77.875,3083.0,-2004.0,263.0,40.25,-89.0,-40.875,3558.0,-2843.0,84.0,0x683f
1677696106.778677,8311.0,2945.0,3928.0,249.875,-55.0,-71.5,-3954.0,-1433.0,-939.0,-35.25,-284.25,24.125,-3077.0,-665.0,-1098.0,0x683f
1677696106.838336,8571.0,3064.0,3964.0,254.625,-60.0,-67.75,-1172.0,1445.0,691.0,21.25,134.5,-24.125,-322.0,992.0,506.0,0x683f
1677696106.8957708,8467.0,3041.0,3967.0,251.125,-56.1875,-71.5625,-447.0,693.0,213.0,8.0625,0.1875,9.4375,366.0,175.0,41.0,0x683f
1677696106.953666,8356.0,3157.0,4304.0,251.8125,-56.875,-70.1875,-1009.0,335.0,47.0,-23.9375,-9.4375,-15.875,-135.0,-167.0,-81.0,0x683f
1677696107.0127969,8490.0,3293.0,4249.0,251.75,-56.375,-66.0625,-867.0,429.0,-136.0,-29.375,0.0625,-37.75,9.0,-9.0,-319.0,0x683f
1677696107.069889,8614.0,3235.0,3995.0,252.625,-57.375,-63.8125,-840.0,470.0,140.0,-18.0625,-25.8125,41.8125,-29.0,4.0,-89.0,0x683f
1677696107.129038,8489.0,3016.0,3830.0,250.8125,-58.875,-68.3125,-752.0,482.0,146.0,-19.3125,12.5,55.75,93.0,19.0,-116.0,0x683f
1677696107.187861,8593.0,3018.0,3848.0,249.4375,-59.6875,-72.3125,-572.0,378.0,207.0,42.6875,-7.4375,40.1875,274.0,-92.0,57.0,0x683f
1677696107.248119,8462.0,3030.0,4052.0,251.8125,-61.4375,-78.0625,-643.0,403.0,92.0,58.8125,-73.375,55.5,224.0,-44.0,8.0,0x683f
1677696107.30992,8519.0,3101.0,4127.0,255.8125,-65.0,-81.625,-1215.0,318.0,-58.0,30.375,-17.5,-12.4375,-329.0,-55.0,-105.0,0x683f
1677696107.372888,8669.0,3014.0,3697.0,256.5,-63.625,-77.4375,-686.0,371.0,30.0,50.75,42.25,-122.75,358.0,42.0,-83.0,0x683f
1677696107.4331,8051.0,3022.0,4333.0,256.4375,-58.8125,-68.4375,-458.0,446.0,269.0,-14.5625,-5.0625,12.8125,240.0,-46.0,68.0,0x683f
1677696107.4922922,8640.0,3018.0,3764.0,255.625,-60.5,-68.6875,-1189.0,305.0,113.0,15.0,-24.875,-14.875,-282.0,-110.0,-63.0,0x683f
1677696107.551282,8571.0,3094.0,3936.0,255.75,-61.4375,-67.6875,-1050.0,437.0,49.0,13.625,-23.0625,-0.125,-189.0,3.0,-128.0,0x683f
1677696107.609397,8480.0,3121.0,4102.0,257.125,-62.1875,-67.9375,-1053.0,504.0,205.0,14.9375,-13.5625,5.0,-201.0,73.0,-51.0,0x683f
1677696107.6696022,8697.0,3252.0,4181.0,258.3125,-62.9375,-68.5625,-953.0,436.0,145.0,7.25,-8.75,2.375,-104.0,-9.0,-31.0,0x683f
1677696107.729086,8628.0,3163.0,4159.0,258.75,-63.1875,-68.375,-969.0,449.0,126.0,-3.125,-3.3125,-5.875,-89.0,27.0,-50.0,0x683f
1677696107.789524,8541.0,3062.0,4089.0,258.8125,-63.125,-67.0625,-951.0,411.0,113.0,-6.375,3.375,-13.5,-76.0,2.0,-59.0,0x683f
1677696107.850847,8734.0,3361.0,4125.0,258.5625,-62.5625,-65.5,-906.0,415.0,138.0,-7.0625,3.125,-9.75,-35.0,4.0,-48.0,0x683f
1677696107.9118001,8556.0,3201.0,4105.0,258.1875,-62.4375,-64.9375,-908.0,397.0,127.0,-7.8125,5.75,-3.125,-16.0,-18.0,-56.0,0x683f
1677696107.973003,8390.0,2991.0,4107.0,257.625,-62.4375,-65.125,-897.0,412.0,142.0,-7.5,1.375,5.5625,-17.0,1.0,-45.0,0x683f
1677696108.033451,8547.0,2999.0,4096.0,257.1875,-62.5625,-65.375,-861.0,409.0,153.0,-6.5,-3.5625,9.0,-23.0,0.0,-24.0,0x683f
1677696108.098309,8523.0,2966.0,4078.0,257.0,-62.875,-65.6875,-899.0,382.0,171.0,-4.75,-3.1875,8.5,-25.0,-24.0,-9.0,0x683f
1677696108.1575072,8432.0,3001.0,4096.0,255.1875,-63.4375,-66.5625,-911.0,382.0,164.0,-1.5625,-2.375,10.8125,-34.0,-19.0,-8.0,0x683f
1677696108.2171252,8378.0,2869.0,4029.0,254.375,-63.9375,-67.625,-904.0,402.0,155.0,-0.375,-1.0,9.5,-23.0,4.0,-8.0,0x683f
1677696108.274838,8388.0,2851.0,4081.0,253.1875,-64.125,-68.625,-881.0,406.0,146.0,-1.0,-0.75,8.1875,-5.0,5.0,-8.0,0x683f
1677696108.336409,8407.0,2898.0,4098.0,252.25,-64.375,-69.5,-901.0,388.0,125.0,0.125,-0.1875,6.9375,-17.0,-9.0,-22.0,0x683f
1677696108.3980422,8354.0,2827.0,4091.0,251.125,-64.5,-70.3125,-904.0,395.0,126.0,2.4375,1.375,5.4375,-19.0,-1.0,-14.0,0x683f
1677696108.456929,8342.0,2833.0,4070.0,249.375,-64.5625,-71.1875,-896.0,396.0,133.0,2.4375,3.1875,3.0625,-11.0,-2.0,-1.0,0x683f
1677696108.512375,8412.0,2814.0,4023.0,248.4375,-64.4375,-72.0,-899.0,407.0,139.0,7.0625,2.8125,1.375,-13.0,10.0,21.0,0x683f
1677696108.568969,8365.0,2755.0,3857.0,247.625,-64.1875,-72.5625,-914.0,406.0,134.0,8.9375,5.875,-2.0,-27.0,6.0,8.0,0x683f
1677696108.627313,8379.0,2813.0,3890.0,246.9375,-63.75,-72.8125,-899.0,406.0,120.0,7.4375,8.8125,-4.5625,-5.0,-5.0,1.0,0x683f
1677696108.683913,8417.0,2924.0,3908.0,246.1875,-63.1875,-73.0,-883.0,412.0,121.0,6.8125,9.5,-4.5625,-7.0,-9.0,-7.0,0x683f
1677696108.7419589,8409.0,2786.0,3811.0,245.3125,-62.75,-73.125,-884.0,402.0,137.0,7.5625,7.9375,-6.875,-12.0,-25.0,7.0,0x683f
1677696108.800349,8465.0,2935.0,4006.0,243.75,-62.4375,-73.0625,-864.0,388.0,141.0,11.4375,4.125,-5.75,4.0,-45.0,9.0,0x683f
1677696108.859315,8263.0,3038.0,4383.0,243.75,-62.25,-72.9375,-872.0,393.0,134.0,11.8125,1.4375,-5.875,-9.0,-43.0,-10.0,0x683f
1677696108.919286,8302.0,3041.0,4361.0,243.625,-62.25,-72.8125,-884.0,385.0,115.0,9.6875,1.3125,-9.5625,-17.0,-49.0,-17.0,0x683f
1677696108.9799428,8738.0,3524.0,4389.0,243.625,-62.4375,-72.375,-875.0,378.0,106.0,6.4375,0.625,-7.625,-14.0,-67.0,-32.0,0x683f
1677696109.038569,8719.0,3465.0,4360.0,243.3125,-62.5625,-71.9375,-861.0,376.0,121.0,2.875,1.375,-9.375,8.0,-52.0,-17.0,0x683f
1677696109.099273,8474.0,3067.0,4160.0,242.25,-62.6875,-71.375,-869.0,386.0,110.0,2.4375,-2.5,-8.1875,2.0,-38.0,-33.0,0x683f
1677696109.15874,8553.0,3060.0,4079.0,242.0,-63.0,-70.875,-889.0,426.0,79.0,1.4375,-6.9375,-1.5625,-15.0,6.0,-65.0,0x683f
1677696109.216992,8793.0,3295.0,4059.0,241.375,-63.25,-71.1875,-849.0,454.0,70.0,2.125,-4.9375,0.3125,26.0,37.0,-71.0,0x683f
1677696109.274059,8949.0,3522.0,4046.0,240.75,-63.5,-71.375,-855.0,480.0,67.0,-0.5,-5.375,0.875,23.0,67.0,-71.0,0x683f
1677696109.330431,8821.0,3398.0,4140.0,239.6875,-63.375,-72.875,-888.0,485.0,80.0,-2.75,-2.3125,4.0,-16.0,57.0,-46.0,0x683f
1677696109.3886771,9000.0,3521.0,4111.0,238.1875,-63.375,-73.3125,-847.0,477.0,99.0,-3.9375,5.125,3.8125,29.0,56.0,-26.0,0x683f
1677696109.448548,8685.0,3204.0,4117.0,236.875,-63.0625,-73.6875,-817.0,468.0,114.0,-4.75,9.5625,4.8125,56.0,41.0,-9.0,0x683f
1677696109.508422,8983.0,3265.0,4166.0,235.375,-62.375,-74.3125,-822.0,477.0,96.0,-5.0,13.625,0.25,43.0,33.0,-26.0,0x683f
1677696109.5656698,8533.0,3218.0,4061.0,233.5,-61.1875,-74.75,-814.0,484.0,135.0,-4.875,11.25,-0.625,43.0,26.0,10.0,0x683f
1677696109.623459,8563.0,3064.0,4065.0,232.375,-60.5625,-74.625,-842.0,444.0,137.0,-2.875,5.3125,3.5,11.0,-21.0,9.0,0x683f
1677696109.678918,8297.0,2801.0,4005.0,231.4375,-60.3125,-74.875,-844.0,464.0,126.0,-6.4375,6.875,2.625,7.0,-4.0,0.0,0x683f
1677696109.7370722,8774.0,3109.0,4081.0,230.125,-60.125,-75.0625,-811.0,505.0,100.0,-11.1875,4.9375,4.9375,38.0,34.0,-25.0,0x683f
1677696109.797872,8370.0,2777.0,3844.0,228.75,-59.75,-74.8125,-800.0,530.0,116.0,-14.3125,9.125,4.1875,46.0,52.0,-13.0,0x683f
1677696109.8581069,8404.0,2877.0,3902.0,227.3125,-59.25,-75.0625,-798.0,514.0,123.0,-8.5625,8.25,10.6875,43.0,29.0,-4.0,0x683f
1677696109.916789,8623.0,3073.0,3978.0,225.9375,-58.9375,-76.125,-835.0,495.0,143.0,-3.25,8.25,11.0,4.0,3.0,23.0,0x683f
1677696109.977039,8408.0,2883.0,3934.0,225.0,-58.6875,-76.9375,-758.0,468.0,132.0,-4.1875,2.8125,4.25,79.0,-28.0,18.0,0x683f
1677696110.0353642,8446.0,2923.0,4052.0,224.8125,-58.875,-77.125,-876.0,467.0,161.0,-0.1875,-7.8125,4.8125,-36.0,-24.0,49.0,0x683f
1677696110.093168,8604.0,3101.0,4149.0,224.8125,-59.3125,-77.3125,-885.0,449.0,131.0,1.1875,-1.625,1.9375,-42.0,-38.0,22.0,0x683f
1677696110.148982,8626.0,3071.0,4092.0,224.8125,-59.5,-77.1875,-793.0,424.0,123.0,-1.125,-10.0625,0.1875,49.0,-47.0,4.0,0x683f
1677696110.207068,8672.0,3127.0,4136.0,225.75,-60.6875,-76.6875,-782.0,440.0,96.0,-2.375,-40.0625,12.5,73.0,-25.0,-13.0,0x683f
1677696110.266359,8652.0,3021.0,4127.0,227.5625,-63.125,-77.5625,-968.0,423.0,130.0,3.1875,-48.875,20.0625,-89.0,-1.0,38.0,0x683f
1677696110.325815,8569.0,3012.0,4100.0,230.1875,-66.125,-78.6875,-853.0,479.0,159.0,8.5625,-53.0,16.625,47.0,97.0,85.0,0x683f
1677696110.387037,8549.0,2941.0,3910.0,234.0625,-70.25,-81.3125,-1032.0,267.0,14.0,5.625,-75.375,23.3125,-105.0,-47.0,-31.0,0x683f
1677696110.4450262,8538.0,2974.0,4028.0,237.625,-74.25,-78.9375,-942.0,107.0,54.0,-24.875,-72.5,-11.3125,4.0,-141.0,1.0,0x683f
1677696110.504669,8659.0,3043.0,3997.0,241.0625,-78.625,-76.5625,-1092.0,32.0,-90.0,-17.75,-59.25,-9.625,-115.0,-132.0,-152.0,0x683f
1677696110.564849,8641.0,2869.0,3986.0,242.375,-81.75,-67.5625,-956.0,-18.0,35.0,-46.1875,-65.5,28.25,-25.0,-148.0,-9.0,0x683f
1677696110.623795,8574.0,2857.0,3972.0,243.0625,-85.5625,-3.9375,-1104.0,-1.0,-23.0,-51.9375,-57.9375,0.75,-60.0,-51.0,-50.0,0x683f
1677696110.679324,8451.0,2749.0,3786.0,241.9375,-88.1875,-0.1875,-1024.0,-44.0,-16.0,-115.9375,-62.0625,0.5,-60.0,-88.0,-40.0,0x683f
1677696110.736309,8472.0,2893.0,3823.0,239.125,-86.375,2.5625,-983.0,-176.0,126.0,-112.0625,-53.0625,-35.375,-5.0,-122.0,78.0,0x683f
1677696110.7967339,8717.0,3026.0,3968.0,235.375,-82.8125,52.4375,-911.0,-278.0,308.0,-103.25,-22.8125,-57.1875,60.0,-177.0,226.0,0x683f
1677696110.85587,8887.0,3084.0,3974.0,232.6875,-80.0625,39.25,-896.0,-98.0,305.0,29.4375,13.8125,-56.125,68.0,5.0,165.0,0x683f
1677696110.916616,9088.0,3426.0,3956.0,234.25,-77.25,26.6875,-908.0,11.0,185.0,44.25,-21.0625,-72.0625,45.0,110.0,-19.0,0x683f
1677696110.97232,8835.0,3231.0,4041.0,236.75,-72.5625,21.75,-1008.0,34.0,184.0,21.625,-21.75,-94.9375,-77.0,145.0,-103.0,0x683f
1677696111.0300858,8706.0,3271.0,4015.0,237.5625,-66.75,19.3125,-939.0,-90.0,280.0,-14.0,-11.0,-104.3125,-7.0,-3.0,-45.0,0x683f
1677696111.089782,8727.0,3193.0,3964.0,237.25,-61.9375,17.0,-873.0,-103.0,466.0,5.875,-6.0,-57.5,-7.0,31.0,25.0,0x683f
1677696111.1490939,8666.0,3104.0,3877.0,237.4375,-59.5,16.0625,-830.0,-103.0,506.0,1.5,1.1875,-19.4375,14.0,33.0,29.0,0x683f
1677696111.208767,8654.0,3159.0,3943.0,237.5,-58.875,15.625,-861.0,-146.0,495.0,9.25,-4.75,-13.375,-31.0,-16.0,-8.0,0x683f
1677696111.268807,8535.0,3133.0,3887.0,238.25,-57.0,14.75,-876.0,-230.0,507.0,20.125,-5.3125,-54.25,-58.0,-95.0,-17.0,0x683f
1677696111.325237,8645.0,3261.0,3914.0,238.875,-50.875,8.375,-723.0,33.0,622.0,50.5625,15.5625,-113.625,38.0,123.0,10.0,0x683f
1677696111.382129,9171.0,3790.0,3745.0,239.0625,-48.0625,6.6875,-843.0,-74.0,573.0,5.375,-11.9375,-5.125,-114.0,3.0,-77.0,0x683f
1677696111.4388769,9131.0,3706.0,3775.0,240.0,-46.75,6.1875,-783.0,-11.0,733.0,8.3125,8.375,-14.125,-68.0,60.0,66.0,0x683f
1677696111.5005739,8517.0,3043.0,3841.0,240.125,-47.0625,5.5,-848.0,4.0,673.0,4.25,5.125,12.3125,-128.0,67.0,10.0,0x683f
1677696111.561975,9163.0,3801.0,3746.0,240.0625,-47.5625,5.0,-789.0,-18.0,659.0,-5.0,17.3125,8.375,-66.0,26.0,3.0,0x683f
1677696111.623994,9134.0,3798.0,3742.0,239.3125,-48.1875,3.875,-726.0,-21.0,620.0,7.75,18.5,12.625,32.0,53.0,-21.0,0x683f
1677696111.683299,8534.0,3093.0,3913.0,238.875,-49.125,2.625,-752.0,-51.0,619.0,-1.375,11.0625,9.8125,-7.0,-28.0,-22.0,0x683f
1677696111.741288,8693.0,3306.0,3881.0,239.1875,-50.0625,2.0625,-796.0,40.0,603.0,-6.25,5.125,18.3125,-72.0,57.0,-25.0,0x683f
1677696111.797872,8625.0,3230.0,3862.0,238.875,-50.375,2.375,-830.0,-43.0,615.0,-12.0625,12.3125,-3.9375,-107.0,-8.0,-35.0,0x683f
1677696111.8559139,8573.0,3102.0,3898.0,238.3125,-50.25,2.25,-936.0,-22.0,525.0,-21.25,12.0625,-4.5,-195.0,6.0,-113.0,0x683f
1677696111.918178,8616.0,3175.0,3802.0,236.125,-49.75,2.625,-1020.0,-21.0,391.0,-41.5625,36.3125,-15.3125,-271.0,29.0,-259.0,0x683f
1677696111.979479,8580.0,2966.0,4040.0,231.0,-48.3125,2.5625,-942.0,-48.0,345.0,-90.5625,78.1875,-36.3125,-210.0,-19.0,-305.0,0x683f
1677696112.039428,9045.0,3599.0,3900.0,222.9375,-45.8125,3.75,-759.0,-63.0,519.0,-143.25,94.75,-57.5,-55.0,-18.0,-162.0,0x683f
1677696112.10115,8882.0,3323.0,3940.0,215.6875,-42.6875,6.0625,-481.0,-133.0,721.0,-117.0,75.4375,-63.9375,181.0,-30.0,29.0,0x683f
1677696112.1598039,9013.0,3296.0,3936.0,208.3125,-40.0,9.1875,-604.0,-247.0,799.0,-97.375,61.625,-50.625,44.0,-115.0,72.0,0x683f
1677696112.218654,8489.0,2507.0,3762.0,203.0,-36.9375,10.875,-440.0,-202.0,869.0,-79.625,39.875,-65.1875,159.0,-40.0,97.0,0x683f
1677696112.278031,9138.0,3138.0,3960.0,199.4375,-33.5625,14.4375,-495.0,-406.0,882.0,-78.75,13.75,-74.1875,47.0,-202.0,91.0,0x683f
1677696112.3370738,9194.0,3157.0,3912.0,197.5625,-30.625,16.9375,-435.0,-319.0,874.0,-64.5,0.0625,-50.5,57.0,-64.0,66.0,0x683f
1677696112.3993511,8650.0,2506.0,3721.0,196.9375,-27.75,20.5625,-419.0,-435.0,872.0,-54.625,-23.0625,-34.125,-17.0,-149.0,101.0,0x683f
1677696112.458424,9162.0,3168.0,3865.0,197.3125,-25.5625,22.4375,-331.0,-340.0,959.0,-17.0625,-13.0625,12.5625,-67.0,-82.0,27.0,0x683f
1677696112.514953,9087.0,3236.0,3896.0,197.75,-26.4375,23.125,-317.0,-311.0,942.0,-22.3125,3.4375,40.5,156.0,77.0,75.0,0x683f
1677696112.578058,8686.0,2766.0,3872.0,197.5,-28.6875,25.6875,-623.0,-305.0,652.0,-32.3125,7.3125,11.1875,-152.0,67.0,-122.0,0x683f
1677696112.6401951,8711.0,2740.0,3871.0,196.3125,-28.75,27.375,-423.0,-437.0,840.0,-31.25,15.0625,10.625,50.0,-39.0,79.0,0x683f
1677696112.698726,9164.0,3251.0,3931.0,195.8125,-30.8125,28.5625,-609.0,-554.0,687.0,43.6875,11.4375,24.6875,-103.0,-100.0,0.0,0x683f
1677696112.7642822,8650.0,2743.0,3796.0,196.1875,-30.8125,25.625,-810.0,-301.0,504.0,33.0625,2.1875,-97.0625,-321.0,23.0,-239.0,0x683f
1677696112.826664,8654.0,2820.0,3796.0,195.0,-25.625,22.6875,-581.0,-335.0,710.0,1.3125,6.6875,-68.3125,-161.0,10.0,-120.0,0x683f
1677696112.890522,8716.0,2870.0,3835.0,194.25,-23.5,20.9375,-406.0,-221.0,866.0,35.625,-15.1875,-73.3125,-26.0,95.0,20.0,0x683f
1677696112.950531,8742.0,2844.0,3813.0,195.9375,-19.4375,20.125,-280.0,-319.0,949.0,-6.4375,-33.1875,-9.5625,3.0,-30.0,87.0,0x683f
1677696113.011269,8731.0,2912.0,3809.0,197.5,-17.5,20.6875,-302.0,-359.0,932.0,8.625,-23.75,-33.8125,38.0,18.0,-21.0,0x683f
1677696113.0709581,8712.0,2851.0,3813.0,198.25,-15.0625,20.8125,-298.0,-437.0,803.0,7.9375,-12.4375,-33.625,-13.0,-122.0,-94.0,0x683f
1677696113.130372,8716.0,2869.0,3863.0,197.625,-13.5625,19.75,-122.0,-414.0,969.0,27.4375,6.6875,-10.0625,107.0,-92.0,72.0,0x683f
1677696113.190646,8692.0,2894.0,3811.0,197.25,-14.4375,16.375,-113.0,-353.0,1168.0,87.625,-5.0,59.0625,131.0,-85.0,257.0,0x683f
1677696113.2531252,8727.0,2774.0,3671.0,199.375,-18.875,10.125,-306.0,-135.0,991.0,80.9375,-15.5,79.9375,40.0,35.0,86.0,0x683f
1677696113.312453,8634.0,2844.0,3978.0,201.8125,-25.8125,6.75,-340.0,-124.0,980.0,63.9375,-30.6875,152.4375,-15.0,22.0,47.0,0x683f
1677696113.369215,8521.0,2730.0,3884.0,204.0625,-34.3125,4.5625,-568.0,-98.0,849.0,47.3125,-8.4375,148.625,-13.0,-15.0,32.0,0x683f
1677696113.425823,9153.0,3098.0,3941.0,205.3125,-42.3125,4.1875,-669.0,-175.0,730.0,16.125,-16.625,173.5,-9.0,-121.0,7.0,0x683f
1677696113.4826932,8877.0,2996.0,3922.0,207.4375,-49.875,4.375,-681.0,-210.0,679.0,50.0,-27.75,141.4375,94.0,-182.0,54.0,0x683f
1677696113.541294,8887.0,3088.0,3834.0,210.75,-58.0,3.8125,-767.0,-224.0,511.0,84.375,-16.4375,118.0625,79.0,-176.0,-18.0,0x683f
1677696113.600448,8710.0,2983.0,3948.0,215.8125,-64.6875,0.25,-781.0,-39.0,397.0,97.1875,-21.9375,63.75,105.0,-37.0,-21.0,0x683f
1677696113.659801,8722.0,3036.0,3959.0,221.375,-67.4375,-1.8125,-679.0,-22.0,295.0,119.4375,-38.4375,37.8125,226.0,-35.0,-80.0,0x683f
1677696113.718431,8911.0,3415.0,4079.0,228.0625,-70.5,-1.75,-549.0,0.0,225.0,133.375,-72.5625,116.4375,381.0,-6.0,-82.0,0x683f
1677696113.779506,8510.0,2875.0,3854.0,240.125,-79.375,14.25,-937.0,-157.0,-55.0,149.5,-125.1875,184.4375,30.0,-96.0,-202.0,0x683f
1677696113.8392372,8481.0,2972.0,3959.0,258.625,-78.75,80.5625,-1122.0,-467.0,-284.0,135.5,-117.125,62.1875,-160.0,-279.0,-315.0,0x683f
1677696113.898358,8464.0,2814.0,3958.0,270.625,-74.0,74.1875,-1003.0,-208.0,-93.0,84.3125,-53.0,-39.125,-60.0,51.0,-166.0,0x683f
1677696113.955539,8505.0,2831.0,3980.0,274.3125,-71.375,69.375,-1175.0,-367.0,-81.0,19.6875,-37.3125,-79.75,-249.0,-68.0,-205.0,0x683f
1677696114.012105,9978.0,4131.0,2501.0,274.8125,-69.0,58.125,-1397.0,-309.0,39.0,19.125,26.4375,-15.1875,-481.0,-15.0,-148.0,0x683f
1677696114.069341,8609.0,3229.0,3924.0,272.4375,-67.5625,44.0625,-894.0,-188.0,242.0,14.125,39.375,-121.8125,12.0,70.0,-25.0,0x683f
1677696114.1285162,8760.0,3207.0,4019.0,270.25,-64.125,33.625,-866.0,-233.0,345.0,6.625,14.25,-96.0625,16.0,2.0,-9.0,0x683f
1677696114.183917,8643.0,3217.0,3984.0,269.0,-60.1875,27.375,-771.0,-189.0,448.0,4.125,1.1875,-82.6875,73.0,33.0,4.0,0x683f
1677696114.24317,9071.0,3428.0,3982.0,267.9375,-55.3125,23.1875,-875.0,-276.0,440.0,2.9375,13.8125,-109.6875,-58.0,-48.0,-68.0,0x683f
1677696114.3011022,9969.0,4327.0,2510.0,266.0625,-49.3125,19.0,-618.0,-181.0,641.0,-11.75,-1.6875,-142.125,242.0,5.0,68.0,0x683f
1677696114.364206,8764.0,3272.0,4002.0,265.4375,-44.5,17.25,-759.0,-247.0,716.0,15.1875,11.0,-65.3125,-34.0,36.0,35.0,0x683f
1677696114.424326,8429.0,2963.0,3798.0,265.125,-41.3125,15.1875,-725.0,-249.0,808.0,6.8125,6.75,-17.0,-134.0,-76.0,96.0,0x683f
1677696114.4846232,9756.0,4333.0,2482.0,264.5625,-40.25,13.4375,-908.0,-302.0,797.0,45.125,42.25,-37.1875,-277.0,-138.0,64.0,0x683f
1677696114.547976,8467.0,3030.0,3773.0,261.8125,-38.875,7.25,-826.0,-119.0,710.0,30.875,78.375,-22.4375,-279.0,-73.0,-109.0,0x683f
1677696114.6084669,8302.0,2845.0,3665.0,257.375,-38.0625,2.1875,-776.0,-60.0,574.0,-20.5,93.9375,-0.125,-172.0,-38.0,-197.0,0x683f
1677696114.665497,10060.0,4300.0,2431.0,250.625,-38.9375,0.1875,-755.0,14.0,373.0,-120.5,107.9375,34.25,-134.0,18.0,-385.0,0x683f
1677696114.721458,9801.0,4484.0,2390.0,241.6875,-40.4375,2.625,-554.0,50.0,523.0,-150.9375,101.75,4.9375,162.0,120.0,-165.0,0x683f
1677696114.782382,9009.0,3421.0,3936.0,233.25,-42.4375,7.5625,-441.0,-18.0,586.0,-146.8125,53.0625,63.5625,177.0,80.0,-105.0,0x683f
1677696114.8432388,8618.0,2994.0,3938.0,229.125,-44.6875,13.5,-541.0,-80.0,761.0,-99.0,-1.5625,-8.375,149.0,82.0,84.0,0x683f
1677696114.8994272,8851.0,3228.0,3990.0,227.9375,-43.5625,18.4375,-647.0,-350.0,843.0,-39.875,-30.5625,-13.5625,28.0,-125.0,170.0,0x683f
1677696114.957592,8604.0,2933.0,3890.0,228.8125,-41.9375,21.25,-664.0,-340.0,774.0,-21.375,-25.25,-17.875,-8.0,-75.0,94.0,0x683f
1677696115.016165,8539.0,2899.0,4015.0,229.8125,-40.75,22.75,-710.0,-360.0,676.0,-14.5625,-29.375,-52.125,-77.0,-68.0,-13.0,0x683f
1677696115.073282,8618.0,2911.0,4017.0,229.9375,-36.6875,23.6875,-590.0,-402.0,742.0,-21.625,-23.5625,-84.9375,-15.0,-81.0,15.0,0x683f
1677696115.13138,8702.0,2920.0,3986.0,230.75,-31.125,24.8125,-590.0,-493.0,805.0,-17.5625,-43.5625,-81.0625,-56.0,-130.0,45.0,0x683f
1677696115.188234,8692.0,2860.0,3916.0,231.875,-26.4375,25.625,-452.0,-419.0,786.0,-15.375,-28.625,-53.875,-14.0,-40.0,-4.0,0x683f
1677696115.247262,8770.0,2955.0,3975.0,232.5,-23.625,26.125,-439.0,-407.0,826.0,6.0,-22.75,-28.1875,-51.0,-10.0,18.0,0x683f
1677696115.308753,8680.0,2899.0,3910.0,233.375,-22.0625,26.0625,-350.0,-415.0,828.0,6.875,-14.0625,-14.625,15.0,-15.0,10.0,0x683f
1677696115.3707929,8624.0,2869.0,3959.0,233.5625,-21.4375,25.625,-390.0,-440.0,821.0,18.0,3.25,-0.5625,-30.0,-47.0,-1.0,0x683f
1677696115.433135,8705.0,2928.0,3956.0,232.0,-22.375,23.5,-497.0,-329.0,710.0,38.875,58.625,13.1875,-122.0,32.0,-120.0,0x683f
1677696115.4925709,8627.0,2884.0,4010.0,229.375,-25.1875,21.0,-320.0,-188.0,903.0,8.5,12.0,103.125,97.0,130.0,75.0,0x683f
1677696115.554358,8621.0,2966.0,3993.0,231.6875,-31.875,22.75,-594.0,-379.0,791.0,27.8125,-24.6875,132.5625,-76.0,-56.0,23.0,0x683f
1677696115.616791,8622.0,3026.0,4006.0,235.25,-38.75,24.375,-801.0,-298.0,648.0,5.6875,-29.625,129.75,-196.0,-7.0,-61.0,0x683f
1677696115.678561,8706.0,2973.0,3998.0,237.5,-42.8125,27.1875,-768.0,-293.0,560.0,-11.5625,-19.4375,37.8125,-98.0,39.0,-73.0,0x683f
1677696115.738264,8704.0,2961.0,4000.0,238.5,-43.0625,29.0625,-745.0,-413.0,581.0,-4.8125,-5.125,-29.0,-78.0,-63.0,-46.0,0x683f
1677696115.799946,8718.0,3022.0,4047.0,238.0,-42.125,28.25,-737.0,-313.0,558.0,-5.75,13.625,21.8125,-71.0,46.0,-103.0,0x683f
1677696115.861335,8696.0,3000.0,4022.0,236.875,-43.75,29.9375,-783.0,-356.0,557.0,-33.625,15.75,-25.6875,25.0,2.0,21.0,0x683f
1677696115.924018,8721.0,3019.0,4052.0,235.1875,-42.4375,29.75,-603.0,-347.0,648.0,14.6875,1.3125,-24.625,58.0,11.0,20.0,0x683f
1677696115.985069,8741.0,2955.0,3986.0,235.3125,-41.9375,28.0625,-638.0,-239.0,673.0,16.0625,3.125,15.0625,17.0,104.0,30.0,0x683f
1677696116.0420108,8683.0,2979.0,3974.0,236.4375,-43.875,29.5,-727.0,-390.0,635.0,-0.8125,-14.5625,75.5625,-47.0,-42.0,21.0,0x683f
1677696116.1007192,8793.0,3045.0,3980.0,237.1875,-46.0,31.0625,-889.0,-412.0,526.0,-6.5625,8.1875,-1.0,-160.0,-54.0,-65.0,0x683f
1677696116.16033,8759.0,2963.0,3983.0,235.3125,-44.9375,29.875,-805.0,-490.0,575.0,-28.0625,35.125,-62.5625,-109.0,-172.0,24.0,0x683f
1677696116.2202291,9060.0,3154.0,3835.0,229.6875,-42.3125,26.375,-622.0,-401.0,765.0,-50.3125,92.125,-65.75,37.0,-78.0,116.0,0x683f
1677696116.2804549,8617.0,2626.0,3770.0,223.1875,-44.0,26.0625,-703.0,-416.0,879.0,-64.375,61.0,54.625,-22.0,-106.0,246.0,0x683f
1677696116.3435981,9256.0,3362.0,3906.0,219.6875,-48.375,27.4375,-564.0,-439.0,942.0,-35.0625,76.125,109.1875,153.0,-208.0,312.0,0x683f
1677696116.406544,8990.0,2966.0,3889.0,217.3125,-59.5625,29.6875,-605.0,-363.0,692.0,24.3125,41.75,134.25,245.0,-94.0,229.0,0x683f
1677696116.467233,8852.0,3053.0,3903.0,217.8125,-67.1875,32.75,-746.0,-200.0,397.0,38.75,6.4375,147.875,157.0,4.0,77.0,0x683f
1677696116.5265138,8758.0,3296.0,3927.0,221.625,-71.0,40.125,-873.0,-65.0,81.0,77.125,-38.4375,52.6875,54.0,143.0,-157.0,0x683f
1677696116.585144,8700.0,3087.0,3891.0,227.75,-70.0625,45.625,-822.0,-82.0,-59.0,49.9375,-53.9375,-8.9375,99.0,156.0,-292.0,0x683f
1677696116.6450539,8656.0,3072.0,3888.0,234.3125,-67.5,51.0625,-775.0,-130.0,-48.0,32.6875,-65.125,39.0625,-24.0,153.0,-342.0,0x683f
1677696116.704879,8742.0,3507.0,3862.0,239.1875,-65.875,56.0625,-1014.0,-334.0,-70.0,40.8125,-41.875,17.6875,-82.0,13.0,-266.0,0x683f
1677696116.768756,8708.0,3180.0,3980.0,242.625,-66.0625,63.5,-893.0,-306.0,-21.0,-5.125,-30.5,91.3125,-5.0,37.0,-210.0,0x683f
1677696116.8285382,8705.0,3273.0,3945.0,246.0625,-65.375,72.875,-1456.0,-606.0,-274.0,58.5625,-66.6875,-45.0625,-570.0,-207.0,-405.0,0x683f
1677696116.885226,8668.0,3253.0,3960.0,251.0,-56.125,50.8125,-935.0,-462.0,157.0,137.4375,-46.375,-345.5,309.0,-49.0,47.0,0x683f
1677696116.944534,8588.0,3233.0,4061.0,250.875,-43.8125,30.1875,-765.0,-208.0,542.0,67.9375,37.875,-106.5,-139.0,125.0,-129.0,0x683f
1677696117.01162,8622.0,3238.0,3976.0,249.1875,-37.75,23.5,-776.0,-269.0,574.0,51.8125,-7.0625,-180.75,306.0,-9.0,179.0,0x683f
1677696117.072886,8641.0,3282.0,3958.0,249.375,-33.125,18.875,-487.0,-257.0,760.0,52.375,-1.1875,-10.125,-54.0,26.0,11.0,0x683f
1677696117.1324959,8663.0,3378.0,3859.0,249.6875,-32.875,15.9375,-564.0,-249.0,863.0,42.25,35.5625,23.9375,-31.0,-22.0,72.0,0x683f
1677696117.1898592,8651.0,3180.0,3918.0,247.375,-37.5625,12.6875,-682.0,-178.0,911.0,43.9375,79.375,117.3125,-219.0,-34.0,50.0,0x683f
1677696117.251223,8537.0,3175.0,3852.0,245.9375,-41.25,6.4375,-613.0,156.0,759.0,32.4375,10.875,60.875,84.0,258.0,12.0,0x683f
1677696117.3118951,8974.0,3117.0,3971.0,247.625,-47.375,8.375,-805.0,-174.0,672.0,4.75,-45.1875,147.9375,-157.0,-93.0,-9.0,0x683f
1677696117.370643,8686.0,3140.0,3832.0,250.1875,-53.1875,10.875,-839.0,-69.0,556.0,1.8125,-31.6875,83.0625,-54.0,41.0,-20.0,0x683f
1677696117.427603,10330.0,4835.0,2394.0,252.0625,-56.8125,14.3125,-1026.0,-218.0,480.0,4.625,-3.25,32.75,-205.0,-85.0,-39.0,0x683f
1677696117.489475,8723.0,3095.0,4002.0,251.5625,-58.25,14.75,-840.0,-64.0,429.0,-51.25,12.6875,53.875,20.0,66.0,-79.0,0x683f
1677696117.547945,10071.0,4336.0,2460.0,248.1875,-62.5625,18.125,-720.0,-117.0,406.0,-64.4375,33.6875,79.375,186.0,-2.0,12.0,0x683f
1677696117.6163971,8780.0,3084.0,4053.0,246.375,-69.125,22.5625,-794.0,-120.0,344.0,3.5,11.5625,139.6875,64.0,42.0,-14.0,0x683f
1677696117.678732,8635.0,3163.0,3924.0,247.1875,-71.75,23.9375,-907.0,-55.0,69.0,23.1875,-5.9375,-144.125,16.0,68.0,-233.0,0x683f
1677696117.73855,8590.0,3218.0,3937.0,248.6875,-61.9375,19.1875,-806.0,-258.0,398.0,-15.875,-71.1875,-147.3125,-51.0,-102.0,-90.0,0x683f
1677696117.798404,8635.0,3275.0,3876.0,251.25,-46.6875,17.4375,-680.0,-154.0,574.0,22.25,-44.8125,-293.5625,163.0,-17.0,115.0,0x683f
1677696117.859106,8685.0,3309.0,3955.0,250.125,-37.1875,14.375,-873.0,-187.0,828.0,32.0625,49.125,-123.25,-294.0,-1.0,58.0,0x683f
1677696117.920983,8514.0,3003.0,3940.0,248.125,-30.8125,9.875,-470.0,11.0,821.0,22.5625,38.375,-98.0625,50.0,87.0,-38.0,0x683f
1677696117.984148,8561.0,3018.0,3834.0,245.25,-24.375,7.25,-353.0,-88.0,851.0,4.375,45.5625,-92.4375,84.0,23.0,14.0,0x683f
1677696118.0536351,8488.0,2979.0,3813.0,243.9375,-21.3125,6.5,-208.0,-106.0,970.0,-24.0625,-19.75,37.625,151.0,2.0,64.0,0x683f
1677696118.117573,8455.0,2971.0,3789.0,245.1875,-23.8125,7.4375,-604.0,-96.0,893.0,10.9375,2.5,2.6875,-154.0,22.0,5.0,0x683f
1677696118.176044,8399.0,2901.0,3834.0,245.1875,-23.9375,7.25,-465.0,-80.0,897.0,-4.1875,-2.0,9.5,-64.0,33.0,10.0,0x683f
1677696118.233804,8415.0,2910.0,3748.0,245.25,-24.4375,7.5625,-504.0,-125.0,841.0,-1.5625,1.6875,-2.875,-94.0,-8.0,-21.0,0x683f
1677696118.291668,8740.0,3324.0,3877.0,245.0,-24.125,7.5625,-414.0,-114.0,891.0,-0.1875,2.875,-4.625,-12.0,3.0,4.0,0x683f
1677696118.3546329,8385.0,2942.0,3782.0,244.9375,-24.1875,7.5625,-442.0,-102.0,940.0,-4.8125,-0.5,9.875,-33.0,23.0,83.0,0x683f
1677696118.413335,8483.0,3031.0,3931.0,245.6875,-25.9375,8.625,-435.0,-132.0,1182.0,-26.1875,-21.0625,80.3125,20.0,-93.0,289.0,0x683f
1677696118.471624,8482.0,3025.0,3952.0,248.0,-32.25,7.5,-1029.0,-184.0,836.0,122.125,31.25,81.0625,-505.0,-76.0,13.0,0x683f
1677696118.531496,8533.0,3111.0,3890.0,247.5,-36.0,1.8125,-932.0,162.0,492.0,1.6875,50.4375,59.875,-355.0,187.0,-300.0,0x683f
1677696118.5910022,8758.0,3349.0,3885.0,243.1875,-38.9375,1.25,-893.0,203.0,489.0,-86.125,78.625,29.5,-276.0,221.0,-272.0,0x683f
1677696118.652809,8633.0,3110.0,3882.0,236.3125,-40.875,3.5,-756.0,105.0,432.0,-120.125,77.4375,17.3125,-114.0,150.0,-307.0,0x683f
1677696118.708574,8776.0,3094.0,3689.0,229.0625,-40.375,7.25,-462.0,25.0,584.0,-155.5,64.3125,-38.25,173.0,120.0,-156.0,0x683f
1677696118.7636428,8417.0,2248.0,3922.0,224.0625,-38.5,13.5625,-406.0,-242.0,666.0,-160.1875,-0.5625,-66.375,195.0,-41.0,-80.0,0x683f
1677696118.823201,8439.0,2373.0,3918.0,221.5,-34.25,21.875,-239.0,-459.0,816.0,-140.0625,-26.3125,-39.0,313.0,-157.0,64.0,0x683f
1677696118.8829381,8851.0,3036.0,3986.0,221.875,-33.375,29.625,-565.0,-627.0,675.0,-57.4375,-50.75,0.0,-36.0,-172.0,-20.0,0x683f
1677696118.945508,8809.0,2806.0,3960.0,222.9375,-31.4375,33.9375,-414.0,-628.0,750.0,-54.0625,-23.4375,8.6875,48.0,-186.0,47.0,0x683f
1677696119.0104802,8744.0,2784.0,3979.0,223.8125,-31.0,36.1875,-492.0,-573.0,741.0,-6.3125,-20.375,-11.1875,3.0,-71.0,48.0,0x683f
1677696119.080846,8733.0,2619.0,3938.0,224.6875,-29.5625,36.875,-505.0,-606.0,728.0,1.0625,-16.8125,-8.8125,-24.0,-105.0,49.0,0x683f
1677696119.145438,8728.0,2583.0,3850.0,225.6875,-28.875,37.5,-472.0,-547.0,684.0,-3.4375,-8.9375,9.25,1.0,-24.0,3.0,0x683f
1677696119.204134,8751.0,2597.0,3886.0,226.4375,-28.5625,37.6875,-552.0,-532.0,647.0,8.0625,-10.0625,-0.3125,-90.0,6.0,-29.0,0x683f
1677696119.263556,8745.0,2653.0,3846.0,227.0625,-28.0625,37.5,-550.0,-516.0,691.0,5.5625,-9.375,-4.625,-45.0,-1.0,44.0,0x683f
1677696119.3245609,8769.0,2728.0,3905.0,227.625,-28.25,37.5,-503.0,-494.0,705.0,4.1875,-7.375,14.1875,-38.0,31.0,20.0,0x683f
1677696119.385112,8788.0,2790.0,3925.0,228.25,-28.5625,37.625,-522.0,-531.0,705.0,14.3125,-13.3125,8.0625,-33.0,19.0,20.0,0x683f
1677696119.443054,8797.0,2790.0,3909.0,229.0625,-28.625,37.5625,-499.0,-500.0,701.0,3.75,-12.125,16.6875,-72.0,27.0,-10.0,0x683f
1677696119.50092,8850.0,2949.0,3867.0,229.5625,-28.875,37.9375,-543.0,-540.0,676.0,-3.5,-6.8125,8.875,-69.0,-12.0,0.0,0x683f
1677696119.5609632,8789.0,2854.0,3873.0,229.875,-28.75,38.3125,-530.0,-534.0,642.0,4.375,-10.375,-3.1875,-57.0,0.0,-31.0,0x683f
1677696119.625152,8794.0,2927.0,3893.0,230.125,-28.125,37.75,-573.0,-513.0,655.0,17.875,-10.0,-17.0625,-110.0,15.0,-27.0,0x683f
1677696119.689096,8743.0,2725.0,3888.0,230.125,-27.1875,37.1875,-475.0,-442.0,624.0,-13.0625,-6.5625,11.6875,-57.0,-5.0,-31.0,0x683f
1677696119.753669,8747.0,2887.0,3944.0,231.6875,-27.6875,38.125,-414.0,-493.0,704.0,3.6875,-28.5625,44.625,41.0,43.0,21.0,0x683f
1677696119.8128672,8752.0,2822.0,3907.0,234.0,-28.5625,39.5,-455.0,-521.0,698.0,1.8125,-31.875,47.9375,-25.0,252.0,34.0,0x683f
1677696119.871616,8750.0,2668.0,3864.0,235.8125,-29.1875,40.6875,-479.0,-550.0,653.0,-2.6875,-24.3125,32.6875,-1.0,7.0,4.0,0x683f
1677696119.929506,8779.0,2650.0,3834.0,237.5625,-29.5625,42.4375,-537.0,-518.0,620.0,-17.625,-17.875,27.1875,-53.0,57.0,-8.0,0x683f
1677696119.9893818,8759.0,2738.0,3903.0,238.75,-30.0625,44.5,-595.0,-668.0,585.0,-6.875,-13.1875,28.3125,-72.0,-50.0,-12.0,0x683f
1677696120.0494862,8801.0,2781.0,3841.0,239.5625,-30.375,45.3125,-517.0,-638.0,532.0,-1.6875,-7.3125,10.1875,-21.0,-35.0,-60.0,0x683f
1677696120.1095839,8722.0,2773.0,3835.0,239.625,-30.5,45.375,-584.0,-621.0,577.0,17.5,12.8125,-16.0625,-85.0,-22.0,-18.0,0x683f
1677696120.17117,8871.0,2896.0,3855.0,237.875,-29.5,42.25,-503.0,-489.0,645.0,17.1875,13.0,-41.3125,-20.0,84.0,14.0,0x683f
1677696120.231294,8875.0,2880.0,3867.0,237.5,-30.9375,43.6875,-589.0,-647.0,655.0,-16.9375,1.6875,61.375,-84.0,-66.0,47.0,0x683f
1677696120.2945302,8920.0,2944.0,3855.0,237.375,-32.625,44.125,-454.0,-499.0,638.0,-18.1875,17.0,50.3125,97.0,70.0,95.0,0x683f
1677696120.355547,9011.0,3032.0,3813.0,237.75,-36.3125,47.3125,-557.0,-624.0,615.0,-12.0,11.5625,99.375,38.0,-15.0,83.0,0x683f
1677696120.416375,9085.0,2953.0,3881.0,239.125,-41.75,52.375,-876.0,-613.0,405.0,-7.125,14.9375,91.5,-216.0,-14.0,-54.0,0x683f
1677696120.4780748,9077.0,3092.0,3893.0,239.75,-45.0,56.0625,-780.0,-635.0,418.0,-22.0,10.4375,82.75,-9.0,-12.0,27.0,0x683f
1677696120.539212,9094.0,3131.0,3876.0,240.125,-48.3125,60.3125,-806.0,-691.0,450.0,-0.4375,28.375,51.0,-74.0,-125.0,127.0,0x683f
1677696120.600441,8958.0,3020.0,3813.0,239.4375,-51.4375,62.5,-806.0,-724.0,406.0,-5.9375,38.3125,69.8125,-41.0,-209.0,139.0,0x683f
1677696120.660579,9144.0,3154.0,3762.0,238.25,-56.125,64.8125,-794.0,-744.0,360.0,37.75,54.125,38.5625,20.0,-249.0,128.0,0x683f
1677696120.7206268,9338.0,3264.0,3783.0,237.8125,-59.125,63.1875,-726.0,-572.0,340.0,55.375,46.0,23.1875,120.0,-132.0,112.0,0x683f
1677696120.78202,9023.0,3386.0,3815.0,238.9375,-61.5,60.0,-691.0,-356.0,220.0,72.5625,17.5,24.1875,175.0,49.0,-33.0,0x683f
1677696120.842724,8797.0,3118.0,3902.0,242.75,-62.0625,56.8125,-713.0,-308.0,128.0,77.4375,-13.5,9.3125,152.0,111.0,-173.0,0x683f
1677696120.901964,8729.0,3196.0,3992.0,247.75,-60.5,53.125,-760.0,-215.0,66.0,75.0625,-46.1875,-14.875,82.0,175.0,-223.0,0x683f
1677696120.963168,8856.0,3411.0,3943.0,253.0,-57.875,52.125,-882.0,-279.0,93.0,48.5625,-54.75,18.0625,-51.0,131.0,-225.0,0x683f
1677696121.021416,8933.0,3427.0,3979.0,257.8125,-56.0,52.9375,-956.0,-310.0,149.0,45.8125,-40.25,5.9375,-143.0,127.0,-180.0,0x683f
1677696121.0821152,8797.0,3206.0,4002.0,260.9375,-54.875,53.25,-996.0,-425.0,133.0,39.1875,-24.6875,14.9375,-217.0,-6.0,-206.0,0x683f
1677696121.148896,8744.0,3117.0,3947.0,263.1875,-53.75,50.4375,-966.0,-470.0,274.0,12.0,-4.1875,-27.6875,-138.0,-15.0,-69.0,0x683f
1677696121.2109282,8928.0,3368.0,3940.0,262.6875,-53.5625,49.5,-927.0,-452.0,390.0,-9.0,16.4375,-4.1875,-138.0,-9.0,12.0,0x683f
1677696121.2755241,8922.0,3363.0,3942.0,261.1875,-54.625,49.8125,-838.0,-381.0,388.0,-23.0,18.375,27.8125,-37.0,51.0,22.0,0x683f
1677696121.3413801,8756.0,3201.0,3971.0,259.8125,-57.0,52.9375,-857.0,-401.0,339.0,-10.9375,9.4375,49.0,-66.0,35.0,-37.0,0x683f
1677696121.3957,8788.0,3407.0,3959.0,260.4375,-58.625,54.4375,-876.0,-329.0,231.0,37.6875,18.6875,15.3125,-46.0,84.0,-70.0,0x683f
1677696121.451709,8713.0,3360.0,3964.0,261.25,-59.5625,51.5,-932.0,-353.0,221.0,45.75,6.0625,-5.5625,-87.0,18.0,-87.0,0x683f
1677696121.510293,9128.0,3308.0,4022.0,262.75,-58.6875,46.375,-859.0,-408.0,293.0,99.5625,11.125,-62.375,-21.0,-39.0,-58.0,0x683f
1677696121.5700521,9353.0,3606.0,3915.0,263.9375,-56.125,37.0625,-763.0,-312.0,508.0,67.1875,4.25,-82.25,44.0,11.0,58.0,0x683f
1677696121.631809,8855.0,3310.0,3991.0,265.1875,-53.9375,32.0625,-895.0,-276.0,585.0,-0.9375,9.375,18.0,-49.0,38.0,65.0,0x683f
1677696121.689389,9133.0,3297.0,4074.0,265.25,-55.5625,34.6875,-889.0,-346.0,379.0,-24.6875,-2.3125,8.75,-59.0,-29.0,-51.0,0x683f
1677696121.750933,9813.0,4112.0,2624.0,264.8125,-55.25,35.4375,-878.0,-365.0,408.0,-4.8125,5.4375,-28.4375,-6.0,25.0,-11.0,0x683f
1677696121.8099189,10008.0,4488.0,2381.0,264.625,-54.375,34.3125,-862.0,-243.0,388.0,-4.875,1.5625,-21.8125,-65.0,78.0,-82.0,0x683f
1677696121.867156,8693.0,3320.0,4025.0,264.5625,-53.125,33.25,-805.0,-308.0,478.0,1.875,5.25,-30.4375,-22.0,13.0,-16.0,0x683f
1677696121.9295459,8474.0,3040.0,3968.0,264.75,-51.375,31.0625,-778.0,-328.0,465.0,10.875,24.9375,-53.25,47.0,-8.0,-38.0,0x683f
1677696121.9921181,8474.0,3041.0,3913.0,263.6875,-49.75,27.6875,-772.0,-276.0,605.0,-4.625,3.9375,-20.5,12.0,2.0,70.0,0x683f
1677696122.0581582,8454.0,3075.0,893.0,263.625,-49.375,27.0625,-832.0,-387.0,546.0,15.8125,4.4375,-21.9375,-107.0,-49.0,-40.0,0x683f
1677696122.119062,8513.0,3109.0,3881.0,263.6875,-47.4375,24.25,-752.0,-289.0,593.0,32.375,14.6875,-69.25,-35.0,-21.0,-20.0,0x683f
1677696122.179679,8468.0,3106.0,3921.0,263.0,-44.9375,20.1875,-721.0,-202.0,617.0,3.5625,18.375,-31.6875,-16.0,37.0,-61.0,0x683f
1677696122.240772,8484.0,3119.0,3906.0,262.125,-44.125,19.375,-635.0,-198.0,690.0,-23.6875,-0.8125,16.5,65.0,13.0,45.0,0x683f
1677696122.3013198,8418.0,3019.0,3870.0,262.375,-45.8125,20.875,-805.0,-193.0,619.0,-4.5,2.0,12.0,-100.0,50.0,-16.0,0x683f
1677696122.359573,8412.0,2974.0,3869.0,262.6875,-45.9375,20.3125,-820.0,-204.0,589.0,9.875,6.6875,-8.875,-115.0,22.0,-48.0,0x683f
1677696122.418682,8474.0,3041.0,3913.0,262.6875,-45.875,19.25,-749.0,-190.0,672.0,1.625,5.4375,-5.5,-23.0,7.0,53.0,0x683f
1677696122.478455,8495.0,3044.0,3870.0,263.25,-46.5625,20.125,-633.0,-292.0,847.0,-16.4375,-12.75,56.5625,84.0,-57.0,222.0,0x683f
1677696122.539208,8517.0,3114.0,3932.0,265.4375,-51.6875,23.1875,-959.0,-267.0,507.0,43.5,-7.625,112.625,-179.0,-30.0,-38.0,0x683f
1677696122.597592,9885.0,4449.0,2393.0,267.6875,-55.5625,22.0625,-919.0,-170.0,375.0,38.75,12.5625,39.75,-106.0,33.0,-134.0,0x683f
1677696122.658265,8547.0,3071.0,3923.0,268.5,-57.0,20.25,-998.0,-165.0,263.0,18.4375,10.5,1.0,-201.0,20.0,-251.0,0x683f
1677696122.717636,8599.0,3063.0,3874.0,266.8125,-55.5625,18.0625,-930.0,-238.0,296.0,-42.1875,38.9375,-49.8125,-134.0,-81.0,-227.0,0x683f
1677696122.778427,8571.0,3035.0,3887.0,262.25,-53.0625,16.125,-790.0,-228.0,447.0,-55.0625,50.125,-67.0,-11.0,-66.0,-125.0,0x683f
1677696122.840292,8810.0,3343.0,3974.0,257.5,-50.1875,14.6875,-738.0,-140.0,570.0,-60.75,41.8125,-53.125,10.0,19.0,-41.0,0x683f
1677696122.901839,8632.0,3054.0,3993.0,252.4375,-47.5625,14.5,-839.0,-86.0,585.0,-51.8125,46.0625,-63.0,-115.0,80.0,-55.0,0x683f
1677696122.9599879,9267.0,3716.0,3807.0,247.8125,-44.5,13.875,-859.0,-4.0,646.0,-70.5,54.0625,-56.125,-183.0,162.0,-25.0,0x683f
1677696123.01585,8975.0,3439.0,3771.0,243.1875,-42.9375,14.5625,-848.0,-40.0,651.0,-87.0,65.6875,-39.0,-182.0,143.0,-44.0,0x683f
1677696123.0776918,8752.0,3024.0,3708.0,236.875,-42.0,15.75,-791.0,-110.0,614.0,-90.9375,70.0625,-32.375,-41.0,-14.0,-79.0,0x683f
1677696123.137119,8706.0,3072.0,3944.0,230.9375,-40.875,16.9375,-687.0,-176.0,592.0,-84.8125,54.3125,-55.625,-50.0,43.0,-119.0,0x683f
1677696123.195062,8725.0,2455.0,3729.0,225.9375,-39.1875,19.1875,-540.0,-268.0,594.0,-93.25,41.3125,-19.3125,84.0,-31.0,-131.0,0x683f
1677696123.255098,8698.0,2643.0,3581.0,221.9375,-39.8125,23.0625,-439.0,-323.0,632.0,-94.8125,8.4375,39.25,213.0,-82.0,-34.0,0x683f
1677696123.314412,8759.0,2897.0,4146.0,221.5625,-41.5625,30.3125,-626.0,-548.0,588.0,-73.0,-53.5625,4.75,56.0,-161.0,-21.0,0x683f
1677696123.376029,8940.0,2811.0,3892.0,224.0625,-40.5625,37.3125,-411.0,-685.0,665.0,-49.625,-57.9375,87.8125,107.0,-234.0,30.0,0x683f
1677696123.439569,8913.0,2834.0,3901.0,228.25,-41.375,43.3125,-558.0,-572.0,605.0,10.5,-66.125,22.6875,86.0,-60.0,71.0,0x683f
1677696123.5012128,8953.0,2927.0,3853.0,232.5625,-41.3125,46.125,-723.0,-592.0,626.0,37.0625,-26.1875,79.6875,-70.0,-61.0,123.0,0x683f
1677696123.563702,9062.0,3058.0,3886.0,236.4375,-42.125,47.1875,-746.0,-525.0,502.0,23.5625,-25.375,-8.25,-87.0,7.0,8.0,0x683f
1677696123.626824,8966.0,2930.0,3919.0,238.25,-40.375,46.4375,-590.0,-520.0,536.0,13.0625,-24.1875,-18.75,33.0,-64.0,46.0,0x683f
1677696123.684482,8955.0,2913.0,3926.0,239.75,-39.625,45.5625,-715.0,-557.0,517.0,30.6875,-15.0,-5.125,-35.0,14.0,-21.0,0x683f
1677696123.7433631,8947.0,3003.0,3879.0,240.6875,-38.4375,43.5,-550.0,-511.0,606.0,28.875,-2.25,4.375,-17.0,28.0,11.0,0x683f
1677696123.802974,8889.0,2873.0,3942.0,240.75,-39.0625,42.4375,-665.0,-496.0,565.0,16.0,12.1875,-4.625,-47.0,17.0,3.0,0x683f
1677696123.862674,8894.0,2930.0,3937.0,239.375,-39.375,41.1875,-614.0,-482.0,624.0,2.0,15.3125,19.625,8.0,17.0,53.0,0x683f
1677696123.922993,8910.0,2887.0,3877.0,238.8125,-40.6875,41.125,-604.0,-470.0,609.0,7.1875,2.4375,16.5625,35.0,19.0,49.0,0x683f
1677696123.985033,8889.0,2863.0,3943.0,238.6875,-41.75,41.25,-606.0,-424.0,608.0,-1.375,4.8125,33.8125,46.0,58.0,58.0,0x683f
1677696124.046242,8950.0,2903.0,3937.0,238.4375,-43.375,42.4375,-720.0,-485.0,518.0,-3.25,1.5625,34.625,-59.0,-11.0,-6.0,0x683f
1677696124.1094542,8958.0,2838.0,3928.0,238.5,-44.5625,43.375,-764.0,-454.0,450.0,1.5625,1.1875,1.4375,-75.0,25.0,-56.0,0x683f
1677696124.170445,8879.0,2822.0,3903.0,237.75,-44.5625,43.5,-746.0,-421.0,506.0,-17.5625,-5.8125,11.5,-57.0,61.0,1.0,0x683f
1677696124.230766,8878.0,2761.0,3930.0,237.625,-45.0,45.5625,-745.0,-507.0,483.0,-32.25,-17.5,18.625,-51.0,-8.0,3.0,0x683f
1677696124.2907891,9052.0,3001.0,3934.0,237.5,-44.8125,48.375,-729.0,-508.0,388.0,-15.5625,-2.4375,-25.875,-37.0,11.0,-72.0,0x683f
1677696124.3521159,8934.0,2797.0,3956.0,236.25,-44.0,47.9375,-613.0,-539.0,475.0,-1.75,2.5,-11.6875,68.0,-16.0,3.0,0x683f
1677696124.4213278,8896.0,2786.0,3936.0,235.6875,-44.125,47.6875,-697.0,-496.0,474.0,4.125,3.9375,13.3125,-14.0,24.0,1.0,0x683f
1677696124.4865339,8854.0,2795.0,3892.0,235.625,-44.9375,48.1875,-738.0,-518.0,440.0,8.5625,4.0,11.1875,-24.0,10.0,-19.0,0x683f
1677696124.543627,8869.0,2920.0,3907.0,235.875,-45.875,48.375,-688.0,-512.0,448.0,6.4375,4.375,25.25,7.0,0.0,0.0,0x683f
1677696124.601697,8923.0,2937.0,3944.0,235.625,-47.5,49.25,-694.0,-502.0,499.0,-9.25,14.25,44.0625,28.0,0.0,67.0,0x683f
1677696124.660906,8934.0,2945.0,3915.0,235.25,-50.0625,52.4375,-780.0,-590.0,558.0,-16.625,8.3125,75.125,-28.0,-91.0,175.0,0x683f
1677696124.7205498,8885.0,2898.0,3928.0,236.1875,-52.375,56.25,-943.0,-793.0,564.0,15.25,17.1875,58.9375,-161.0,-298.0,238.0,0x683f
1677696124.7818298,9346.0,3391.0,3874.0,236.0625,-55.1875,54.75,-794.0,-648.0,583.0,65.0,44.875,10.375,40.0,-158.0,238.0,0x683f
1677696124.842197,9013.0,3074.0,3866.0,236.625,-57.3125,49.375,-717.0,-470.0,491.0,82.3125,23.625,16.875,98.0,-72.0,132.0,0x683f
1677696124.901588,9517.0,3522.0,3710.0,239.4375,-59.0,43.75,-703.0,-342.0,440.0,91.1875,-2.5,28.4375,137.0,6.0,75.0,0x683f
1677696124.96103,9032.0,3255.0,3817.0,244.0,-59.9375,41.1875,-775.0,-329.0,289.0,96.375,-16.6875,30.25,73.0,-5.0,-79.0,0x683f
1677696125.021825,8931.0,3296.0,3927.0,248.25,-60.125,38.9375,-747.0,-273.0,186.0,100.125,-26.4375,19.0,93.0,38.0,-202.0,0x683f
1677696125.0818639,9025.0,3371.0,3865.0,254.0,-59.4375,37.3125,-749.0,-274.0,161.0,79.75,-53.5,15.0,44.0,28.0,-264.0,0x683f
1677696125.1419861,8688.0,3129.0,3879.0,260.0625,-57.6875,38.5625,-836.0,-275.0,54.0,58.625,-61.875,-15.375,-1.0,82.0,-367.0,0x683f
1677696125.202065,8570.0,3092.0,3899.0,265.75,-54.4375,38.8125,-818.0,-146.0,90.0,23.3125,-51.625,-17.0625,-20.0,210.0,-353.0,0x683f
1677696125.2628322,8882.0,3518.0,3974.0,268.375,-51.625,40.375,-902.0,-448.0,272.0,-2.8125,-36.25,-24.5625,-133.0,-53.0,-190.0,0x683f
1677696125.325135,8895.0,3352.0,4003.0,268.375,-51.125,39.0,-1030.0,-538.0,467.0,20.0,23.0,-9.75,-262.0,-120.0,-13.0,0x683f
1677696125.386122,9308.0,3629.0,3830.0,267.0,-52.75,35.3125,-886.0,-350.0,510.0,13.8125,44.25,12.4375,-86.0,7.0,30.0,0x683f
1677696125.444868,8635.0,3161.0,3880.0,264.1875,-55.0625,32.4375,-873.0,-374.0,470.0,0.4375,55.875,11.375,-73.0,-66.0,-35.0,0x683f
1677696125.501916,8657.0,3172.0,3888.0,261.0625,-56.4375,28.1875,-971.0,-207.0,359.0,3.5625,67.875,-41.8125,-153.0,48.0,-117.0,0x683f
1677696125.5581288,9780.0,4277.0,2515.0,255.75,-55.25,20.375,-718.0,-105.0,523.0,-17.6875,98.0,-52.25,87.0,89.0,0.0,0x683f
1677696125.617117,8823.0,3271.0,3973.0,252.1875,-54.9375,15.3125,-795.0,-24.0,581.0,15.875,17.8125,-36.3125,7.0,124.0,38.0,0x683f
1677696125.673294,9881.0,4110.0,2619.0,253.5625,-51.875,11.1875,-791.0,-173.0,653.0,75.75,-13.6875,-66.375,45.0,-51.0,109.0,0x683f
1677696125.732682,8646.0,3183.0,3904.0,255.25,-49.875,7.4375,-824.0,-104.0,673.0,60.75,0.0625,-35.75,-61.0,16.0,41.0,0x683f
1677696125.791638,9632.0,4200.0,2563.0,257.25,-48.8125,5.8125,-737.0,-3.0,656.0,-5.375,-21.125,12.3125,10.0,49.0,3.0,0x683f
1677696125.853538,9087.0,3466.0,4025.0,259.0625,-49.3125,9.1875,-747.0,-75.0,641.0,-41.8125,-41.0,12.6875,-3.0,26.0,10.0,0x683f
1677696125.914757,8868.0,3209.0,4073.0,261.6875,-50.875,15.1875,-768.0,-338.0,659.0,-23.125,0.875,82.625,-7.0,-176.0,63.0,0x683f
1677696125.974398,9176.0,3368.0,4052.0,261.8125,-54.6875,15.875,-878.0,-258.0,533.0,15.6875,34.625,20.375,-49.0,-86.0,-12.0,0x683f
1677696126.033994,9194.0,3380.0,3996.0,261.0,-56.3125,12.4375,-822.0,-85.0,465.0,14.25,32.9375,13.375,-29.0,36.0,-86.0,0x683f
1677696126.093809,8868.0,3403.0,3971.0,259.9375,-56.625,9.375,-853.0,67.0,374.0,-4.9375,21.625,-15.1875,-35.0,161.0,-151.0,0x683f
1677696126.154619,9164.0,3444.0,3988.0,258.6875,-55.875,9.3125,-860.0,-9.0,408.0,-47.25,3.75,-31.4375,-61.0,79.0,-134.0,0x683f
1677696126.210068,8935.0,3130.0,4040.0,258.9375,-53.3125,12.375,-793.0,-166.0,582.0,-29.5,-29.9375,-31.8125,-6.0,-41.0,11.0,0x683f
1677696126.2674198,8951.0,3147.0,4025.0,260.1875,-51.6875,14.125,-871.0,-182.0,704.0,19.9375,-0.875,-27.25,-24.0,20.0,111.0,0x683f
1677696126.3301172,8915.0,3218.0,4010.0,261.5,-50.8125,13.3125,-787.0,-140.0,592.0,4.1875,-1.4375,-9.6875,11.0,-15.0,-24.0,0x683f
1677696126.393916,8925.0,3204.0,4036.0,262.4375,-50.1875,13.0,-752.0,-119.0,602.0,2.75,-2.9375,-5.9375,-2.0,7.0,-11.0,0x683f
1677696126.453301,9153.0,3476.0,3978.0,263.1875,-49.9375,12.6875,-785.0,-143.0,586.0,6.25,1.4375,-3.1875,-39.0,4.0,-32.0,0x683f
1677696126.513676,9163.0,3572.0,3961.0,264.4375,-49.875,12.125,-761.0,-150.0,620.0,5.75,1.6875,-0.625,-11.0,-17.0,3.0,0x683f
1677696126.572536,8855.0,3200.0,4031.0,265.1875,-50.0,11.75,-831.0,-139.0,603.0,0.8125,1.25,-1.9375,-81.0,-11.0,-12.0,0x683f
1677696126.63237,9116.0,3534.0,4015.0,265.6875,-49.9375,11.75,-779.0,-120.0,625.0,-2.25,-1.125,1.4375,-31.0,10.0,8.0,0x683f
1677696126.6922822,9126.0,3506.0,3968.0,266.4375,-50.1875,12.0,-803.0,-123.0,603.0,-2.3125,-2.125,2.3125,-51.0,-2.0,-11.0,0x683f
1677696126.7521448,8903.0,3481.0,3996.0,267.0,-50.25,12.1875,-805.0,-141.0,596.0,-3.5625,-1.8125,-3.6875,-20.0,-12.0,2.0,0x683f
1677696126.811685,9219.0,3618.0,3931.0,268.25,-50.1875,12.75,-776.0,-136.0,665.0,-15.125,-8.5,13.3125,-17.0,2.0,67.0,0x683f
1677696126.8711581,9197.0,3581.0,3967.0,268.75,-51.1875,14.5625,-809.0,-297.0,595.0,-19.125,-7.5625,64.5625,-34.0,-135.0,17.0,0x683f
1677696126.93011,8946.0,3649.0,3963.0,269.8125,-55.0625,15.25,-882.0,-158.0,615.0,46.9375,17.9375,29.625,-74.0,-17.0,76.0,0x683f
1677696126.990547,8457.0,2961.0,3883.0,271.4375,-57.3125,12.625,-826.0,-46.0,529.0,32.1875,-5.0,47.9375,3.0,67.0,19.0,0x683f
1677696127.046607,9844.0,4335.0,2451.0,273.625,-59.5625,12.5625,-842.0,-110.0,405.0,38.75,-7.0625,43.6875,-16.0,-10.0,-87.0,0x683f
1677696127.1061409,10311.0,4801.0,2384.0,275.25,-61.5,10.0,-1073.0,-103.0,283.0,41.625,24.75,8.0,-228.0,-21.0,-176.0,0x683f
1677696127.1658518,8880.0,3238.0,3930.0,274.5625,-61.4375,4.25,-1087.0,-62.0,212.0,17.3125,51.1875,-23.3125,-142.0,24.0,-241.0,0x683f
1677696127.2267761,9011.0,3404.0,3990.0,270.9375,-59.6875,-2.1875,-906.0,7.0,273.0,-16.625,68.5625,-37.0625,-52.0,-14.0,-211.0,0x683f
1677696127.2852101,9018.0,2989.0,4022.0,266.375,-57.5625,-6.5,-851.0,9.0,399.0,-37.125,64.25,-19.6875,-27.0,-65.0,-112.0,0x683f
1677696127.3454368,9012.0,3252.0,3994.0,261.375,-56.125,-10.0,-826.0,45.0,460.0,-45.75,63.6875,-6.6875,-26.0,-58.0,-93.0,0x683f
1677696127.405952,9056.0,3153.0,3955.0,256.5625,-55.375,-11.125,-781.0,54.0,452.0,-69.5,44.0625,1.875,39.0,-52.0,-92.0,0x683f
1677696127.463664,8817.0,2950.0,3905.0,251.3125,-55.375,-9.5,-790.0,39.0,473.0,-107.5,42.3125,3.4375,26.0,-45.0,-70.0,0x683f
1677696127.5226712,8617.0,2710.0,3841.0,246.125,-55.0625,-5.875,-695.0,0.0,519.0,-106.0625,17.1875,6.875,108.0,-56.0,-38.0,0x683f
1677696127.581555,8651.0,2802.0,3751.0,242.25,-55.5625,-0.5,-840.0,-70.0,581.0,-100.8125,0.5625,10.1875,-31.0,-75.0,27.0,0x683f
1677696127.6386502,8671.0,2845.0,3888.0,255.5625,-55.875,3.875,-941.0,-100.0,534.0,-79.75,3.25,1.25,-129.0,-56.0,-13.0,0x683f
1677696127.6975,8711.0,2865.0,3922.0,236.4375,-56.0,7.8125,-928.0,-132.0,512.0,-99.4375,29.4375,-9.375,-115.0,-52.0,-30.0,0x683f
1677696127.753322,8672.0,2651.0,3879.0,231.3125,-55.25,10.75,-814.0,-112.0,551.0,-116.375,40.25,-21.625,-256.0,-7.0,2.0,0x683f
1677696127.8110158,9101.0,3285.0,3830.0,224.75,-54.375,14.125,-722.0,-130.0,670.0,-135.3125,45.125,-30.75,75.0,9.0,117.0,0x683f
1677696127.869128,8790.0,2770.0,3843.0,219.6875,-53.875,17.4375,-785.0,-318.0,724.0,-92.4375,18.1875,-13.0625,6.0,-139.0,174.0,0x683f
1677696127.93116,8797.0,2778.0,3886.0,218.1875,-52.9375,18.625,-705.0,-329.0,759.0,39.375,-0.5,-0.375,76.0,-144.0,198.0,0x683f
1677696127.992136,8794.0,2793.0,3862.0,220.9375,-54.375,13.9375,-773.0,-183.0,687.0,115.0625,-3.5625,22.4375,24.0,-46.0,134.0,0x683f
1677696128.055323,8963.0,3040.0,3888.0,224.3125,-55.125,9.25,-482.0,4.0,865.0,84.5,-24.75,67.125,216.0,47.0,327.0,0x683f
1677696128.111876,8964.0,3070.0,3968.0,228.375,-62.0625,10.75,-1005.0,-361.0,547.0,57.6875,-24.5,127.625,-200.0,-173.0,108.0,0x683f
1677696128.171169,8871.0,3018.0,3841.0,232.4375,-67.1875,11.75,-899.0,-223.0,580.0,60.0,-25.6875,77.5625,4.0,-146.0,208.0,0x683f
1677696128.2309709,9130.0,3154.0,3900.0,236.1875,-71.125,14.875,-887.0,-174.0,469.0,64.6875,-22.9375,104.1875,45.0,-91.0,178.0,0x683f
1677696128.291807,8543.0,2922.0,3797.0,240.4375,-76.9375,22.75,-923.0,-81.0,242.0,47.9375,-15.0,125.375,35.0,5.0,58.0,0x683f
1677696128.35113,8671.0,3010.0,3862.0,244.625,-82.4375,49.25,-1013.0,-83.0,-33.0,41.5625,-17.6875,72.5625,-41.0,14.0,-117.0,0x683f
1677696128.408227,8931.0,3344.0,3922.0,247.6875,-83.5625,6.0,-885.0,-22.0,-104.0,61.125,4.875,50.5625,88.0,80.0,-133.0,0x683f
1677696128.4656599,8627.0,2990.0,3820.0,251.625,-84.1875,174.1875,-948.0,-106.0,-100.0,99.9375,-2.8125,60.5625,27.0,-7.0,-87.0,0x683f
1677696128.523856,8835.0,3375.0,3855.0,259.125,-82.6875,105.5,-872.0,-85.0,-269.0,89.8125,-32.4375,8.25,122.0,0.0,-245.0,0x683f
1677696128.58136,8853.0,3444.0,3898.0,266.375,-81.125,95.9375,-958.0,-131.0,-233.0,95.3125,-13.125,-21.625,10.0,17.0,-217.0,0x683f
1677696128.6403682,8414.0,3030.0,3815.0,271.0625,-80.375,74.875,-885.0,-78.0,-163.0,97.9375,-20.1875,-89.8125,80.0,81.0,-222.0,0x683f
1677696128.697068,8353.0,2576.0,3820.0,276.25,-77.25,53.5,-915.0,-160.0,11.0,51.1875,-24.3125,-44.1875,39.0,15.0,-125.0,0x683f
1677696128.754976,9170.0,3259.0,3986.0,278.625,-73.75,43.0,-1010.0,-262.0,3.0,47.1875,-15.75,-128.625,-97.0,-38.0,-187.0,0x683f
1677696128.8118012,8986.0,3621.0,3817.0,279.1875,-66.4375,28.75,-1015.0,-267.0,204.0,13.1875,-21.25,-158.4375,-116.0,-78.0,-139.0,0x683f
1677696128.8707478,8722.0,3396.0,3892.0,279.5625,-58.75,23.625,-765.0,-358.0,690.0,12.9375,-18.1875,-136.625,61.0,-153.0,204.0,0x683f
1677696128.924652,9833.0,4415.0,2405.0,280.375,-53.6875,20.375,-868.0,-280.0,479.0,32.5,9.0625,-55.5,-82.0,-82.0,-72.0,0x683f
1677696128.983577,8595.0,3172.0,3851.0,279.0625,-49.375,13.25,-681.0,-142.0,657.0,61.875,81.9375,-110.3125,63.0,3.0,35.0,0x683f
1677696129.0433989,9029.0,3412.0,4030.0,274.9375,-45.5,5.5625,-719.0,156.0,636.0,-20.5,29.4375,-37.6875,-19.0,223.0,-46.0,0x683f
1677696129.104909,8714.0,3211.0,3982.0,275.375,-42.9375,8.875,-609.0,-136.0,761.0,-27.0625,-49.875,-52.1875,58.0,-24.0,52.0,0x683f
1677696129.1657119,8740.0,3279.0,3966.0,277.5,-39.75,10.5625,-684.0,-124.0,727.0,1.9375,-25.0,-36.0,-56.0,14.0,-13.0,0x683f
1677696129.225116,8987.0,3406.0,3966.0,278.5,-38.25,11.125,-694.0,-154.0,762.0,0.9375,-12.8125,-15.0625,-78.0,-29.0,29.0,0x683f
1677696129.2860649,9009.0,3382.0,3996.0,278.875,-37.4375,11.3125,-740.0,-97.0,791.0,0.9375,-3.375,-29.1875,-109.0,48.0,45.0,0x683f
1677696129.342008,8828.0,3498.0,3890.0,279.0625,-35.75,11.4375,-550.0,-127.0,805.0,-8.8125,-4.6875,-13.25,22.0,30.0,25.0,0x683f
1677696129.3976371,8926.0,3486.0,3957.0,279.0,-35.1875,11.9375,-622.0,-198.0,787.0,-8.1875,-1.0,-14.1875,-58.0,-30.0,2.0,0x683f
1677696129.456301,8843.0,3307.0,4015.0,279.0,-34.4375,12.375,-586.0,-154.0,798.0,-8.1875,-4.5625,-8.9375,-31.0,18.0,8.0,0x683f
1677696129.5161102,9014.0,3400.0,4011.0,279.0625,-34.0625,12.9375,-549.0,-193.0,790.0,-4.875,-2.8125,-3.0,-21.0,-4.0,-8.0,0x683f
1677696129.575542,8637.0,3157.0,3983.0,279.75,-34.0625,13.25,-595.0,-163.0,809.0,-8.0,-3.8125,2.0,-31.0,17.0,15.0,0x683f
1677696129.6334,8723.0,3199.0,3971.0,280.5625,-34.3125,13.875,-582.0,-186.0,800.0,-12.0625,-3.875,9.0,-41.0,-15.0,2.0,0x683f
1677696129.69196,8771.0,3251.0,4010.0,281.375,-34.9375,14.9375,-595.0,-245.0,757.0,-10.5,-3.1875,19.5625,-33.0,-38.0,-18.0,0x683f
1677696129.748342,9294.0,3812.0,3850.0,282.75,-36.0625,15.625,-534.0,-227.0,768.0,-5.875,1.125,34.25,48.0,-13.0,8.0,0x683f
1677696129.8051279,8995.0,3444.0,4005.0,283.25,-38.5625,16.0,-698.0,-181.0,750.0,-0.375,17.3125,44.6875,-45.0,0.0,13.0,0x683f
1677696129.861996,9052.0,3546.0,3970.0,283.0625,-40.375,16.0,-715.0,-170.0,765.0,-6.4375,10.1875,34.0,-60.0,29.0,48.0,0x683f
1677696129.922483,9039.0,3493.0,3981.0,282.9375,-42.6875,16.5,-728.0,-192.0,642.0,-9.6875,9.8125,20.625,-29.0,3.0,-46.0,0x683f
1677696129.982913,8847.0,3462.0,3991.0,282.75,-43.375,16.625,-695.0,-184.0,603.0,-6.5625,8.6875,-0.375,-33.0,-2.0,-69.0,0x683f
1677696130.042871,9069.0,3458.0,3939.0,282.6875,-43.375,16.25,-740.0,-210.0,625.0,5.375,10.0,-11.0,-66.0,-11.0,-59.0,0x683f
1677696130.102338,8907.0,3521.0,3972.0,283.25,-42.875,15.25,-715.0,-219.0,665.0,3.625,8.9375,-9.1875,-48.0,-29.0,-27.0,0x683f
1677696130.164036,8948.0,3334.0,3997.0,283.375,-42.375,14.5,-664.0,-178.0,667.0,11.125,7.25,-18.5625,-8.0,6.0,-22.0,0x683f
1677696130.2237198,8951.0,3469.0,3990.0,283.5,-41.9375,13.5,-715.0,-156.0,736.0,6.0625,4.625,0.5625,-55.0,8.0,26.0,0x683f
1677696130.283155,8941.0,3506.0,3968.0,283.875,-41.9375,12.75,-688.0,-153.0,685.0,9.25,3.9375,1.4375,-36.0,1.0,-25.0,0x683f
1677696130.344257,8947.0,3541.0,3947.0,284.3125,-42.1875,12.0625,-693.0,-175.0,721.0,8.75,2.5625,1.125,-34.0,-23.0,10.0,0x683f
1677696130.4041889,8926.0,3535.0,3967.0,285.0625,-42.1875,11.5625,-694.0,-117.0,730.0,4.0625,0.375,0.625,-35.0,27.0,19.0,0x683f
1677696130.463021,9015.0,3472.0,3996.0,285.5625,-42.25,11.3125,-719.0,-104.0,756.0,-3.9375,1.25,3.0625,-54.0,27.0,51.0,0x683f
1677696130.522324,9292.0,3782.0,3840.0,285.8125,-42.5,11.5625,-701.0,-138.0,768.0,-17.875,-2.9375,8.5,-35.0,5.0,65.0,0x683f
1677696130.578044,9288.0,3802.0,3853.0,286.0625,-43.3125,13.5,-700.0,-157.0,813.0,-31.8125,-8.9375,39.125,-24.0,-9.0,124.0,0x683f
1677696130.635524,8802.0,3229.0,3935.0,286.5625,-47.125,17.1875,-632.0,-276.0,720.0,-33.9375,-4.5,96.8125,87.0,-78.0,83.0,0x683f
1677696130.694474,8905.0,3179.0,3970.0,286.1875,-52.8125,18.5625,-894.0,-326.0,614.0,11.0625,49.0,136.0,-222.0,-150.0,41.0,0x683f
1677696130.7552269,8397.0,2960.0,3770.0,285.5625,-57.5625,14.375,-895.0,-350.0,594.0,49.5,45.375,15.0625,-67.0,-219.0,85.0,0x683f
1677696130.815669,8486.0,3031.0,3839.0,283.5625,-59.4375,8.0625,-781.0,-261.0,465.0,-17.4375,47.1875,10.0625,85.0,-189.0,-47.0,0x683f
1677696130.8745751,9198.0,3747.0,3867.0,279.625,-60.25,6.0625,-663.0,-302.0,288.0,-61.125,38.9375,22.125,196.0,-253.0,-203.0,0x683f
1677696130.9268322,10000.0,4787.0,2227.0,275.9375,-62.0,6.9375,-758.0,-153.0,140.0,-100.9375,16.4375,29.3125,171.0,-101.0,-320.0,0x683f
1677696130.9837172,8720.0,3515.0,3961.0,272.4375,-62.8125,15.0,-592.0,-96.0,125.0,-124.0625,-40.8125,6.5625,324.0,16.0,-283.0,0x683f
1677696131.0454621,8524.0,3276.0,3952.0,272.875,-61.0,28.0625,-490.0,-166.0,277.0,-108.25,-130.5,-13.3125,367.0,57.0,-140.0,0x683f
1677696131.10706,8388.0,3307.0,3841.0,279.75,-55.25,45.375,-609.0,-345.0,429.0,-36.75,-208.6875,30.25,196.0,52.0,37.0,0x683f
1677696131.169626,8440.0,3339.0,3989.0,293.0625,-45.3125,58.8125,-829.0,-512.0,412.0,-12.75,-180.5,28.1875,-132.0,54.0,65.0,0x683f
1677696131.22711,8443.0,3388.0,4154.0,304.75,-38.0,67.5625,-754.0,-675.0,379.0,-34.125,-172.125,120.8125,-157.0,-12.0,25.0,0x683f
1677696131.2851589,10219.0,5010.0,2150.0,317.9375,-31.3125,75.8125,-812.0,-979.0,231.0,-9.6875,-138.875,126.5,-296.0,-179.0,18.0,0x683f
1677696131.349165,8670.0,3652.0,236.0,329.25,-27.625,79.9375,-765.0,-918.0,105.0,32.25,-100.625,183.4375,-331.0,-48.0,-47.0,0x683f
1677696131.4175758,8779.0,3594.0,4447.0,343.3125,-22.9375,82.6875,-548.0,-974.0,51.0,64.8125,-89.875,103.5625,-191.0,-68.0,-65.0,0x683f
1677696131.478438,8668.0,3613.0,195.0,356.9375,-17.75,80.8125,-594.0,-976.0,-20.0,43.5625,-62.4375,52.1875,-282.0,-83.0,-127.0,0x683f
1677696131.5358562,10356.0,5179.0,2057.0,1.5,-15.25,79.9375,-608.0,-1190.0,109.0,34.125,-21.0625,-2.875,-350.0,-259.0,-55.0,0x683f
1677696131.594579,8736.0,3635.0,220.0,1.8125,-16.0,78.125,-195.0,-807.0,446.0,17.5625,13.75,56.375,75.0,114.0,252.0,0x683f
1677696131.6538692,8726.0,3597.0,184.0,4.8125,-15.4375,75.9375,-248.0,-971.0,336.0,63.6875,-20.4375,-2.0625,60.0,27.0,203.0,0x683f
1677696131.7108932,8688.0,3564.0,146.0,5.5625,-14.6875,74.3125,-275.0,-944.0,329.0,6.0,-9.5625,-29.5,-27.0,-30.0,73.0,0x683f
1677696131.7689779,8726.0,3577.0,205.0,5.3125,-13.625,73.375,-241.0,-894.0,291.0,22.8125,-16.125,-11.9375,-13.0,18.0,15.0,0x683f
1677696131.82765,8735.0,3556.0,248.0,5.5625,-12.25,72.0625,-200.0,-900.0,238.0,1.4375,-11.625,-31.3125,4.0,11.0,-57.0,0x683f
1677696131.884264,8714.0,3606.0,226.0,4.625,-11.25,71.875,-153.0,-877.0,441.0,-0.5625,-5.9375,-26.1875,53.0,40.0,153.0,0x683f
1677696131.942711,8767.0,3586.0,270.0,4.75,-10.75,71.4375,-184.0,-895.0,323.0,10.3125,-6.125,6.0625,-24.0,30.0,-16.0,0x683f
1677696132.0035799,8728.0,3576.0,204.0,5.125,-10.375,71.3125,-241.0,-909.0,283.0,-10.4375,2.0,-12.5,-57.0,-5.0,-10.0,0x683f
1677696132.064595,8655.0,3533.0,209.0,4.0625,-10.375,71.5625,-205.0,-903.0,323.0,5.4375,-1.0,-24.3125,-28.0,11.0,18.0,0x683f
1677696132.129484,8722.0,3557.0,274.0,4.125,-9.9375,71.25,-184.0,-870.0,296.0,-3.125,-7.75,4.625,-47.0,38.0,-11.0,0x683f
1677696132.191316,8727.0,3525.0,249.0,4.4375,-9.5625,71.5,-233.0,-909.0,331.0,4.5625,-0.8125,-10.9375,-70.0,7.0,24.0,0x683f
1677696132.2466078,8750.0,3512.0,276.0,4.25,-9.4375,71.125,-164.0,-910.0,339.0,1.75,5.625,-11.1875,-2.0,4.0,26.0,0x683f
1677696132.302131,8742.0,3458.0,301.0,3.9375,-9.625,71.25,-142.0,-893.0,342.0,-8.4375,-0.25,11.8125,22.0,21.0,32.0,0x683f
1677696132.358548,8737.0,3524.0,261.0,4.75,-9.75,71.5,-185.0,-898.0,338.0,2.6875,-1.1875,17.4375,-18.0,17.0,32.0,0x683f
1677696132.4132748,8746.0,3530.0,215.0,5.5625,-10.125,71.75,-211.0,-907.0,273.0,-6.6875,0.1875,15.125,-38.0,9.0,-28.0,0x683f
1677696132.470239,8746.0,3537.0,247.0,6.0625,-10.1875,72.125,-189.0,-910.0,319.0,-3.3125,0.5,-3.75,-15.0,8.0,23.0,0x683f
1677696132.526588,8820.0,3577.0,276.0,5.625,-10.0,72.0625,-168.0,-909.0,293.0,1.5625,-0.25,-12.6875,2.0,9.0,-3.0,0x683f
1677696132.581225,8820.0,3615.0,298.0,5.0625,-9.8125,72.125,-158.0,-921.0,303.0,-6.6875,0.375,-12.625,8.0,-1.0,7.0,0x683f
1677696132.63469,8807.0,3576.0,289.0,5.0,-9.6875,72.3125,-167.0,-911.0,315.0,-2.5,0.1875,-4.8125,-2.0,9.0,22.0,0x683f
1677696132.693019,8806.0,3577.0,281.0,5.3125,-9.625,72.4375,-173.0,-920.0,304.0,-4.0625,-0.125,-5.3125,-9.0,1.0,13.0,0x683f
1677696132.754922,8890.0,3636.0,4426.0,5.4375,-9.5,72.4375,-149.0,-906.0,325.0,-2.375,-1.9375,1.125,13.0,15.0,34.0,0x683f
1677696132.8171,8839.0,3574.0,348.0,5.875,-9.375,72.5625,-182.0,-932.0,298.0,-1.3125,-3.75,1.0625,-32.0,-11.0,10.0,0x683f
1677696132.880738,8786.0,3550.0,309.0,6.0625,-9.375,72.5,-186.0,-914.0,299.0,-0.75,1.125,-3.5,-21.0,11.0,9.0,0x683f
1677696132.941087,8811.0,3626.0,285.0,5.875,-9.4375,72.375,-154.0,-903.0,307.0,2.0625,2.5,-3.125,7.0,17.0,14.0,0x683f
1677696133.002199,8766.0,3636.0,229.0,6.375,-9.5,72.4375,-155.0,-917.0,307.0,-3.1875,-2.1875,4.375,6.0,5.0,16.0,0x683f
1677696133.063999,8769.0,3606.0,263.0,6.8125,-9.5,72.5,-199.0,-903.0,295.0,-0.75,-1.3125,4.3125,-37.0,18.0,5.0,0x683f
1677696133.12573,8805.0,3591.0,256.0,6.875,-9.625,72.625,-203.0,-917.0,291.0,-1.5625,2.4375,-5.0625,-38.0,5.0,3.0,0x683f
1677696133.192047,8842.0,3656.0,276.0,6.5625,-9.8125,72.5625,-166.0,-913.0,306.0,-0.375,3.625,-4.0,-1.0,6.0,13.0,0x683f
1677696133.26176,8714.0,3561.0,152.0,6.375,-9.875,72.5,-183.0,-918.0,307.0,2.0,1.125,-4.1875,-6.0,4.0,15.0,0x683f
1677696133.324872,8732.0,3579.0,225.0,6.25,-9.9375,72.375,-186.0,-903.0,289.0,-1.5625,0.1875,-0.9375,-16.0,16.0,-2.0,0x683f
1677696133.391836,8751.0,3543.0,262.0,6.3125,-10.0,72.375,-183.0,-911.0,299.0,0.3125,0.9375,-2.125,-12.0,7.0,4.0,0x683f
1677696133.453221,8714.0,3565.0,191.0,6.375,-10.0,72.375,-184.0,-905.0,292.0,-3.1875,-0.375,-2.125,-13.0,14.0,0.0,0x683f
1677696133.512183,8723.0,3569.0,191.0,6.5,-10.0,72.5,-189.0,-916.0,297.0,0.0625,-0.1875,-0.6875,-18.0,4.0,6.0,0x683f
1677696133.572211,8735.0,3615.0,211.0,6.6875,-10.0625,72.5,-199.0,-909.0,292.0,-2.6875,1.4375,-3.5,-26.0,11.0,2.0,0x683f
1677696133.6341069,8781.0,3538.0,323.0,6.6875,-10.1875,72.5625,-191.0,-927.0,294.0,0.0625,0.875,-4.8125,-18.0,-6.0,5.0,0x683f
1677696133.692096,8793.0,3579.0,260.0,6.9375,-10.1875,72.5625,-176.0,-905.0,290.0,-3.1875,1.25,-4.6875,-2.0,15.0,1.0,0x683f
1677696133.745926,8761.0,3565.0,259.0,7.0625,-10.125,72.625,-182.0,-923.0,292.0,-0.25,-0.1875,-2.1875,-9.0,-1.0,4.0,0x683f
1677696133.800996,8754.0,3599.0,239.0,7.0625,-10.125,72.5625,-183.0,-914.0,293.0,-0.25,0.75,-3.25,-10.0,6.0,5.0,0x683f
1677696133.855267,8558.0,3460.0,4430.0,7.25,-10.125,72.5625,-183.0,-918.0,289.0,-0.625,0.0625,-1.1875,-10.0,2.0,-1.0,0x683f
1677696133.91485,8761.0,3626.0,259.0,7.375,-10.125,72.5625,-182.0,-915.0,299.0,1.3125,0.6875,-2.125,-9.0,5.0,10.0,0x683f
1677696133.978973,8787.0,3658.0,234.0,7.5625,-10.125,72.4375,-181.0,-910.0,291.0,-0.75,-0.5,0.125,-13.0,3.0,-2.0,0x683f
1677696134.041706,8743.0,3587.0,201.0,7.75,-10.125,72.4375,-188.0,-915.0,293.0,1.25,1.25,-2.25,-15.0,4.0,2.0,0x683f
1677696134.10196,8775.0,3579.0,263.0,8.0,-10.1875,72.375,-171.0,-919.0,296.0,-0.125,0.25,-2.25,1.0,0.0,4.0,0x683f
1677696134.161082,8746.0,3593.0,223.0,8.1875,-10.125,72.375,-186.0,-913.0,298.0,-0.1875,-0.5625,-1.375,-15.0,4.0,10.0,0x683f
1677696134.2187772,8754.0,3582.0,187.0,8.25,-10.125,72.3125,-171.0,-919.0,294.0,-0.0625,1.0,-3.3125,1.0,0.0,1.0,0x683f
1677696134.280144,8755.0,3598.0,253.0,8.25,-10.125,72.3125,-164.0,-913.0,303.0,0.0625,-0.625,-0.375,8.0,5.0,10.0,0x683f
1677696134.341642,8732.0,3607.0,216.0,8.5,-10.125,72.25,-187.0,-908.0,294.0,0.9375,0.25,0.75,-11.0,5.0,-5.0,0x683f
1677696134.402742,8787.0,3570.0,283.0,8.8125,-10.1875,72.25,-171.0,-909.0,304.0,-0.25,0.375,1.0,0.0,1.0,8.0,0x683f
1677696134.463501,8710.0,3584.0,185.0,9.0625,-10.25,72.25,-186.0,-918.0,287.0,0.0625,2.375,0.75,-6.0,1.0,-3.0,0x683f
1677696134.527222,8704.0,3567.0,144.0,9.0625,-10.375,72.25,-181.0,-911.0,299.0,0.625,-2.875,4.9375,-8.0,2.0,1.0,0x683f
1677696134.583288,8729.0,3529.0,232.0,9.5625,-10.3125,72.25,-199.0,-905.0,288.0,1.3125,-1.4375,2.9375,-23.0,13.0,-5.0,0x683f
1677696134.6396532,8693.0,3591.0,157.0,9.5625,-10.375,72.25,-193.0,-909.0,296.0,-1.0,-0.375,-2.25,-16.0,9.0,2.0,0x683f
1677696134.697715,8654.0,3599.0,89.0,9.8125,-10.375,72.25,-186.0,-908.0,294.0,0.3125,0.5,-2.0,-9.0,10.0,1.0,0x683f
1677696134.755875,8713.0,3554.0,180.0,10.0625,-10.3125,72.25,-187.0,-913.0,297.0,-1.875,0.25,-0.25,-11.0,5.0,4.0,0x683f
1677696134.813975,8692.0,3592.0,162.0,10.0,-10.375,72.25,-197.0,-916.0,298.0,1.9375,0.5,-1.0625,-22.0,1.0,2.0,0x683f
1677696134.873311,8708.0,3558.0,173.0,9.9375,-10.4375,72.125,-188.0,-915.0,291.0,0.625,2.0,-4.1875,0.0,-5.0,2.0,0x683f
1677696134.936091,8716.0,3560.0,178.0,9.9375,-10.5,71.9375,-182.0,-909.0,300.0,1.9375,0.6875,0.8125,-3.0,7.0,2.0,0x683f
1677696134.9955862,8658.0,3537.0,164.0,10.1875,-10.5,71.875,-207.0,-915.0,310.0,1.5625,0.4375,-1.4375,-27.0,0.0,6.0,0x683f
1677696135.054645,8663.0,3540.0,162.0,10.5625,-10.625,71.6875,-192.0,-907.0,297.0,2.5,1.0625,-1.9375,-11.0,7.0,-4.0,0x683f
1677696135.113324,8702.0,3533.0,164.0,10.75,-10.625,71.625,-188.0,-917.0,302.0,-0.8125,0.75,-2.625,-4.0,2.0,0.0,0x683f
1677696135.1722372,8686.0,3554.0,202.0,10.875,-10.625,71.625,-197.0,-906.0,301.0,-1.5625,-0.25,-1.0,-12.0,4.0,-1.0,0x683f
1677696135.2273479,8717.0,3553.0,235.0,10.9375,-10.625,71.75,-199.0,-914.0,306.0,-3.5,0.3125,-0.8125,-17.0,0.0,5.0,0x683f
1677696135.286428,8729.0,3589.0,202.0,11.0,-10.6875,71.8125,-193.0,-903.0,305.0,-1.5,0.6875,0.125,-11.0,11.0,5.0,0x683f
1677696135.3476522,8703.0,3594.0,166.0,11.25,-10.75,71.875,-196.0,-907.0,301.0,-1.9375,0.1875,0.3125,-13.0,8.0,2.0,0x683f
1677696135.409228,8684.0,3537.0,143.0,11.4375,-10.75,72.0,-194.0,-915.0,303.0,0.125,1.375,-1.375,-16.0,1.0,4.0,0x683f
1677696135.4716659,8743.0,3583.0,201.0,11.375,-10.8125,71.875,-192.0,-910.0,293.0,-0.0625,1.625,-4.25,-4.0,3.0,0.0,0x683f
1677696135.533236,8708.0,3544.0,177.0,11.25,-10.8125,71.875,-172.0,-911.0,299.0,-1.0625,1.5,-4.25,11.0,4.0,0.0,0x683f
1677696135.591757,8686.0,3520.0,153.0,11.4375,-10.75,71.9375,-174.0,-912.0,298.0,-2.5,-2.6875,3.8125,9.0,3.0,0.0,0x683f
1677696135.651875,8698.0,3599.0,130.0,12.3125,-10.6875,72.125,-216.0,-919.0,296.0,-0.875,-2.75,2.375,-31.0,0.0,3.0,0x683f
1677696135.7128341,8650.0,3580.0,121.0,12.5625,-10.5625,72.1875,-175.0,-913.0,300.0,1.0625,-2.875,6.1875,7.0,2.0,4.0,0x683f
1677696135.77358,8639.0,3538.0,41.0,13.5,-10.5625,72.25,-211.0,-910.0,282.0,1.75,-4.875,12.4375,-28.0,9.0,-7.0,0x683f
1677696135.8360372,8654.0,3579.0,98.0,14.0625,-10.625,72.25,-213.0,-913.0,287.0,1.375,1.25,1.0,-32.0,4.0,-6.0,0x683f
1677696135.8974662,8639.0,3584.0,70.0,14.0625,-10.75,72.1875,-177.0,-916.0,290.0,1.4375,4.1875,-8.125,5.0,0.0,-3.0,0x683f
1677696135.962914,8635.0,3543.0,75.0,13.6875,-10.75,72.0,-165.0,-907.0,303.0,0.3125,1.25,-2.5625,13.0,7.0,2.0,0x683f
1677696136.0285928,8634.0,3572.0,70.0,13.9375,-10.75,71.9375,-175.0,-910.0,299.0,-0.5,-0.25,-1.3125,4.0,11.0,2.0,0x683f
1677696136.0933602,8615.0,3607.0,55.0,14.125,-10.75,71.9375,-200.0,-918.0,298.0,0.0625,-0.625,1.1875,-21.0,-1.0,-4.0,0x683f
1677696136.1571221,8614.0,3556.0,55.0,14.25,-10.8125,72.0,-208.0,-914.0,297.0,-1.1875,3.9375,-8.125,-20.0,-6.0,-1.0,0x683f
1677696136.217716,8650.0,3578.0,25.0,13.6875,-10.875,71.75,-168.0,-896.0,302.0,1.5625,2.875,-8.4375,19.0,23.0,0.0,0x683f
1677696136.276833,8626.0,3578.0,61.0,13.625,-10.875,71.6875,-179.0,-909.0,299.0,-2.3125,0.5,-3.8125,8.0,2.0,7.0,0x683f
1677696136.339471,8628.0,3579.0,61.0,13.6875,-10.8125,71.75,-193.0,-917.0,312.0,-0.25,-1.375,-1.9375,-14.0,-8.0,-4.0,0x683f
1677696136.402352,8835.0,3631.0,4415.0,13.6875,-10.75,71.5625,-193.0,-906.0,312.0,3.125,4.125,-9.9375,-10.0,7.0,7.0,0x683f
1677696136.463076,8615.0,3557.0,87.0,13.3125,-10.8125,71.375,-169.0,-908.0,302.0,-0.6875,1.625,-2.125,15.0,4.0,-4.0,0x683f
1677696136.525322,8607.0,3576.0,69.0,13.375,-10.8125,71.375,-180.0,-904.0,315.0,0.75,-2.0,6.5625,3.0,8.0,8.0,0x683f
1677696136.586621,8622.0,3576.0,57.0,14.0,-10.8125,71.4375,-211.0,-916.0,297.0,-0.5,-2.4375,8.0625,-32.0,-5.0,-10.0,0x683f
1677696136.6492522,8615.0,3559.0,57.0,14.25,-10.875,71.4375,-222.0,-907.0,313.0,2.4375,3.9375,-7.0,-20.0,-1.0,-2.0,0x683f
1677696136.712238,8635.0,3589.0,74.0,13.8125,-11.0625,71.125,-179.0,-894.0,311.0,1.0625,4.3125,-8.3125,9.0,16.0,0.0,0x683f
1677696136.769077,8617.0,3507.0,88.0,13.4375,-11.125,71.125,-178.0,-902.0,318.0,-0.5625,0.625,0.75,11.0,7.0,6.0,0x683f
1677696136.82668,8639.0,3523.0,149.0,13.625,-11.1875,71.125,-206.0,-906.0,307.0,-1.0,-0.3125,3.8125,-14.0,2.0,-6.0,0x683f
1677696136.8862982,8713.0,3523.0,239.0,14.0625,-11.25,71.1875,-205.0,-905.0,309.0,-0.5,-0.125,1.75,-21.0,6.0,-1.0,0x683f
1677696136.944514,8697.0,3563.0,196.0,14.0625,-11.3125,71.1875,-199.0,-908.0,306.0,0.3125,2.0,-2.25,-5.0,1.0,-3.0,0x683f
1677696137.003675,8836.0,3556.0,4391.0,14.125,-11.375,71.1875,-208.0,-909.0,301.0,-0.0625,-0.5,0.5,-14.0,0.0,-7.0,0x683f
1677696137.063974,8853.0,3522.0,4320.0,14.1875,-11.4375,71.1875,-215.0,-909.0,304.0,-0.4375,1.75,-0.5625,-19.0,0.0,-4.0,0x683f
1677696137.123725,8646.0,3569.0,116.0,14.125,-11.5625,71.1875,-201.0,-903.0,314.0,0.25,1.5,-2.5,-4.0,5.0,5.0,0x683f
1677696137.1856508,8780.0,3511.0,4385.0,14.25,-11.625,71.1875,-197.0,-911.0,304.0,-0.0625,1.5625,-1.9375,0.0,-1.0,-4.0,0x683f
1677696137.244141,8854.0,3579.0,4335.0,14.3125,-11.625,71.125,-209.0,-910.0,302.0,0.5625,-0.5625,0.375,-11.0,-1.0,-7.0,0x683f
1677696137.302191,8603.0,3532.0,79.0,14.375,-11.625,71.125,-205.0,-905.0,304.0,-0.5,-0.1875,0.25,-6.0,3.0,-5.0,0x683f
1677696137.363033,8658.0,3552.0,154.0,14.625,-11.625,71.1875,-205.0,-907.0,300.0,-0.375,-0.8125,2.8125,-6.0,1.0,-9.0,0x683f
1677696137.425896,8767.0,3563.0,265.0,14.9375,-11.625,71.1875,-207.0,-903.0,304.0,-0.5,-1.125,1.8125,-9.0,6.0,-4.0,0x683f
1677696137.4866712,8658.0,3571.0,143.0,15.0625,-11.625,71.3125,-211.0,-912.0,297.0,-1.125,-1.625,2.75,-13.0,-2.0,-9.0,0x683f
1677696137.547085,8708.0,3558.0,173.0,15.1875,-11.625,71.375,-205.0,-902.0,300.0,-1.0625,-0.125,-0.6875,-8.0,8.0,-7.0,0x683f
1677696137.606524,8567.0,3557.0,64.0,15.1875,-11.5625,71.4375,-198.0,-908.0,299.0,-0.4375,-0.125,0.9375,0.0,4.0,-5.0,0x683f
1677696137.6636171,8714.0,3516.0,293.0,15.5,-11.5625,71.4375,-205.0,-903.0,306.0,-0.3125,-1.6875,2.625,-8.0,6.0,1.0,0x683f
1677696137.719886,8562.0,3525.0,29.0,15.875,-11.5625,71.5,-205.0,-913.0,305.0,0.9375,-2.0625,3.625,-8.0,-2.0,1.0,0x683f
1677696137.77861,8651.0,3576.0,89.0,16.125,-11.5625,71.5,-264.0,-898.0,292.0,1.25,-0.3125,-1.8125,-67.0,12.0,-11.0,0x683f
1677696137.8361511,8690.0,3667.0,148.0,15.5625,-11.625,71.375,-278.0,-948.0,309.0,-1.0625,14.6875,-22.625,-49.0,-41.0,46.0,0x683f
1677696137.8936782,8690.0,3611.0,4425.0,13.5625,-12.1875,71.4375,-250.0,-840.0,544.0,-14.1875,9.1875,-59.6875,-42.0,68.0,240.0,0x683f
1677696137.9544718,8245.0,3361.0,4364.0,10.0,-10.125,68.875,-100.0,-857.0,538.0,62.0625,-7.1875,-121.5,73.0,43.0,191.0,0x683f
1677696138.017919,8301.0,3277.0,4262.0,6.1875,-7.25,64.5625,-211.0,-906.0,616.0,45.875,6.3125,-114.875,-44.0,-69.0,199.0,0x683f
1677696138.0741,8420.0,3222.0,4134.0,4.125,-6.3125,61.6875,-171.0,-965.0,560.0,31.3125,18.0,41.1875,-76.0,-138.0,76.0,0x683f
1677696138.1296809,8559.0,3463.0,4367.0,5.8125,-9.75,61.3125,-308.0,-1042.0,430.0,-5.0,55.5,150.375,-122.0,-195.0,-27.0,0x683f
1677696138.185971,10155.0,4975.0,2161.0,8.625,-17.75,63.4375,-461.0,-1041.0,234.0,-1.125,87.1875,126.0,-141.0,-210.0,-175.0,0x683f
1677696138.242256,9930.0,4566.0,2408.0,6.0,-24.8125,63.5,-384.0,-832.0,180.0,14.1875,105.0,25.0625,27.0,-35.0,-216.0,0x683f
1677696138.302947,8574.0,3328.0,3829.0,2.125,-28.1875,60.9375,-266.0,-656.0,224.0,28.1875,71.6875,-43.4375,202.0,91.0,-201.0,0x683f
1677696138.360825,9977.0,4793.0,2253.0,357.125,-29.8125,56.5,-500.0,-670.0,252.0,30.1875,48.4375,-82.25,-12.0,38.0,-217.0,0x683f
1677696138.4176252,8361.0,3343.0,4000.0,353.0,-28.8125,52.0625,-502.0,-759.0,493.0,25.6875,47.125,-101.3125,-32.0,-87.0,-44.0,0x683f
1677696138.477073,8340.0,3209.0,3935.0,348.5625,-28.0,47.9375,-663.0,-786.0,513.0,16.4375,49.0625,-69.875,-240.0,-136.0,-66.0,0x683f
1677696138.5363278,8672.0,3711.0,3871.0,343.3125,-26.25,44.125,-562.0,-715.0,660.0,0.5625,57.8125,-108.3125,-128.0,-102.0,29.0,0x683f
1677696138.596786,9315.0,4264.0,2580.0,338.5625,-26.375,42.125,-390.0,-564.0,716.0,-17.125,68.125,27.625,45.0,24.0,65.0,0x683f
1677696138.654515,8444.0,3332.0,3914.0,334.1875,-16.0625,43.1875,-596.0,-497.0,651.0,-74.875,102.625,75.25,-86.0,73.0,38.0,0x683f
1677696138.7096992,8830.0,3785.0,3970.0,328.875,-38.5,47.0625,-711.0,-552.0,485.0,-70.4375,93.5625,67.3125,-133.0,-48.0,-57.0,0x683f
1677696138.770874,8420.0,3307.0,3934.0,323.6875,-44.1875,48.6875,-768.0,-556.0,421.0,-3.25,80.25,0.125,-77.0,-37.0,-42.0,0x683f
1677696138.830543,8559.0,3308.0,3862.0,319.0625,-46.5,43.875,-675.0,-436.0,473.0,22.5625,73.3125,-31.3125,39.0,20.0,-18.0,0x683f
1677696138.888265,9795.0,4456.0,2393.0,315.375,-48.3125,38.25,-772.0,-316.0,438.0,27.8125,64.8125,-20.25,-10.0,72.0,-73.0,0x683f
1677696138.95168,8448.0,3118.0,3833.0,312.0625,-47.875,31.5,-775.0,-223.0,508.0,32.875,54.6875,-89.875,-22.0,120.0,-52.0,0x683f
1677696139.008903,9644.0,4298.0,2502.0,309.125,-44.0,23.375,-741.0,-143.0,588.0,55.375,38.5625,-121.5625,13.0,150.0,-29.0,0x683f
1677696139.071538,8655.0,3186.0,3818.0,308.0625,-38.3125,17.125,-510.0,-100.0,691.0,52.9375,-3.375,-74.0625,99.0,110.0,-53.0,0x683f
1677696139.131627,8795.0,3351.0,3841.0,309.5,-35.5,14.5,-524.0,-145.0,610.0,31.25,-21.125,-32.125,40.0,52.0,-166.0,0x683f
1677696139.194356,9026.0,3367.0,3928.0,311.25,-33.4375,14.25,-357.0,-266.0,643.0,-2.3125,-35.6875,-7.25,187.0,-83.0,-134.0,0x683f
1677696139.254272,8263.0,2963.0,3722.0,313.125,-34.1875,15.875,-499.0,-407.0,682.0,3.0625,-29.9375,38.4375,97.0,-160.0,-72.0,0x683f
