1675372562.8341708,8538.0,1691.0,2399.0,343.625,-3.25,-78.0,4.0,-14.0,-2.0,0x684a
1675372562.964959,10092.0,9839.0,2399.0,173.375,-1.9375,111.5625,-6.0,-2.0,0.0,0x683f
1675372563.083849,8533.0,1713.0,2398.0,343.625,-3.0625,-78.6875,-5.0,1.0,10.0,0x684a
1675372563.206601,10130.0,9838.0,2399.0,173.625,-1.875,111.5625,-20.0,1.0,-8.0,0x683f
1675372563.322222,8538.0,1655.0,2399.0,343.4375,-2.9375,-78.75,-8.0,7.0,11.0,0x684a
1675372563.4427671,10114.0,9851.0,2399.0,173.5,-1.875,111.8125,17.0,-12.0,-4.0,0x683f
1675372563.555347,9016.0,3022.0,932.0,343.25,-2.75,-78.3125,0.0,2.0,-6.0,0x684a
1675372563.6668139,8541.0,3432.0,869.0,173.25,-1.8125,111.6875,12.0,3.0,-2.0,0x683f
1675372563.780253,8649.0,2834.0,946.0,343.4375,-2.625,-77.75,2.0,1.0,1.0,0x684a
1675372563.8881469,8559.0,3407.0,870.0,173.0625,-1.8125,111.375,21.0,6.0,-2.0,0x683f
1675372563.998142,8472.0,2476.0,916.0,343.5,-2.625,-77.625,0.0,-1.0,-8.0,0x684a
1675372564.106169,8532.0,3370.0,886.0,172.875,-1.875,111.4375,6.0,6.0,-4.0,0x683f
1675372564.215616,8774.0,2772.0,888.0,343.75,-2.5625,-77.6875,6.0,6.0,-13.0,0x684a
1675372564.324069,8568.0,3348.0,853.0,173.5625,-1.875,111.3125,-3.0,1.0,11.0,0x683f
1675372564.432765,8657.0,2816.0,708.0,343.9375,-2.8125,-77.8125,-2.0,0.0,9.0,0x684a
1675372564.542411,8573.0,3360.0,864.0,173.75,-2.0,111.25,6.0,0.0,5.0,0x683f
1675372564.6534028,8570.0,2720.0,649.0,343.875,-2.875,-77.75,-1.0,1.0,-5.0,0x684a
1675372564.778498,8547.0,3357.0,866.0,173.25,-2.0625,111.0,7.0,-2.0,0.0,0x683f
1675372564.9164941,8417.0,2644.0,803.0,344.0,-2.8125,-78.0625,2.0,1.0,-2.0,0x684a
1675372565.029321,8572.0,3383.0,856.0,173.75,-2.0625,110.8125,0.0,3.0,-2.0,0x683f
1675372565.1432269,8413.0,2667.0,808.0,344.4375,-3.0,-78.25,-7.0,3.0,9.0,0x684a
1675372565.255247,8603.0,3378.0,835.0,174.0625,-2.1875,110.5625,7.0,0.0,5.0,0x683f
1675372565.36814,8385.0,2675.0,790.0,345.0625,-3.375,-78.375,-10.0,5.0,0.0,0x684a
1675372565.4824011,8564.0,3355.0,840.0,175.0625,-2.0,110.375,-1.0,8.0,2.0,0x683f
1675372565.595366,8370.0,2651.0,774.0,345.4375,-3.125,-78.8125,0.0,8.0,0.0,0x684a
1675372565.7077591,8594.0,3382.0,842.0,175.125,-2.1875,110.5625,6.0,-5.0,6.0,0x683f
1675372565.8228312,8341.0,2644.0,739.0,345.25,-2.8125,-78.6875,8.0,-2.0,-21.0,0x684a
1675372565.9329548,8582.0,3396.0,821.0,175.4375,-2.1875,110.375,4.0,5.0,0.0,0x683f
1675372566.5082188,8566.0,3394.0,871.0,176.0,-2.1875,110.375,14.0,5.0,4.0,0x683f
1675372566.6215968,8629.0,2792.0,731.0,345.0,-2.4375,-78.1875,5.0,4.0,5.0,0x684a
1675372566.735452,8551.0,3399.0,882.0,175.6875,-2.3125,110.4375,19.0,0.0,3.0,0x683f
1675372566.848834,8445.0,2699.0,757.0,345.0,-2.6875,-78.1875,6.0,8.0,11.0,0x684a
1675372566.962349,8572.0,3397.0,851.0,176.375,-2.25,110.4375,4.0,2.0,2.0,0x683f
1675372567.077407,8571.0,2894.0,848.0,345.125,-2.875,-78.5,-1.0,1.0,0.0,0x684a
1675372567.191116,8576.0,3363.0,861.0,177.125,-2.25,110.4375,4.0,1.0,0.0,0x683f
1675372567.3043709,8310.0,2537.0,667.0,345.125,-2.875,-78.4375,2.0,1.0,0.0,0x684a
1675372567.416435,8547.0,3372.0,875.0,177.4375,-2.1875,110.4375,18.0,0.0,-2.0,0x683f
1675372567.52966,8544.0,2692.0,578.0,345.375,-3.0,-78.5,0.0,0.0,3.0,0x684a
1675372567.6432588,8539.0,3361.0,848.0,178.0625,-2.0625,110.3125,1.0,1.0,-1.0,0x683f
1675372567.7556732,8543.0,2368.0,1028.0,345.6875,-3.25,-78.875,1.0,1.0,14.0,0x684a
1675372567.866268,8537.0,3385.0,852.0,179.1875,-1.8125,110.25,-1.0,-3.0,-2.0,0x683f
1675372567.9817128,8846.0,2558.0,1058.0,346.1875,-3.25,-79.75,2.0,0.0,7.0,0x684a
1675372568.094871,8527.0,3477.0,657.0,180.375,-1.375,109.875,-85.0,-180.0,0.0,0x683f
1675372568.211052,8918.0,2563.0,1012.0,346.5,-3.8125,-80.5625,-31.0,-1.0,-10.0,0x684a
1675372568.322829,8453.0,3391.0,1036.0,144.9375,-14.5625,84.1875,-78.0,43.0,-41.0,0x683f
1675372568.433745,8767.0,2523.0,1031.0,347.3125,-4.9375,-80.5625,8.0,19.0,-6.0,0x684a
1675372568.545575,8490.0,3259.0,1166.0,110.0,-43.375,64.6875,110.0,176.0,-86.0,0x683f
1675372568.660322,8721.0,2528.0,1054.0,348.375,-5.25,-82.125,-26.0,5.0,-17.0,0x684a
1675372568.7732139,8967.0,3263.0,1124.0,102.5,-38.4375,30.5625,267.0,-239.0,-167.0,0x683f
1675372568.884646,8751.0,2738.0,1033.0,349.375,-5.625,-82.375,-1.0,-7.0,15.0,0x684a
1675372568.9972842,8692.0,3093.0,1086.0,105.25,-18.5,32.3125,4.0,-114.0,-18.0,0x683f
1675372569.109439,8731.0,2657.0,1038.0,351.5,-5.8125,-82.75,16.0,-2.0,16.0,0x684a
1675372569.219615,8649.0,3249.0,862.0,106.9375,-16.25,28.9375,34.0,-128.0,10.0,0x683f
1675372569.330327,8663.0,2649.0,1033.0,351.8125,-5.75,-83.5625,-7.0,-2.0,-1.0,0x684a
1675372569.4430442,8387.0,3084.0,1160.0,111.4375,-33.875,36.5625,204.0,-1.0,-22.0,0x683f
1675372569.553951,8691.0,2805.0,1050.0,352.0625,-4.6875,-85.25,-2.0,10.0,-5.0,0x684a
1675372569.6648,8437.0,3114.0,1064.0,86.0,-49.4375,48.4375,471.0,85.0,152.0,0x683f
1675372569.7755241,8738.0,2650.0,1040.0,352.0625,-3.1875,-85.5625,8.0,-8.0,-7.0,0x684a
1675372569.8892128,8824.0,3040.0,1032.0,76.875,-49.9375,53.0,1.0,-18.0,46.0,0x683f
1675372570.002367,8692.0,2680.0,1044.0,350.875,-2.4375,-86.125,-2.0,16.0,-8.0,0x684a
1675372570.112941,8862.0,3079.0,853.0,77.25,-49.0,51.4375,46.0,35.0,-36.0,0x683f
1675372570.225429,8649.0,2615.0,1028.0,350.5,-2.5625,-85.75,1.0,4.0,9.0,0x684a
1675372570.335201,8857.0,3095.0,896.0,71.25,-49.8125,58.25,20.0,36.0,-50.0,0x683f
1675372570.444752,8660.0,2749.0,1000.0,349.8125,-2.5625,-85.625,14.0,-1.0,6.0,0x684a
1675372570.554602,8530.0,3162.0,866.0,66.0,-47.625,60.3125,4.0,25.0,-24.0,0x683f
1675372570.6684558,8623.0,2747.0,1073.0,349.75,-2.8125,-85.5,0.0,5.0,-1.0,0x684a
1675372570.781282,8307.0,2712.0,622.0,60.8125,-47.0,61.25,27.0,-92.0,-4.0,0x683f
1675372570.894876,8629.0,2740.0,1098.0,350.125,-3.1875,-85.25,5.0,12.0,0.0,0x684a
1675372571.0053508,8316.0,2757.0,614.0,56.125,-46.1875,65.25,113.0,70.0,-9.0,0x683f
1675372571.1179268,8662.0,2643.0,1075.0,349.4375,-3.5,-85.375,9.0,0.0,6.0,0x684a
1675372571.2298748,8602.0,2747.0,648.0,48.75,-46.25,67.75,103.0,82.0,-25.0,0x683f
1675372571.341651,8710.0,2563.0,1080.0,346.375,-3.375,-85.375,16.0,17.0,2.0,0x684a
1675372571.455063,8903.0,3140.0,1002.0,37.8125,-48.4375,61.125,62.0,-140.0,12.0,0x683f
1675372571.562774,8693.0,2541.0,1066.0,343.375,-3.8125,-85.125,-12.0,19.0,-23.0,0x684a
1675372571.669966,8911.0,3103.0,995.0,25.125,-48.0625,54.5625,46.0,-22.0,-31.0,0x683f
1675372571.7785752,8730.0,2463.0,1053.0,344.75,-4.0625,-85.0625,1.0,10.0,10.0,0x684a
1675372571.894999,8786.0,3057.0,802.0,17.0,-47.5,62.1875,60.0,-188.0,-31.0,0x683f
1675372572.009932,8729.0,2528.0,1060.0,348.125,-4.6875,-84.75,7.0,7.0,-4.0,0x684a
1675372572.127468,8538.0,3264.0,867.0,11.125,-45.8125,72.5,20.0,237.0,74.0,0x683f
1675372572.250738,8737.0,2588.0,1066.0,351.0,-5.125,-85.0625,-10.0,10.0,18.0,0x684a
1675372572.366702,8538.0,2982.0,1010.0,7.5625,-49.25,69.625,64.0,92.0,-53.0,0x683f
1675372572.478122,8780.0,2506.0,1051.0,350.875,-4.625,-85.25,7.0,-10.0,10.0,0x684a
1675372572.590328,8499.0,2945.0,848.0,5.8125,-46.875,69.8125,49.0,-9.0,-27.0,0x683f
1675372572.704313,8770.0,2618.0,1058.0,350.3125,-4.75,-85.125,8.0,1.0,0.0,0x684a
1675372572.817308,8469.0,2942.0,877.0,3.9375,-46.375,70.125,-5.0,-15.0,-1.0,0x683f
1675372572.928751,8753.0,2773.0,1154.0,350.5,-4.6875,-85.0625,0.0,12.0,15.0,0x684a
1675372573.045183,8514.0,3043.0,861.0,1.625,-46.0625,70.1875,-75.0,-4.0,-72.0,0x683f
1675372573.1579788,8828.0,2646.0,1117.0,349.9375,-4.6875,-85.25,2.0,-1.0,19.0,0x684a
1675372573.2674801,8608.0,2947.0,951.0,357.5,-45.8125,68.8125,76.0,29.0,-40.0,0x683f
1675372573.379564,8769.0,2610.0,1054.0,347.375,-4.5,-85.0625,-4.0,-1.0,-19.0,0x684a
1675372573.490552,8813.0,2918.0,894.0,351.375,-46.3125,62.5,-43.0,-167.0,8.0,0x683f
1675372573.603327,8710.0,2589.0,1150.0,345.1875,-3.9375,-84.9375,0.0,6.0,18.0,0x684a
1675372573.7156658,8808.0,2890.0,919.0,346.625,-42.9375,54.875,-44.0,-41.0,-125.0,0x683f
1675372573.828405,8732.0,2555.0,1117.0,345.5625,-4.4375,-84.625,-11.0,-3.0,0.0,0x684a
1675372573.9400058,8753.0,2882.0,779.0,348.5625,-43.0,64.5625,-13.0,-15.0,-23.0,0x683f
1675372574.053366,8810.0,2820.0,1230.0,344.8125,-4.375,-84.5,-12.0,2.0,-9.0,0x684a
1675372574.164115,8939.0,3075.0,938.0,347.4375,-42.9375,68.625,-82.0,-75.0,-39.0,0x683f
1675372574.278489,8819.0,2870.0,1257.0,343.8125,-4.3125,-84.0625,-11.0,19.0,-33.0,0x684a
1675372574.390501,8850.0,2841.0,833.0,343.4375,-40.9375,61.125,66.0,-119.0,-39.0,0x683f
1675372574.5043998,8780.0,2802.0,1251.0,345.75,-4.625,-84.125,22.0,0.0,-6.0,0x684a
1675372574.617986,8644.0,3203.0,985.0,339.3125,-39.3125,66.1875,43.0,-27.0,-1.0,0x683f
1675372574.731211,8728.0,2640.0,1093.0,349.6875,-5.25,-84.375,15.0,-18.0,7.0,0x684a
1675372574.846198,8777.0,3235.0,1070.0,334.9375,-40.5625,71.5,-52.0,22.0,5.0,0x683f
1675372574.960484,8728.0,2849.0,1114.0,350.625,-5.0,-84.6875,-23.0,11.0,10.0,0x684a
1675372575.072447,8550.0,3138.0,1021.0,331.6875,-45.125,66.5625,24.0,117.0,-97.0,0x683f
1675372575.1859179,8751.0,2767.0,1080.0,350.5625,-5.1875,-84.6875,-14.0,4.0,3.0,0x684a
1675372575.300242,8435.0,3010.0,861.0,331.5,-44.25,67.3125,-43.0,-91.0,-46.0,0x683f
1675372575.412142,8730.0,2820.0,1094.0,349.4375,-5.0625,-84.5625,-2.0,9.0,11.0,0x684a
1675372575.526183,8460.0,2994.0,887.0,331.9375,-43.5625,68.1875,-4.0,-33.0,-20.0,0x683f
1675372575.638525,8791.0,2737.0,1026.0,349.125,-5.0,-84.625,-3.0,10.0,-1.0,0x684a
1675372575.754539,8595.0,3059.0,932.0,332.0,-43.5,68.6875,39.0,48.0,-89.0,0x683f
1675372575.869142,8650.0,2790.0,1106.0,348.8125,-5.0,-84.6875,-2.0,1.0,1.0,0x684a
1675372575.984722,8670.0,3003.0,864.0,332.1875,-42.1875,67.25,-15.0,52.0,-28.0,0x683f
1675372576.097879,8842.0,2635.0,966.0,347.3125,-4.9375,-84.6875,2.0,-1.0,0.0,0x684a
1675372576.211052,8659.0,2633.0,611.0,330.4375,-41.3125,62.375,43.0,-60.0,-47.0,0x683f
1675372576.323692,8755.0,2845.0,1033.0,344.875,-5.0,-84.3125,-37.0,11.0,-26.0,0x684a
1675372576.43704,8699.0,2658.0,677.0,329.0,-41.5625,59.375,123.0,-11.0,-53.0,0x683f
1675372576.5491068,8757.0,2751.0,1141.0,344.9375,-4.9375,-84.25,3.0,19.0,-4.0,0x684a
1675372576.665365,8613.0,2890.0,884.0,328.1875,-40.6875,62.125,93.0,-138.0,-47.0,0x683f
1675372576.7779891,8590.0,2470.0,953.0,347.8125,-5.0625,-84.1875,-8.0,5.0,7.0,0x684a
1675372576.890236,8790.0,3242.0,847.0,328.25,-40.0625,70.8125,-31.0,-48.0,45.0,0x683f
1675372577.00213,8636.0,2264.0,864.0,351.5625,-5.5,-84.25,0.0,4.0,5.0,0x684a
1675372577.117352,8546.0,3364.0,919.0,325.25,-47.4375,70.0625,-55.0,396.0,11.0,0x683f
1675372577.2279942,8875.0,2695.0,1106.0,352.375,-5.375,-83.625,84.0,-5.0,11.0,0x684a
1675372577.341126,8638.0,3063.0,1012.0,331.0625,-34.1875,33.0625,28.0,-249.0,51.0,0x683f
1675372577.454813,8814.0,2768.0,1145.0,347.125,-4.1875,-82.9375,-1.0,-13.0,-7.0,0x684a
1675372577.567221,8686.0,3047.0,1002.0,338.25,-30.625,24.6875,-90.0,-263.0,72.0,0x683f
1675372577.679285,8856.0,2716.0,928.0,340.3125,-2.0,-82.5625,-11.0,9.0,-2.0,0x684a
1675372577.790814,8697.0,3088.0,970.0,339.875,-27.5625,18.75,-92.0,-6.0,-49.0,0x683f
1675372577.932906,8519.0,2632.0,1069.0,336.6875,-1.375,-80.9375,-42.0,7.0,-18.0,0x684a
1675372578.045537,8717.0,3262.0,1061.0,337.625,-30.8125,22.8125,101.0,-443.0,182.0,0x683f
1675372578.167092,8573.0,2422.0,1155.0,340.5625,-2.5625,-80.3125,6.0,0.0,-2.0,0x684a
1675372578.279742,8587.0,3455.0,776.0,332.6875,-54.375,46.125,152.0,139.0,-504.0,0x683f
1675372578.390836,8885.0,2608.0,1018.0,341.75,-2.375,-79.5,17.0,23.0,-6.0,0x684a
1675372578.5045629,8670.0,3480.0,456.0,30.125,-13.125,84.9375,-482.0,-381.0,-430.0,0x683f
1675372578.620827,8538.0,2646.0,1167.0,343.125,-1.8125,-79.75,-5.0,7.0,34.0,0x684a
1675372578.733464,8494.0,3455.0,623.0,56.25,-0.6875,105.875,46.0,-107.0,110.0,0x683f
1675372578.845191,8614.0,2583.0,943.0,342.75,-0.8125,-79.6875,-23.0,8.0,7.0,0x684a
1675372578.9572742,8479.0,3507.0,511.0,62.5,0.875,110.8125,33.0,-2.0,-4.0,0x683f
1675372579.0698082,8616.0,2623.0,920.0,343.5625,-1.3125,-80.0,4.0,1.0,-3.0,0x684a
1675372579.183718,8537.0,3384.0,663.0,58.8125,-0.1875,111.0625,12.0,5.0,-34.0,0x683f
1675372579.3099551,8518.0,2852.0,544.0,343.6875,-1.3125,-80.0,-5.0,-10.0,-2.0,0x684a
1675372579.418067,8499.0,3348.0,601.0,55.9375,-0.125,111.375,26.0,-4.0,-2.0,0x683f
1675372579.528411,8478.0,2618.0,931.0,344.5,-1.0,-80.1875,10.0,6.0,1.0,0x684a
1675372579.6379788,8510.0,3472.0,511.0,54.625,-0.1875,111.4375,-3.0,1.0,1.0,0x683f
1675372579.746783,8634.0,2803.0,726.0,344.875,-0.9375,-80.3125,8.0,4.0,9.0,0x684a
1675372579.855969,8523.0,3492.0,543.0,51.875,-0.375,111.375,-3.0,6.0,-14.0,0x683f
1675372579.966929,8643.0,2880.0,560.0,344.9375,-0.9375,-80.25,10.0,0.0,7.0,0x684a
1675372580.07542,8494.0,3488.0,513.0,50.25,-0.375,111.375,4.0,10.0,0.0,0x683f
1675372580.183648,8710.0,2514.0,1119.0,344.875,-0.9375,-80.25,0.0,7.0,6.0,0x684a
1675372580.296278,8534.0,3520.0,475.0,48.8125,-0.375,111.4375,8.0,-3.0,-4.0,0x683f
1675372580.437483,8701.0,2699.0,807.0,344.9375,-1.0625,-80.0625,-2.0,-1.0,-6.0,0x684a
1675372580.552209,8559.0,3424.0,669.0,47.375,-0.0625,111.6875,1.0,6.0,-8.0,0x683f
1675372580.664957,8824.0,3014.0,1093.0,344.6875,-1.1875,-80.0,12.0,6.0,1.0,0x684a
1675372580.778698,8483.0,3346.0,579.0,46.4375,0.0,111.6875,5.0,6.0,0.0,0x683f
1675372580.888683,8864.0,3187.0,870.0,344.875,-1.5625,-79.75,-4.0,2.0,-1.0,0x684a
1675372580.998899,8532.0,3399.0,640.0,44.75,0.0625,111.6875,7.0,0.0,-11.0,0x683f
1675372581.109357,8825.0,2967.0,1045.0,345.375,-1.9375,-79.375,2.0,2.0,-13.0,0x684a
1675372581.221822,8492.0,3376.0,647.0,43.375,0.0625,111.625,64.0,21.0,-25.0,0x683f
1675372581.3339388,8747.0,2909.0,1111.0,345.125,-2.1875,-79.0,-18.0,-12.0,-14.0,0x684a
1675372581.4471838,8503.0,3422.0,583.0,42.875,0.0,111.5625,1.0,-6.0,-14.0,0x683f
1675372581.559864,8553.0,2487.0,1279.0,345.125,-2.1875,-79.1875,-5.0,-8.0,-3.0,0x684a
1675372581.6728551,8491.0,3375.0,586.0,41.5625,0.0,111.5625,12.0,0.0,-10.0,0x683f
1675372581.787415,8541.0,2503.0,1281.0,345.375,-2.1875,-79.0,0.0,4.0,-9.0,0x684a
1675372581.8985422,8492.0,3398.0,599.0,40.5625,-0.0625,111.5,15.0,7.0,4.0,0x683f
1675372582.013579,8614.0,2542.0,1210.0,345.6875,-2.25,-79.3125,-11.0,6.0,-11.0,0x684a
1675372582.1274612,8561.0,3443.0,594.0,40.5625,0.0,111.5,7.0,5.0,-2.0,0x683f
1675372582.245389,8500.0,2397.0,1165.0,345.5625,-1.75,-79.6875,0.0,8.0,-8.0,0x684a
1675372582.3588321,8518.0,3390.0,652.0,39.4375,-0.125,111.4375,5.0,3.0,-3.0,0x683f
1675372582.477035,8472.0,2372.0,1161.0,345.75,-1.75,-79.75,-3.0,-1.0,-12.0,0x684a
1675372582.5888078,8568.0,3410.0,678.0,38.625,-0.25,111.5,9.0,3.0,-13.0,0x683f
1675372582.702852,8860.0,2907.0,1014.0,345.625,-1.625,-79.9375,1.0,1.0,0.0,0x684a
1675372582.814323,8555.0,3361.0,625.0,38.3125,-0.25,111.5,-1.0,5.0,-14.0,0x683f
1675372582.924662,8868.0,2961.0,943.0,345.625,-1.625,-79.9375,7.0,2.0,3.0,0x684a
1675372583.036272,8536.0,3345.0,619.0,37.625,-0.25,111.5,-1.0,3.0,-8.0,0x683f
1675372583.150192,8644.0,2662.0,1204.0,345.6875,-1.875,-79.875,2.0,6.0,9.0,0x684a
1675372583.2627919,8562.0,3384.0,629.0,37.5,-0.1875,111.3125,10.0,5.0,-4.0,0x683f
1675372583.3754408,8707.0,2903.0,723.0,345.8125,-2.1875,-79.5625,-16.0,7.0,-15.0,0x684a
1675372583.490823,8504.0,3388.0,655.0,36.6875,-0.25,111.1875,14.0,-11.0,-17.0,0x683f
1675372583.6041012,8786.0,2921.0,783.0,345.6875,-2.3125,-79.0,0.0,-10.0,-18.0,0x684a
1675372583.715706,8526.0,3387.0,713.0,35.6875,-0.25,111.125,29.0,6.0,-4.0,0x683f
1675372583.824929,8720.0,2626.0,886.0,345.75,-2.1875,-78.625,2.0,3.0,0.0,0x684a
1675372583.937699,8481.0,3368.0,661.0,35.0625,-0.3125,111.125,24.0,0.0,-6.0,0x683f
1675372584.050953,8577.0,2711.0,624.0,345.6875,-2.0625,-78.5625,-8.0,3.0,-26.0,0x684a
1675372584.1608052,8482.0,3369.0,680.0,35.0,-0.1875,111.0625,11.0,2.0,-15.0,0x683f
1675372584.272222,8537.0,2607.0,587.0,346.8125,-1.9375,-78.125,-19.0,0.0,-15.0,0x684a
1675372584.381252,8499.0,3383.0,716.0,34.625,-0.6875,111.0,32.0,1.0,-1.0,0x683f
1675372584.493969,8830.0,2916.0,695.0,349.4375,-1.5,-77.25,0.0,-18.0,8.0,0x684a
1675372584.6070359,8483.0,3360.0,704.0,35.625,-1.125,111.0625,-19.0,0.0,2.0,0x683f
1675372584.7163892,8650.0,2640.0,1029.0,350.0,-0.9375,-77.625,-2.0,-2.0,18.0,0x684a
1675372584.8286989,8546.0,3354.0,566.0,35.8125,-1.0625,111.0625,82.0,-57.0,69.0,0x683f
1675372584.937987,8508.0,2593.0,857.0,353.3125,-1.9375,-79.8125,-59.0,-43.0,-24.0,0x684a
1675372585.047681,8522.0,3528.0,655.0,36.625,-4.9375,108.3125,176.0,-40.0,39.0,0x683f
1675372585.157439,8723.0,3166.0,1201.0,1.9375,-2.0625,-84.0625,-172.0,-6.0,-47.0,0x684a
1675372585.2679198,8564.0,3719.0,894.0,55.75,-9.375,101.5,-116.0,111.0,-12.0,0x683f
1675372585.378258,8704.0,3527.0,1116.0,20.5625,-1.6875,-81.875,-157.0,-23.0,34.0,0x684a
1675372585.4884238,8404.0,3789.0,753.0,75.4375,-11.625,102.0,-190.0,-54.0,92.0,0x683f
1675372585.5972748,8297.0,3587.0,1240.0,41.25,-0.0625,-78.125,121.0,33.0,-88.0,0x684a
1675372585.7074182,8478.0,4060.0,342.0,96.0,-9.4375,111.8125,70.0,-18.0,-208.0,0x683f
1675372585.8175611,8291.0,3790.0,1119.0,65.875,-1.25,-77.8125,49.0,-55.0,-120.0,0x684a
1675372585.928112,8763.0,4076.0,657.0,127.5,0.3125,114.1875,-98.0,-52.0,3.0,0x683f
1675372586.0376298,7778.0,4454.0,400.0,95.0,-7.625,-81.75,66.0,172.0,85.0,0x684a
1675372586.14743,8553.0,4187.0,694.0,144.0,1.8125,109.625,-109.0,-267.0,19.0,0x683f
1675372586.256468,7507.0,4841.0,67.0,108.625,-10.8125,-77.5,-168.0,-147.0,-252.0,0x684a
1675372586.366466,8505.0,4264.0,729.0,130.9375,-12.0625,107.3125,-17.0,277.0,41.0,0x683f
1675372586.47398,7599.0,4826.0,501.0,118.0625,-4.8125,-77.9375,-5.0,-89.0,102.0,0x684a
1675372586.598214,8012.0,4503.0,649.0,119.875,-13.8125,107.4375,-183.0,-110.0,96.0,0x683f
1675372586.70515,6948.0,5149.0,-78.0,116.1875,-1.375,-77.9375,88.0,136.0,61.0,0x684a
1675372586.812424,8291.0,4622.0,720.0,109.6875,-13.9375,111.375,614.0,95.0,41.0,0x683f
1675372586.920962,7297.0,5066.0,555.0,120.0,-10.75,-76.0,252.0,-259.0,-84.0,0x684a
1675372587.0299678,8197.0,4926.0,809.0,115.4375,-1.4375,108.75,4.0,16.0,-87.0,0x683f
1675372587.1403232,7070.0,4491.0,569.0,118.5625,-13.875,-77.25,128.0,125.0,-43.0,0x684a
1675372587.247904,7679.0,5044.0,788.0,115.75,0.5,103.75,-249.0,-100.0,-302.0,0x683f
1675372587.355407,6721.0,4982.0,380.0,121.9375,-17.0625,-73.0625,238.0,-1.0,-312.0,0x684a
1675372587.4654348,7343.0,4964.0,243.0,87.25,-13.875,97.375,28.0,-149.0,-117.0,0x683f
1675372587.588943,6587.0,4867.0,686.0,109.125,-13.4375,-71.5,192.0,-159.0,-126.0,0x684a
1675372587.69779,7078.0,5257.0,823.0,50.1875,-16.25,103.8125,152.0,-27.0,-69.0,0x683f
1675372587.806039,6057.0,5301.0,396.0,83.875,-7.1875,-80.25,100.0,41.0,4.0,0x684a
1675372587.915597,6661.0,5246.0,867.0,16.6875,-18.3125,103.3125,559.0,-72.0,13.0,0x683f
1675372588.026483,5874.0,5353.0,452.0,56.0,-8.875,-74.875,81.0,-56.0,-148.0,0x684a
1675372588.136174,5967.0,5440.0,107.0,8.3125,-3.0,104.0625,112.0,224.0,12.0,0x683f
1675372588.246154,5885.0,4386.0,692.0,33.5,-12.4375,-83.9375,125.0,41.0,29.0,0x684a
1675372588.3576891,5936.0,5339.0,469.0,12.0,6.4375,104.375,-447.0,-99.0,-365.0,0x683f
1675372588.4662762,5716.0,4585.0,775.0,25.875,-12.3125,-83.9375,103.0,-56.0,-153.0,0x684a
1675372588.57784,5873.0,5156.0,720.0,346.3125,-12.0625,98.5625,-51.0,18.0,-262.0,0x683f
1675372588.690593,5703.0,4313.0,861.0,12.5625,-4.375,-79.75,63.0,-137.0,0.0,0x684a
1675372588.798213,5628.0,4834.0,664.0,312.25,-20.1875,99.3125,113.0,-233.0,33.0,0x683f
1675372588.907844,5577.0,4062.0,1065.0,356.0625,1.625,-81.8125,-76.0,322.0,64.0,0x684a
1675372589.018571,5726.0,4419.0,555.0,302.3125,-21.9375,104.4375,463.0,3.0,-1.0,0x683f
1675372589.128455,5291.0,3345.0,595.0,350.5625,-8.6875,-75.0625,21.0,-208.0,-82.0,0x684a
1675372589.238053,5374.0,4348.0,724.0,306.875,-6.0625,104.1875,230.0,274.0,-107.0,0x683f
1675372589.348565,5150.0,3312.0,879.0,342.375,-11.125,-79.25,193.0,-21.0,135.0,0x684a
1675372589.458753,5124.0,4191.0,379.0,319.3125,2.0625,103.875,-201.0,-64.0,-115.0,0x683f
1675372589.56943,5381.0,3378.0,1024.0,340.25,-11.0625,-79.0,-20.0,-130.0,-162.0,0x684a
1675372589.679892,5385.0,3810.0,544.0,300.8125,-9.75,100.1875,-13.0,-189.0,-66.0,0x683f
1675372589.7909179,5240.0,2930.0,965.0,341.25,-4.9375,-78.125,47.0,-220.0,-51.0,0x684a
1675372589.899931,5484.0,3368.0,181.0,278.25,-20.4375,101.6875,151.0,-6.0,3.0,0x683f
1675372590.0103738,5581.0,2631.0,1074.0,336.1875,1.0625,-79.0,-142.0,199.0,139.0,0x684a
1675372590.118912,5214.0,3257.0,372.0,279.0,-18.125,106.0625,387.0,9.0,-31.0,0x683f
1675372590.229849,5287.0,2000.0,464.0,339.875,2.4375,-72.4375,41.0,-30.0,-241.0,0x684a
1675372590.338748,5094.0,2841.0,474.0,292.75,-11.0,109.4375,60.0,-19.0,-28.0,0x683f
1675372590.448946,4782.0,2609.0,543.0,356.6875,-0.3125,-76.625,25.0,-46.0,-74.0,0x684a
1675372590.558037,4906.0,2974.0,381.0,327.0625,-2.6875,109.875,-310.0,10.0,-86.0,0x683f
1675372590.667804,4293.0,2624.0,537.0,15.875,-8.0625,-81.9375,-87.0,377.0,203.0,0x684a
1675372590.777291,4914.0,2658.0,648.0,332.125,-6.8125,103.0,521.0,210.0,219.0,0x683f
1675372590.888062,4262.0,2458.0,1069.0,28.75,-5.125,-78.25,-130.0,-14.0,148.0,0x684a
1675372590.997965,4604.0,2660.0,141.0,323.8125,-22.1875,98.1875,41.0,284.0,54.0,0x683f
1675372591.123594,3843.0,2640.0,394.0,38.9375,-1.375,-79.375,-40.0,-18.0,85.0,0x684a
1675372591.2333372,4436.0,2639.0,283.0,319.3125,-22.1875,101.1875,40.0,-119.0,-146.0,0x683f
1675372591.343343,3660.0,2373.0,595.0,32.125,0.625,-77.5625,173.0,2.0,-138.0,0x684a
1675372591.452242,4268.0,2456.0,298.0,312.9375,-16.3125,102.625,129.0,67.0,-85.0,0x683f
1675372591.563539,3869.0,1451.0,590.0,20.3125,-5.5,-78.5,100.0,-126.0,-37.0,0x684a
1675372591.674438,3859.0,2605.0,108.0,322.4375,-5.4375,106.25,-7.0,-87.0,-12.0,0x683f
1675372591.784972,2497.0,2052.0,-272.0,17.5625,-8.125,-81.25,-139.0,286.0,8.0,0x684a
1675372591.893518,3733.0,2255.0,260.0,336.0,-7.25,98.8125,114.0,119.0,73.0,0x683f
1675372592.004341,3056.0,2007.0,388.0,29.1875,-2.6875,-78.125,107.0,-56.0,181.0,0x684a
1675372592.113132,3724.0,2161.0,661.0,324.5,-20.5625,96.375,263.0,248.0,82.0,0x683f
1675372592.227434,2983.0,2392.0,-7.0,36.6875,1.0,-80.8125,-192.0,91.0,39.0,0x684a
1675372592.338806,3595.0,2200.0,465.0,337.5625,-16.0625,105.375,39.0,-397.0,130.0,0x683f
1675372592.449842,2697.0,2587.0,-44.0,46.0625,2.8125,-74.875,-5.0,-238.0,-229.0,0x684a
1675372592.559924,3554.0,2314.0,569.0,347.75,-13.625,110.125,588.0,-33.0,-288.0,0x683f
1675372592.6707919,2860.0,2917.0,93.0,66.375,-2.3125,-76.6875,-155.0,-90.0,-86.0,0x684a
1675372592.783235,3632.0,2321.0,612.0,20.5625,-6.0,111.375,42.0,50.0,-211.0,0x683f
1675372592.895148,2654.0,2695.0,311.0,101.9375,-7.5625,-78.4375,84.0,22.0,-27.0,0x684a
1675372593.003443,3624.0,2634.0,351.0,62.375,-1.4375,114.625,-8.0,-330.0,-96.0,0x683f
1675372593.112913,3015.0,2702.0,559.0,128.625,-8.75,-77.5,-30.0,-140.0,-214.0,0x684a
1675372593.2230668,3764.0,2365.0,410.0,69.75,-10.125,100.875,231.0,110.0,-15.0,0x683f
1675372593.345918,3358.0,2474.0,778.0,158.4375,-5.25,-76.0,-158.0,-12.0,-69.0,0x684a
1675372593.457462,3552.0,2436.0,294.0,94.1875,-15.125,101.8125,-202.0,41.0,59.0,0x683f
1675372593.565912,3714.0,2576.0,820.0,177.0,0.5625,-78.0625,-113.0,34.0,70.0,0x684a
1675372593.673203,3608.0,2461.0,458.0,115.3125,-10.375,109.5,58.0,-221.0,343.0,0x683f
1675372593.7806962,3882.0,2761.0,489.0,189.3125,1.375,-73.625,-27.0,-22.0,-235.0,0x684a
1675372593.888279,3789.0,2350.0,661.0,122.75,-6.0625,110.5625,-47.0,-36.0,-115.0,0x683f
1675372593.996968,3976.0,2913.0,637.0,209.1875,-3.6875,-76.5625,27.0,-102.0,-95.0,0x684a
1675372594.106526,3830.0,2702.0,388.0,146.375,0.0,111.9375,-226.0,66.0,-90.0,0x683f
1675372594.218314,4265.0,2852.0,674.0,225.0,-4.5625,-78.4375,-41.0,329.0,73.0,0x684a
1675372594.326714,3922.0,2414.0,615.0,165.0,-2.125,104.1875,-6.0,-65.0,330.0,0x683f
1675372594.438797,4534.0,2628.0,644.0,241.4375,-1.1875,-77.9375,-105.0,-14.0,-23.0,0x684a
1675372594.547193,3890.0,2453.0,500.0,167.0,-17.0625,97.4375,-110.0,296.0,139.0,0x683f
1675372594.656409,4748.0,2630.0,490.0,251.75,1.5625,-80.125,-123.0,-9.0,75.0,0x684a
1675372594.780285,4129.0,2240.0,162.0,176.3125,-16.3125,97.4375,-311.0,-107.0,-1.0,0x683f
1675372594.890801,4647.0,2433.0,362.0,256.6875,2.875,-79.0625,158.0,-75.0,-132.0,0x684a
1675372595.000587,4303.0,2331.0,512.0,176.25,-12.25,100.1875,-195.0,-53.0,-184.0,0x683f
1675372595.109353,5201.0,2476.0,922.0,262.25,-9.6875,-75.75,125.0,-140.0,-91.0,0x684a
1675372595.218776,4586.0,2366.0,411.0,174.4375,-1.8125,102.75,-143.0,106.0,-198.0,0x683f
1675372595.327405,5676.0,2292.0,516.0,258.25,-10.75,-78.9375,93.0,240.0,-35.0,0x684a
1675372595.437616,4624.0,1900.0,450.0,177.625,0.9375,99.875,-430.0,-253.0,-166.0,0x683f
1675372595.5475981,5812.0,2472.0,440.0,255.3125,-10.8125,-72.125,28.0,-79.0,-246.0,0x684a
1675372595.657542,5349.0,2383.0,54.0,155.3125,-14.75,95.4375,-53.0,112.0,-122.0,0x683f
1675372595.769099,5711.0,2745.0,572.0,234.8125,-1.9375,-75.375,-15.0,-33.0,-48.0,0x684a
1675372595.880849,5413.0,2457.0,13.0,131.6875,-17.125,97.1875,-121.0,13.0,-131.0,0x683f
1675372595.9903831,6412.0,3320.0,368.0,217.375,0.125,-78.0,34.0,190.0,29.0,0x684a
1675372596.100669,6111.0,2965.0,-37.0,115.0,-20.125,105.8125,369.0,116.0,65.0,0x683f
1675372596.21087,6293.0,3384.0,482.0,208.25,-8.9375,-73.625,280.0,-34.0,-18.0,0x684a
1675372596.3209841,6369.0,3210.0,-88.0,106.375,-4.9375,109.6875,-130.0,130.0,-1.0,0x683f
1675372596.431618,6228.0,3471.0,734.0,193.75,-11.875,-78.9375,179.0,52.0,28.0,0x684a
1675372596.5408928,6297.0,3256.0,456.0,106.6875,6.875,108.5,-119.0,-353.0,-199.0,0x683f
1675372596.6507862,6597.0,4055.0,553.0,187.4375,-12.625,-77.125,93.0,-263.0,-268.0,0x684a
1675372596.761193,6365.0,3413.0,110.0,104.3125,-3.8125,96.0625,-42.0,-24.0,-277.0,0x683f
1675372596.870251,6333.0,4173.0,287.0,181.9375,-4.4375,-79.0625,17.0,-114.0,67.0,0x684a
1675372596.98052,6688.0,3837.0,391.0,89.375,-15.625,94.5,72.0,31.0,82.0,0x683f
1675372597.090204,6264.0,4140.0,1017.0,174.375,0.1875,-78.25,31.0,362.0,-44.0,0x684a
1675372597.199776,6386.0,3858.0,542.0,84.6875,-19.25,100.4375,153.0,1.0,184.0,0x683f
1675372597.309338,6653.0,4598.0,714.0,173.5625,-3.8125,-71.5625,108.0,-76.0,-61.0,0x684a
1675372597.422556,6452.0,4104.0,465.0,79.0625,-9.5625,105.6875,50.0,96.0,49.0,0x683f
1675372597.534088,6397.0,4476.0,989.0,171.875,-8.9375,-74.125,45.0,4.0,-20.0,0x684a
1675372597.647319,6659.0,4286.0,580.0,97.8125,-0.25,109.3125,-176.0,-167.0,-74.0,0x683f
1675372597.7592719,6232.0,4795.0,769.0,175.375,-8.8125,-74.375,-142.0,-101.0,-227.0,0x684a
1675372597.867788,6594.0,4319.0,420.0,97.5625,-13.3125,104.0625,388.0,-75.0,39.0,0x683f
1675372597.979556,6469.0,4779.0,1135.0,186.0625,-4.25,-75.125,36.0,-84.0,124.0,0x684a
1675372598.0894022,6776.0,4537.0,541.0,93.625,-22.6875,107.0625,229.0,228.0,184.0,0x683f
1675372598.1995258,6872.0,5695.0,371.0,184.8125,2.3125,-74.1875,-181.0,66.0,-15.0,0x684a
1675372598.323668,6996.0,4675.0,503.0,104.0,-16.6875,112.5,394.0,-304.0,323.0,0x683f
1675372598.4370172,6933.0,4985.0,1130.0,192.5,0.9375,-66.125,-78.0,5.0,-196.0,0x684a
1675372598.545721,6863.0,4648.0,96.0,120.6875,-10.4375,111.5625,65.0,-68.0,46.0,0x683f
1675372598.657407,8222.0,5487.0,1039.0,214.3125,-2.6875,-73.625,9.0,-56.0,-26.0,0x684a
1675372598.765548,6962.0,4651.0,497.0,167.25,1.125,110.5625,-750.0,-128.0,-162.0,0x683f
1675372598.878264,8489.0,5686.0,976.0,228.75,-5.625,-77.0,-384.0,50.0,-82.0,0x684a
1675372598.986336,7145.0,4697.0,565.0,162.0625,-5.9375,101.8125,253.0,1.0,208.0,0x683f
1675372599.096312,8245.0,5140.0,698.0,244.0625,-1.0625,-76.5625,-13.0,-145.0,23.0,0x684a
1675372599.20671,7460.0,4577.0,792.0,160.1875,-19.5,98.8125,-83.0,218.0,105.0,0x683f
1675372599.316442,8521.0,4848.0,899.0,250.625,5.375,-77.875,-128.0,200.0,146.0,0x684a
1675372599.4262888,7422.0,4753.0,280.0,170.1875,-15.875,105.25,280.0,-352.0,374.0,0x683f
1675372599.535808,9057.0,4454.0,697.0,257.4375,4.3125,-72.25,12.0,-7.0,-300.0,0x684a
1675372599.64347,7613.0,4561.0,528.0,179.0625,-7.625,109.5,-210.0,-23.0,-82.0,0x683f
1675372599.754403,9151.0,4227.0,706.0,268.0625,-4.1875,-76.0625,0.0,-58.0,-79.0,0x684a
1675372599.8653052,7957.0,4653.0,686.0,200.25,-1.3125,109.375,-129.0,13.0,-124.0,0x683f
1675372599.97504,9336.0,4238.0,784.0,275.875,-6.75,-79.3125,-236.0,200.0,-105.0,0x684a
1675372600.085063,8031.0,4349.0,816.0,200.125,-10.5,101.125,273.0,-30.0,223.0,0x683f
1675372600.196092,8814.0,4170.0,967.0,274.1875,1.1875,-75.0,-12.0,-93.0,-115.0,0x684a
1675372600.30631,8180.0,4518.0,661.0,190.3125,-22.1875,99.3125,123.0,173.0,79.0,0x683f
1675372600.416954,8971.0,3904.0,1021.0,287.625,5.6875,-78.25,-203.0,123.0,32.0,0x684a
1675372600.526113,8391.0,4187.0,889.0,198.5,-20.8125,105.1875,-228.0,-344.0,229.0,0x683f
1675372600.636153,8912.0,3436.0,880.0,291.875,7.4375,-74.5625,-21.0,-196.0,-151.0,0x684a
1675372600.746283,8375.0,4011.0,875.0,210.1875,-13.0625,107.5,54.0,-97.0,-304.0,0x683f
1675372600.856968,9102.0,3408.0,850.0,304.875,-2.0625,-77.125,-122.0,-119.0,49.0,0x684a
1675372600.969357,8448.0,3809.0,905.0,231.25,-5.125,106.625,-168.0,82.0,-16.0,0x683f
1675372601.0790021,8480.0,2473.0,645.0,317.9375,-4.9375,-78.375,-19.0,128.0,96.0,0x684a
1675372601.188353,8409.0,3702.0,970.0,248.3125,-3.8125,103.75,-271.0,-296.0,6.0,0x683f
1675372601.3021598,8374.0,2770.0,916.0,321.75,-4.0,-74.6875,-6.0,73.0,-266.0,0x684a
1675372601.411455,8546.0,3730.0,750.0,240.625,-19.375,99.8125,48.0,146.0,-26.0,0x683f
1675372601.537629,8585.0,2380.0,832.0,328.0625,1.5625,-78.6875,-90.0,11.0,-93.0,0x684a
1675372601.644761,8682.0,3656.0,813.0,241.0,-16.75,100.5625,110.0,11.0,143.0,0x683f
1675372601.7541802,8792.0,2701.0,853.0,332.5625,2.5625,-78.75,53.0,-142.0,-49.0,0x684a
1675372601.86126,8505.0,3463.0,839.0,245.625,-13.8125,103.3125,-65.0,-78.0,-122.0,0x683f
1675372601.969671,8919.0,2723.0,844.0,338.0,0.0,-79.375,33.0,-13.0,-28.0,0x684a
1675372602.0801148,8547.0,3504.0,789.0,254.8125,-10.375,103.0,-84.0,19.0,-44.0,0x683f
1675372602.194535,8537.0,2543.0,1048.0,346.625,-3.3125,-79.125,-91.0,-83.0,53.0,0x684a
1675372602.304503,8458.0,3486.0,748.0,259.75,-11.3125,103.0625,28.0,-18.0,44.0,0x683f
1675372602.416704,8545.0,2552.0,1018.0,349.375,-1.9375,-79.5,-13.0,-67.0,-117.0,0x684a
1675372602.5273979,8574.0,3552.0,795.0,258.6875,-9.75,103.5,-113.0,-31.0,-108.0,0x683f
1675372602.637418,8767.0,2751.0,901.0,354.625,-2.625,-80.25,9.0,17.0,-4.0,0x684a
1675372602.747304,8441.0,3386.0,788.0,261.8125,-9.9375,103.375,-27.0,34.0,-26.0,0x683f
1675372602.858867,8879.0,2981.0,970.0,357.875,-2.5,-79.1875,13.0,-7.0,14.0,0x684a
1675372602.968605,8481.0,3340.0,830.0,260.75,-10.8125,104.5,-30.0,11.0,-13.0,0x683f
1675372603.078847,8683.0,2837.0,1098.0,355.9375,-2.5625,-78.375,13.0,0.0,-10.0,0x684a
1675372603.1897018,8491.0,3375.0,884.0,258.0625,-10.5,104.75,43.0,0.0,-14.0,0x683f
1675372603.2991092,8770.0,2646.0,1044.0,350.8125,-2.6875,-78.875,-8.0,0.0,-2.0,0x684a
1675372603.4119308,8507.0,3373.0,915.0,256.0625,-9.1875,104.5,0.0,13.0,-21.0,0x683f
1675372603.535243,8788.0,2629.0,1108.0,349.375,-2.9375,-78.8125,5.0,6.0,1.0,0x684a
1675372603.645109,8508.0,3402.0,918.0,255.8125,-9.3125,104.375,5.0,-4.0,-17.0,0x683f
1675372603.755306,8763.0,2628.0,1081.0,349.625,-2.8125,-78.5625,1.0,3.0,5.0,0x684a
1675372603.8655229,8504.0,3386.0,872.0,255.875,-9.4375,104.4375,-4.0,4.0,-11.0,0x683f
1675372603.975734,8784.0,2635.0,1084.0,349.6875,-2.75,-78.5625,-30.0,1.0,16.0,0x684a
1675372604.085623,8502.0,3372.0,874.0,256.0,-9.75,104.0625,20.0,0.0,-3.0,0x683f
1675372604.1960478,8661.0,2533.0,1080.0,350.0625,-2.1875,-78.375,10.0,-11.0,1.0,0x684a
1675372604.305834,8479.0,3368.0,899.0,257.125,-9.625,104.4375,-6.0,-2.0,-12.0,0x683f
1675372604.418595,8580.0,2499.0,1049.0,350.6875,-2.375,-78.5,-2.0,-3.0,-3.0,0x684a
1675372604.529962,8504.0,3338.0,879.0,257.0625,-9.75,104.5,-7.0,3.0,-2.0,0x683f
1675372604.64606,8621.0,2609.0,1108.0,351.0625,-3.125,-79.1875,8.0,3.0,0.0,0x684a
1675372604.761217,8492.0,3367.0,885.0,257.875,-9.5,105.0625,8.0,-1.0,-14.0,0x683f
1675372604.8777442,8500.0,2609.0,1154.0,351.875,-4.0625,-79.125,5.0,1.0,0.0,0x684a
1675372604.987704,8512.0,3356.0,861.0,261.625,-8.4375,106.5,-30.0,-4.0,5.0,0x683f
1675372605.098654,8583.0,2744.0,1199.0,351.9375,-4.5,-78.75,-1.0,-16.0,23.0,0x684a
1675372605.211168,8520.0,3400.0,866.0,261.25,-8.5625,106.375,2.0,0.0,-6.0,0x683f
1675372605.326432,8486.0,2702.0,1221.0,351.6875,-4.875,-79.0,0.0,5.0,14.0,0x684a
1675372605.436339,8503.0,3344.0,851.0,260.625,-8.625,106.3125,10.0,-2.0,-4.0,0x683f
1675372605.546845,8554.0,2590.0,1101.0,352.4375,-5.0,-79.25,3.0,-5.0,12.0,0x684a
1675372605.65588,8478.0,3346.0,792.0,259.8125,-8.75,106.25,2.0,0.0,-11.0,0x683f
1675372605.7703838,8554.0,2696.0,1126.0,352.6875,-5.0,-79.0,7.0,-6.0,-9.0,0x684a
1675372605.883862,8479.0,3347.0,823.0,259.125,-8.75,106.125,3.0,4.0,1.0,0x683f
1675372605.995214,8571.0,2693.0,1063.0,352.6875,-5.0625,-79.1875,-5.0,0.0,-12.0,0x684a
1675372606.106251,8486.0,3333.0,844.0,259.125,-8.8125,106.125,1.0,-1.0,-11.0,0x683f
1675372606.225734,8480.0,2661.0,1184.0,352.5625,-5.1875,-79.1875,-4.0,-11.0,15.0,0x684a
1675372606.3390982,8522.0,3395.0,906.0,259.625,-8.8125,106.125,-10.0,-15.0,-25.0,0x683f
1675372606.455749,8504.0,2611.0,1131.0,352.375,-5.625,-79.1875,-2.0,-4.0,-23.0,0x684a
1675372606.5701299,8529.0,3401.0,873.0,259.5,-8.625,106.0,-2.0,-8.0,-17.0,0x683f
1675372606.684406,8609.0,2589.0,1064.0,352.0625,-5.8125,-79.25,-5.0,5.0,6.0,0x684a
1675372606.795555,8507.0,3353.0,839.0,259.125,-8.6875,106.0,0.0,2.0,2.0,0x683f
1675372606.9136078,8518.0,2644.0,1200.0,351.8125,-6.0,-79.1875,-9.0,4.0,0.0,0x684a
1675372607.027107,8514.0,3380.0,814.0,258.75,-8.8125,106.0,5.0,1.0,-11.0,0x683f
1675372607.142602,8581.0,2545.0,1137.0,351.75,-6.0625,-79.0,0.0,7.0,-1.0,0x684a
1675372607.255189,8505.0,3355.0,801.0,258.75,-8.875,106.125,2.0,4.0,-3.0,0x683f
1675372607.369802,8511.0,2582.0,1060.0,351.6875,-6.0,-79.25,2.0,7.0,16.0,0x684a
1675372607.483972,8485.0,3355.0,844.0,258.625,-8.875,106.1875,-4.0,0.0,1.0,0x683f
1675372607.596849,8597.0,2725.0,1093.0,351.75,-6.0,-79.5,-8.0,-4.0,0.0,0x684a
1675372607.710948,8474.0,3388.0,882.0,258.3125,-9.0,106.1875,-3.0,-2.0,-9.0,0x683f
1675372607.8238132,8600.0,2781.0,1119.0,351.5625,-6.0,-79.4375,-5.0,9.0,1.0,0x684a
1675372607.933971,8525.0,3362.0,866.0,257.875,-9.0,106.0625,4.0,2.0,-4.0,0x683f
1675372608.046437,8683.0,2491.0,914.0,351.5,-5.9375,-79.5625,0.0,4.0,12.0,0x684a
1675372608.161261,8484.0,3383.0,866.0,257.8125,-9.0,106.0625,1.0,3.0,-5.0,0x683f
1675372608.274813,8610.0,2445.0,893.0,351.625,-5.9375,-79.5625,-1.0,5.0,13.0,0x684a
1675372608.386933,8451.0,3382.0,908.0,257.8125,-9.0,106.0625,-8.0,3.0,-4.0,0x683f
1675372608.496609,9063.0,2912.0,1045.0,351.5625,-5.8125,-79.0625,-7.0,7.0,5.0,0x684a
1675372608.605618,8465.0,3377.0,842.0,258.75,-9.125,106.0625,1.0,9.0,6.0,0x683f
1675372608.718912,9085.0,2947.0,1036.0,352.0,-5.625,-78.9375,6.0,-1.0,12.0,0x684a
1675372608.827862,8477.0,3387.0,862.0,258.125,-9.0625,106.125,-11.0,8.0,-5.0,0x683f
1675372608.936239,9209.0,3056.0,1077.0,351.4375,-4.875,-78.75,5.0,2.0,14.0,0x684a
1675372609.04645,8512.0,3409.0,917.0,257.6875,-9.0625,106.0,-4.0,3.0,-5.0,0x683f
1675372609.161076,8451.0,2675.0,1145.0,349.9375,-3.125,-78.0625,-13.0,-14.0,11.0,0x684a
1675372609.269448,8540.0,3412.0,856.0,257.4375,-9.25,106.0,-9.0,6.0,0.0,0x683f
1675372609.393795,8541.0,2681.0,1271.0,349.1875,-1.9375,-78.125,16.0,3.0,9.0,0x684a
1675372609.503911,8466.0,3380.0,821.0,257.875,-9.3125,106.0625,-4.0,0.0,0.0,0x683f
1675372609.616008,8553.0,2698.0,1242.0,349.3125,-1.5,-78.5,10.0,4.0,0.0,0x684a
1675372609.729631,8490.0,3406.0,839.0,258.0625,-9.3125,106.125,-16.0,-7.0,-17.0,0x683f
1675372609.843198,8681.0,2886.0,1343.0,349.5,-1.25,-78.75,8.0,2.0,1.0,0x684a
1675372609.9559832,8460.0,3387.0,855.0,257.875,-9.25,106.0625,0.0,-3.0,-7.0,0x683f
1675372610.0734668,8485.0,2598.0,1172.0,349.625,-1.5,-78.9375,2.0,13.0,24.0,0x684a
1675372610.184041,8488.0,3457.0,869.0,258.4375,-9.125,105.9375,4.0,0.0,-7.0,0x683f
1675372610.3019142,8520.0,2605.0,1153.0,350.375,-1.6875,-79.0625,-3.0,0.0,1.0,0x684a
1675372610.41311,8460.0,3405.0,900.0,258.875,-9.0625,105.8125,0.0,0.0,-2.0,0x683f
1675372610.529334,8801.0,2533.0,990.0,350.9375,-1.75,-79.25,-3.0,7.0,15.0,0x684a
1675372610.642289,8476.0,3437.0,880.0,258.8125,-9.0625,105.8125,4.0,-3.0,-1.0,0x683f
1675372610.7609432,8600.0,2400.0,982.0,350.75,-1.8125,-79.3125,0.0,-3.0,-3.0,0x684a
1675372610.8735108,8499.0,3424.0,801.0,258.1875,-9.1875,105.8125,15.0,3.0,10.0,0x683f
1675372610.9905732,8556.0,2536.0,1051.0,350.4375,-1.8125,-79.0,0.0,0.0,0.0,0x684a
1675372611.1043851,8514.0,3418.0,808.0,258.0625,-9.1875,105.8125,2.0,0.0,-8.0,0x683f
1675372611.2177,8745.0,2537.0,845.0,350.5625,-2.0625,-78.75,-1.0,2.0,-8.0,0x684a
1675372611.33248,8516.0,3452.0,896.0,258.5,-9.3125,105.75,6.0,7.0,-7.0,0x683f
1675372611.446495,8434.0,2382.0,1012.0,351.0,-2.25,-78.5625,2.0,-5.0,31.0,0x684a
1675372611.560862,8527.0,3429.0,849.0,258.5625,-9.5,105.8125,-26.0,-4.0,-5.0,0x683f
1675372611.674589,8460.0,2588.0,1054.0,352.125,-2.75,-79.25,12.0,-3.0,-5.0,0x684a
1675372611.787124,8530.0,3408.0,901.0,259.0625,-9.5,106.0,-12.0,1.0,-7.0,0x683f
1675372611.8982809,8519.0,2588.0,1028.0,352.5,-3.125,-79.125,0.0,-4.0,14.0,0x684a
1675372612.0116138,8528.0,3433.0,866.0,259.0,-9.5,106.0,2.0,-1.0,-1.0,0x683f
1675372612.1247518,8610.0,2739.0,1153.0,353.1875,-3.4375,-79.0625,-4.0,-4.0,-2.0,0x684a
1675372612.2374341,8488.0,3360.0,889.0,259.9375,-9.4375,106.125,-3.0,2.0,-6.0,0x683f
1675372612.3516958,8529.0,2709.0,1190.0,354.0,-3.375,-79.3125,16.0,-8.0,-11.0,0x684a
1675372612.4642072,8610.0,3410.0,788.0,262.0625,-9.4375,106.3125,19.0,2.0,-18.0,0x683f
1675372612.580528,8580.0,2517.0,1009.0,356.625,-2.8125,-79.1875,-13.0,0.0,-16.0,0x684a
1675372612.694242,8484.0,3308.0,744.0,265.4375,-10.1875,106.375,10.0,-16.0,-6.0,0x683f
1675372612.804916,8568.0,2758.0,990.0,2.0,-1.8125,-80.3125,8.0,13.0,32.0,0x684a
1675372612.91814,8482.0,3348.0,731.0,269.8125,-10.875,106.5,-9.0,8.0,-7.0,0x683f
1675372613.0308821,8797.0,3044.0,1068.0,7.8125,-1.8125,-80.4375,12.0,1.0,22.0,0x684a
1675372613.143729,8627.0,3378.0,696.0,273.75,-11.5625,106.4375,-11.0,5.0,-7.0,0x683f
1675372613.2548559,8634.0,3081.0,1174.0,12.8125,-1.4375,-81.1875,32.0,5.0,6.0,0x684a
1675372613.368425,8550.0,3378.0,697.0,276.0,-12.0625,106.625,3.0,7.0,0.0,0x683f
1675372613.480055,8614.0,3154.0,1216.0,15.1875,-1.5,-81.4375,0.0,4.0,10.0,0x684a
1675372613.592677,8666.0,3335.0,686.0,276.0,-12.1875,106.4375,10.0,-6.0,4.0,0x683f
1675372613.706615,8722.0,3191.0,1262.0,16.8125,-1.8125,-81.875,9.0,11.0,7.0,0x684a
1675372613.818165,8603.0,3399.0,753.0,276.6875,-12.0625,106.125,-17.0,-1.0,-3.0,0x683f
1675372613.9292412,8793.0,3222.0,1201.0,17.125,-2.1875,-81.875,-7.0,6.0,15.0,0x684a
1675372614.040993,8597.0,3443.0,657.0,275.75,-11.875,105.25,2.0,0.0,-2.0,0x683f
1675372614.154762,8869.0,3175.0,1084.0,16.8125,-3.125,-82.3125,8.0,-5.0,27.0,0x684a
1675372614.26436,8563.0,3506.0,743.0,274.875,-11.25,103.875,120.0,-38.0,40.0,0x683f
1675372614.378054,8772.0,3136.0,1195.0,17.3125,-2.0,-84.375,-131.0,108.0,-16.0,0x684a
1675372614.487205,8448.0,3774.0,329.0,281.25,-10.0,96.875,99.0,-39.0,93.0,0x683f
1675372614.599997,8683.0,3632.0,914.0,33.3125,-5.75,-81.6875,-131.0,-35.0,-59.0,0x684a
1675372614.7124648,8413.0,3879.0,795.0,284.625,-14.375,86.25,163.0,22.0,189.0,0x683f
1675372614.828911,8477.0,3492.0,1103.0,54.9375,-8.0,-79.125,-112.0,-77.0,8.0,0x684a
1675372614.938821,8456.0,4070.0,716.0,304.375,-28.375,90.5625,-68.0,-147.0,-225.0,0x683f
1675372615.052446,8354.0,3787.0,1171.0,81.9375,-8.875,-77.0625,204.0,103.0,64.0,0x684a
1675372615.16516,8395.0,4246.0,691.0,325.625,-35.3125,106.5,34.0,190.0,-73.0,0x683f
1675372615.277955,8097.0,4401.0,570.0,104.5,-14.5625,-77.5,319.0,-18.0,43.0,0x684a
1675372615.3946729,8153.0,4745.0,142.0,322.6875,-40.3125,128.4375,-275.0,-114.0,-72.0,0x683f
1675372615.507776,7979.0,4404.0,894.0,119.6875,-17.5,-78.1875,216.0,184.0,77.0,0x684a
1675372615.624355,8207.0,4528.0,3933.0,314.375,-53.6875,92.0,486.0,176.0,113.0,0x683f
1675372615.734505,7473.0,5112.0,126.0,121.25,-17.0,-74.625,95.0,-46.0,-22.0,0x684a
1675372615.845653,8105.0,4562.0,3737.0,358.4375,-26.5,79.625,-501.0,-219.0,-552.0,0x683f
1675372615.9527931,7181.0,5237.0,217.0,114.375,-7.6875,-78.5625,75.0,327.0,142.0,0x684a
1675372616.061836,8096.0,4972.0,665.0,358.875,-28.5625,108.0,-660.0,736.0,321.0,0x683f
1675372616.169667,7368.0,5213.0,715.0,106.6875,-6.8125,-72.875,278.0,136.0,-290.0,0x684a
1675372616.277868,6693.0,5637.0,-280.0,341.5,-30.625,95.0625,-249.0,-1130.0,-546.0,0x683f
1675372616.38555,6531.0,5389.0,308.0,103.9375,-17.25,-80.6875,104.0,86.0,-31.0,0x684a
1675372616.494426,6872.0,5586.0,642.0,257.8125,-68.125,57.25,1618.0,-392.0,-159.0,0x683f
1675372616.605661,6402.0,4969.0,589.0,98.5625,-15.0625,-76.4375,38.0,97.0,-203.0,0x684a
1675372616.71437,6885.0,5294.0,1018.0,306.125,-45.0,89.5625,-781.0,-553.0,-120.0,0x683f
1675372616.823902,5942.0,5696.0,636.0,98.6875,-6.5,-76.8125,158.0,-52.0,-41.0,0x684a
1675372616.935625,6563.0,5483.0,813.0,330.5625,-38.8125,109.0,-175.0,1011.0,-4.0,0x683f
1675372617.0487628,6287.0,5415.0,1360.0,97.5,-7.5625,-68.9375,303.0,539.0,-25.0,0x684a
1675372617.162529,6002.0,5833.0,882.0,299.9375,-54.0625,99.1875,234.0,-343.0,-11.0,0x683f
1675372617.275394,5808.0,5821.0,1024.0,96.875,-8.25,-77.1875,241.0,-52.0,-272.0,0x684a
1675372617.388515,6025.0,5671.0,1097.0,274.5,-72.5,102.125,1063.0,-188.0,78.0,0x683f
1675372617.499882,5595.0,5670.0,1215.0,101.4375,-6.5,-72.375,-166.0,181.0,-49.0,0x684a
1675372617.613495,6077.0,5744.0,896.0,0.4375,-32.1875,130.5,-391.0,-59.0,-132.0,0x683f
1675372617.726491,5508.0,5599.0,1148.0,103.125,-1.9375,-75.1875,6.0,-92.0,-24.0,0x684a
1675372617.8393018,5795.0,5960.0,1020.0,350.6875,-43.9375,119.625,-111.0,490.0,-215.0,0x683f
1675372617.9512699,5358.0,5782.0,1258.0,109.5625,-4.3125,-78.125,25.0,-247.0,-113.0,0x684a
1675372618.063756,5480.0,6112.0,1107.0,299.8125,-76.5,109.75,-339.0,-157.0,-158.0,0x683f
1675372618.178016,5019.0,6198.0,1187.0,114.625,-14.5625,-78.0,142.0,-27.0,-87.0,0x684a
1675372618.2899468,5115.0,6346.0,876.0,273.25,-69.625,2.3125,454.0,-142.0,-38.0,0x683f
1675372618.405789,5125.0,6057.0,1323.0,107.6875,-13.9375,-83.625,-99.0,93.0,-7.0,0x684a
1675372618.519726,5095.0,6318.0,875.0,288.3125,-59.0625,41.25,-168.0,-145.0,-178.0,0x683f
1675372618.6360042,5055.0,6097.0,1398.0,87.375,-7.0,-82.9375,195.0,47.0,-144.0,0x684a
1675372618.748322,4943.0,6438.0,782.0,303.75,-39.8125,40.0625,70.0,-239.0,41.0,0x683f
1675372618.859391,4827.0,6390.0,1263.0,84.25,-2.8125,-86.0625,178.0,184.0,-8.0,0x684a
1675372618.972358,4794.0,6974.0,700.0,307.5625,-29.875,39.9375,-117.0,-153.0,26.0,0x683f
1675372619.085967,5002.0,6229.0,1415.0,88.9375,-5.5625,-86.4375,216.0,84.0,-160.0,0x684a
1675372619.197647,4994.0,6612.0,698.0,311.375,-31.9375,34.875,-118.0,71.0,-40.0,0x683f
1675372619.306397,5029.0,6284.0,1377.0,106.3125,-10.125,-85.0,146.0,21.0,-20.0,0x684a
1675372619.423882,5024.0,6629.0,716.0,297.9375,-30.6875,39.75,77.0,-138.0,37.0,0x683f
1675372619.535411,5088.0,6309.0,1295.0,96.1875,-3.125,-88.5,70.0,45.0,-44.0,0x684a
1675372619.6496158,4757.0,7010.0,672.0,300.8125,-29.6875,36.5,-19.0,-11.0,6.0,0x683f
1675372619.760937,5048.0,6327.0,1263.0,100.5625,-4.9375,-88.5625,92.0,0.0,-6.0,0x684a
1675372619.876191,4995.0,6579.0,743.0,298.3125,-29.6875,36.8125,5.0,14.0,3.0,0x683f
1675372619.986985,5073.0,6289.0,1247.0,99.875,-5.0625,-88.5625,63.0,35.0,-56.0,0x684a
1675372620.0982752,4986.0,6596.0,733.0,297.25,-29.3125,37.125,42.0,-28.0,-4.0,0x683f
1675372620.21169,5027.0,6304.0,1315.0,97.125,-3.125,-89.4375,20.0,2.0,22.0,0x684a
1675372620.328892,5012.0,6649.0,739.0,296.25,-29.8125,37.875,0.0,-13.0,-7.0,0x683f
1675372620.43959,4975.0,6235.0,1232.0,97.5625,-3.375,-89.0,51.0,9.0,-28.0,0x684a
1675372620.549013,5029.0,6648.0,758.0,297.125,-29.0,38.875,23.0,15.0,-25.0,0x683f
1675372620.6650088,5075.0,6277.0,1285.0,95.75,-2.0,-89.0625,13.0,22.0,-9.0,0x684a
1675372620.778835,5033.0,6618.0,661.0,298.625,-28.625,41.0625,-17.0,-20.0,-10.0,0x683f
