1675371518.528001,11886.0,2418.0,2400.0,273.375,-6.625,-77.125,-20.0,-8.0,-4.0,0x684a
1675371518.655895,10575.0,11439.0,2428.0,113.125,-10.375,110.25,-1.0,8.0,-2.0,0x683f
1675371518.771886,14299.0,13173.0,2054.0,271.75,-6.625,-77.3125,-9.0,-10.0,4.0,0x684a
1675371518.888433,10692.0,11454.0,1686.0,112.4375,-10.625,110.3125,4.0,1.0,0.0,0x683f
1675371519.004331,11946.0,2682.0,2395.0,270.4375,-6.5625,-77.25,-6.0,-8.0,10.0,0x684a
1675371519.120194,10705.0,11422.0,1864.0,112.375,-10.625,110.25,7.0,5.0,9.0,0x683f
1675371519.228506,9642.0,4629.0,1204.0,268.5625,-6.75,-77.375,-8.0,-12.0,2.0,0x684a
1675371519.3386319,8842.0,4464.0,4427.0,112.125,-10.75,110.25,10.0,0.0,-6.0,0x683f
1675371519.4510431,9754.0,4754.0,1742.0,268.125,-6.6875,-77.1875,-11.0,-13.0,13.0,0x684a
1675371519.55987,8797.0,4537.0,279.0,112.25,-10.75,110.1875,6.0,1.0,3.0,0x683f
1675371519.6701288,9692.0,4749.0,1563.0,267.9375,-6.5625,-77.0625,-15.0,-7.0,9.0,0x684a
1675371519.7776299,8857.0,4465.0,379.0,112.4375,-10.6875,110.125,12.0,5.0,4.0,0x683f
1675371519.889714,9776.0,4757.0,1727.0,267.875,-6.4375,-76.875,9.0,-11.0,13.0,0x684a
1675371519.997355,8927.0,4582.0,532.0,112.6875,-10.5,110.1875,14.0,9.0,-1.0,0x683f
1675371520.1053581,9729.0,4756.0,1630.0,268.4375,-6.4375,-76.6875,-12.0,-15.0,0.0,0x684a
1675371520.214297,8860.0,4415.0,382.0,113.125,-10.5,110.0625,12.0,8.0,0.0,0x683f
1675371520.322958,9705.0,4764.0,1607.0,269.8125,-6.375,-76.625,-11.0,-5.0,3.0,0x684a
1675371520.44559,8838.0,4469.0,342.0,113.75,-10.5625,110.125,5.0,6.0,4.0,0x683f
1675371520.5545359,9767.0,4721.0,1626.0,271.75,-6.4375,-76.8125,-11.0,-4.0,9.0,0x684a
1675371520.661663,9040.0,4713.0,827.0,113.875,-10.5625,110.1875,7.0,9.0,1.0,0x683f
1675371520.769731,9781.0,4676.0,1589.0,273.5625,-6.375,-77.0625,-12.0,-10.0,2.0,0x684a
1675371520.878075,8843.0,4490.0,367.0,114.625,-10.5625,110.1875,6.0,5.0,-5.0,0x683f
1675371520.986021,9716.0,4720.0,1535.0,275.3125,-6.3125,-77.25,-7.0,-14.0,-5.0,0x684a
1675371521.094514,8840.0,4491.0,347.0,114.625,-10.625,110.1875,-4.0,6.0,-9.0,0x683f
1675371521.2052531,9758.0,4767.0,1734.0,277.5,-6.25,-77.4375,-11.0,-9.0,-4.0,0x684a
1675371521.314514,8963.0,4550.0,546.0,115.4375,-10.625,110.1875,8.0,2.0,-4.0,0x683f
1675371521.42433,9774.0,4756.0,1812.0,280.0,-6.3125,-77.5,-10.0,-11.0,4.0,0x684a
1675371521.531577,8963.0,4605.0,696.0,116.125,-10.6875,110.125,6.0,4.0,0.0,0x683f
1675371521.641141,9778.0,4742.0,1837.0,281.5625,-6.25,-77.5,-13.0,-9.0,13.0,0x684a
1675371521.74785,8849.0,4450.0,380.0,116.625,-10.6875,110.125,12.0,3.0,-3.0,0x683f
1675371521.858721,9874.0,4666.0,1806.0,284.3125,-6.25,-77.5625,-10.0,-18.0,-7.0,0x684a
1675371521.9660149,8837.0,4403.0,334.0,118.1875,-10.6875,110.0625,7.0,5.0,0.0,0x683f
1675371522.076927,9784.0,4753.0,1758.0,285.6875,-6.25,-77.4375,-8.0,-12.0,2.0,0x684a
1675371522.187189,8835.0,4416.0,341.0,118.8125,-10.75,110.0625,11.0,0.0,0.0,0x683f
1675371522.297664,9807.0,4765.0,1903.0,286.9375,-6.1875,-77.1875,-10.0,-11.0,-3.0,0x684a
1675371522.405838,8861.0,4446.0,325.0,118.75,-10.75,110.0,7.0,6.0,0.0,0x683f
1675371522.516182,10051.0,4508.0,1699.0,288.375,-6.25,-76.875,-16.0,-8.0,0.0,0x684a
1675371522.6239092,8961.0,4597.0,560.0,118.875,-10.8125,109.9375,13.0,2.0,-9.0,0x683f
1675371522.733071,9904.0,4663.0,1762.0,288.6875,-6.375,-76.625,-12.0,-13.0,0.0,0x684a
1675371522.839838,8832.0,4457.0,292.0,118.875,-10.875,109.875,15.0,4.0,8.0,0x683f
1675371522.948836,9729.0,4632.0,1182.0,289.1875,-6.5,-76.1875,-22.0,-16.0,3.0,0x684a
1675371523.058717,8978.0,4639.0,698.0,119.5625,-10.875,109.6875,-2.0,12.0,-8.0,0x683f
1675371523.16835,9683.0,4635.0,1147.0,290.75,-6.5625,-75.5625,-11.0,12.0,13.0,0x684a
1675371523.2790132,9041.0,4693.0,752.0,120.875,-10.875,109.9375,-12.0,9.0,3.0,0x683f
1675371523.38825,9925.0,4646.0,1675.0,290.375,-6.0625,-76.125,-11.0,-1.0,16.0,0x684a
1675371523.498484,8956.0,4563.0,547.0,120.875,-10.75,110.0,4.0,0.0,20.0,0x683f
1675371523.608414,9726.0,4742.0,1409.0,290.0,-5.9375,-76.0,-13.0,-12.0,-8.0,0x684a
1675371523.715898,8800.0,4489.0,388.0,118.125,-10.25,109.1875,-248.0,-115.0,-26.0,0x683f
1675371523.828821,9679.0,4746.0,1041.0,286.1875,-5.0625,-77.5,-21.0,-26.0,-24.0,0x684a
1675371523.9366882,8917.0,4621.0,560.0,110.3125,-17.375,92.1875,-119.0,65.0,2.0,0x683f
1675371524.046818,9604.0,4381.0,825.0,278.75,-2.625,-78.9375,-19.0,-45.0,34.0,0x684a
1675371524.155115,9487.0,4615.0,482.0,127.75,-26.75,118.9375,166.0,-124.0,-102.0,0x683f
1675371524.2633421,9634.0,4401.0,706.0,268.6875,1.625,-80.5,1.0,0.0,1.0,0x684a
1675371524.372402,9411.0,4705.0,542.0,168.25,-15.0625,136.25,-110.0,66.0,64.0,0x683f
1675371524.4809291,9920.0,4113.0,718.0,257.8125,4.75,-80.4375,-50.0,40.0,-37.0,0x684a
1675371524.590074,9260.0,4910.0,384.0,38.375,-10.125,141.0625,-56.0,153.0,144.0,0x683f
1675371524.698418,10015.0,4545.0,1420.0,258.4375,4.0625,-78.5625,-59.0,31.0,20.0,0x684a
1675371524.807774,9363.0,4642.0,918.0,174.6875,-13.75,136.625,-67.0,-71.0,74.0,0x683f
1675371524.917855,9839.0,4396.0,1103.0,267.9375,-2.0,-78.0,-18.0,21.0,-6.0,0x684a
1675371525.026459,9086.0,4557.0,762.0,154.125,-20.375,125.5625,-34.0,-11.0,13.0,0x683f
1675371525.134905,9306.0,4749.0,543.0,283.8125,-5.9375,-78.1875,3.0,-18.0,-11.0,0x684a
1675371525.242547,8801.0,4447.0,482.0,133.5625,-35.6875,118.125,9.0,4.0,-127.0,0x683f
1675371525.349924,9449.0,4579.0,1110.0,299.75,-5.6875,-77.375,10.0,-23.0,-39.0,0x684a
1675371525.45945,8946.0,4419.0,4039.0,129.75,-50.125,118.3125,218.0,12.0,-67.0,0x683f
1675371525.56795,9501.0,4477.0,850.0,310.0625,-5.25,-78.875,50.0,22.0,78.0,0x684a
1675371525.678611,8876.0,4699.0,1017.0,144.9375,-50.75,96.25,427.0,-435.0,-27.0,0x683f
1675371525.788186,9546.0,4625.0,793.0,309.5625,-5.4375,-77.5625,-8.0,51.0,-89.0,0x684a
1675371525.8984692,9100.0,4501.0,514.0,85.6875,-59.875,62.3125,-608.0,466.0,-149.0,0x683f
1675371526.0093372,9406.0,4819.0,678.0,301.0,-5.0625,-79.0625,9.0,-1.0,4.0,0x684a
1675371526.119672,9619.0,4642.0,653.0,16.0625,-53.0625,-32.9375,457.0,132.0,-116.0,0x683f
1675371526.227916,9636.0,4661.0,122.0,284.625,-4.875,-80.875,-32.0,-27.0,57.0,0x684a
1675371526.3395221,9622.0,4501.0,174.0,24.0625,-57.4375,-26.4375,-23.0,-405.0,-393.0,0x683f
1675371526.4478688,9840.0,5011.0,256.0,259.375,-3.5625,-84.8125,6.0,-49.0,61.0,0x684a
1675371526.557518,9957.0,4288.0,484.0,34.9375,-68.3125,0.8125,-26.0,-272.0,-94.0,0x683f
1675371526.66658,10156.0,5068.0,1069.0,240.1875,-1.1875,-86.0,238.0,-4.0,-104.0,0x684a
1675371526.778888,9838.0,4369.0,260.0,29.75,-68.5,-16.8125,72.0,-101.0,118.0,0x683f
1675371526.887105,9939.0,4949.0,1036.0,242.75,-2.3125,-86.6875,27.0,-43.0,-4.0,0x684a
1675371526.9947789,9906.0,4334.0,397.0,39.625,-66.3125,-20.375,-131.0,-2.0,-212.0,0x683f
1675371527.103894,9926.0,5009.0,968.0,242.8125,-3.8125,-84.875,26.0,0.0,-63.0,0x684a
1675371527.2148008,9890.0,4314.0,372.0,36.625,-64.0,-19.875,-46.0,-50.0,-17.0,0x683f
1675371527.325218,9944.0,4991.0,440.0,243.1875,-4.3125,-86.4375,-50.0,20.0,-35.0,0x684a
1675371527.4330869,9665.0,4121.0,623.0,36.125,-77.8125,-9.5,-15.0,-471.0,-28.0,0x683f
1675371527.544905,9535.0,5059.0,777.0,254.375,-6.9375,-84.6875,-11.0,-26.0,18.0,0x684a
1675371527.653656,9487.0,4509.0,842.0,18.875,-69.75,-76.25,-63.0,-86.0,-29.0,0x683f
1675371527.7638268,9970.0,4483.0,1137.0,270.75,-8.8125,-81.625,-56.0,-55.0,10.0,0x684a
1675371527.872312,9226.0,4973.0,332.0,22.5,-68.25,-39.25,-32.0,124.0,187.0,0x683f
1675371527.980588,9715.0,4886.0,566.0,282.9375,-7.1875,-80.125,23.0,-14.0,-1.0,0x684a
1675371528.08883,8818.0,4494.0,524.0,53.5,-60.125,43.25,203.0,-130.0,311.0,0x683f
1675371528.1983,9749.0,4770.0,612.0,290.6875,-6.0625,-79.1875,34.0,2.0,-3.0,0x684a
1675371528.307074,8840.0,4430.0,3981.0,160.0625,-42.5625,112.4375,-193.0,25.0,-740.0,0x683f
1675371528.416289,9622.0,4512.0,867.0,291.5,-4.5625,-78.9375,-24.0,-3.0,4.0,0x684a
1675371528.524601,8760.0,4275.0,704.0,122.5,-54.375,132.1875,185.0,-956.0,565.0,0x683f
1675371528.633174,9654.0,4543.0,885.0,289.0,-4.9375,-77.9375,-49.0,-24.0,-11.0,0x684a
1675371528.7412019,8907.0,4433.0,1008.0,113.1875,-55.6875,132.8125,96.0,4.0,-44.0,0x683f
1675371528.850073,9649.0,4604.0,824.0,288.3125,-6.0625,-76.8125,-16.0,-13.0,31.0,0x684a
1675371528.957815,8657.0,4405.0,592.0,103.5,-53.8125,126.9375,11.0,57.0,-74.0,0x683f
1675371529.0665789,9720.0,4529.0,686.0,287.25,-6.4375,-76.625,-28.0,-8.0,-1.0,0x684a
1675371529.173753,9123.0,4536.0,731.0,79.8125,-56.8125,120.0,51.0,47.0,-19.0,0x683f
1675371529.285171,9690.0,4361.0,1063.0,283.0,-6.625,-76.5,-33.0,-28.0,-15.0,0x684a
1675371529.393934,9248.0,4549.0,762.0,60.625,-60.125,126.75,-70.0,-27.0,10.0,0x683f
1675371529.5042298,9715.0,4717.0,1426.0,276.5,-5.875,-76.75,-11.0,-10.0,9.0,0x684a
1675371529.614509,9622.0,4004.0,502.0,47.25,-64.875,123.875,210.0,-304.0,211.0,0x683f
1675371529.7256582,9765.0,4811.0,1235.0,270.875,-4.625,-76.5,-38.0,-11.0,6.0,0x684a
1675371529.8354502,9354.0,4597.0,648.0,46.375,-68.1875,112.875,302.0,252.0,-33.0,0x683f
1675371529.9463968,9768.0,4813.0,1346.0,268.875,-4.1875,-76.6875,20.0,-27.0,18.0,0x684a
1675371530.0550132,9351.0,4564.0,3927.0,33.0625,-62.375,131.375,194.0,-289.0,43.0,0x683f
1675371530.163699,10008.0,4455.0,1404.0,272.8125,-4.3125,-76.4375,-36.0,3.0,-41.0,0x684a
1675371530.273102,8999.0,4325.0,4184.0,62.0625,-29.8125,115.5625,-44.0,348.0,-87.0,0x683f
1675371530.381118,9635.0,4405.0,871.0,276.9375,-4.75,-76.625,-11.0,-1.0,-6.0,0x684a
1675371530.490853,8842.0,4498.0,454.0,119.4375,-7.25,103.25,-458.0,-7.0,-256.0,0x683f
1675371530.599256,9745.0,4672.0,1442.0,276.125,-4.5625,-77.6875,-19.0,1.0,27.0,0x684a
1675371530.710277,9017.0,4699.0,746.0,130.25,-7.75,110.5,121.0,-157.0,-40.0,0x683f
1675371530.819049,9653.0,4595.0,998.0,275.4375,-4.4375,-77.1875,-35.0,-13.0,0.0,0x684a
1675371530.928912,8857.0,4672.0,608.0,129.25,-5.625,111.375,29.0,-4.0,5.0,0x683f
1675371531.0367281,9890.0,4629.0,1383.0,276.75,-5.1875,-76.3125,-9.0,-11.0,-1.0,0x684a
1675371531.144574,9007.0,4754.0,852.0,126.875,-5.4375,111.625,20.0,2.0,-7.0,0x683f
1675371531.254391,10048.0,4406.0,1303.0,278.3125,-5.375,-76.3125,-14.0,-11.0,5.0,0x684a
1675371531.3613539,9005.0,4744.0,828.0,130.0625,-5.4375,112.4375,29.0,29.0,-2.0,0x683f
1675371531.4692621,9889.0,4532.0,1348.0,279.125,-5.1875,-76.75,-24.0,-3.0,-7.0,0x684a
1675371531.578609,8986.0,4710.0,618.0,132.125,-5.8125,111.6875,23.0,0.0,10.0,0x683f
1675371531.688303,9725.0,4760.0,1334.0,280.4375,-5.25,-76.9375,-13.0,-5.0,5.0,0x684a
1675371531.7967691,8924.0,4590.0,486.0,132.6875,-6.25,110.75,-1.0,19.0,5.0,0x683f
1675371531.9057531,9754.0,4728.0,1477.0,281.5,-5.875,-76.875,-14.0,-16.0,-11.0,0x684a
1675371532.012861,8993.0,4577.0,590.0,133.3125,-6.375,110.5,3.0,8.0,-4.0,0x683f
1675371532.123281,9803.0,4704.0,1472.0,281.375,-5.875,-76.75,-7.0,-11.0,-6.0,0x684a
1675371532.2308218,8943.0,4578.0,552.0,131.625,-6.875,110.125,35.0,0.0,10.0,0x683f
1675371532.3382819,9855.0,4658.0,1484.0,281.5,-5.625,-76.25,-11.0,-7.0,0.0,0x684a
1675371532.4461288,8874.0,4550.0,389.0,132.6875,-6.75,110.0625,16.0,7.0,-1.0,0x683f
1675371532.55338,9825.0,4661.0,1371.0,282.375,-5.625,-75.875,-5.0,-13.0,-1.0,0x684a
1675371532.660583,8899.0,4587.0,454.0,133.25,-6.9375,110.0,-2.0,4.0,-3.0,0x683f
1675371532.768267,9697.0,4852.0,1253.0,282.875,-5.5625,-75.8125,-6.0,-12.0,3.0,0x684a
1675371532.875993,9013.0,4633.0,670.0,133.5,-6.9375,109.9375,3.0,10.0,-1.0,0x683f
1675371532.986125,9701.0,4910.0,1161.0,283.125,-5.6875,-75.8125,-5.0,-15.0,1.0,0x684a
1675371533.093529,8925.0,4625.0,513.0,134.125,-7.0625,110.0,8.0,3.0,-7.0,0x683f
1675371533.203087,9724.0,4809.0,1349.0,283.125,-5.75,-75.875,-8.0,-8.0,-3.0,0x684a
1675371533.3100119,8981.0,4601.0,616.0,134.625,-7.0625,110.0,-7.0,7.0,7.0,0x683f
1675371533.419416,9806.0,4727.0,1577.0,283.8125,-5.6875,-75.75,-20.0,-8.0,-3.0,0x684a
1675371533.527991,9025.0,4695.0,763.0,134.9375,-7.1875,110.0625,9.0,3.0,0.0,0x683f
1675371533.636441,9810.0,4746.0,1575.0,283.75,-5.625,-75.6875,-9.0,-12.0,2.0,0x684a
1675371533.745825,9033.0,4725.0,775.0,135.625,-7.375,110.25,10.0,3.0,-4.0,0x683f
1675371533.8547032,9780.0,4707.0,1390.0,283.9375,-5.4375,-75.875,-6.0,-12.0,-2.0,0x684a
1675371533.962838,9052.0,4694.0,774.0,136.125,-7.375,110.4375,0.0,3.0,0.0,0x683f
1675371534.074555,9786.0,4741.0,1459.0,284.0,-5.3125,-76.0,-14.0,-9.0,-6.0,0x684a
1675371534.181191,9054.0,4704.0,832.0,136.375,-7.375,110.4375,10.0,0.0,-8.0,0x683f
1675371534.2929,9767.0,4800.0,1381.0,283.8125,-5.375,-76.0625,-8.0,-10.0,-3.0,0x684a
1675371534.401462,9031.0,4686.0,841.0,136.5,-7.4375,110.4375,5.0,6.0,-5.0,0x683f
1675371534.5094452,9781.0,4726.0,1508.0,283.625,-5.25,-76.0625,-8.0,-14.0,-3.0,0x684a
1675371534.6154811,9011.0,4697.0,758.0,136.5625,-7.4375,110.4375,2.0,0.0,0.0,0x683f
1675371534.7242,9839.0,4752.0,1347.0,283.875,-5.1875,-76.0,-16.0,-9.0,-3.0,0x684a
1675371534.8317928,9027.0,4712.0,785.0,137.0625,-7.4375,110.4375,4.0,3.0,-5.0,0x683f
1675371534.940935,9826.0,4672.0,1551.0,283.375,-5.1875,-75.75,-11.0,-12.0,-13.0,0x684a
1675371535.0513852,9034.0,4718.0,740.0,137.1875,-7.5,110.4375,6.0,8.0,-5.0,0x683f
1675371535.160744,9728.0,4745.0,1479.0,283.625,-5.125,-75.4375,-10.0,-13.0,-3.0,0x684a
1675371535.2698061,9036.0,4674.0,722.0,136.875,-7.5625,110.4375,2.0,5.0,-11.0,0x683f
1675371535.3775601,9783.0,4728.0,1517.0,283.8125,-5.0625,-75.25,-18.0,-13.0,-9.0,0x684a
1675371535.4848251,9006.0,4660.0,653.0,136.9375,-7.5625,110.25,8.0,1.0,-7.0,0x683f
1675371535.593921,9813.0,4706.0,1595.0,283.75,-5.0625,-74.9375,-15.0,-11.0,0.0,0x684a
1675371535.702278,8985.0,4647.0,640.0,137.1875,-7.625,110.25,5.0,6.0,-6.0,0x683f
1675371535.8142378,9885.0,4654.0,1646.0,284.3125,-5.25,-74.875,-15.0,-7.0,-7.0,0x684a
1675371535.921576,8974.0,4635.0,668.0,137.375,-7.6875,110.25,10.0,7.0,0.0,0x683f
1675371536.0302231,9801.0,4697.0,1156.0,284.4375,-5.25,-74.25,-7.0,-28.0,3.0,0x684a
1675371536.138525,8956.0,4597.0,620.0,137.25,-7.875,110.125,0.0,9.0,-5.0,0x683f
1675371536.247604,9653.0,4757.0,751.0,284.6875,-5.8125,-74.0,-15.0,-4.0,0.0,0x684a
1675371536.354911,9009.0,4550.0,611.0,138.0,-7.75,110.0625,-13.0,3.0,5.0,0x683f
1675371536.464345,9776.0,4686.0,1447.0,284.5,-5.6875,-73.8125,-17.0,-3.0,-2.0,0x684a
1675371536.572587,9003.0,4623.0,628.0,140.125,-7.375,109.875,-18.0,12.0,-3.0,0x683f
1675371536.6812968,9904.0,4671.0,1292.0,284.125,-6.25,-73.4375,-2.0,1.0,-13.0,0x684a
1675371536.78996,9047.0,4553.0,4144.0,133.75,-5.875,110.6875,-231.0,-123.0,107.0,0x683f
1675371536.899662,9763.0,4905.0,1202.0,280.0,-6.5,-75.125,-34.0,-49.0,-9.0,0x684a
1675371537.009016,8981.0,4504.0,799.0,110.625,-11.125,89.8125,240.0,241.0,-59.0,0x683f
1675371537.1165109,9789.0,4372.0,864.0,271.6875,-4.375,-77.5,-17.0,-8.0,-7.0,0x684a
1675371537.225281,9355.0,4541.0,3807.0,127.375,-29.875,121.125,146.0,-59.0,27.0,0x683f
1675371537.333409,9886.0,4596.0,1444.0,260.125,0.0,-79.25,-9.0,16.0,-23.0,0x684a
1675371537.443125,9345.0,4758.0,525.0,56.4375,-9.9375,138.875,-384.0,-108.0,153.0,0x683f
1675371537.55284,9765.0,4430.0,895.0,251.4375,5.0625,-79.8125,-20.0,42.0,-29.0,0x684a
1675371537.662718,9360.0,4809.0,655.0,54.6875,-7.5,144.125,212.0,-30.0,-35.0,0x683f
1675371537.770921,9701.0,4645.0,1038.0,253.125,5.4375,-78.0625,-16.0,-19.0,71.0,0x684a
1675371537.879447,9286.0,4782.0,378.0,55.3125,-4.875,141.875,-94.0,-201.0,200.0,0x683f
1675371537.9918962,9793.0,4731.0,1476.0,257.5,2.75,-76.125,-20.0,22.0,-25.0,0x684a
1675371538.1020522,9226.0,4613.0,815.0,197.8125,-10.5625,134.6875,-139.0,-98.0,32.0,0x683f
1675371538.211659,9768.0,4737.0,1416.0,271.3125,-3.5625,-75.6875,13.0,-14.0,-1.0,0x684a
1675371538.322443,9079.0,4619.0,769.0,161.0,-24.4375,126.75,1.0,-2.0,26.0,0x683f
1675371538.431472,9439.0,4489.0,595.0,287.0625,-6.9375,-76.375,12.0,-21.0,-1.0,0x684a
1675371538.540797,8799.0,4482.0,538.0,132.5625,-42.5,123.75,78.0,40.0,-25.0,0x683f
1675371538.6488588,9144.0,4402.0,646.0,296.875,-6.5625,-74.375,0.0,-3.0,9.0,0x684a
1675371538.756238,8685.0,4247.0,313.0,138.25,-53.0,131.4375,137.0,-1.0,37.0,0x683f
1675371538.864942,9258.0,4436.0,745.0,301.75,-5.6875,-74.8125,55.0,7.0,77.0,0x684a
1675371538.9736488,8770.0,4593.0,984.0,145.625,-55.25,107.1875,263.0,-391.0,-169.0,0x683f
1675371539.0827231,9635.0,4488.0,963.0,300.375,-5.8125,-75.625,29.0,0.0,-56.0,0x684a
1675371539.191256,8972.0,4576.0,499.0,104.625,-56.3125,57.4375,-546.0,482.0,-299.0,0x683f
1675371539.2987788,9613.0,4462.0,722.0,292.9375,-4.875,-78.0625,7.0,0.0,25.0,0x684a
1675371539.407346,9364.0,4733.0,918.0,30.25,-63.9375,-35.0625,-144.0,-186.0,77.0,0x683f
1675371539.515859,9665.0,5069.0,715.0,276.375,-4.5,-80.25,1.0,-32.0,36.0,0x684a
1675371539.624646,9712.0,4331.0,737.0,30.9375,-51.6875,-48.375,413.0,-211.0,-71.0,0x683f
1675371539.74823,9998.0,4805.0,530.0,257.0625,-4.3125,-84.375,-23.0,-16.0,17.0,0x684a
1675371539.860107,9687.0,4266.0,317.0,47.0,-69.6875,-4.6875,-4.0,-442.0,-23.0,0x683f
1675371539.9705641,9747.0,5223.0,-348.0,234.4375,-1.0625,-83.9375,-16.0,6.0,-42.0,0x684a
1675371540.0795882,9876.0,4300.0,343.0,41.875,-77.5625,-25.5,-136.0,-121.0,22.0,0x683f
1675371540.1899688,9933.0,4988.0,495.0,231.0625,-0.5625,-83.875,-36.0,8.0,6.0,0x684a
1675371540.297676,9859.0,4111.0,460.0,32.625,-67.125,-17.4375,-93.0,-104.0,159.0,0x683f
1675371540.410165,9871.0,5116.0,627.0,233.5,-2.0,-85.4375,-1.0,-3.0,1.0,0x684a
1675371540.519786,9715.0,4201.0,156.0,49.5,-67.75,-22.0,-119.0,-48.0,-398.0,0x683f
1675371540.630089,10519.0,4970.0,1464.0,230.25,-3.4375,-83.5,-23.0,-7.0,-25.0,0x684a
1675371540.74116,9846.0,4287.0,434.0,44.875,-66.8125,-20.9375,139.0,-81.0,280.0,0x683f
1675371540.850139,9801.0,5013.0,239.0,229.25,-2.8125,-85.375,-33.0,23.0,-76.0,0x684a
1675371540.960126,9583.0,4703.0,80.0,52.375,-70.25,6.5,-10.0,-730.0,-39.0,0x683f
1675371541.069757,9981.0,5054.0,532.0,238.9375,-5.125,-82.5,-5.0,13.0,-2.0,0x684a
1675371541.17802,9458.0,4414.0,4087.0,35.0,-73.8125,-58.375,110.0,-52.0,-216.0,0x683f
1675371541.287852,9927.0,4400.0,1214.0,259.25,-6.625,-81.625,-24.0,-39.0,42.0,0x684a
1675371541.397147,9254.0,4822.0,468.0,33.75,-64.25,-55.5625,153.0,154.0,105.0,0x683f
1675371541.507064,9687.0,4568.0,405.0,274.3125,-5.5625,-77.9375,-16.0,12.0,74.0,0x684a
1675371541.616204,8962.0,4675.0,738.0,53.625,-66.5625,29.4375,129.0,-4.0,231.0,0x683f
1675371541.725167,9763.0,4850.0,1148.0,281.5,-3.5,-79.6875,6.0,33.0,50.0,0x684a
1675371541.8333561,8877.0,4569.0,917.0,138.375,-37.8125,93.8125,-443.0,-53.0,-479.0,0x683f
1675371541.941365,9978.0,4696.0,995.0,281.25,-3.0625,-79.25,14.0,-9.0,17.0,0x684a
1675371542.052243,8914.0,4510.0,3866.0,152.9375,-43.125,121.0625,134.0,-550.0,-210.0,0x683f
1675371542.160073,9637.0,4731.0,1054.0,279.75,-3.875,-78.5,-55.0,-13.0,8.0,0x684a
1675371542.2694368,8822.0,4563.0,3853.0,142.3125,-43.25,115.125,155.0,-23.0,-85.0,0x683f
1675371542.377735,9419.0,4703.0,386.0,278.375,-5.9375,-77.3125,-25.0,-18.0,0.0,0x684a
1675371542.486995,8972.0,4494.0,579.0,131.375,-38.5625,117.5625,-18.0,14.0,-85.0,0x683f
1675371542.596607,9279.0,4548.0,838.0,277.75,-7.125,-76.625,-4.0,-14.0,-26.0,0x684a
1675371542.704706,9083.0,4629.0,1003.0,140.8125,-26.25,123.25,-19.0,56.0,126.0,0x683f
1675371542.812513,9962.0,4472.0,1256.0,274.3125,-7.125,-77.0,4.0,-22.0,12.0,0x684a
1675371542.921205,9159.0,4604.0,673.0,137.25,-21.75,131.5625,-18.0,-28.0,27.0,0x683f
1675371543.029551,9711.0,4627.0,1382.0,266.25,-6.1875,-76.9375,-7.0,-20.0,5.0,0x684a
1675371543.140306,9392.0,4394.0,4108.0,129.5,-23.625,135.1875,136.0,-117.0,65.0,0x683f
1675371543.251293,9802.0,4833.0,1326.0,260.75,-5.0,-76.5,-29.0,-9.0,-4.0,0x684a
1675371543.359333,9278.0,4553.0,777.0,130.375,-24.6875,133.0625,317.0,-110.0,349.0,0x683f
1675371543.484202,9788.0,4847.0,1393.0,261.0,-4.6875,-76.5,-9.0,-15.0,-1.0,0x684a
1675371543.592182,9168.0,4629.0,951.0,82.3125,-41.1875,105.75,580.0,-13.0,20.0,0x683f
1675371543.7002969,9752.0,4553.0,1114.0,265.6875,-5.125,-77.125,-31.0,-17.0,7.0,0x684a
1675371543.806838,8785.0,4504.0,408.0,129.375,-7.25,103.125,-416.0,27.0,-206.0,0x683f
1675371543.91806,9949.0,4477.0,1174.0,269.5,-5.25,-77.125,11.0,-13.0,-2.0,0x684a
1675371544.025151,8912.0,4484.0,360.0,147.0,-5.9375,110.0,89.0,-116.0,62.0,0x683f
1675371544.1350012,9876.0,4637.0,1577.0,272.25,-4.625,-76.8125,3.0,-15.0,21.0,0x684a
1675371544.242149,8866.0,4605.0,449.0,143.75,-6.8125,110.5625,6.0,3.0,-2.0,0x683f
1675371544.349443,9882.0,4671.0,1609.0,273.875,-4.5625,-76.5,-3.0,-11.0,0.0,0x684a
1675371544.456704,8855.0,4481.0,341.0,144.0,-6.6875,110.8125,39.0,6.0,-23.0,0x683f
1675371544.5658371,10152.0,4398.0,1549.0,273.8125,-5.1875,-76.75,-7.0,-13.0,1.0,0x684a
1675371544.673625,8756.0,4614.0,482.0,145.875,-6.8125,110.5,6.0,6.0,1.0,0x683f
1675371544.817131,10066.0,4415.0,1529.0,274.25,-5.5625,-76.8125,-8.0,-9.0,3.0,0x684a
1675371544.924705,8871.0,4544.0,358.0,147.5625,-6.6875,110.5625,49.0,10.0,-19.0,0x683f
1675371545.033886,10092.0,4331.0,1429.0,274.9375,-5.6875,-76.625,8.0,12.0,0.0,0x684a
1675371545.143036,8852.0,4506.0,301.0,150.0625,-6.8125,110.375,34.0,8.0,3.0,0x683f
1675371545.251627,9789.0,4566.0,1346.0,274.9375,-5.6875,-76.8125,-8.0,-13.0,-2.0,0x684a
1675371545.361802,8763.0,4570.0,406.0,150.5,-6.8125,110.625,13.0,4.0,1.0,0x683f
1675371545.469999,9722.0,4539.0,1188.0,275.125,-5.75,-76.625,-8.0,-12.0,0.0,0x684a
1675371545.57697,8883.0,4519.0,394.0,151.25,-6.8125,110.75,12.0,11.0,-5.0,0x683f
1675371545.6879842,9751.0,4597.0,1212.0,275.5625,-5.75,-76.5625,-12.0,-10.0,8.0,0x684a
1675371545.79857,8872.0,4520.0,357.0,151.5625,-6.75,110.8125,15.0,2.0,-11.0,0x683f
1675371545.9079769,9594.0,4442.0,828.0,275.8125,-5.625,-76.5,-5.0,-12.0,-10.0,0x684a
1675371546.016031,8811.0,4582.0,480.0,152.4375,-6.75,110.8125,19.0,8.0,-5.0,0x683f
1675371546.125149,9545.0,4503.0,975.0,276.4375,-5.6875,-76.5625,-5.0,-15.0,-6.0,0x684a
1675371546.234072,8902.0,4494.0,443.0,153.125,-6.8125,111.0,11.0,5.0,-2.0,0x683f
1675371546.3427782,9665.0,4534.0,1014.0,277.0,-5.5625,-76.8125,-4.0,-10.0,0.0,0x684a
1675371546.449936,8910.0,4492.0,437.0,154.125,-6.8125,111.125,11.0,4.0,-3.0,0x683f
1675371546.557555,9821.0,4523.0,1241.0,277.125,-5.625,-77.25,-7.0,-8.0,1.0,0x684a
1675371546.6663349,8904.0,4494.0,461.0,154.5,-6.8125,111.0625,-9.0,-13.0,-9.0,0x683f
1675371546.775699,9943.0,4281.0,1096.0,277.3125,-5.75,-77.3125,-10.0,-14.0,-1.0,0x684a
1675371546.882695,8792.0,4535.0,448.0,154.9375,-6.75,111.0625,15.0,1.0,-12.0,0x683f
1675371546.991442,9850.0,4354.0,1065.0,278.1875,-5.8125,-77.125,-4.0,-17.0,-2.0,0x684a
1675371547.0983949,8769.0,4512.0,386.0,155.5,-6.8125,111.0625,22.0,-1.0,-5.0,0x683f
1675371547.208287,9819.0,4140.0,863.0,278.6875,-5.8125,-77.0,1.0,3.0,1.0,0x684a
1675371547.31524,8753.0,4622.0,463.0,155.9375,-6.8125,110.875,13.0,4.0,0.0,0x683f
1675371547.425565,9551.0,4455.0,898.0,278.1875,-5.9375,-76.8125,-8.0,-5.0,10.0,0x684a
1675371547.5330691,8880.0,4510.0,407.0,155.9375,-6.875,110.8125,5.0,6.0,-12.0,0x683f
1675371547.642189,9570.0,4482.0,925.0,278.1875,-5.8125,-76.5,-7.0,-13.0,0.0,0x684a
1675371547.7491221,8941.0,4504.0,486.0,155.75,-7.0625,110.9375,13.0,4.0,6.0,0x683f
1675371547.8579042,9677.0,4649.0,998.0,278.0,-5.625,-76.5,-7.0,-11.0,-6.0,0x684a
1675371547.9658802,8834.0,4592.0,484.0,155.8125,-7.0625,110.9375,2.0,6.0,-11.0,0x683f
1675371548.07443,9828.0,4689.0,1561.0,277.5,-5.75,-76.4375,-10.0,-13.0,1.0,0x684a
1675371548.183021,8902.0,4525.0,540.0,155.5,-7.3125,110.875,1.0,4.0,-5.0,0x683f
1675371548.291847,9785.0,4691.0,1409.0,276.75,-5.625,-76.3125,-16.0,-13.0,-3.0,0x684a
1675371548.397878,8896.0,4525.0,558.0,155.1875,-7.375,111.125,-1.0,7.0,-7.0,0x683f
1675371548.505912,9711.0,4648.0,1368.0,276.625,-5.375,-76.0,-11.0,-12.0,0.0,0x684a
1675371548.614648,8880.0,4525.0,528.0,155.3125,-7.5,111.25,0.0,1.0,-2.0,0x683f
1675371548.7237902,9692.0,4711.0,1333.0,276.5625,-5.3125,-75.75,-9.0,-19.0,3.0,0x684a
1675371548.833487,8836.0,4567.0,527.0,155.3125,-7.4375,111.4375,-4.0,0.0,-16.0,0x683f
1675371548.941605,9719.0,4715.0,1451.0,276.4375,-5.3125,-75.625,0.0,-14.0,1.0,0x684a
1675371549.04911,8820.0,4579.0,510.0,155.4375,-7.5,111.625,4.0,7.0,-6.0,0x683f
1675371549.15754,9680.0,4830.0,1393.0,276.875,-5.375,-75.6875,-2.0,-11.0,-5.0,0x684a
1675371549.265356,8922.0,4506.0,534.0,155.6875,-7.375,111.4375,15.0,7.0,-6.0,0x683f
1675371549.376102,9775.0,4703.0,1476.0,277.0,-6.0,-75.625,-5.0,-18.0,13.0,0x684a
1675371549.484894,8807.0,4504.0,457.0,156.1875,-7.25,111.375,6.0,7.0,0.0,0x683f
1675371549.594877,9876.0,4742.0,1443.0,277.8125,-6.3125,-75.625,-8.0,-7.0,-2.0,0x684a
1675371549.703412,8959.0,4523.0,4203.0,158.0,-6.875,111.0,-2.0,4.0,32.0,0x683f
1675371549.813903,9914.0,4626.0,1640.0,280.25,-6.5,-75.1875,-8.0,-14.0,0.0,0x684a
1675371549.923247,8899.0,4635.0,613.0,160.5625,-6.5625,110.75,-27.0,17.0,-4.0,0x683f
1675371550.0332422,9754.0,4814.0,1331.0,280.25,-7.0,-76.125,8.0,-13.0,3.0,0x684a
1675371550.141404,8852.0,4565.0,576.0,150.375,-9.6875,103.25,-322.0,-3.0,92.0,0x683f
1675371550.2487118,9749.0,4607.0,1078.0,273.5,-4.875,-79.0625,-21.0,-24.0,20.0,0x684a
1675371550.3559282,9245.0,4642.0,590.0,142.8125,-28.4375,100.125,131.0,128.0,-170.0,0x683f
1675371550.464006,9786.0,4394.0,893.0,261.6875,-1.0,-79.6875,-3.0,-5.0,-55.0,0x684a
1675371550.57331,9287.0,4581.0,544.0,164.5625,-23.75,132.875,54.0,-163.0,-31.0,0x683f
1675371550.6806688,9826.0,4567.0,1064.0,247.875,3.9375,-79.8125,21.0,65.0,-1.0,0x684a
1675371550.7883,9331.0,4726.0,539.0,66.5625,-11.6875,142.125,-557.0,155.0,119.0,0x683f
1675371550.897504,9923.0,4631.0,1480.0,243.875,5.125,-79.3125,-28.0,26.0,32.0,0x684a
1675371551.0053911,9375.0,4672.0,818.0,60.625,-13.625,144.0,40.0,-75.0,58.0,0x683f
1675371551.116569,10041.0,4643.0,1570.0,243.875,0.75,-78.0625,-90.0,-8.0,-18.0,0x684a
1675371551.22404,9246.0,4588.0,589.0,56.375,-16.75,139.5625,-113.0,-192.0,176.0,0x683f
1675371551.334096,10175.0,4472.0,1475.0,250.5,-3.75,-78.125,-38.0,7.0,-45.0,0x684a
1675371551.442608,9111.0,4575.0,756.0,176.8125,-19.3125,127.5625,92.0,-36.0,25.0,0x683f
1675371551.550794,9525.0,4764.0,1157.0,268.25,-7.5,-78.8125,-18.0,-21.0,-27.0,0x684a
1675371551.657111,8948.0,4581.0,719.0,157.8125,-32.9375,120.875,99.0,-59.0,38.0,0x683f
1675371551.765113,9730.0,4348.0,678.0,283.875,-7.4375,-78.0625,14.0,-9.0,-14.0,0x684a
1675371551.875329,8912.0,4448.0,668.0,149.0625,-47.3125,128.9375,311.0,195.0,-232.0,0x683f
1675371551.9839308,9921.0,4586.0,901.0,292.75,-6.25,-77.1875,-16.0,-17.0,96.0,0x684a
1675371552.094146,8817.0,4590.0,3951.0,161.75,-52.8125,113.6875,152.0,-658.0,74.0,0x683f
1675371552.2049851,9572.0,4676.0,540.0,291.125,-4.25,-77.75,-32.0,-3.0,-5.0,0x684a
1675371552.314076,8873.0,4579.0,433.0,125.875,-62.1875,58.25,-417.0,536.0,-157.0,0x683f
1675371552.422805,9862.0,4763.0,888.0,285.625,-3.5625,-79.25,17.0,19.0,-10.0,0x684a
1675371552.5325508,9430.0,4781.0,796.0,48.4375,-57.375,-34.625,81.0,223.0,93.0,0x683f
1675371552.640378,9604.0,4621.0,469.0,270.8125,-4.1875,-81.125,12.0,-35.0,10.0,0x684a
1675371552.750047,9754.0,4527.0,637.0,47.5,-59.8125,-40.1875,204.0,-216.0,-107.0,0x683f
1675371552.864655,9806.0,4851.0,864.0,250.6875,-4.1875,-83.6875,8.0,-37.0,-83.0,0x684a
1675371552.97513,9718.0,4860.0,-188.0,61.0625,-65.1875,-14.0,-29.0,-238.0,33.0,0x683f
1675371553.0856252,9941.0,4526.0,1170.0,231.9375,-1.375,-85.5,34.0,18.0,-182.0,0x684a
1675371553.196207,9752.0,4707.0,-178.0,62.0625,-72.4375,-26.3125,-216.0,-20.0,-5.0,0x683f
1675371553.305783,9997.0,4602.0,1305.0,229.8125,-0.8125,-84.8125,-34.0,-1.0,-27.0,0x684a
1675371553.415829,9853.0,4306.0,265.0,53.25,-66.4375,-25.0,97.0,-39.0,236.0,0x683f
1675371553.5246668,10264.0,4292.0,1443.0,231.0625,-3.5,-87.125,-37.0,-31.0,-53.0,0x684a
1675371553.6361349,9948.0,4374.0,398.0,65.125,-68.125,-29.1875,-55.0,-46.0,-202.0,0x683f
1675371553.759684,9880.0,4924.0,425.0,229.5,-4.625,-86.6875,11.0,17.0,-52.0,0x684a
1675371553.869047,9998.0,4753.0,130.0,64.0,-66.875,-22.6875,-234.0,-497.0,10.0,0x683f
1675371553.976386,9212.0,5716.0,-27.0,233.5625,-5.625,-85.875,-37.0,-46.0,-65.0,0x684a
1675371554.085335,9451.0,4844.0,586.0,49.5625,-63.375,-54.75,76.0,-852.0,-94.0,0x683f
1675371554.194853,9619.0,4681.0,559.0,251.5625,-7.9375,-82.875,8.0,-44.0,-25.0,0x684a
1675371554.30351,9334.0,4875.0,638.0,42.4375,-37.875,-46.25,193.0,35.0,3.0,0x683f
1675371554.413344,9634.0,4892.0,234.0,269.5625,-7.625,-78.3125,-22.0,-17.0,-52.0,0x684a
1675371554.519752,8954.0,4556.0,594.0,55.3125,-44.3125,-10.8125,-19.0,-15.0,113.0,0x683f
1675371554.628486,9736.0,4735.0,950.0,280.1875,-5.6875,-77.5,21.0,27.0,18.0,0x684a
1675371554.738251,8862.0,4524.0,3749.0,127.375,-68.0625,25.0,-367.0,89.0,-472.0,0x683f
1675371554.848615,9745.0,4748.0,955.0,282.0,-5.3125,-77.9375,-12.0,20.0,-10.0,0x684a
1675371554.9558852,8758.0,4262.0,742.0,145.25,-63.75,147.875,351.0,-517.0,-164.0,0x683f
1675371555.064893,9842.0,4649.0,1083.0,279.3125,-5.125,-77.1875,-32.0,-27.0,49.0,0x684a
1675371555.174145,8869.0,4386.0,3770.0,128.0625,-65.0625,147.625,132.0,-104.0,-49.0,0x683f
1675371555.283089,9718.0,4619.0,933.0,280.125,-6.9375,-75.8125,-23.0,-20.0,-18.0,0x684a
1675371555.3904908,8834.0,4504.0,864.0,116.5,-55.75,147.875,31.0,68.0,-195.0,0x683f
1675371555.5030231,9417.0,4747.0,992.0,280.3125,-7.25,-75.5625,-19.0,-29.0,-23.0,0x684a
1675371555.6109812,8980.0,4319.0,576.0,97.75,-55.875,139.5625,-3.0,-7.0,-28.0,0x683f
1675371555.719466,10081.0,4527.0,1852.0,276.0,-7.0,-75.5625,8.0,-13.0,6.0,0x684a
1675371555.828012,9311.0,4495.0,3819.0,71.3125,-60.9375,140.625,-59.0,7.0,-11.0,0x683f
1675371555.9368992,9738.0,4764.0,1211.0,270.125,-6.75,-76.125,-22.0,-11.0,2.0,0x684a
1675371556.045286,9453.0,4424.0,956.0,56.375,-68.9375,127.1875,87.0,-293.0,83.0,0x683f
1675371556.15346,9917.0,4529.0,1217.0,266.0625,-6.0,-75.625,-54.0,-1.0,-6.0,0x684a
1675371556.263998,9498.0,4143.0,382.0,57.625,-70.375,110.125,176.0,-418.0,-48.0,0x683f
1675371556.3739,9625.0,4874.0,1221.0,265.75,-5.8125,-75.5625,3.0,-18.0,34.0,0x684a
1675371556.4825869,9340.0,4507.0,1022.0,52.4375,-70.875,125.375,292.0,-203.0,-13.0,0x683f
1675371556.593297,9642.0,4709.0,1077.0,267.4375,-5.4375,-76.25,-8.0,-21.0,0.0,0x684a
1675371556.704709,9035.0,4482.0,662.0,67.6875,-43.0,138.5625,-186.0,141.0,-74.0,0x683f
1675371556.8145978,9614.0,4887.0,1018.0,271.6875,-5.3125,-75.6875,12.0,-9.0,-9.0,0x684a
1675371556.922858,8803.0,4560.0,486.0,136.9375,-9.75,105.5625,-258.0,121.0,-192.0,0x683f
1675371557.032063,9465.0,4569.0,775.0,270.9375,-5.5625,-76.3125,-9.0,-27.0,18.0,0x684a
1675371557.139743,8882.0,4564.0,541.0,152.0625,-9.75,112.125,121.0,-208.0,244.0,0x683f
1675371557.247776,9380.0,4684.0,569.0,271.0625,-5.1875,-75.25,-8.0,-30.0,-18.0,0x684a
1675371557.356916,8895.0,4637.0,417.0,151.4375,-8.75,109.625,89.0,-46.0,-4.0,0x683f
1675371557.46386,9513.0,4439.0,792.0,272.75,-5.625,-74.9375,-17.0,-17.0,-21.0,0x684a
1675371557.570366,8920.0,4573.0,528.0,151.5,-8.5625,109.625,15.0,10.0,-19.0,0x683f
1675371557.680258,9504.0,4530.0,846.0,274.3125,-6.0,-75.1875,-7.0,-7.0,1.0,0x684a
1675371557.7898712,8902.0,4606.0,490.0,151.625,-8.0625,109.8125,23.0,8.0,-7.0,0x683f
1675371557.898829,9493.0,4595.0,805.0,276.1875,-6.0,-75.8125,-7.0,-10.0,0.0,0x684a
1675371558.0061061,8908.0,4625.0,456.0,151.0,-7.75,110.0625,34.0,24.0,-11.0,0x683f
1675371558.1135511,9879.0,4536.0,1244.0,277.125,-6.0625,-76.375,-4.0,-12.0,-3.0,0x684a
1675371558.222317,8911.0,4664.0,501.0,150.5,-7.625,110.3125,6.0,8.0,-17.0,0x683f
1675371558.331172,9632.0,4572.0,1026.0,277.75,-5.8125,-76.5,-2.0,-13.0,-2.0,0x684a
1675371558.439275,8883.0,4655.0,490.0,150.0625,-7.625,110.25,-8.0,15.0,-10.0,0x683f
1675371558.546839,9923.0,4512.0,1328.0,278.125,-5.875,-76.625,-4.0,-6.0,12.0,0x684a
1675371558.6540108,8950.0,4667.0,531.0,149.5,-7.6875,109.8125,18.0,8.0,-4.0,0x683f
1675371558.764019,9749.0,4680.0,1264.0,277.75,-6.0625,-76.8125,-7.0,-13.0,0.0,0x684a
1675371558.873783,8938.0,4663.0,4247.0,148.1875,-7.6875,109.8125,22.0,3.0,-18.0,0x683f
1675371558.982809,9953.0,4600.0,1542.0,277.625,-6.125,-76.9375,-14.0,-10.0,-5.0,0x684a
1675371559.0898209,8928.0,4648.0,480.0,146.5625,-7.75,109.6875,6.0,5.0,-5.0,0x683f
1675371559.199141,9730.0,4771.0,1382.0,276.1875,-6.1875,-76.9375,-13.0,-9.0,-2.0,0x684a
1675371559.30664,8979.0,4646.0,531.0,144.375,-7.75,109.5625,2.0,4.0,-13.0,0x683f
1675371559.415137,9785.0,4720.0,1482.0,274.625,-6.3125,-76.9375,-15.0,-19.0,-7.0,0x684a
1675371559.5227451,8975.0,4626.0,552.0,141.6875,-7.625,109.5625,-3.0,3.0,-5.0,0x683f
1675371559.632013,9757.0,4796.0,1514.0,273.1875,-6.375,-76.625,-9.0,-13.0,1.0,0x684a
1675371559.738996,8970.0,4655.0,586.0,139.4375,-7.625,109.5625,20.0,7.0,0.0,0x683f
1675371559.8491058,9784.0,4806.0,1492.0,270.875,-6.375,-76.375,-11.0,-12.0,-2.0,0x684a
1675371559.9572039,8978.0,4636.0,635.0,137.0625,-7.4375,109.6875,11.0,9.0,-1.0,0x683f
1675371560.066603,9770.0,4807.0,1549.0,269.0625,-6.3125,-76.3125,-9.0,-13.0,0.0,0x684a
1675371560.1739578,8995.0,4674.0,571.0,134.375,-7.3125,109.75,11.0,6.0,-3.0,0x683f
1675371560.28203,9791.0,4791.0,1531.0,267.25,-6.3125,-76.375,-4.0,-12.0,-7.0,0x684a
1675371560.3897622,8964.0,4628.0,517.0,132.6875,-7.25,109.8125,9.0,9.0,1.0,0x683f
1675371560.4993038,9795.0,4753.0,1643.0,265.5,-6.5,-76.375,-9.0,-9.0,-13.0,0x684a
1675371560.606014,8915.0,4660.0,545.0,130.75,-7.4375,109.875,9.0,3.0,0.0,0x683f
1675371560.714674,9703.0,4765.0,1392.0,264.375,-6.6875,-76.375,-19.0,-13.0,-12.0,0x684a
1675371560.823956,8899.0,4622.0,464.0,128.0,-7.6875,109.875,5.0,6.0,-1.0,0x683f
1675371560.931968,9727.0,4781.0,1478.0,262.5625,-7.0,-76.375,-12.0,-13.0,2.0,0x684a
1675371561.040776,8900.0,4591.0,460.0,126.1875,-7.9375,110.25,0.0,-1.0,-6.0,0x683f
1675371561.151572,9759.0,4842.0,1302.0,261.0625,-6.8125,-76.25,-5.0,-11.0,0.0,0x684a
1675371561.259796,8873.0,4589.0,462.0,124.375,-8.125,110.3125,10.0,5.0,3.0,0x683f
1675371561.371246,9761.0,4791.0,1547.0,260.375,-6.75,-76.1875,-7.0,-13.0,15.0,0x684a
1675371561.480047,8909.0,4604.0,538.0,123.1875,-8.125,110.1875,7.0,7.0,-5.0,0x683f
1675371561.588726,9728.0,4872.0,1117.0,259.1875,-6.75,-75.875,-9.0,-11.0,-4.0,0x684a
1675371561.697515,8924.0,4636.0,566.0,122.625,-8.1875,110.25,17.0,3.0,-2.0,0x683f
1675371561.805902,9767.0,4900.0,1153.0,258.25,-6.4375,-75.3125,-8.0,-11.0,-5.0,0x684a
1675371561.916974,8924.0,4601.0,507.0,121.875,-8.1875,110.4375,11.0,-3.0,-12.0,0x683f
1675371562.0258088,9713.0,4929.0,1214.0,258.0,-6.1875,-74.6875,0.0,-15.0,-5.0,0x684a
1675371562.136414,8916.0,4597.0,476.0,121.5625,-8.25,110.4375,9.0,11.0,5.0,0x683f
1675371562.246179,9792.0,4817.0,1454.0,257.3125,-6.1875,-74.875,-1.0,-5.0,-2.0,0x684a
1675371562.3543072,8893.0,4621.0,467.0,121.25,-8.375,110.5625,17.0,4.0,-8.0,0x683f
1675371562.463378,9807.0,4651.0,1408.0,256.875,-6.375,-75.0625,-5.0,-10.0,-8.0,0x684a
1675371562.5700219,8861.0,4559.0,480.0,120.8125,-8.4375,110.5625,22.0,13.0,0.0,0x683f
1675371562.678036,9754.0,4627.0,1334.0,256.8125,-5.8125,-75.3125,-4.0,-14.0,5.0,0x684a
1675371562.7850392,8864.0,4567.0,428.0,121.4375,-8.3125,110.6875,-5.0,9.0,0.0,0x683f
1675371562.8941598,9690.0,4850.0,1259.0,256.375,-5.6875,-76.125,-1.0,1.0,0.0,0x684a
1675371563.001759,8849.0,4696.0,321.0,121.1875,-7.75,110.6875,-72.0,-35.0,-4.0,0x683f
1675371563.111994,9683.0,4671.0,1379.0,254.3125,-6.0,-75.8125,-6.0,-8.0,-8.0,0x684a
1675371563.2201421,8917.0,4668.0,810.0,101.875,-9.9375,97.125,-105.0,0.0,-38.0,0x683f
1675371563.329322,9828.0,4828.0,1485.0,249.8125,-6.25,-75.75,-16.0,-18.0,4.0,0x684a
1675371563.439923,9209.0,4535.0,4022.0,93.75,-33.4375,101.0625,347.0,49.0,-103.0,0x683f
1675371563.54927,9882.0,4796.0,1703.0,239.0625,-4.0,-76.875,27.0,-32.0,0.0,0x684a
1675371563.657645,9372.0,4695.0,848.0,130.1875,-23.875,131.375,-12.0,-160.0,272.0,0x683f
1675371563.767832,9939.0,4656.0,1480.0,225.5,0.375,-78.8125,-6.0,-10.0,-45.0,0x684a
1675371563.876245,9323.0,4667.0,773.0,32.875,-11.5625,141.125,-110.0,-107.0,43.0,0x683f
1675371563.986281,9970.0,4628.0,1470.0,218.6875,3.625,-80.0,-36.0,20.0,12.0,0x684a
1675371564.096967,9409.0,4682.0,904.0,27.0625,-11.4375,144.0625,127.0,-138.0,47.0,0x683f
1675371564.206677,9888.0,4690.0,1463.0,222.8125,1.5,-78.25,-22.0,-14.0,-19.0,0x684a
1675371564.3160162,9232.0,4696.0,775.0,154.4375,-15.1875,135.0,-189.0,-61.0,121.0,0x683f
1675371564.4242702,10171.0,4172.0,997.0,238.6875,-4.875,-78.3125,-4.0,-36.0,-25.0,0x684a
1675371564.531261,9045.0,4652.0,922.0,136.1875,-22.9375,120.9375,16.0,-7.0,-103.0,0x683f
1675371564.639936,9595.0,4776.0,1298.0,253.5625,-6.125,-78.6875,24.0,-6.0,-14.0,0x684a
1675371564.7501838,8789.0,4408.0,604.0,124.25,-39.5625,121.875,213.0,104.0,-241.0,0x683f
1675371564.859935,9536.0,4453.0,543.0,264.375,-5.125,-76.9375,-11.0,-12.0,-8.0,0x684a
1675371564.968708,8936.0,4409.0,3918.0,125.75,-52.375,126.5625,90.0,-223.0,105.0,0x683f
1675371565.078379,9915.0,4614.0,1200.0,268.5625,-5.375,-76.5,53.0,-15.0,55.0,0x684a
1675371565.187381,8781.0,4623.0,778.0,141.3125,-45.875,107.25,71.0,-174.0,-517.0,0x683f
1675371565.299102,9531.0,4673.0,447.0,261.625,-5.125,-77.0625,-27.0,17.0,-82.0,0x684a
1675371565.408119,9180.0,4558.0,228.0,79.0625,-50.6875,57.25,-377.0,319.0,409.0,0x683f
1675371565.5160031,9649.0,4741.0,778.0,251.3125,-4.4375,-78.75,-23.0,22.0,-33.0,0x684a
1675371565.627698,9475.0,4772.0,692.0,13.0625,-49.0625,-45.3125,238.0,104.0,-227.0,0x683f
1675371565.736029,9706.0,5338.0,458.0,240.5625,-4.3125,-80.625,-7.0,-5.0,57.0,0x684a
1675371565.8469791,9834.0,4939.0,-164.0,24.4375,-65.1875,-27.6875,589.0,-587.0,-21.0,0x683f
1675371565.9556968,9695.0,5161.0,19.0,222.0,-3.8125,-84.25,-27.0,-19.0,-13.0,0x684a
1675371566.06591,9970.0,4640.0,-46.0,27.25,-76.375,-21.5625,-177.0,-189.0,-116.0,0x683f
1675371566.176503,9656.0,5182.0,874.0,206.375,-0.0625,-83.125,-28.0,12.0,-97.0,0x684a
1675371566.284647,9895.0,4884.0,-315.0,27.9375,-75.6875,-24.5625,7.0,-48.0,-92.0,0x683f
1675371566.394898,9960.0,5220.0,872.0,205.625,-0.875,-82.6875,6.0,11.0,-31.0,0x684a
1675371566.505074,9833.0,4797.0,-205.0,16.6875,-70.125,-22.8125,50.0,-118.0,210.0,0x683f
1675371566.615904,10116.0,5112.0,846.0,206.9375,-2.25,-84.875,-26.0,33.0,7.0,0x684a
1675371566.7253609,9881.0,4289.0,424.0,33.8125,-71.3125,-26.75,-87.0,-32.0,-450.0,0x683f
1675371566.832781,9857.0,4953.0,1042.0,203.5625,-3.3125,-83.9375,-7.0,-6.0,-22.0,0x684a
1675371566.941037,9976.0,4744.0,-85.0,26.75,-70.5625,-23.6875,2.0,-66.0,87.0,0x683f
1675371567.050123,9802.0,5038.0,217.0,205.5,-3.4375,-83.875,-13.0,4.0,-66.0,0x684a
1675371567.1580641,9696.0,4584.0,214.0,33.6875,-73.875,13.1875,-127.0,-453.0,-132.0,0x683f
1675371567.266911,9254.0,5416.0,64.0,220.6875,-7.0625,-82.375,-25.0,-36.0,2.0,0x684a
1675371567.374159,9122.0,4536.0,188.0,12.0,-68.875,-60.1875,103.0,-50.0,-34.0,0x683f
1675371567.483744,9558.0,5051.0,515.0,238.5625,-8.375,-79.5625,-42.0,-92.0,19.0,0x684a
1675371567.592709,9143.0,4828.0,679.0,8.875,-52.75,-47.5625,309.0,93.0,264.0,0x683f
1675371567.7031522,9902.0,4924.0,1246.0,249.0,-3.625,-78.5,-25.0,6.0,104.0,0x684a
1675371567.811004,8800.0,4682.0,898.0,57.625,-65.5,18.5,-200.0,22.0,193.0,0x683f
1675371567.9195268,10053.0,4994.0,1386.0,255.5,-3.875,-78.4375,-30.0,25.0,-54.0,0x684a
1675371568.028664,8847.0,4236.0,713.0,141.4375,-55.9375,105.8125,-103.0,-138.0,-565.0,0x683f
1675371568.138617,9892.0,4890.0,1219.0,257.1875,-4.375,-78.0625,1.0,-31.0,48.0,0x684a
1675371568.248224,8770.0,4300.0,737.0,119.875,-61.4375,127.3125,50.0,-308.0,85.0,0x683f
1675371568.356575,9761.0,5273.0,758.0,254.3125,-5.3125,-77.0,-52.0,6.0,-3.0,0x684a
1675371568.46771,8726.0,4559.0,3790.0,106.0,-60.25,119.875,-36.0,96.0,-201.0,0x683f
1675371568.577197,9857.0,4675.0,994.0,255.5625,-7.6875,-76.4375,18.0,-9.0,-33.0,0x684a
1675371568.68682,9026.0,4422.0,957.0,83.1875,-56.25,110.3125,-80.0,22.0,-87.0,0x683f
1675371568.795807,9705.0,4571.0,1013.0,252.625,-8.0625,-76.375,-31.0,-21.0,-10.0,0x684a
1675371568.903588,9149.0,4522.0,1008.0,53.25,-64.0625,93.3125,-81.0,1.0,-22.0,0x683f
1675371569.011708,9707.0,4735.0,1363.0,247.375,-7.3125,-75.9375,-6.0,-16.0,-9.0,0x684a
1675371569.120797,9349.0,4516.0,1050.0,34.1875,-68.0,65.0625,134.0,-144.0,-82.0,0x683f
1675371569.229128,9738.0,4876.0,1311.0,241.625,-6.375,-75.8125,-32.0,-6.0,-11.0,0x684a
1675371569.3370152,9366.0,4612.0,1095.0,33.0625,-64.125,52.375,327.0,-158.0,-200.0,0x683f
1675371569.447226,9788.0,4865.0,1523.0,239.625,-5.75,-76.1875,-10.0,-17.0,11.0,0x684a
1675371569.5578082,9321.0,4425.0,4179.0,36.5625,-61.875,93.625,298.0,-162.0,-28.0,0x683f
1675371569.6674712,9971.0,4778.0,1288.0,241.1875,-5.6875,-76.75,-15.0,-19.0,0.0,0x684a
1675371569.7775009,8864.0,4534.0,579.0,94.25,-16.625,95.6875,-354.0,41.0,-332.0,0x683f
1675371569.885801,9736.0,4818.0,1351.0,243.5,-6.375,-76.3125,-15.0,-4.0,-34.0,0x684a
1675371569.995209,8824.0,4645.0,396.0,124.6875,-5.5625,108.4375,74.0,-27.0,1.0,0x683f
1675371570.105588,9748.0,4771.0,1480.0,243.5625,-5.8125,-76.0625,1.0,-17.0,64.0,0x684a
1675371570.212577,8750.0,4664.0,207.0,128.3125,-5.125,110.3125,24.0,10.0,13.0,0x683f
1675371570.321738,9736.0,4777.0,1329.0,245.5,-5.625,-75.3125,3.0,-6.0,14.0,0x684a
1675371570.429013,8765.0,4553.0,154.0,127.625,-5.0625,110.9375,17.0,1.0,-20.0,0x683f
1675371570.5399098,9945.0,4591.0,1506.0,246.625,-6.0,-75.375,-14.0,-10.0,-8.0,0x684a
1675371570.6480372,8771.0,4584.0,193.0,126.8125,-5.25,111.4375,21.0,21.0,-33.0,0x683f
1675371570.7581189,9943.0,4605.0,1512.0,247.4375,-6.25,-75.6875,-8.0,-12.0,0.0,0x684a
1675371570.865727,8759.0,4564.0,186.0,126.125,-5.5625,111.6875,-5.0,13.0,-11.0,0x683f
1675371570.9747488,9928.0,4549.0,1418.0,248.0625,-6.25,-76.1875,-12.0,-11.0,-2.0,0x684a
1675371571.0817459,8786.0,4582.0,168.0,125.5625,-5.625,111.8125,11.0,16.0,-13.0,0x683f
1675371571.189556,9742.0,4642.0,1355.0,248.1875,-6.1875,-76.3125,-11.0,-14.0,-3.0,0x684a
1675371571.298187,8795.0,4549.0,137.0,124.4375,-5.8125,112.375,25.0,6.0,-13.0,0x683f
1675371571.406434,9741.0,4685.0,1353.0,248.25,-5.9375,-76.25,-12.0,-12.0,0.0,0x684a
1675371571.513876,8771.0,4542.0,185.0,124.25,-5.8125,112.5625,6.0,12.0,-18.0,0x683f
1675371571.623303,9715.0,4687.0,1312.0,248.25,-5.8125,-76.125,-14.0,-15.0,-14.0,0x684a
1675371571.732439,8848.0,4672.0,281.0,124.4375,-5.6875,112.6875,9.0,9.0,-18.0,0x683f
1675371571.8409111,9921.0,4491.0,1257.0,248.875,-5.8125,-76.4375,-10.0,-15.0,-12.0,0x684a
1675371571.948537,8910.0,4822.0,533.0,124.6875,-5.625,112.8125,6.0,10.0,-9.0,0x683f
1675371572.058186,9655.0,4600.0,1193.0,248.6875,-5.625,-76.5625,-9.0,-10.0,-3.0,0x684a
1675371572.167868,8675.0,4495.0,11.0,124.6875,-5.5,112.875,-7.0,8.0,-6.0,0x683f
1675371572.2769558,9663.0,4627.0,1145.0,247.75,-5.4375,-77.0,-14.0,-10.0,-1.0,0x684a
1675371572.386122,8727.0,4533.0,151.0,124.5625,-5.25,113.125,-1.0,8.0,-3.0,0x683f
1675371572.510292,9659.0,4764.0,1122.0,247.875,-5.375,-77.125,-13.0,-7.0,7.0,0x684a
1675371572.62018,8928.0,4768.0,686.0,124.1875,-5.0,113.125,14.0,10.0,-8.0,0x683f
1675371572.7296362,9625.0,4829.0,1090.0,247.0625,-5.5625,-77.0625,-7.0,-11.0,-9.0,0x684a
1675371572.839149,8673.0,4431.0,89.0,123.8125,-4.875,113.375,3.0,9.0,-6.0,0x683f
1675371572.94893,9599.0,4941.0,1124.0,246.875,-5.25,-76.75,-11.0,-12.0,-3.0,0x684a
1675371573.0599198,8735.0,4433.0,96.0,123.625,-4.875,113.375,4.0,7.0,-5.0,0x683f
1675371573.168788,9653.0,4854.0,1348.0,247.1875,-5.1875,-76.375,-10.0,-7.0,2.0,0x684a
1675371573.27812,8665.0,4442.0,-33.0,123.625,-4.875,113.4375,11.0,3.0,-3.0,0x683f
1675371573.3852081,9664.0,4829.0,1220.0,247.5,-5.0625,-76.375,-6.0,-21.0,-7.0,0x684a
1675371573.492405,8715.0,4464.0,111.0,123.6875,-5.0,113.5,10.0,8.0,-1.0,0x683f
1675371573.600141,9636.0,4808.0,1285.0,247.5625,-5.125,-76.4375,-14.0,-2.0,-6.0,0x684a
1675371573.708331,8622.0,4360.0,-111.0,124.0625,-5.0,113.5,8.0,11.0,-6.0,0x683f
1675371573.815797,9717.0,4708.0,1322.0,248.0625,-5.3125,-76.625,-10.0,-8.0,-3.0,0x684a
1675371573.927804,8812.0,4613.0,298.0,124.25,-5.1875,113.375,4.0,7.0,1.0,0x683f
1675371574.037554,9691.0,4692.0,1313.0,248.5625,-5.3125,-76.75,-19.0,-16.0,9.0,0x684a
1675371574.1457841,8797.0,4568.0,232.0,124.1875,-5.3125,113.125,1.0,4.0,1.0,0x683f
1675371574.255861,9752.0,4644.0,1275.0,248.8125,-5.6875,-76.875,-15.0,-16.0,2.0,0x684a
1675371574.362156,8747.0,4516.0,175.0,123.9375,-5.5,113.0,-1.0,8.0,3.0,0x683f
1675371574.474336,9763.0,4649.0,1285.0,249.1875,-5.8125,-76.9375,-15.0,-11.0,-5.0,0x684a
1675371574.58241,8815.0,4600.0,240.0,123.9375,-5.5,113.0,-4.0,9.0,-2.0,0x683f
1675371574.6940968,9708.0,4684.0,1216.0,249.5,-5.875,-76.9375,-14.0,-12.0,-19.0,0x684a
1675371574.817419,8716.0,4486.0,54.0,123.75,-5.5625,112.9375,0.0,9.0,6.0,0x683f
1675371574.9251032,9843.0,4579.0,1296.0,249.5,-5.9375,-76.875,-8.0,-13.0,1.0,0x684a
1675371575.031841,8770.0,4529.0,116.0,123.625,-5.625,112.9375,5.0,1.0,-7.0,0x683f
1675371575.139383,9672.0,4704.0,1238.0,250.0,-6.0,-76.875,-13.0,-9.0,-6.0,0x684a
1675371575.247344,8874.0,4684.0,323.0,123.4375,-5.6875,112.875,3.0,13.0,0.0,0x683f
1675371575.356398,9611.0,4614.0,1135.0,250.3125,-5.9375,-76.6875,-6.0,-14.0,-2.0,0x684a
1675371575.4654348,8798.0,4532.0,204.0,123.375,-5.75,112.9375,12.0,6.0,-3.0,0x683f
1675371575.5732741,9580.0,4500.0,837.0,250.125,-5.9375,-76.5625,-13.0,-11.0,-6.0,0x684a
1675371575.681292,8975.0,4769.0,601.0,123.3125,-5.75,112.9375,4.0,5.0,-5.0,0x683f
1675371575.7895029,9972.0,4475.0,1384.0,249.875,-5.875,-76.25,-5.0,-17.0,14.0,0x684a
1675371575.897262,8855.0,4675.0,331.0,123.5625,-5.8125,113.0625,-9.0,4.0,5.0,0x683f
1675371576.0053692,9726.0,4673.0,1314.0,249.6875,-5.9375,-76.1875,-7.0,-14.0,-6.0,0x684a
1675371576.114604,8866.0,4571.0,566.0,123.1875,-5.5,113.0,-68.0,-4.0,13.0,0x683f
1675371576.224797,9802.0,4743.0,1664.0,248.0,-5.6875,-76.875,-24.0,-21.0,-17.0,0x684a
1675371576.333178,8922.0,4738.0,796.0,104.6875,-13.5625,95.125,-142.0,205.0,-85.0,0x683f
1675371576.443263,9654.0,4611.0,911.0,243.1875,-4.3125,-78.25,-21.0,-19.0,-2.0,0x684a
1675371576.552854,9190.0,4588.0,720.0,103.5,-30.625,106.125,130.0,-6.0,-88.0,0x683f
1675371576.662509,9735.0,4395.0,948.0,235.1875,-1.25,-78.9375,-12.0,-4.0,4.0,0x684a
1675371576.771361,9350.0,4541.0,748.0,125.75,-25.5,128.25,35.0,-104.0,-49.0,0x683f
1675371576.8826828,9709.0,4380.0,826.0,225.8125,2.4375,-79.5,-6.0,7.0,-14.0,0x684a
1675371576.991179,9365.0,4765.0,456.0,30.75,-13.5,138.875,-98.0,-54.0,179.0,0x683f
1675371577.100849,10154.0,4344.0,1321.0,221.125,3.875,-79.75,-19.0,29.0,-22.0,0x684a
1675371577.209803,9321.0,4461.0,442.0,29.6875,-11.4375,142.1875,-87.0,-73.0,116.0,0x683f
1675371577.320242,9805.0,4677.0,1272.0,221.625,4.0,-76.25,-44.0,-16.0,31.0,0x684a
1675371577.431138,9346.0,4690.0,808.0,27.5,-12.8125,139.25,-43.0,-117.0,58.0,0x683f
1675371577.5406048,9936.0,4616.0,1543.0,226.4375,0.5,-73.8125,-13.0,-6.0,-44.0,0x684a
1675371577.650383,9234.0,4585.0,741.0,152.625,-16.875,129.0625,0.0,-50.0,-1.0,0x683f
1675371577.7591329,9499.0,4754.0,1038.0,240.75,-5.5625,-75.3125,-1.0,-20.0,14.0,0x684a
1675371577.866893,8905.0,4657.0,4010.0,128.5625,-29.9375,119.3125,-19.0,-39.0,-80.0,0x683f
1675371577.974637,9591.0,4814.0,1005.0,254.3125,-8.0625,-76.0,-9.0,-16.0,16.0,0x684a
1675371578.083353,8864.0,4566.0,712.0,113.375,-45.875,120.625,92.0,250.0,-433.0,0x683f
1675371578.190965,9572.0,4648.0,1032.0,263.875,-8.375,-73.25,-27.0,-41.0,-15.0,0x684a
1675371578.298998,8869.0,4518.0,741.0,118.3125,-56.5625,123.0,-71.0,-221.0,119.0,0x683f
1675371578.407517,9578.0,4438.0,1131.0,268.25,-7.0,-74.3125,36.0,-35.0,29.0,0x684a
1675371578.516652,8721.0,4676.0,962.0,127.875,-58.1875,76.1875,107.0,-132.0,-415.0,0x683f
1675371578.6406028,9506.0,4914.0,743.0,263.8125,-3.875,-75.4375,5.0,6.0,-35.0,0x684a
1675371578.748574,9188.0,4770.0,813.0,54.5,-67.875,-1.5,-24.0,87.0,178.0,0x683f
1675371578.862317,9652.0,5119.0,936.0,255.3125,-2.625,-79.125,-28.0,8.0,69.0,0x684a
1675371578.970776,9581.0,4677.0,947.0,8.875,-44.25,-42.875,86.0,-25.0,-207.0,0x683f
1675371579.079872,9794.0,5419.0,1020.0,240.0625,-3.875,-81.5,3.0,-33.0,29.0,0x684a
1675371579.187853,9872.0,4572.0,759.0,20.375,-49.1875,-32.375,280.0,-357.0,-49.0,0x683f
1675371579.296772,9737.0,5606.0,-174.0,221.5625,-3.625,-84.0625,14.0,4.0,39.0,0x684a
1675371579.4046772,9955.0,4404.0,391.0,26.375,-70.8125,-15.3125,-13.0,-351.0,-22.0,0x683f
1675371579.513634,9672.0,5074.0,406.0,207.8125,-2.25,-83.125,-35.0,21.0,-57.0,0x684a
1675371579.625083,9794.0,4366.0,207.0,18.3125,-65.9375,-18.5,44.0,-114.0,184.0,0x683f
1675371579.732718,10048.0,5115.0,774.0,209.8125,-1.75,-84.375,52.0,6.0,66.0,0x684a
1675371579.84159,9872.0,4318.0,490.0,26.625,-64.875,-19.5625,-103.0,34.0,-67.0,0x683f
1675371579.950583,9530.0,5059.0,578.0,208.8125,-4.75,-85.25,-39.0,-17.0,-59.0,0x684a
1675371580.061149,9770.0,4258.0,220.0,33.5,-66.9375,-21.75,-74.0,-17.0,-178.0,0x683f
1675371580.172703,9789.0,5255.0,621.0,210.375,-5.1875,-87.3125,32.0,20.0,25.0,0x684a
1675371580.282316,9880.0,4310.0,533.0,28.375,-66.25,-10.0,-36.0,-333.0,107.0,0x683f
1675371580.3915899,9575.0,5329.0,442.0,217.25,-6.8125,-86.0,-34.0,-29.0,-37.0,0x684a
1675371580.500779,9503.0,4512.0,441.0,24.9375,-71.8125,-20.3125,285.0,-197.0,-173.0,0x683f
1675371580.611543,9685.0,4940.0,503.0,237.3125,-7.4375,-82.125,-6.0,-51.0,142.0,0x684a
1675371580.73564,9651.0,4722.0,680.0,26.3125,-62.125,-35.4375,264.0,91.0,129.0,0x683f
1675371580.84589,9808.0,4787.0,666.0,251.4375,-3.5,-79.1875,33.0,23.0,13.0,0x684a
1675371580.95546,8942.0,4502.0,735.0,82.1875,-50.6875,73.25,-57.0,-227.0,246.0,0x683f
1675371581.063642,9638.0,4529.0,354.0,258.5,-3.75,-80.625,19.0,58.0,-14.0,0x684a
1675371581.17232,8891.0,4340.0,3963.0,156.9375,-29.5,88.9375,171.0,20.0,-360.0,0x683f
1675371581.28111,9538.0,4988.0,468.0,260.5625,-4.0,-80.1875,23.0,-20.0,43.0,0x684a
1675371581.389917,8896.0,4418.0,871.0,124.375,-50.0625,122.6875,-571.0,-819.0,636.0,0x683f
1675371581.498233,9605.0,5027.0,879.0,257.625,-5.0625,-79.1875,-69.0,-20.0,75.0,0x684a
1675371581.609761,8915.0,4434.0,3863.0,114.25,-47.75,119.5625,45.0,83.0,-147.0,0x683f
1675371581.7180831,9717.0,4343.0,182.0,256.9375,-6.75,-77.4375,-6.0,-19.0,-2.0,0x684a
1675371581.825224,9046.0,4494.0,776.0,97.25,-41.25,115.1875,-157.0,-36.0,-51.0,0x683f
1675371581.934419,9419.0,4755.0,991.0,255.125,-7.125,-76.375,2.0,-14.0,-6.0,0x684a
1675371582.0414,9050.0,4642.0,630.0,76.8125,-44.6875,119.75,-107.0,34.0,-20.0,0x683f
1675371582.1501088,9833.0,4450.0,1220.0,249.8125,-6.75,-76.0625,-9.0,-10.0,-5.0,0x684a
1675371582.2590332,9356.0,4370.0,642.0,47.0625,-54.875,118.5625,-27.0,-59.0,-4.0,0x683f
1675371582.3685272,10270.0,4469.0,1651.0,244.75,-6.875,-76.5,-24.0,-13.0,-6.0,0x684a
1675371582.4765341,9360.0,4521.0,863.0,40.6875,-57.75,104.1875,51.0,-69.0,-57.0,0x683f
1675371582.584657,9735.0,4708.0,1444.0,243.0,-7.0,-77.0,-23.0,-26.0,13.0,0x684a
1675371582.6923862,9295.0,4506.0,791.0,34.75,-57.25,107.3125,216.0,-147.0,26.0,0x683f
1675371582.8021069,9918.0,4610.0,1599.0,244.25,-6.5625,-77.5625,13.0,-15.0,-9.0,0x684a
1675371582.9108539,9075.0,4440.0,4134.0,56.75,-30.4375,103.875,52.0,63.0,-105.0,0x683f
1675371583.019691,9849.0,4597.0,1494.0,246.5,-5.9375,-76.5625,-6.0,-5.0,13.0,0x684a
1675371583.127372,8743.0,4636.0,465.0,113.5,-1.5625,105.625,-476.0,-124.0,-59.0,0x683f
1675371583.233933,9698.0,4671.0,1314.0,246.75,-5.0,-76.9375,2.0,16.0,5.0,0x684a
1675371583.340961,8882.0,4582.0,555.0,125.25,-5.6875,110.3125,143.0,-89.0,7.0,0x683f
1675371583.450905,9777.0,4636.0,1306.0,247.625,-4.5625,-76.625,-7.0,-18.0,1.0,0x684a
1675371583.558783,8827.0,4465.0,369.0,120.6875,-6.375,110.6875,1.0,-7.0,-33.0,0x683f
1675371583.668187,9878.0,4597.0,1398.0,247.0625,-5.0625,-77.25,-6.0,-1.0,7.0,0x684a
1675371583.776756,8955.0,4651.0,4226.0,119.375,-9.0,111.4375,-16.0,12.0,-31.0,0x683f
1675371583.884358,9788.0,4568.0,1340.0,245.9375,-5.3125,-77.1875,-4.0,-6.0,0.0,0x684a
1675371583.990546,8855.0,4479.0,304.0,118.25,-8.75,110.9375,-17.0,17.0,10.0,0x683f
1675371584.098887,9715.0,4650.0,1321.0,245.75,-5.5625,-77.125,-2.0,-8.0,2.0,0x684a
1675371584.2082088,8809.0,4475.0,242.0,117.75,-8.8125,110.75,-5.0,15.0,-7.0,0x683f
1675371584.317717,9757.0,4556.0,1357.0,245.875,-5.6875,-77.25,-7.0,-9.0,5.0,0x684a
1675371584.425826,8928.0,4547.0,426.0,117.625,-8.6875,110.8125,-16.0,8.0,-10.0,0x683f
1675371584.533654,9741.0,4659.0,1344.0,245.8125,-5.5625,-77.375,-1.0,-8.0,6.0,0x684a
1675371584.6413481,8951.0,4526.0,499.0,117.25,-8.8125,110.8125,8.0,6.0,-11.0,0x683f
1675371584.750166,9657.0,4661.0,1259.0,244.75,-5.5625,-77.5,-7.0,-8.0,8.0,0x684a
1675371584.858179,8891.0,4542.0,481.0,116.5,-8.75,110.6875,11.0,7.0,-5.0,0x683f
1675371584.96854,9666.0,4645.0,1215.0,244.125,-5.4375,-77.25,-2.0,-8.0,-1.0,0x684a
1675371585.076174,8811.0,4415.0,289.0,116.4375,-8.625,110.6875,-9.0,10.0,-6.0,0x683f
1675371585.182786,9670.0,4733.0,1110.0,243.8125,-5.375,-76.9375,-5.0,-13.0,-16.0,0x684a
1675371585.290921,8799.0,4450.0,244.0,116.125,-8.75,110.6875,-10.0,10.0,-5.0,0x683f
1675371585.399511,9688.0,4653.0,1270.0,243.1875,-5.375,-76.9375,-10.0,-17.0,-7.0,0x684a
1675371585.5061991,8989.0,4701.0,595.0,115.6875,-8.875,110.5625,-2.0,3.0,-8.0,0x683f
1675371585.6154509,9699.0,4757.0,1331.0,242.875,-5.3125,-77.0,-8.0,-13.0,-1.0,0x684a
1675371585.7391639,8983.0,4669.0,644.0,115.875,-8.8125,110.625,0.0,8.0,-6.0,0x683f
1675371585.8489861,9719.0,4813.0,1415.0,242.8125,-5.375,-77.1875,-4.0,10.0,26.0,0x684a
1675371585.95553,9006.0,4663.0,727.0,116.25,-8.6875,110.5625,-3.0,9.0,-3.0,0x683f
1675371586.064322,9745.0,4859.0,1497.0,242.875,-5.9375,-77.75,8.0,19.0,7.0,0x684a
1675371586.172566,8994.0,4691.0,689.0,116.125,-8.625,110.4375,11.0,10.0,-2.0,0x683f
1675371586.280166,9635.0,4920.0,1150.0,242.75,-6.3125,-78.125,-7.0,-13.0,0.0,0x684a
1675371586.3877928,9029.0,4687.0,690.0,116.0,-8.5,110.375,-2.0,9.0,-10.0,0x683f
1675371586.496181,9640.0,4876.0,1121.0,242.4375,-6.375,-78.4375,-6.0,-9.0,8.0,0x684a
1675371586.6033568,8984.0,4665.0,684.0,115.9375,-8.375,110.375,5.0,0.0,-3.0,0x683f
1675371586.710919,9547.0,4613.0,639.0,242.6875,-6.375,-78.4375,-20.0,3.0,-8.0,0x684a
1675371586.818965,8988.0,4667.0,632.0,116.25,-8.25,110.25,1.0,12.0,-11.0,0x683f
1675371586.928509,9550.0,4680.0,745.0,242.875,-6.5,-78.1875,-9.0,-3.0,6.0,0x684a
1675371587.036298,8977.0,4666.0,609.0,115.8125,-8.5625,110.25,48.0,4.0,-2.0,0x683f
1675371587.145679,9569.0,4449.0,830.0,244.0,-6.5625,-77.6875,-33.0,2.0,-18.0,0x684a
1675371587.253057,8917.0,4540.0,453.0,116.0,-8.8125,110.25,17.0,1.0,-13.0,0x683f
1675371587.3606138,9543.0,4487.0,836.0,244.9375,-7.1875,-76.8125,13.0,-43.0,12.0,0x684a
1675371587.468532,8889.0,4572.0,425.0,115.3125,-8.8125,109.75,30.0,6.0,-3.0,0x683f
1675371587.576709,9747.0,4718.0,1427.0,244.8125,-8.25,-76.875,-20.0,-16.0,23.0,0x684a
1675371587.686167,8909.0,4600.0,4295.0,116.4375,-8.8125,109.875,-10.0,14.0,-7.0,0x683f
1675371587.7957802,9751.0,4717.0,1461.0,245.75,-8.5625,-76.375,0.0,-14.0,13.0,0x684a
1675371587.903809,8868.0,4582.0,4297.0,116.0625,-9.125,109.8125,0.0,1.0,1.0,0x683f
1675371588.01118,9740.0,4662.0,1418.0,245.875,-8.625,-76.4375,-5.0,-22.0,-4.0,0x684a
1675371588.119628,8874.0,4527.0,428.0,116.25,-9.125,109.5625,-11.0,9.0,-10.0,0x683f
1675371588.229305,9769.0,4719.0,1601.0,245.8125,-9.0,-76.625,-24.0,-11.0,-7.0,0x684a
1675371588.3363998,8770.0,4415.0,199.0,115.875,-8.9375,109.5,10.0,5.0,-2.0,0x683f
1675371588.4467552,9792.0,4785.0,1643.0,245.25,-8.75,-76.875,-5.0,-19.0,-2.0,0x684a
1675371588.553178,8882.0,4592.0,481.0,116.8125,-8.875,109.8125,8.0,4.0,1.0,0x683f
1675371588.6647522,9775.0,4760.0,1647.0,245.25,-7.4375,-77.4375,3.0,-27.0,5.0,0x684a
1675371588.774294,8978.0,4670.0,634.0,118.1875,-8.8125,110.0625,14.0,4.0,-4.0,0x683f
1675371588.881492,9724.0,4793.0,1390.0,244.1875,-6.25,-78.375,-27.0,-16.0,-22.0,0x684a
1675371588.992256,8845.0,4530.0,471.0,118.75,-8.75,110.6875,5.0,5.0,2.0,0x683f
1675371589.1007202,9936.0,4236.0,914.0,245.0,-5.875,-79.5625,-2.0,-9.0,16.0,0x684a
1675371589.2093399,8857.0,4478.0,461.0,119.875,-9.1875,111.0,26.0,-25.0,76.0,0x683f
1675371589.317826,9762.0,4319.0,878.0,247.125,-3.75,-80.6875,-121.0,30.0,-10.0,0x684a
1675371589.426707,8789.0,4607.0,665.0,120.125,-12.875,109.375,134.0,-31.0,6.0,0x683f
1675371589.5357409,9799.0,4127.0,846.0,258.6875,-3.8125,-81.6875,-127.0,13.0,40.0,0x684a
1675371589.643439,8915.0,4645.0,3751.0,135.75,-15.8125,102.1875,17.0,194.0,64.0,0x683f
1675371589.751939,9410.0,4324.0,756.0,274.625,-3.8125,-80.125,-136.0,-10.0,40.0,0x684a
1675371589.860918,8757.0,4579.0,3656.0,151.875,-16.875,104.125,-82.0,-154.0,-202.0,0x683f
1675371589.971004,9543.0,3657.0,577.0,287.25,-2.6875,-77.0,70.0,-72.0,-116.0,0x684a
1675371590.080016,8755.0,4562.0,3886.0,170.6875,-11.125,113.4375,145.0,-59.0,-93.0,0x683f
1675371590.1886048,8930.0,3649.0,730.0,304.9375,-5.0625,-75.625,35.0,-58.0,-83.0,0x684a
1675371590.296264,8757.0,4461.0,934.0,201.375,-5.0,119.6875,-14.0,26.0,-4.0,0x683f
1675371590.4058418,8766.0,3943.0,1073.0,327.4375,-6.125,-77.75,49.0,49.0,-5.0,0x684a
1675371590.5137012,8567.0,4522.0,593.0,228.8125,-1.8125,118.0625,-66.0,-310.0,-86.0,0x683f
1675371590.625349,8556.0,3956.0,1291.0,346.0,-8.375,-76.8125,-168.0,26.0,-307.0,0x684a
1675371590.73271,8441.0,4504.0,727.0,232.875,-15.625,110.3125,-79.0,23.0,80.0,0x683f
1675371590.840575,8579.0,4047.0,1501.0,6.6875,-0.3125,-75.5,-122.0,-109.0,-192.0,0x684a
1675371590.948846,8169.0,4322.0,85.0,248.75,-17.0,108.8125,-96.0,28.0,191.0,0x683f
1675371591.056674,8247.0,4016.0,1244.0,21.375,3.625,-77.75,-234.0,520.0,-24.0,0x684a
1675371591.1635892,8355.0,4557.0,650.0,270.625,-13.125,116.6875,64.0,30.0,31.0,0x683f
1675371591.272701,8095.0,4264.0,1330.0,41.5,0.6875,-70.125,-81.0,33.0,-205.0,0x684a
1675371591.3796191,8328.0,4473.0,697.0,299.5625,-3.375,119.0,-150.0,53.0,97.0,0x683f
1675371591.487586,7863.0,4620.0,1100.0,65.3125,-2.75,-76.875,19.0,-107.0,-58.0,0x684a
1675371591.5957289,7893.0,4750.0,201.0,330.375,3.4375,117.875,-362.0,-226.0,-14.0,0x683f
1675371591.702606,7522.0,4696.0,670.0,81.0,-5.8125,-79.25,-319.0,121.0,61.0,0x684a
1675371591.811897,8214.0,4753.0,631.0,331.5625,-4.25,109.625,357.0,-39.0,127.0,0x683f
1675371591.919476,7234.0,5044.0,353.0,90.375,-1.3125,-77.625,-173.0,-172.0,85.0,0x684a
1675371592.027454,7941.0,4836.0,733.0,321.3125,-20.625,108.125,-33.0,296.0,12.0,0x683f
1675371592.136723,7602.0,4866.0,1138.0,95.8125,2.8125,-77.75,-187.0,104.0,39.0,0x684a
1675371592.243757,7514.0,4828.0,494.0,316.0625,-21.1875,107.5625,-81.0,-371.0,-188.0,0x683f
1675371592.353276,6959.0,4694.0,535.0,92.25,0.8125,-74.125,66.0,-1.0,-207.0,0x684a
1675371592.463417,7477.0,5044.0,471.0,313.9375,-10.875,106.6875,64.0,121.0,71.0,0x683f
1675371592.574673,6583.0,5426.0,211.0,84.125,-9.9375,-75.0,162.0,-114.0,-154.0,0x684a
1675371592.684172,7502.0,5412.0,518.0,313.75,-1.9375,106.25,-125.0,-21.0,-73.0,0x683f
1675371592.793215,6246.0,5443.0,377.0,78.375,-12.0,-74.8125,-40.0,369.0,-66.0,0x684a
1675371592.9017951,6797.0,5422.0,604.0,301.25,-9.625,100.5,471.0,165.0,147.0,0x683f
1675371593.0096,6247.0,5208.0,582.0,68.4375,-8.25,-70.875,50.0,13.0,160.0,0x684a
1675371593.120697,6659.0,5271.0,1031.0,256.875,-25.9375,100.6875,317.0,99.0,-127.0,0x683f
1675371593.227684,6107.0,4894.0,492.0,47.0625,-1.8125,-75.625,-9.0,37.0,-19.0,0x684a
1675371593.337239,6061.0,5542.0,374.0,234.4375,-24.9375,103.4375,-119.0,146.0,-154.0,0x683f
1675371593.444318,6110.0,4659.0,869.0,31.25,-1.25,-73.8125,307.0,-55.0,-148.0,0x684a
1675371593.552499,6017.0,4920.0,435.0,215.9375,-21.5625,107.5,-40.0,-95.0,-286.0,0x683f
1675371593.659643,5829.0,4493.0,720.0,12.0625,-11.5625,-76.0625,177.0,-221.0,-92.0,0x684a
1675371593.7670012,5869.0,5212.0,433.0,223.875,-5.25,111.6875,-41.0,-46.0,62.0,0x683f
1675371593.874908,5819.0,4416.0,789.0,1.125,-13.5,-79.1875,1.0,320.0,15.0,0x684a
1675371593.982514,5945.0,4788.0,916.0,228.75,-3.5,108.375,-300.0,47.0,137.0,0x683f
1675371594.0920699,5291.0,3823.0,578.0,3.4375,-12.0,-71.75,43.0,-70.0,-284.0,0x684a
1675371594.199837,5703.0,4587.0,606.0,206.1875,-22.5,102.4375,-32.0,108.0,42.0,0x683f
1675371594.305962,5854.0,3894.0,907.0,3.0625,-5.0625,-74.3125,-2.0,-96.0,14.0,0x684a
1675371594.413528,5724.0,4195.0,785.0,190.0625,-24.1875,99.8125,-540.0,-240.0,-263.0,0x683f
1675371594.525395,5660.0,3330.0,740.0,355.625,0.25,-74.625,11.0,81.0,-3.0,0x684a
1675371594.633646,5554.0,4194.0,608.0,182.375,-25.8125,106.875,711.0,10.0,10.0,0x683f
1675371594.741196,5294.0,3502.0,810.0,351.0625,-6.0625,-71.6875,89.0,-113.0,-142.0,0x684a
1675371594.849694,5332.0,3990.0,545.0,194.0,-12.625,110.5625,78.0,162.0,4.0,0x683f
1675371594.957098,5325.0,2963.0,948.0,347.25,-9.125,-75.375,-31.0,113.0,26.0,0x684a
1675371595.065341,5250.0,3615.0,544.0,214.5625,-3.375,113.4375,-231.0,-240.0,-110.0,0x683f
1675371595.1741922,5310.0,3068.0,770.0,354.75,-9.9375,-72.9375,-30.0,-276.0,-291.0,0x684a
1675371595.2823522,5327.0,3144.0,440.0,206.9375,-17.0625,105.5625,67.0,-40.0,-66.0,0x683f
1675371595.3894851,5408.0,2442.0,1207.0,3.8125,-2.0625,-73.75,-71.0,-74.0,29.0,0x684a
1675371595.497397,5247.0,3205.0,337.0,196.375,-23.6875,105.0625,223.0,14.0,241.0,0x683f
1675371595.605216,5332.0,2485.0,675.0,3.5625,0.9375,-72.125,-80.0,28.0,55.0,0x684a
1675371595.713322,5099.0,2999.0,443.0,200.0,-22.0,111.1875,160.0,-7.0,-104.0,0x683f
1675371595.8360782,4804.0,2246.0,904.0,8.25,0.1875,-66.4375,-29.0,54.0,-65.0,0x684a
1675371595.944708,4913.0,3139.0,398.0,226.875,-12.4375,116.0625,144.0,123.0,70.0,0x683f
1675371596.056872,4745.0,2092.0,614.0,21.6875,-3.75,-72.0625,57.0,-30.0,-8.0,0x684a
1675371596.163671,4736.0,2837.0,385.0,251.4375,-3.625,116.5625,-4.0,-246.0,239.0,0x683f
1675371596.286803,4100.0,2367.0,593.0,31.75,-8.0,-72.5,-94.0,204.0,62.0,0x684a
1675371596.395056,4546.0,2773.0,158.0,246.625,-12.3125,104.5625,365.0,80.0,-92.0,0x683f
1675371596.5028281,3966.0,2662.0,534.0,31.6875,-8.3125,-70.875,71.0,-103.0,127.0,0x684a
1675371596.613209,3764.0,2752.0,170.0,215.0,-25.5,105.0625,224.0,44.0,-20.0,0x683f
1675371596.722435,3436.0,2205.0,338.0,13.3125,-1.1875,-73.0625,-132.0,77.0,-27.0,0x684a
1675371596.831842,3965.0,2498.0,203.0,202.3125,-24.25,106.3125,-151.0,-237.0,140.0,0x683f
1675371596.939413,3286.0,1498.0,135.0,3.9375,2.5,-69.5,97.0,-166.0,-211.0,0x684a
1675371597.047206,3798.0,2489.0,283.0,196.1875,-22.0625,109.9375,373.0,-158.0,-93.0,0x683f
1675371597.1555111,3055.0,2161.0,-22.0,7.1875,-5.0,-69.0,-109.0,-78.0,-178.0,0x684a
1675371597.26451,3821.0,2219.0,244.0,224.0,-10.875,117.1875,65.0,-22.0,-97.0,0x683f
1675371597.37393,2727.0,2335.0,-324.0,23.375,-5.9375,-72.125,-12.0,117.0,0.0,0x684a
1675371597.4956632,3632.0,2237.0,396.0,257.5,-6.25,116.875,-42.0,-413.0,17.0,0x683f
1675371597.6061351,2929.0,2564.0,11.0,47.6875,-3.6875,-71.0,-64.0,3.0,-276.0,0x684a
1675371597.715157,3677.0,2339.0,554.0,268.375,-21.75,105.9375,-136.0,278.0,112.0,0x683f
1675371597.82405,2181.0,2855.0,-355.0,68.4375,3.0625,-75.625,-262.0,-64.0,-22.0,0x684a
1675371597.932937,3613.0,2305.0,577.0,284.625,-17.1875,105.6875,-396.0,-221.0,95.0,0x683f
1675371598.0428832,2649.0,3026.0,-107.0,81.0,6.0,-77.75,-107.0,273.0,9.0,0x684a
1675371598.1529331,3689.0,2395.0,207.0,304.0,-14.5,113.5,274.0,130.0,-45.0,0x683f
1675371598.262756,3020.0,2756.0,515.0,105.4375,2.0,-74.5,-91.0,52.0,-114.0,0x684a
1675371598.372896,3704.0,2610.0,238.0,344.9375,-5.9375,117.125,-65.0,41.0,-98.0,0x683f
1675371598.480491,3377.0,2828.0,495.0,142.5625,-1.375,-79.9375,18.0,-109.0,48.0,0x684a
1675371598.587745,3816.0,2592.0,365.0,37.4375,0.9375,116.8125,-362.0,-239.0,-11.0,0x683f
1675371598.695578,3487.0,2738.0,842.0,168.8125,-7.4375,-85.0,-296.0,180.0,39.0,0x684a
1675371598.8041961,3795.0,2430.0,359.0,60.4375,-3.5,103.625,493.0,147.0,310.0,0x683f
1675371598.913076,4045.0,3235.0,86.0,193.6875,-4.5625,-83.0,-59.0,-100.0,77.0,0x684a
1675371599.021576,3823.0,2520.0,526.0,73.8125,-19.0,97.5,-24.0,326.0,30.0,0x683f
1675371599.128683,4181.0,2916.0,323.0,216.8125,-1.6875,-86.3125,-130.0,-41.0,222.0,0x684a
1675371599.237325,3906.0,2563.0,413.0,89.1875,-14.375,103.9375,-675.0,-171.0,298.0,0x683f
1675371599.3450549,4538.0,3251.0,198.0,222.625,0.625,-84.3125,-40.0,-305.0,-71.0,0x684a
1675371599.467266,3908.0,2466.0,382.0,97.875,-12.0625,105.25,219.0,170.0,77.0,0x683f
1675371599.5755572,4612.0,2806.0,510.0,238.6875,-10.8125,-80.1875,24.0,-147.0,86.0,0x684a
1675371599.684798,4050.0,2387.0,313.0,127.75,-5.4375,107.5,-167.0,131.0,29.0,0x683f
1675371599.7937222,5048.0,2826.0,117.0,249.1875,-11.25,-82.25,143.0,129.0,54.0,0x684a
1675371599.904713,4339.0,2110.0,532.0,145.5,-1.0,107.0,-327.0,-306.0,-230.0,0x683f
1675371600.017031,4966.0,2752.0,406.0,259.1875,-14.125,-77.6875,139.0,-92.0,-271.0,0x684a
1675371600.1286001,4521.0,2127.0,411.0,128.3125,-14.375,94.4375,152.0,176.0,-244.0,0x683f
1675371600.241983,5444.0,2617.0,295.0,263.625,-8.75,-76.375,73.0,-83.0,-40.0,0x684a
1675371600.3548732,4945.0,2281.0,466.0,121.4375,-20.5625,100.1875,-149.0,-104.0,58.0,0x683f
1675371600.465329,5457.0,2503.0,761.0,252.1875,-4.25,-77.6875,29.0,331.0,120.0,0x684a
1675371600.578864,5193.0,2506.0,491.0,105.4375,-20.5625,103.1875,476.0,54.0,104.0,0x683f
1675371600.6911201,5762.0,2892.0,663.0,231.875,-7.625,-76.125,187.0,36.0,-47.0,0x684a
1675371600.804759,5374.0,2572.0,-88.0,96.625,-7.9375,103.0,81.0,140.0,24.0,0x683f
1675371600.915987,5924.0,3004.0,323.0,217.25,-13.3125,-81.625,183.0,-23.0,146.0,0x684a
1675371601.029196,5366.0,2461.0,572.0,100.4375,1.125,103.5,-99.0,-86.0,-182.0,0x683f
1675371601.1397812,6197.0,3239.0,433.0,210.3125,-15.1875,-83.5625,78.0,60.0,80.0,0x684a
1675371601.249214,5860.0,2629.0,259.0,89.9375,-4.0,94.625,365.0,197.0,37.0,0x683f
1675371601.360839,6268.0,3651.0,367.0,200.5625,-7.75,-81.5,52.0,-101.0,63.0,0x684a
1675371601.475766,6114.0,3288.0,358.0,57.8125,-18.3125,101.0625,48.0,219.0,7.0,0x683f
1675371601.589696,6164.0,3763.0,253.0,188.9375,-1.5625,-85.1875,-51.0,24.0,179.0,0x684a
1675371601.700345,6514.0,3612.0,1.0,48.6875,-19.1875,105.6875,-184.0,-264.0,-285.0,0x683f
1675371601.812163,6288.0,4099.0,676.0,179.5625,0.625,-80.8125,120.0,108.0,-120.0,0x684a
1675371601.923713,6365.0,3704.0,498.0,50.875,-10.75,108.125,-103.0,62.0,-152.0,0x683f
1675371602.035317,6118.0,4123.0,833.0,171.4375,-9.3125,-82.125,75.0,-149.0,81.0,0x684a
1675371602.148308,6217.0,3706.0,546.0,56.375,1.1875,111.125,-96.0,-195.0,46.0,0x683f
1675371602.2616892,6301.0,4526.0,831.0,167.875,-9.0,-83.8125,-236.0,324.0,64.0,0x684a
1675371602.387727,6413.0,4207.0,542.0,65.4375,-2.625,104.8125,250.0,-70.0,-17.0,0x683f
1675371602.498322,6582.0,4563.0,658.0,178.4375,-3.9375,-81.125,-6.0,-221.0,66.0,0x684a
1675371602.612478,6343.0,4108.0,638.0,51.875,-17.875,100.8125,281.0,268.0,214.0,0x683f
1675371602.724663,6985.0,5098.0,693.0,178.375,1.8125,-82.375,-199.0,52.0,99.0,0x684a
1675371602.834624,6687.0,4457.0,624.0,53.625,-14.6875,106.625,-189.0,-61.0,-430.0,0x683f
1675371602.944627,7086.0,5323.0,485.0,180.25,-0.9375,-77.4375,-24.0,-17.0,-57.0,0x684a
1675371603.0553489,6679.0,4608.0,391.0,66.1875,-5.9375,111.1875,80.0,159.0,210.0,0x683f
1675371603.1683998,7055.0,5750.0,330.0,181.75,-4.25,-78.6875,-29.0,-103.0,5.0,0x684a
1675371603.279099,6943.0,4567.0,552.0,88.9375,2.375,112.5625,-192.0,-125.0,-122.0,0x683f
1675371603.389438,7689.0,5461.0,788.0,192.5,-5.0,-80.1875,-194.0,95.0,-32.0,0x684a
1675371603.5003421,6934.0,4694.0,541.0,96.4375,-7.9375,102.625,286.0,-231.0,-122.0,0x683f
1675371603.614763,7923.0,5805.0,882.0,215.0,-3.25,-80.1875,-79.0,-215.0,-25.0,0x684a
1675371603.7261288,7143.0,4620.0,255.0,99.0625,-21.0,101.75,19.0,161.0,151.0,0x683f
1675371603.837858,7967.0,5333.0,1271.0,220.0,2.1875,-82.25,-133.0,101.0,176.0,0x684a
1675371603.950185,7411.0,4581.0,657.0,100.375,-19.9375,102.6875,298.0,41.0,0.0,0x683f
1675371604.061253,8006.0,5286.0,800.0,221.6875,-1.3125,-77.875,61.0,-56.0,-251.0,0x684a
1675371604.173747,7523.0,4703.0,693.0,116.3125,-10.5,107.5625,24.0,103.0,107.0,0x683f
1675371604.284653,8849.0,5250.0,634.0,233.4375,-8.9375,-80.6875,65.0,-127.0,70.0,0x684a
1675371604.3954618,7751.0,4823.0,680.0,133.0625,-2.0625,109.5625,-106.0,-67.0,-148.0,0x683f
1675371604.509058,8803.0,5372.0,913.0,238.4375,-11.25,-82.5625,-202.0,161.0,5.0,0x684a
1675371604.623661,8019.0,4849.0,687.0,132.1875,-12.0,101.625,215.0,-59.0,-38.0,0x683f
1675371604.73469,8868.0,4608.0,848.0,245.3125,-6.1875,-78.75,13.0,-186.0,95.0,0x684a
1675371604.8467278,8386.0,4656.0,3783.0,118.6875,-25.0625,100.9375,185.0,154.0,83.0,0x683f
1675371604.97311,9956.0,4565.0,876.0,242.6875,-1.0625,-79.5,-74.0,63.0,116.0,0x684a
1675371605.0855,8511.0,4650.0,649.0,114.25,-24.375,104.6875,-100.0,-199.0,-49.0,0x683f
1675371605.1975622,10126.0,4575.0,1312.0,239.5625,-2.5,-73.25,34.0,55.0,-310.0,0x684a
1675371605.3077068,8592.0,4660.0,735.0,117.1875,-16.75,106.125,44.0,-1.0,54.0,0x683f
1675371605.42024,9834.0,4594.0,969.0,245.375,-7.25,-75.8125,68.0,-43.0,-39.0,0x684a
1675371605.5298162,8578.0,4501.0,444.0,126.25,-11.625,105.0,-171.0,38.0,-203.0,0x683f
1675371605.641243,9985.0,4526.0,1175.0,254.25,-9.625,-75.9375,31.0,448.0,-77.0,0x684a
1675371605.753342,8670.0,4806.0,696.0,137.125,-12.375,101.8125,-53.0,62.0,253.0,0x683f
1675371605.869047,10163.0,4441.0,1494.0,253.3125,-8.375,-75.8125,-28.0,65.0,-205.0,0x684a
1675371605.980501,8726.0,4634.0,578.0,128.625,-19.0,102.875,21.0,50.0,128.0,0x683f
1675371606.092306,9805.0,4760.0,1774.0,247.0625,-4.875,-81.125,-47.0,-13.0,-110.0,0x684a
1675371606.2016692,8864.0,4627.0,382.0,123.75,-13.0,102.25,325.0,-71.0,73.0,0x683f
1675371606.313813,10016.0,4466.0,1563.0,243.25,-5.5,-81.25,182.0,151.0,-163.0,0x684a
1675371606.425101,8940.0,4590.0,604.0,125.6875,-11.625,104.5625,-81.0,9.0,-97.0,0x683f
1675371606.537438,10023.0,4662.0,1409.0,248.25,-8.9375,-78.5,67.0,-33.0,-64.0,0x684a
1675371606.649347,9023.0,4699.0,759.0,122.4375,-12.8125,102.1875,45.0,-2.0,1.0,0x683f
1675371606.763007,9879.0,4310.0,897.0,249.25,-9.0625,-77.9375,-37.0,9.0,-1.0,0x684a
1675371606.875926,9034.0,4637.0,689.0,120.6875,-11.9375,102.75,112.0,-77.0,18.0,0x683f
1675371606.987869,9863.0,4141.0,809.0,246.3125,-7.1875,-77.8125,31.0,-8.0,-65.0,0x684a
1675371607.100051,8952.0,4622.0,538.0,123.5,-8.4375,105.1875,-29.0,-10.0,-1.0,0x683f
1675371607.214011,9787.0,4171.0,748.0,247.0625,-6.9375,-77.8125,41.0,-12.0,5.0,0x684a
1675371607.326217,9038.0,4638.0,548.0,126.8125,-9.125,105.3125,33.0,25.0,-34.0,0x683f
1675371607.438638,9905.0,4565.0,1423.0,249.125,-6.8125,-77.125,3.0,-20.0,28.0,0x684a
1675371607.5496929,8949.0,4537.0,346.0,127.0,-8.8125,105.6875,10.0,13.0,-39.0,0x683f
1675371607.662551,9821.0,4458.0,1124.0,249.3125,-6.75,-77.5,14.0,-5.0,-2.0,0x684a
1675371607.774615,9068.0,4642.0,606.0,127.125,-8.6875,105.875,3.0,5.0,-19.0,0x683f
1675371607.887383,9788.0,4489.0,1141.0,251.1875,-6.625,-77.6875,12.0,-12.0,-14.0,0x684a
1675371607.999862,9016.0,4653.0,769.0,126.4375,-8.625,106.0,1.0,5.0,-26.0,0x683f
1675371608.113419,9708.0,4375.0,823.0,250.9375,-6.25,-77.5625,16.0,-5.0,18.0,0x684a
1675371608.223634,8973.0,4542.0,553.0,125.875,-8.625,106.1875,13.0,0.0,-21.0,0x683f
1675371608.3383942,9828.0,4518.0,1234.0,251.125,-6.0,-77.5,4.0,1.0,8.0,0x684a
1675371608.4505532,9086.0,4691.0,787.0,126.0625,-8.25,105.8125,12.0,5.0,-3.0,0x683f
1675371608.56442,9629.0,4463.0,923.0,251.875,-6.4375,-77.9375,12.0,-23.0,-22.0,0x684a
1675371608.675863,8868.0,4432.0,353.0,126.3125,-8.0625,105.625,-4.0,4.0,-25.0,0x683f
1675371608.788136,9635.0,4451.0,901.0,253.8125,-6.5625,-77.75,3.0,-13.0,8.0,0x684a
1675371608.900288,8863.0,4456.0,334.0,126.0,-8.25,105.875,-2.0,9.0,-7.0,0x683f
1675371609.0133991,9550.0,4572.0,930.0,255.1875,-6.5625,-77.3125,11.0,-24.0,4.0,0x684a
1675371609.126863,8917.0,4468.0,417.0,126.1875,-8.1875,105.9375,4.0,-8.0,-9.0,0x683f
1675371609.237928,9561.0,4533.0,1025.0,255.5,-6.625,-77.1875,8.0,-5.0,8.0,0x684a
1675371609.3509839,9049.0,4578.0,596.0,126.1875,-8.125,106.0,-14.0,3.0,-13.0,0x683f
1675371609.463959,9512.0,4690.0,929.0,256.75,-7.125,-77.25,0.0,-9.0,-1.0,0x684a
1675371609.590701,8995.0,4601.0,4245.0,126.375,-8.25,106.0,0.0,2.0,-11.0,0x683f
1675371609.7028449,9649.0,4516.0,977.0,258.5,-7.3125,-77.0625,2.0,-9.0,5.0,0x684a
1675371609.815927,8905.0,4430.0,310.0,126.0,-8.5625,106.0625,6.0,0.0,-9.0,0x683f
1675371609.929652,9595.0,4341.0,833.0,260.625,-7.5,-77.0,-1.0,-13.0,-15.0,0x684a
1675371610.041857,9074.0,4680.0,799.0,127.5625,-8.625,106.0,-6.0,0.0,-17.0,0x683f
1675371610.1557062,9846.0,3938.0,578.0,262.375,-7.6875,-77.3125,-5.0,-13.0,1.0,0x684a
1675371610.267085,8890.0,4465.0,380.0,127.9375,-8.75,106.0,3.0,0.0,-254.0,0x683f
1675371610.378623,9668.0,4161.0,755.0,264.4375,-7.5625,-77.375,-3.0,-11.0,11.0,0x684a
1675371610.489717,9079.0,4679.0,718.0,127.875,-8.875,106.0,-3.0,0.0,-8.0,0x683f
1675371610.60412,9481.0,4414.0,4048.0,266.3125,-7.5,-77.4375,-3.0,-17.0,-17.0,0x684a
1675371610.715465,9102.0,4670.0,788.0,128.1875,-8.9375,106.0,-7.0,5.0,-12.0,0x683f
1675371610.827619,9712.0,4235.0,770.0,268.125,-7.5,-77.5625,-12.0,-10.0,-6.0,0x684a
1675371610.938359,8967.0,4577.0,569.0,129.0,-8.9375,106.0,1.0,3.0,-4.0,0x683f
1675371611.0515862,9468.0,4376.0,714.0,269.3125,-7.3125,-77.5,-8.0,-10.0,6.0,0x684a
1675371611.1655219,9064.0,4699.0,744.0,129.8125,-9.0,105.9375,12.0,0.0,-2.0,0x683f
1675371611.2791822,9464.0,4358.0,646.0,270.5,-7.0625,-77.3125,-3.0,-15.0,-14.0,0x684a
1675371611.3956559,8919.0,4502.0,309.0,130.1875,-9.0,105.9375,0.0,2.0,-11.0,0x683f
1675371611.5281842,9487.0,4380.0,729.0,271.375,-6.8125,-77.125,-11.0,-10.0,3.0,0x684a
1675371611.651497,9094.0,4687.0,675.0,129.875,-9.0,105.9375,7.0,5.0,-5.0,0x683f
1675371611.7665222,9719.0,4154.0,795.0,272.8125,-6.75,-76.875,-2.0,-15.0,0.0,0x684a
1675371611.8798158,9058.0,4696.0,623.0,130.0625,-9.0,106.0,1.0,4.0,-14.0,0x683f
1675371611.9907231,9681.0,4126.0,788.0,273.5625,-6.6875,-76.9375,-1.0,-5.0,6.0,0x684a
1675371612.1044888,8937.0,4404.0,340.0,130.125,-9.125,106.125,17.0,4.0,-5.0,0x683f
1675371612.217354,9457.0,4437.0,884.0,274.625,-6.75,-77.0,-15.0,-3.0,-6.0,0x684a
1675371612.328504,9071.0,4658.0,728.0,130.875,-9.3125,106.125,5.0,1.0,0.0,0x683f
1675371612.438087,9774.0,4332.0,881.0,275.625,-6.9375,-76.8125,7.0,-24.0,12.0,0x684a
1675371612.548286,9057.0,4649.0,738.0,130.8125,-9.5,106.1875,-18.0,1.0,-8.0,0x683f
1675371612.6605551,9527.0,4594.0,845.0,276.25,-6.8125,-76.9375,-12.0,-20.0,-11.0,0x684a
1675371612.7717419,9040.0,4661.0,736.0,131.125,-9.5625,106.1875,-6.0,4.0,3.0,0x683f
1675371612.8837829,9561.0,4553.0,825.0,276.4375,-6.6875,-77.1875,-6.0,-12.0,-10.0,0x684a
1675371612.99524,9052.0,4653.0,712.0,131.375,-9.5625,106.125,2.0,-3.0,-13.0,0x683f
1675371613.107989,9569.0,4586.0,900.0,276.9375,-6.75,-77.5625,-11.0,-9.0,-3.0,0x684a
1675371613.218109,9033.0,4646.0,626.0,132.125,-9.25,106.0625,-3.0,3.0,-9.0,0x683f
1675371613.329442,9760.0,4415.0,943.0,277.25,-6.625,-77.9375,-4.0,-7.0,-4.0,0x684a
1675371613.442158,9072.0,4636.0,688.0,132.1875,-9.25,106.125,7.0,-2.0,-6.0,0x683f
1675371613.558076,9565.0,4520.0,847.0,277.8125,-6.625,-77.9375,-12.0,-14.0,-1.0,0x684a
1675371613.6694841,9058.0,4641.0,683.0,132.75,-9.25,105.8125,5.0,3.0,-1.0,0x683f
1675371613.7824268,9600.0,4553.0,898.0,279.5,-6.8125,-77.5,-12.0,-11.0,-2.0,0x684a
1675371613.8950698,9062.0,4645.0,745.0,133.3125,-9.25,105.625,3.0,3.0,-3.0,0x683f
1675371614.010106,9576.0,4559.0,878.0,279.8125,-6.6875,-77.1875,-5.0,-8.0,4.0,0x684a
1675371614.123785,9070.0,4637.0,697.0,133.75,-9.3125,105.6875,4.0,-2.0,-14.0,0x683f
1675371614.2361238,9566.0,4599.0,746.0,280.125,-6.5625,-77.0,-6.0,-11.0,-9.0,0x684a
1675371614.3467531,9033.0,4641.0,629.0,133.5,-9.375,105.75,0.0,4.0,-8.0,0x683f
1675371614.461177,9550.0,4644.0,765.0,280.3125,-6.375,-76.6875,-10.0,-12.0,-1.0,0x684a
1675371614.572659,9047.0,4628.0,672.0,133.375,-9.5,105.6875,9.0,6.0,-6.0,0x683f
1675371614.683779,9562.0,4605.0,889.0,280.5,-6.25,-76.4375,-6.0,-14.0,-2.0,0x684a
1675371614.7940469,8997.0,4630.0,642.0,133.5625,-9.5,105.6875,3.0,0.0,-6.0,0x683f
1675371614.908708,9705.0,4781.0,1406.0,280.5,-6.125,-76.5,-3.0,-15.0,2.0,0x684a
1675371615.022065,8974.0,4668.0,659.0,134.1875,-9.5,105.75,6.0,8.0,-12.0,0x683f
1675371615.132504,9698.0,4765.0,1496.0,281.0625,-6.3125,-76.5,-9.0,-10.0,-6.0,0x684a
1675371615.243459,8993.0,4662.0,686.0,134.6875,-9.625,105.75,9.0,5.0,-16.0,0x683f
1675371615.3584142,10148.0,4472.0,1632.0,281.5625,-6.25,-76.625,-9.0,-10.0,-3.0,0x684a
1675371615.4696279,9032.0,4664.0,713.0,135.5,-9.75,105.8125,14.0,1.0,-12.0,0x683f
1675371615.5826392,9894.0,4664.0,1508.0,282.3125,-6.125,-76.875,-11.0,-16.0,3.0,0x684a
1675371615.691364,8984.0,4636.0,671.0,136.0,-9.6875,105.8125,0.0,5.0,-10.0,0x683f
1675371615.80619,9910.0,4629.0,1493.0,282.3125,-6.1875,-77.1875,-12.0,-13.0,-1.0,0x684a
1675371615.918727,9012.0,4642.0,701.0,136.5,-9.6875,105.8125,-6.0,4.0,-5.0,0x683f
1675371616.031604,9948.0,4652.0,1622.0,282.3125,-6.125,-77.1875,-12.0,-11.0,4.0,0x684a
1675371616.142112,9045.0,4639.0,719.0,136.6875,-9.6875,105.75,-3.0,3.0,-9.0,0x683f
1675371616.254883,9842.0,4515.0,1117.0,283.0625,-6.0,-77.0,-6.0,-8.0,10.0,0x684a
1675371616.367775,9031.0,4628.0,762.0,136.5625,-9.6875,105.5625,6.0,3.0,-1.0,0x683f
1675371616.479062,9818.0,4773.0,1532.0,283.0625,-6.0,-76.4375,-6.0,-13.0,5.0,0x684a
1675371616.590574,9002.0,4629.0,622.0,136.3125,-9.6875,105.5,12.0,4.0,-1.0,0x683f
1675371616.702893,9954.0,4647.0,1574.0,284.0,-6.1875,-75.375,0.0,-8.0,-5.0,0x684a
1675371616.813115,8970.0,4627.0,583.0,136.9375,-9.9375,105.5,26.0,3.0,-20.0,0x683f
1675371616.92507,10034.0,4541.0,1494.0,285.1875,-6.75,-75.25,-7.0,-13.0,-6.0,0x684a
1675371617.0386062,8958.0,4578.0,509.0,137.6875,-10.1875,105.25,-4.0,-6.0,-10.0,0x683f
1675371617.155432,9721.0,4599.0,782.0,286.6875,-7.625,-75.4375,-5.0,-29.0,-34.0,0x684a
1675371617.2691681,8881.0,4680.0,517.0,140.375,-10.125,103.5625,139.0,-52.0,39.0,0x683f
1675371617.383289,9799.0,4562.0,1151.0,291.625,-7.625,-79.1875,-90.0,-36.0,-2.0,0x684a
1675371617.49306,8856.0,4839.0,753.0,147.1875,-9.6875,99.6875,165.0,67.0,-3.0,0x683f
1675371617.608248,9563.0,4497.0,990.0,303.375,-6.625,-83.6875,-83.0,36.0,-51.0,0x684a
1675371617.718656,8487.0,4669.0,526.0,162.6875,-9.6875,95.5,6.0,-47.0,113.0,0x683f
1675371617.833712,9514.0,4326.0,726.0,326.375,-8.5625,-79.375,-94.0,-6.0,-156.0,0x684a
1675371617.945175,8612.0,4938.0,1023.0,174.75,-25.25,92.5,105.0,32.0,-44.0,0x683f
1675371618.0578592,8952.0,4482.0,879.0,352.8125,-5.625,-73.0625,-223.0,-38.0,-104.0,0x684a
1675371618.169249,8407.0,4972.0,907.0,182.0625,-39.0625,104.4375,122.0,-30.0,20.0,0x683f
1675371618.28091,8567.0,4809.0,890.0,22.375,-5.0,-74.25,37.0,161.0,-65.0,0x684a
1675371618.393051,8272.0,5074.0,892.0,203.625,-34.75,139.5625,-198.0,45.0,-2.0,0x683f
1675371618.505449,8214.0,5086.0,1114.0,47.875,-5.125,-76.625,70.0,-84.0,-47.0,0x684a
1675371618.618081,8124.0,5108.0,780.0,152.1875,-27.6875,-177.4375,151.0,-345.0,205.0,0x683f
1675371618.728331,8096.0,5205.0,1287.0,70.6875,-8.25,-81.1875,6.0,108.0,12.0,0x684a
1675371618.8389142,7861.0,5517.0,504.0,183.5625,-37.375,153.6875,283.0,-716.0,-144.0,0x683f
1675371618.9533582,7712.0,5317.0,777.0,94.5625,-15.3125,-72.25,116.0,-157.0,-247.0,0x684a
1675371619.066764,7914.0,5518.0,458.0,304.1875,-17.5,89.8125,8.0,-44.0,-348.0,0x683f
1675371619.1776052,6960.0,5325.0,191.0,94.4375,-4.0,-73.5625,-88.0,-58.0,28.0,0x684a
1675371619.289739,8128.0,5529.0,633.0,348.9375,-12.1875,91.625,-682.0,131.0,-470.0,0x683f
1675371619.400767,7181.0,5264.0,650.0,85.0625,0.1875,-77.4375,76.0,363.0,141.0,0x684a
1675371619.511913,7342.0,5455.0,643.0,333.75,2.8125,102.9375,-458.0,-304.0,-26.0,0x683f
1675371619.623955,6856.0,5119.0,678.0,79.5625,-4.875,-73.25,159.0,-101.0,-83.0,0x684a
1675371619.736036,6569.0,5659.0,540.0,268.25,-28.0,105.3125,449.0,-49.0,-90.0,0x683f
1675371619.850361,6612.0,5219.0,644.0,76.9375,-9.375,-75.5,119.0,-23.0,31.0,0x684a
1675371619.968079,6557.0,5492.0,745.0,249.125,-50.4375,137.625,590.0,-488.0,167.0,0x683f
1675371620.08256,6537.0,5404.0,989.0,78.3125,-12.0,-73.8125,-73.0,-270.0,-313.0,0x684a
1675371620.19913,6648.0,5429.0,919.0,305.9375,-28.375,117.625,-336.0,-145.0,-438.0,0x683f
1675371620.3129642,6254.0,5502.0,932.0,72.375,0.25,-73.875,-54.0,-23.0,-89.0,0x684a
1675371620.427167,6470.0,5493.0,662.0,210.625,-24.75,141.1875,-26.0,499.0,219.0,0x683f
1675371620.539327,6077.0,5533.0,1078.0,74.625,1.375,-74.625,16.0,215.0,-61.0,0x684a
1675371620.649917,6369.0,5464.0,616.0,340.3125,-21.6875,133.875,-194.0,66.0,-73.0,0x683f
1675371620.761942,5734.0,5754.0,915.0,87.9375,-2.4375,-69.5,130.0,54.0,-8.0,0x684a
1675371620.876551,5747.0,5813.0,602.0,211.5625,-31.75,156.125,64.0,-190.0,405.0,0x683f
1675371620.989156,5392.0,5710.0,907.0,102.375,-7.375,-74.75,70.0,-2.0,-7.0,0x684a
1675371621.100457,5936.0,5632.0,707.0,267.0,-37.125,150.25,127.0,-894.0,-381.0,0x683f
1675371621.2137458,5376.0,5680.0,1076.0,112.9375,-9.375,-74.9375,45.0,-220.0,-340.0,0x684a
1675371621.326771,5917.0,5806.0,868.0,326.125,-26.5,111.875,101.0,-188.0,-130.0,0x683f
1675371621.440456,5185.0,5807.0,1026.0,121.5,1.25,-78.8125,-139.0,-135.0,23.0,0x684a
1675371621.550987,5813.0,6018.0,778.0,324.5,-43.5,112.875,-206.0,342.0,-42.0,0x683f
1675371621.663321,5564.0,5871.0,1218.0,122.75,3.8125,-77.5,-63.0,480.0,32.0,0x684a
1675371621.7741911,5618.0,6155.0,855.0,311.5,-48.125,136.8125,-252.0,161.0,-65.0,0x683f
1675371621.88915,5399.0,5892.0,1344.0,134.1875,-4.4375,-69.75,139.0,249.0,71.0,0x684a
1675371622.002229,5272.0,6244.0,994.0,276.0625,-68.5,83.1875,161.0,80.0,33.0,0x683f
1675371622.116417,4940.0,6311.0,1092.0,136.6875,-9.9375,-76.0625,101.0,-113.0,-28.0,0x684a
1675371622.226662,4776.0,6845.0,723.0,268.375,-53.5,47.4375,204.0,-33.0,-5.0,0x683f
1675371622.3552551,4822.0,6515.0,1061.0,134.5625,-12.4375,-81.4375,-46.0,-224.0,-98.0,0x684a
1675371622.467561,4973.0,6480.0,773.0,274.1875,-36.8125,32.8125,44.0,-61.0,-43.0,0x683f
1675371622.579382,5024.0,6183.0,1377.0,102.6875,-1.4375,-80.625,-20.0,31.0,-168.0,0x684a
1675371622.6911402,5016.0,6624.0,772.0,284.9375,-27.6875,46.4375,-70.0,-169.0,17.0,0x683f
1675371622.809644,5028.0,6252.0,1374.0,106.5,-2.1875,-81.8125,63.0,81.0,-38.0,0x684a
1675371622.923768,5071.0,6601.0,703.0,279.375,-23.3125,46.375,59.0,12.0,19.0,0x683f
1675371623.0332642,4879.0,6405.0,1346.0,113.5,-3.3125,-82.625,19.0,-20.0,-45.0,0x684a
1675371623.146487,5028.0,6570.0,717.0,282.0,-23.3125,46.0625,-192.0,79.0,-30.0,0x683f
1675371623.262128,4697.0,6741.0,1208.0,110.4375,-1.0625,-85.25,4.0,11.0,23.0,0x684a
1675371623.373155,5056.0,6622.0,750.0,279.0,-20.5,40.3125,17.0,47.0,-60.0,0x683f
1675371623.484713,4569.0,6760.0,1098.0,110.75,-1.0625,-85.3125,3.0,0.0,-25.0,0x684a
1675371623.593206,5024.0,6641.0,723.0,281.0625,-21.4375,39.0625,40.0,-2.0,50.0,0x683f
1675371623.7071989,4659.0,6792.0,1202.0,112.0,-1.4375,-85.875,-20.0,-9.0,-28.0,0x684a
1675371623.8202722,5045.0,6653.0,825.0,290.125,-20.625,39.1875,-6.0,-12.0,18.0,0x683f
1675371623.932189,4689.0,6642.0,1179.0,111.375,-1.0625,-86.125,-24.0,-7.0,-39.0,0x684a
1675371624.0433202,4984.0,6533.0,768.0,296.6875,-21.1875,40.5,18.0,21.0,39.0,0x683f
1675371624.155294,4615.0,6579.0,1109.0,111.8125,-1.5,-86.25,-25.0,-2.0,-28.0,0x684a
1675371624.2671602,5017.0,6540.0,763.0,301.5,-21.5,41.6875,-13.0,19.0,25.0,0x683f
1675371624.379349,4590.0,6547.0,1064.0,110.9375,-1.1875,-86.5625,-11.0,-6.0,-20.0,0x684a
1675371624.491599,5037.0,6559.0,752.0,304.1875,-22.0,41.5625,-28.0,-1.0,10.0,0x683f
1675371624.604192,4491.0,6686.0,1095.0,111.6875,-1.375,-86.4375,0.0,-6.0,-5.0,0x684a
1675371624.717421,5037.0,6572.0,788.0,307.0,-21.3125,43.25,-6.0,-25.0,26.0,0x683f
