1678222172.121728,6436.0,2260.0,2399.0,54.9375,-18.1875,87.875,-306.0,-940.0,36.0,0.0,-9.0,2.0,2.3125,0.25,0.25,94869.5,0x683f
1678222172.187707,6460.0,2277.0,2400.0,55.0,-18.1875,87.75,-315.0,-934.0,26.0,-8.0,-4.0,-9.0,2.25,0.4375,0.1875,94869.5,0x683f
1678222172.2509701,6453.0,2255.0,2400.0,54.75,-18.1875,87.6875,-313.0,-931.0,25.0,-1.0,-6.0,-16.0,0.4375,-1.125,0.0,94869.5,0x683f
1678222172.312319,6431.0,2267.0,2399.0,54.75,-18.1875,87.6875,-317.0,-935.0,18.0,-10.0,-5.0,-17.0,-0.4375,0.6875,0.0625,94869.5,0x683f
1678222172.373527,6470.0,2296.0,2400.0,54.75,-18.25,87.8125,-311.0,-932.0,22.0,-3.0,-1.0,-8.0,-2.6875,-1.3125,1.0,94869.5,0x683f
1678222172.4365802,6461.0,2276.0,2400.0,54.75,-18.3125,87.9375,-305.0,-931.0,28.0,2.0,0.0,-4.0,-2.5625,-0.125,0.125,94869.5,0x683f
1678222172.4990048,6459.0,2294.0,2399.0,54.6875,-18.3125,88.125,-312.0,-932.0,20.0,-7.0,-4.0,-9.0,-2.875,0.375,-0.6875,94870.5,0x683f
1678222172.565582,6448.0,2287.0,2400.0,54.625,-18.25,88.3125,-320.0,-943.0,14.0,-12.0,-13.0,-12.0,-3.5,-0.5,-0.4375,94870.5,0x683f
1678222172.629696,8441.0,3238.0,738.0,54.25,-18.25,88.5,-313.0,-935.0,11.0,-4.0,-1.0,-9.0,-4.75,-2.8125,0.0625,94870.5,0x683f
1678222172.6918662,8477.0,3228.0,799.0,54.0,-18.25,88.8125,-303.0,-948.0,21.0,3.0,-16.0,3.0,-4.25,-2.0625,-1.0,94870.5,0x683f
1678222172.751683,8444.0,3217.0,760.0,53.6875,-18.1875,89.0,-312.0,-947.0,17.0,-6.0,-15.0,1.0,-3.0,0.25,0.4375,94870.5,0x683f
1678222172.813523,8450.0,3223.0,789.0,53.4375,-18.1875,89.125,-302.0,-947.0,19.0,4.0,-14.0,11.0,-2.9375,-1.9375,0.25,94870.5,0x683f
1678222172.8772411,8471.0,3213.0,798.0,53.1875,-18.1875,89.25,-307.0,-944.0,23.0,-2.0,-10.0,10.0,-0.875,0.6875,-0.25,94861.5,0x683f
1678222172.941288,8474.0,3229.0,826.0,53.1875,-18.1875,89.25,-313.0,-951.0,10.0,-6.0,-20.0,0.0,0.0625,-1.125,-0.625,94861.5,0x683f
1678222173.0048451,8454.0,3240.0,793.0,53.0,-18.1875,89.25,-311.0,-933.0,-4.0,-4.0,-2.0,-16.0,-1.1875,-3.3125,-0.625,94861.5,0x683f
1678222173.071933,8464.0,3235.0,870.0,52.75,-18.125,89.25,-306.0,-934.0,-1.0,0.0,-3.0,-7.0,-3.8125,-9.3125,-3.5,94861.5,0x683f
1678222173.13611,8576.0,3248.0,812.0,52.3125,-17.8125,89.375,-316.0,-940.0,15.0,-15.0,-6.0,5.0,-3.8125,-6.0625,-3.25,94861.5,0x683f
1678222173.197335,8601.0,3237.0,828.0,52.0,-17.6875,89.5,-312.0,-952.0,26.0,-13.0,-18.0,18.0,-2.5,-1.9375,0.3125,94861.5,0x683f
1678222173.260618,8467.0,3240.0,835.0,51.5625,-17.875,89.5625,-303.0,-947.0,21.0,0.0,-12.0,17.0,-0.125,-1.9375,3.5625,94870.0,0x683f
1678222173.32639,8504.0,3341.0,911.0,51.3125,-18.0625,89.5,-298.0,-942.0,13.0,8.0,-7.0,5.0,1.375,0.0625,2.4375,94870.0,0x683f
1678222173.390281,8464.0,3232.0,813.0,51.1875,-18.1875,89.4375,-298.0,-944.0,7.0,7.0,-12.0,-7.0,2.0625,1.125,0.9375,94870.0,0x683f
1678222173.477643,8448.0,3237.0,815.0,51.375,-18.1875,89.3125,-303.0,-937.0,1.0,2.0,-7.0,-11.0,0.625,0.9375,-0.3125,94870.0,0x683f
1678222173.54267,8461.0,3206.0,859.0,51.625,-18.125,89.3125,-312.0,-935.0,9.0,-6.0,-3.0,-1.0,-0.625,0.375,-1.3125,94870.0,0x683f
1678222173.604448,8482.0,3248.0,826.0,51.8125,-18.0625,89.3125,-316.0,-942.0,13.0,-12.0,-9.0,2.0,-0.625,-0.875,-0.75,94861.75,0x683f
1678222173.671552,8454.0,3250.0,833.0,52.0,-18.0625,89.3125,-317.0,-940.0,11.0,-11.0,-8.0,1.0,0.375,0.3125,1.5,94861.75,0x683f
1678222173.735866,8444.0,3223.0,784.0,52.0625,-18.1875,89.3125,-313.0,-938.0,6.0,-7.0,-7.0,-4.0,0.75,0.125,1.9375,94861.75,0x683f
1678222173.802479,8457.0,3239.0,763.0,52.125,-18.3125,89.25,-315.0,-936.0,0.0,-7.0,-5.0,-11.0,0.1875,-0.375,1.9375,94861.75,0x683f
1678222173.867275,8500.0,3335.0,911.0,51.9375,-18.4375,89.25,-305.0,-938.0,0.0,4.0,-10.0,-7.0,0.1875,0.0625,1.875,94861.75,0x683f
1678222173.931935,8477.0,3254.0,759.0,51.875,-18.5625,89.25,-313.0,-936.0,2.0,2.0,-8.0,-5.0,-0.4375,0.0,1.0,94861.75,0x683f
1678222173.994389,8490.0,3218.0,795.0,51.75,-18.5625,89.3125,-304.0,-946.0,18.0,4.0,-19.0,5.0,-0.5,-0.75,0.375,94856.0,0x683f
1678222174.057663,8437.0,3260.0,772.0,51.8125,-18.625,89.3125,-315.0,-944.0,15.0,-2.0,-12.0,6.0,1.5,1.75,1.75,94856.0,0x683f
1678222174.123456,8461.0,3239.0,814.0,52.0,-18.75,89.25,-317.0,-934.0,13.0,-2.0,-8.0,0.0,2.375,1.625,0.625,94856.0,0x683f
1678222174.18511,8447.0,3215.0,777.0,51.9375,-18.6875,89.125,-324.0,-937.0,5.0,-10.0,-3.0,-9.0,1.0,15.125,-0.8125,94856.0,0x683f
1678222174.24432,8427.0,3218.0,747.0,52.1875,-18.6875,89.0625,-324.0,-936.0,5.0,-8.0,-9.0,-9.0,0.375,-1.875,-0.125,94856.0,0x683f
1678222174.304139,8443.0,3239.0,811.0,52.125,-18.6875,89.0,-323.0,-936.0,0.0,-8.0,-7.0,-14.0,0.6875,-1.9375,0.875,94856.0,0x683f
1678222174.366074,8425.0,3245.0,732.0,52.0,-18.75,88.9375,-317.0,-936.0,7.0,-1.0,-7.0,-8.0,-0.375,-2.5,0.75,94866.5,0x683f
1678222174.426038,8405.0,3213.0,743.0,51.75,-18.8125,88.875,-313.0,-938.0,14.0,2.0,-9.0,-3.0,0.125,-1.75,0.75,94866.5,0x683f
1678222174.486568,8462.0,3192.0,850.0,51.875,-18.8125,88.875,-315.0,-937.0,17.0,1.0,-9.0,0.0,0.375,-0.875,0.375,94866.5,0x683f
1678222174.5470688,8409.0,3237.0,790.0,51.8125,-18.8125,88.8125,-317.0,-936.0,23.0,0.0,-8.0,5.0,0.8125,-1.125,-0.1875,94866.5,0x683f
1678222174.607291,8447.0,3234.0,829.0,51.75,-18.8125,88.75,-318.0,-943.0,21.0,-1.0,-15.0,1.0,2.0625,0.1875,0.875,94866.5,0x683f
1678222174.666014,8415.0,3230.0,777.0,51.75,-18.875,88.625,-322.0,-941.0,20.0,-4.0,-14.0,-1.0,2.5,1.75,0.9375,94866.5,0x683f
1678222174.726196,8406.0,3226.0,803.0,51.8125,-18.9375,88.5,-323.0,-936.0,21.0,-5.0,-8.0,-2.0,2.25,-1.0,0.125,94874.0,0x683f
1678222174.7864609,8400.0,3215.0,772.0,51.8125,-18.875,88.3125,-322.0,-931.0,26.0,-3.0,-4.0,0.0,1.125,-1.6875,-0.4375,94874.0,0x683f
1678222174.8454359,8427.0,3229.0,742.0,51.8125,-18.875,88.1875,-317.0,-927.0,28.0,0.0,0.0,0.0,1.6875,-1.125,0.25,94874.0,0x683f
1678222174.904727,8416.0,3274.0,766.0,51.75,-18.875,88.125,-320.0,-929.0,16.0,-2.0,-1.0,-13.0,1.5,-0.0625,0.125,94874.0,0x683f
1678222174.963768,8414.0,3227.0,834.0,51.75,-18.875,88.0625,-319.0,-937.0,14.0,-1.0,-10.0,-16.0,0.4375,-0.5,-0.25,94874.0,0x683f
1678222175.0234208,8457.0,3206.0,832.0,51.8125,-18.875,88.0625,-320.0,-926.0,15.0,-2.0,0.0,-16.0,0.0,-0.8125,-0.5,94874.0,0x683f
1678222175.084408,8400.0,3235.0,771.0,51.6875,-18.875,88.0,-315.0,-929.0,21.0,2.0,-2.0,-10.0,-0.4375,0.6875,-0.1875,94874.0,0x683f
1678222175.1447968,8434.0,3216.0,843.0,51.6875,-18.875,88.0625,-323.0,-929.0,20.0,-5.0,-1.0,-10.0,0.0,1.6875,0.625,94871.25,0x683f
1678222175.2059572,8457.0,3192.0,811.0,51.9375,-18.875,88.125,-324.0,-939.0,21.0,-6.0,-11.0,-8.0,-1.3125,0.5625,0.125,94871.25,0x683f
1678222175.267581,8445.0,3218.0,755.0,51.875,-18.875,88.1875,-326.0,-934.0,29.0,-8.0,-7.0,0.0,-1.8125,-0.125,0.3125,94871.25,0x683f
1678222175.332719,8450.0,3211.0,840.0,51.8125,-18.875,88.25,-316.0,-936.0,32.0,2.0,-11.0,4.0,-1.75,-1.875,-0.3125,94871.25,0x683f
1678222175.397624,8406.0,3239.0,739.0,51.625,-18.875,88.3125,-317.0,-941.0,28.0,0.0,-14.0,2.0,-0.875,0.0625,-0.125,94871.25,0x683f
1678222175.461365,8408.0,3234.0,795.0,51.625,-18.875,88.375,-315.0,-932.0,16.0,1.0,-5.0,-8.0,-0.375,0.9375,0.5625,94871.25,0x683f
1678222175.5237088,8389.0,3256.0,727.0,51.875,-18.875,88.375,-322.0,-935.0,11.0,-4.0,-8.0,-13.0,-0.3125,0.6875,-0.8125,94869.25,0x683f
1678222175.584878,8412.0,3239.0,768.0,52.25,-18.8125,88.4375,-328.0,-937.0,9.0,-11.0,-9.0,-15.0,-0.375,1.6875,-0.25,94869.25,0x683f
1678222175.6446311,8426.0,3214.0,749.0,52.25,-18.8125,88.5,-322.0,-936.0,15.0,-5.0,-8.0,-8.0,-1.875,0.125,0.625,94869.25,0x683f
1678222175.7065961,8383.0,3236.0,719.0,52.25,-18.875,88.625,-320.0,-937.0,18.0,-2.0,-10.0,-3.0,-0.75,1.75,0.4375,94869.25,0x683f
1678222175.767225,8393.0,3215.0,775.0,52.3125,-18.875,88.625,-320.0,-942.0,17.0,-2.0,-15.0,-3.0,-0.5,1.1875,-0.1875,94869.25,0x683f
1678222175.829618,8387.0,3256.0,650.0,52.125,-18.875,88.625,-318.0,-940.0,18.0,-2.0,-12.0,-3.0,-0.625,0.0,-0.6875,94869.25,0x683f
1678222175.891375,8406.0,3220.0,698.0,52.25,-18.8125,88.6875,-316.0,-941.0,19.0,0.0,-12.0,-3.0,-0.875,-1.1875,-1.0625,94867.75,0x683f
1678222175.9536781,8398.0,3237.0,681.0,52.25,-18.75,88.6875,-316.0,-934.0,14.0,-1.0,-5.0,-6.0,0.0625,0.5,-0.6875,94867.75,0x683f
1678222176.014503,8455.0,3329.0,806.0,52.5,-18.6875,88.6875,-320.0,-936.0,6.0,-6.0,-7.0,-14.0,-0.375,-1.125,-1.25,94867.75,0x683f
1678222176.07637,8406.0,3217.0,641.0,52.5,-18.625,88.6875,-318.0,-935.0,4.0,-4.0,-6.0,-15.0,-0.6875,-1.5,-1.375,94867.75,0x683f
1678222176.137538,8362.0,3210.0,656.0,52.625,-18.4375,88.75,-312.0,-931.0,6.0,-1.0,-1.0,-14.0,-1.4375,-2.6875,-2.5,94867.75,0x683f
1678222176.198003,8429.0,3239.0,691.0,52.625,-18.375,88.8125,-316.0,-937.0,9.0,-7.0,-7.0,-9.0,-2.0,-0.8125,-1.375,94867.75,0x683f
1678222176.260001,8447.0,3225.0,696.0,52.6875,-18.3125,88.875,-323.0,-940.0,6.0,-16.0,-10.0,-8.0,-1.75,-0.9375,-0.75,94858.75,0x683f
1678222176.324076,8456.0,3397.0,723.0,52.5625,-18.25,88.9375,-312.0,-940.0,10.0,-4.0,-9.0,-5.0,-1.5625,-2.125,0.0,94858.75,0x683f
1678222176.3878772,8362.0,3206.0,640.0,52.375,-18.25,89.0,-307.0,-940.0,8.0,0.0,-10.0,-7.0,-1.1875,-2.375,0.5,94858.75,0x683f
1678222176.45173,8807.0,3428.0,658.0,52.0,-18.3125,89.0,-300.0,-949.0,3.0,7.0,-18.0,-12.0,-0.0625,0.375,1.0625,94858.75,0x683f
1678222176.518036,8393.0,3239.0,687.0,51.9375,-18.3125,89.0,-300.0,-941.0,4.0,4.0,-11.0,-9.0,-0.5625,-1.0625,-0.0625,94858.75,0x683f
1678222176.5832279,8360.0,3240.0,648.0,51.875,-18.3125,88.9375,-300.0,-943.0,10.0,7.0,-12.0,-5.0,0.125,-0.25,-0.875,94858.75,0x683f
1678222176.647379,8414.0,3212.0,671.0,52.125,-18.25,88.9375,-307.0,-942.0,9.0,0.0,-15.0,-8.0,0.375,0.1875,-0.5,94863.25,0x683f
1678222176.70829,8354.0,3225.0,599.0,52.125,-18.25,88.9375,-310.0,-941.0,4.0,-2.0,-10.0,-11.0,0.875,-0.25,-0.5,94863.25,0x683f
1678222176.7711759,8416.0,3215.0,672.0,52.1875,-18.25,88.875,-310.0,-942.0,7.0,-5.0,-10.0,-9.0,0.625,0.0625,-0.125,94863.25,0x683f
1678222176.835341,8379.0,3222.0,646.0,52.25,-18.25,88.8125,-313.0,-939.0,6.0,-5.0,-8.0,-12.0,1.375,0.0625,0.3125,94863.25,0x683f
1678222176.897768,8364.0,3224.0,631.0,52.1875,-18.25,88.8125,-310.0,-937.0,5.0,-1.0,-5.0,-17.0,0.625,-1.0625,0.5625,94863.25,0x683f
1678222176.958984,8676.0,3356.0,638.0,52.125,-18.3125,88.75,-307.0,-936.0,2.0,0.0,-6.0,-16.0,0.1875,-0.5625,0.6875,94863.25,0x683f
1678222177.023921,8369.0,3205.0,608.0,52.0625,-18.3125,88.75,-307.0,-939.0,0.0,0.0,-7.0,-19.0,0.1875,0.0,0.75,94863.75,0x683f
1678222177.0850902,8514.0,3215.0,657.0,52.125,-18.3125,88.75,-306.0,-936.0,2.0,3.0,-4.0,-16.0,-1.0,-0.4375,0.3125,94863.75,0x683f
1678222177.1486888,8356.0,3241.0,603.0,52.1875,-18.3125,88.8125,-310.0,-945.0,7.0,-3.0,-17.0,-11.0,-0.4375,0.0625,-0.1875,94863.75,0x683f
1678222177.214118,8443.0,3351.0,715.0,52.1875,-18.3125,88.8125,-314.0,-940.0,15.0,-4.0,-8.0,0.0,-0.1875,0.625,0.5625,94863.75,0x683f
1678222177.281378,8920.0,3487.0,659.0,52.25,-18.3125,88.8125,-313.0,-941.0,16.0,-4.0,-11.0,-2.0,1.3125,0.75,0.5,94863.75,0x683f
1678222177.343246,8427.0,3215.0,699.0,52.4375,-18.3125,88.75,-317.0,-940.0,15.0,1.0,-15.0,-11.0,1.75,0.4375,1.0,94863.75,0x683f
1678222177.405096,8780.0,3425.0,565.0,52.5625,-18.375,88.625,-316.0,-939.0,8.0,-6.0,-8.0,-13.0,1.875,1.8125,0.625,94867.25,0x683f
1678222177.468524,8467.0,3212.0,801.0,52.625,-18.4375,88.5625,-309.0,-935.0,11.0,0.0,-7.0,-7.0,1.125,-0.25,0.5625,94867.25,0x683f
1678222177.533474,8448.0,3246.0,732.0,52.625,-18.4375,88.5,-314.0,-933.0,7.0,-5.0,-6.0,-15.0,1.125,0.875,-0.25,94867.25,0x683f
1678222177.598689,8463.0,3233.0,790.0,52.75,-18.4375,88.4375,-312.0,-933.0,10.0,-2.0,-3.0,-17.0,0.875,1.1875,0.3125,94867.25,0x683f
1678222177.666743,8446.0,3229.0,814.0,52.8125,-18.4375,88.4375,-316.0,-934.0,11.0,-8.0,-5.0,-12.0,0.5,0.4375,-0.75,94867.25,0x683f
1678222177.730292,8468.0,3223.0,817.0,52.75,-18.375,88.4375,-319.0,-942.0,12.0,-9.0,-12.0,-12.0,0.625,0.6875,0.125,94867.25,0x683f
1678222177.794271,8541.0,3352.0,933.0,52.5,-18.4375,88.4375,-314.0,-940.0,8.0,-8.0,-4.0,-15.0,-0.125,1.3125,-1.0,94868.75,0x683f
1678222177.857889,8591.0,3461.0,1010.0,52.5625,-18.3125,88.4375,-312.0,-942.0,21.0,-9.0,-12.0,-1.0,-0.9375,-0.9375,-1.875,94868.75,0x683f
1678222177.924979,8456.0,3206.0,847.0,52.5,-18.1875,88.4375,-318.0,-948.0,24.0,-11.0,-14.0,0.0,0.9375,-0.5625,-0.25,94868.75,0x683f
1678222177.985064,8523.0,3311.0,910.0,52.4375,-18.1875,88.375,-319.0,-938.0,13.0,-12.0,-7.0,-12.0,0.875,-4.0625,0.625,94868.75,0x683f
1678222178.0449338,8525.0,3390.0,935.0,52.1875,-18.25,88.25,-308.0,-935.0,12.0,2.0,-8.0,-20.0,1.125,-4.5625,1.5,94868.75,0x683f
1678222178.113991,8457.0,3239.0,831.0,51.8125,-18.3125,88.0625,-308.0,-951.0,4.0,-17.0,-30.0,-27.0,0.0,-5.9375,2.9375,94868.75,0x683f
1678222178.174725,8711.0,3341.0,780.0,50.1875,-19.1875,87.875,-483.0,-1074.0,-40.0,-194.0,-173.0,-91.0,-4.6875,-10.9375,42.75,94880.0,0x683f
1678222178.2348611,8496.0,3179.0,719.0,44.0,-24.5,88.25,-739.0,-1207.0,-55.0,-402.0,-299.0,-81.0,-11.125,-0.8125,125.5,94880.0,0x683f
1678222178.29675,8679.0,3405.0,713.0,36.3125,-31.75,88.375,-830.0,-904.0,36.0,-290.0,-85.0,12.0,-2.75,-26.75,168.0625,94880.0,0x683f
1678222178.353764,9022.0,3378.0,864.0,23.25,-42.9375,86.1875,-742.0,-594.0,78.0,-74.0,121.0,31.0,3.375,-46.4375,159.5625,94880.0,0x683f
1678222178.41408,8599.0,3126.0,881.0,14.3125,-49.8125,82.0625,-659.0,-458.0,70.0,102.0,151.0,-29.0,7.3125,-93.9375,129.8125,94880.0,0x683f
1678222178.47544,8625.0,3246.0,945.0,4.875,-54.5625,71.0625,-617.0,-404.0,152.0,190.0,119.0,-36.0,13.25,-137.4375,75.375,94880.0,0x683f
1678222178.538687,8622.0,3188.0,855.0,357.4375,-54.0,55.8125,-557.0,-388.0,277.0,236.0,87.0,-46.0,9.0625,-143.875,29.8125,94863.5,0x683f
1678222178.5993118,8898.0,3281.0,820.0,354.25,-49.5625,47.3125,-600.0,-472.0,334.0,166.0,-32.0,-70.0,-6.3125,-124.375,-17.4375,94863.5,0x683f
1678222178.659314,8708.0,3151.0,719.0,353.375,-44.0,44.3125,-586.0,-610.0,358.0,94.0,-103.0,-167.0,-19.4375,-75.5625,-31.3125,94863.5,0x683f
1678222178.721055,8699.0,3169.0,929.0,353.375,-39.4375,44.0625,-495.0,-508.0,313.0,109.0,21.0,-233.0,-20.5,-77.3125,-40.25,94863.5,0x683f
1678222178.788588,8630.0,3064.0,992.0,354.125,-34.1875,44.75,-461.0,-647.0,511.0,77.0,-67.0,-67.0,-32.25,-64.875,-63.625,94863.5,0x683f
1678222178.8506172,8725.0,3232.0,774.0,356.1875,-29.3125,47.4375,-490.0,-787.0,468.0,-77.0,-151.0,-114.0,-32.5,-5.8125,-39.9375,94863.5,0x683f
1678222178.911359,8693.0,3172.0,821.0,357.3125,-27.375,49.375,-468.0,-805.0,491.0,-20.0,-141.0,-74.0,-19.125,-17.9375,-22.375,94869.25,0x683f
1678222178.974537,8689.0,3151.0,801.0,357.6875,-25.875,49.375,-396.0,-747.0,612.0,29.0,-77.0,36.0,12.625,-1.0625,-13.875,94869.25,0x683f
1678222179.037073,8714.0,3153.0,829.0,358.625,-25.3125,48.9375,-481.0,-718.0,560.0,-62.0,-49.0,-21.0,3.5625,-14.375,-5.8125,94869.25,0x683f
1678222179.097046,8699.0,3153.0,814.0,358.375,-24.1875,48.375,-441.0,-752.0,592.0,40.0,-6.0,65.0,7.8125,-29.25,-9.1875,94869.25,0x683f
1678222179.1580002,8692.0,3128.0,813.0,357.9375,-23.0,47.9375,-410.0,-717.0,664.0,-66.0,-59.0,56.0,-6.5625,-25.1875,0.25,94869.25,0x683f
1678222179.218677,8768.0,3119.0,819.0,357.375,-22.25,47.6875,-293.0,-718.0,532.0,-53.0,-90.0,-170.0,-0.125,-1.25,2.0625,94869.25,0x683f
1678222179.2787662,8788.0,3136.0,825.0,356.8125,-21.9375,47.1875,-356.0,-839.0,732.0,2.0,-154.0,94.0,10.3125,13.75,17.75,94869.25,0x683f
1678222179.338374,8715.0,3197.0,862.0,355.6875,-24.625,46.8125,-412.0,-757.0,526.0,76.0,-97.0,-93.0,10.1875,1.0,28.125,94856.5,0x683f
1678222179.3980632,8675.0,3124.0,940.0,353.375,-27.8125,46.5625,-526.0,-721.0,551.0,-68.0,-91.0,-44.0,1.625,45.0,51.0,94856.5,0x683f
1678222179.461938,8625.0,3215.0,799.0,350.75,-32.9375,46.8125,-545.0,-660.0,643.0,-12.0,-60.0,80.0,-7.75,129.1875,76.75,94856.5,0x683f
1678222179.5260851,8771.0,3247.0,911.0,348.4375,-43.5625,51.1875,-670.0,-558.0,368.0,30.0,-14.0,-49.0,-23.625,222.5625,95.25,94856.5,0x683f
1678222179.589974,8685.0,3202.0,749.0,347.3125,-55.8125,62.625,-663.0,-399.0,233.0,-15.0,114.0,-127.0,-25.625,154.125,58.75,94856.5,0x683f
1678222179.653033,8678.0,3188.0,806.0,346.4375,-61.25,73.9375,-883.0,-443.0,50.0,-18.0,3.0,-58.0,-26.0625,127.875,42.8125,94856.5,0x683f
1678222179.713683,8651.0,3237.0,821.0,345.875,-63.75,83.4375,-783.0,-375.0,80.0,97.0,52.0,33.0,-0.5625,5.75,5.6875,94863.5,0x683f
1678222179.7755132,8670.0,3228.0,871.0,345.9375,-63.875,82.5,-813.0,-414.0,180.0,66.0,12.0,124.0,11.5,-13.1875,-3.375,94863.5,0x683f
1678222179.83482,8685.0,3222.0,824.0,346.4375,-63.8125,82.875,-890.0,-415.0,-48.0,-10.0,13.0,-101.0,-3.1875,1.5625,-6.0,94863.5,0x683f
1678222179.8941991,8672.0,3225.0,827.0,346.3125,-63.125,81.4375,-878.0,-440.0,-26.0,-4.0,-2.0,-92.0,-10.25,-27.8125,-12.8125,94863.5,0x683f
1678222179.956091,8670.0,3208.0,856.0,345.25,-62.3125,80.1875,-829.0,-460.0,33.0,39.0,-11.0,-43.0,-7.125,-12.75,-9.875,94863.5,0x683f
1678222180.0130749,8675.0,3212.0,824.0,344.6875,-61.6875,79.1875,-910.0,-512.0,67.0,-46.0,-56.0,-18.0,6.0,-16.5625,-7.0625,94863.5,0x683f
1678222180.0719218,8727.0,3230.0,807.0,344.1875,-61.1875,77.0625,-854.0,-484.0,90.0,4.0,-23.0,-17.0,5.0625,-16.25,-4.0,94861.25,0x683f
1678222180.130667,8722.0,3196.0,820.0,342.6875,-60.8125,75.875,-816.0,-490.0,120.0,39.0,-25.0,2.0,0.5,-13.0,-5.875,94861.25,0x683f
1678222180.1881878,8732.0,3226.0,829.0,342.1875,-60.5625,75.8125,-864.0,-482.0,49.0,-9.0,-15.0,-67.0,-2.0,7.25,-1.8125,94861.25,0x683f
1678222180.254072,8725.0,3228.0,849.0,341.5,-60.375,75.75,-799.0,-487.0,116.0,37.0,-16.0,0.0,0.6875,-0.4375,-2.625,94861.25,0x683f
1678222180.3161879,8719.0,3195.0,835.0,341.0625,-60.375,76.5625,-874.0,-501.0,77.0,-21.0,-30.0,-34.0,-0.8125,1.8125,-1.3125,94861.25,0x683f
1678222180.38291,8680.0,3194.0,807.0,340.0,-60.375,76.75,-844.0,-500.0,110.0,9.0,-30.0,-9.0,2.8125,4.9375,0.375,94861.25,0x683f
1678222180.443511,8685.0,3206.0,799.0,339.75,-60.375,77.25,-837.0,-482.0,72.0,16.0,-9.0,-29.0,1.25,7.125,-1.4375,94874.75,0x683f
1678222180.50786,8722.0,3188.0,786.0,339.1875,-60.375,78.3125,-844.0,-488.0,52.0,-7.0,-17.0,-36.0,-2.4375,7.0625,-2.0,94874.75,0x683f
1678222180.572164,8701.0,3201.0,843.0,338.9375,-60.4375,80.0625,-864.0,-481.0,38.0,-8.0,-5.0,-40.0,0.25,7.5625,0.5,94874.75,0x683f
1678222180.6356502,8738.0,3233.0,816.0,337.6875,-60.5625,80.8125,-855.0,-474.0,76.0,0.0,0.0,0.0,2.125,1.4375,1.9375,94874.75,0x683f
1678222180.698455,8700.0,3189.0,821.0,337.1875,-60.625,80.8125,-850.0,-483.0,69.0,5.0,-12.0,-4.0,0.9375,-0.6875,0.0,94874.75,0x683f
1678222180.763768,8688.0,3211.0,849.0,336.75,-60.6875,80.6875,-833.0,-579.0,49.0,0.0,14.0,-13.0,0.25,1.6875,0.8125,94874.75,0x683f
1678222180.825558,8722.0,3231.0,831.0,336.25,-60.625,80.6875,-839.0,-476.0,57.0,15.0,-1.0,-19.0,0.5625,-0.3125,-2.3125,94861.0,0x683f
1678222180.88659,8679.0,3197.0,733.0,335.3125,-60.5,81.0,-867.0,-484.0,28.0,-13.0,-8.0,-46.0,-1.0625,-0.125,-2.125,94861.0,0x683f
1678222180.9509308,8707.0,3201.0,804.0,334.8125,-60.375,81.125,-862.0,-482.0,39.0,3.0,2.0,-25.0,-1.5,-1.0625,-1.125,94861.0,0x683f
1678222181.0155132,8672.0,3204.0,755.0,334.3125,-60.3125,81.375,-846.0,-470.0,56.0,5.0,9.0,-16.0,-2.0625,-0.8125,-1.625,94861.0,0x683f
1678222181.077933,8689.0,3209.0,760.0,333.625,-60.0625,81.5,-821.0,-484.0,61.0,28.0,-1.0,-11.0,-2.6875,-15.125,-3.625,94861.0,0x683f
1678222181.140058,8686.0,3193.0,751.0,333.125,-59.8125,81.5625,-865.0,-501.0,90.0,-37.0,-15.0,18.0,0.1875,-7.3125,-3.3125,94861.0,0x683f
1678222181.20336,8702.0,3175.0,785.0,332.8125,-59.625,81.25,-839.0,-479.0,55.0,3.0,18.0,-30.0,-1.0,-2.0,-2.5,94868.5,0x683f
1678222181.266144,8829.0,3230.0,842.0,332.375,-58.8125,79.0,-793.0,-406.0,-30.0,45.0,91.0,-127.0,1.6875,-68.25,-22.25,94868.5,0x683f
1678222181.32862,8927.0,3170.0,842.0,331.0625,-56.625,75.25,-714.0,-478.0,129.0,104.0,42.0,-7.0,-13.1875,-18.75,-24.0,94868.5,0x683f
1678222181.3870668,8802.0,3147.0,860.0,330.75,-54.0,72.625,-686.0,-517.0,167.0,201.0,14.0,82.0,-11.0625,-39.25,-23.5625,94868.5,0x683f
1678222181.45379,8777.0,3103.0,810.0,331.4375,-52.875,73.625,-778.0,-513.0,309.0,231.0,154.0,361.0,-11.125,39.625,-39.4375,94868.5,0x683f
1678222181.51726,8764.0,3081.0,812.0,332.1875,-50.5,74.3125,-836.0,-906.0,228.0,-80.0,-305.0,60.0,-19.8125,67.5,10.25,94868.5,0x683f
1678222181.582253,8842.0,3055.0,702.0,331.5,-50.6875,75.4375,-922.0,-712.0,290.0,-163.0,-111.0,134.0,6.1875,22.8125,6.875,94871.0,0x683f
1678222181.6473029,8811.0,2826.0,656.0,331.625,-51.9375,76.9375,-865.0,-757.0,169.0,17.0,-96.0,22.0,14.125,48.3125,28.625,94871.0,0x683f
1678222181.711367,8833.0,3166.0,841.0,331.0625,-55.0,80.75,-967.0,-636.0,-60.0,-177.0,-101.0,-119.0,4.375,28.8125,34.375,94871.0,0x683f
1678222181.778808,9035.0,3188.0,870.0,329.0,-56.4375,79.5625,-865.0,-535.0,70.0,-44.0,-7.0,-28.0,10.5625,-3.8125,33.0625,94871.0,0x683f
1678222181.840211,8761.0,3172.0,774.0,327.5625,-58.625,79.125,-685.0,-381.0,57.0,143.0,117.0,-63.0,-1.75,17.0,15.3125,94871.0,0x683f
1678222181.903701,8802.0,3203.0,874.0,326.75,-59.125,79.8125,-809.0,-408.0,10.0,165.0,79.0,3.0,-2.625,-7.0,-5.4375,94871.0,0x683f
1678222181.964119,8671.0,3200.0,872.0,326.9375,-58.9375,81.9375,-837.0,-514.0,-15.0,-41.0,-16.0,-100.0,-9.9375,35.4375,-3.9375,94872.25,0x683f
1678222182.025368,8807.0,3236.0,858.0,326.75,-58.5625,82.8125,-795.0,-519.0,-12.0,40.0,-10.0,-76.0,-3.125,-9.875,-8.125,94872.25,0x683f
1678222182.0891762,8881.0,3220.0,874.0,325.875,-58.5,83.8125,-854.0,-543.0,56.0,-17.0,-34.0,1.0,-3.9375,19.9375,8.0,94872.25,0x683f
1678222182.1483278,8691.0,3202.0,839.0,325.5,-58.5625,83.875,-802.0,-514.0,70.0,21.0,-12.0,15.0,0.1875,-7.875,-2.5,94872.25,0x683f
1678222182.2063098,8766.0,3170.0,778.0,325.125,-58.625,84.0625,-844.0,-516.0,22.0,-7.0,-9.0,-30.0,-2.1875,8.1875,3.125,94872.25,0x683f
1678222182.263686,8881.0,3159.0,857.0,324.5,-58.4375,83.625,-817.0,-453.0,-24.0,43.0,83.0,-68.0,-2.25,-14.0625,-8.875,94872.25,0x683f
1678222182.321839,8831.0,3145.0,872.0,324.125,-57.6875,82.1875,-692.0,-406.0,-8.0,169.0,123.0,-32.0,-9.5625,-29.0,-17.9375,94858.75,0x683f
1678222182.381506,8969.0,3226.0,888.0,323.8125,-56.625,82.375,-771.0,-378.0,0.0,45.0,158.0,-70.0,-12.0,-7.5625,-20.5625,94858.75,0x683f
1678222182.438905,8975.0,3217.0,721.0,323.875,-55.0,81.8125,-834.0,-447.0,57.0,-125.0,141.0,-114.0,-12.0625,-13.8125,-31.375,94858.75,0x683f
1678222182.496316,8795.0,3171.0,790.0,323.5,-52.1875,78.0625,-592.0,-581.0,237.0,93.0,-75.0,38.0,-11.5,-30.4375,-27.5625,94858.75,0x683f
1678222182.5535061,8661.0,3178.0,883.0,323.0,-50.75,75.9375,-987.0,-1009.0,222.0,-227.0,-408.0,71.0,9.25,-17.375,-2.1875,94858.75,0x683f
1678222182.6104379,8749.0,3180.0,778.0,322.625,-50.625,75.0,-774.0,-561.0,135.0,-15.0,39.0,-25.0,1.9375,0.9375,-2.0625,94858.75,0x683f
1678222182.6686919,8969.0,3187.0,694.0,321.75,-50.375,74.4375,-987.0,-686.0,356.0,-171.0,-137.0,253.0,0.625,20.5,10.3125,94858.75,0x683f
1678222182.726175,8945.0,3051.0,779.0,321.625,-52.0625,76.6875,-870.0,-767.0,257.0,-91.0,-196.0,106.0,9.125,53.5,28.0,94857.5,0x683f
1678222182.784029,8771.0,3084.0,825.0,321.5,-55.0,80.875,-840.0,-602.0,82.0,-36.0,-47.0,-6.0,6.0,64.3125,39.1875,94857.5,0x683f
1678222182.842059,9355.0,3423.0,997.0,320.5625,-56.375,81.4375,-777.0,-486.0,-1.0,40.0,48.0,-82.0,4.0,-7.25,16.875,94857.5,0x683f
1678222182.9002008,8731.0,3159.0,852.0,319.625,-57.1875,82.0625,-689.0,-418.0,-36.0,136.0,106.0,-106.0,-9.1875,14.375,8.8125,94857.5,0x683f
1678222182.958625,8736.0,3147.0,873.0,318.875,-57.625,83.125,-742.0,-455.0,-90.0,50.0,82.0,-140.0,-4.375,0.1875,1.6875,94857.5,0x683f
1678222183.016801,8715.0,3147.0,882.0,318.125,-57.4375,82.375,-719.0,-487.0,20.0,141.0,20.0,-19.0,-0.1875,-13.875,-3.75,94857.5,0x683f
1678222183.07654,8736.0,3161.0,878.0,318.0625,-57.375,82.6875,-832.0,-532.0,-1.0,-6.0,-7.0,-68.0,-1.0,10.3125,-1.125,94857.5,0x683f
1678222183.137975,8706.0,3163.0,895.0,317.9375,-57.5625,84.0,-880.0,-563.0,9.0,-52.0,-41.0,-45.0,-2.1875,16.75,6.0625,94869.0,0x683f
1678222183.200303,8675.0,3153.0,872.0,317.75,-57.9375,85.0,-693.0,-528.0,54.0,122.0,-13.0,-9.0,-3.3125,32.9375,6.8125,94869.0,0x683f
1678222183.2618,8725.0,3165.0,858.0,318.125,-58.4375,88.5,-931.0,-502.0,-88.0,-65.0,50.0,-136.0,1.75,-2.875,0.75,94869.0,0x683f
1678222183.32242,8721.0,3173.0,846.0,317.3125,-57.75,84.9375,-607.0,-493.0,96.0,220.0,29.0,48.0,-3.1875,-14.9375,-12.0625,94869.0,0x683f
1678222183.3813949,8718.0,3189.0,905.0,317.1875,-57.1875,84.5,-775.0,-528.0,36.0,47.0,1.0,-18.0,-0.875,-28.3125,-6.875,94869.0,0x683f
1678222183.441966,8706.0,3206.0,915.0,317.0,-57.25,85.875,-775.0,-499.0,-4.0,50.0,29.0,-33.0,-6.375,56.125,3.9375,94869.0,0x683f
1678222183.5006871,8688.0,3133.0,813.0,317.8125,-57.4375,90.0625,-886.0,-488.0,-97.0,-59.0,39.0,-93.0,-5.75,17.4375,0.5,94867.0,0x683f
1678222183.56213,8838.0,3170.0,870.0,317.8125,-57.0625,89.4375,-824.0,-412.0,-47.0,-4.0,123.0,-64.0,7.3125,-81.0,-27.0,94867.0,0x683f
1678222183.6240609,9055.0,3244.0,868.0,317.125,-55.1875,84.0625,-678.0,-468.0,-2.0,124.0,90.0,-60.0,-5.0625,-13.125,-22.25,94867.0,0x683f
1678222183.684534,8889.0,3180.0,707.0,316.9375,-53.0625,80.75,-494.0,-527.0,192.0,285.0,58.0,90.0,-10.3125,-43.5,-29.0625,94867.0,0x683f
1678222183.744307,8762.0,3121.0,807.0,317.125,-50.9375,78.875,-770.0,-481.0,45.0,-8.0,123.0,-78.0,2.4375,-57.75,-23.8125,94867.0,0x683f
1678222183.8065631,8861.0,3245.0,761.0,316.75,-49.25,74.0625,-857.0,-871.0,457.0,-114.0,-255.0,281.0,5.375,1.1875,13.5,94867.0,0x683f
1678222183.8664079,8788.0,3152.0,846.0,316.125,-49.75,73.625,-843.0,-612.0,234.0,-95.0,-4.0,56.0,5.625,-16.1875,-2.4375,94857.5,0x683f
1678222183.9251719,8875.0,3204.0,773.0,316.0625,-49.875,73.625,-731.0,-603.0,74.0,18.0,2.0,-103.0,-0.4375,15.3125,6.0,94857.5,0x683f
1678222183.985513,8856.0,3212.0,777.0,315.8125,-49.9375,73.6875,-724.0,-601.0,135.0,6.0,-23.0,-57.0,1.875,-3.0,-2.4375,94857.5,0x683f
1678222184.045295,8851.0,3182.0,788.0,315.875,-49.9375,73.75,-701.0,-639.0,188.0,22.0,-38.0,18.0,1.9375,8.4375,1.625,94857.5,0x683f
1678222184.105314,8896.0,3143.0,763.0,316.0625,-50.75,75.125,-800.0,-646.0,150.0,-40.0,-47.0,-8.0,4.875,44.5625,15.9375,94857.5,0x683f
1678222184.1663501,9003.0,3157.0,859.0,316.0,-52.6875,78.25,-841.0,-745.0,24.0,-61.0,-163.0,-96.0,2.1875,67.4375,31.1875,94857.5,0x683f
1678222184.228721,8777.0,2869.0,656.0,315.875,-55.25,83.3125,-913.0,-581.0,60.0,-107.0,-26.0,-4.0,-0.1875,47.9375,30.0625,94866.75,0x683f
1678222184.289411,8785.0,3031.0,726.0,315.0,-56.25,83.25,-746.0,-416.0,14.0,76.0,133.0,-45.0,0.875,-12.0,10.5625,94866.75,0x683f
1678222184.3506072,8958.0,3132.0,853.0,314.125,-56.5625,82.0625,-740.0,-458.0,76.0,88.0,74.0,-11.0,0.375,-14.375,-0.6875,94866.75,0x683f
1678222184.4140558,8854.0,3203.0,902.0,313.5625,-56.6875,81.9375,-928.0,-528.0,-74.0,-116.0,17.0,-139.0,-4.0,1.875,5.1875,94866.75,0x683f
1678222184.476604,8677.0,3179.0,862.0,312.75,-56.5,80.125,-628.0,-528.0,192.0,190.0,3.0,100.0,-1.4375,3.6875,3.3125,94866.75,0x683f
1678222184.5355039,8852.0,3185.0,860.0,313.5625,-57.5,85.9375,-849.0,-478.0,-140.0,46.0,33.0,-163.0,-5.8125,45.4375,-0.5625,94866.75,0x683f
1678222184.600428,8635.0,2994.0,753.0,313.5,-57.1875,86.25,-775.0,-574.0,106.0,-17.0,-39.0,-12.0,-5.5,22.3125,4.375,94866.75,0x683f
1678222184.66508,8665.0,3153.0,860.0,313.75,-57.375,88.125,-900.0,-554.0,-22.0,-69.0,-17.0,-73.0,0.75,-4.3125,-2.125,94854.75,0x683f
1678222184.7286882,8833.0,3157.0,858.0,313.375,-57.125,86.75,-858.0,-555.0,0.0,-43.0,-25.0,-19.0,-3.1875,8.3125,0.0,94854.75,0x683f
1678222184.7949,8807.0,3144.0,840.0,313.1875,-57.0,86.6875,-755.0,-502.0,-3.0,108.0,38.0,-27.0,0.5,-19.5625,-5.3125,94854.75,0x683f
1678222184.861404,8782.0,3011.0,732.0,313.125,-56.5,86.1875,-701.0,-461.0,-36.0,116.0,78.0,-71.0,-5.875,-19.0625,-15.9375,94854.75,0x683f
1678222184.928309,8804.0,3032.0,649.0,312.9375,-55.3125,84.875,-612.0,-396.0,-49.0,123.0,187.0,-104.0,-12.875,-4.75,-16.0,94854.75,0x683f
1678222184.9902332,8812.0,3190.0,768.0,313.25,-53.125,84.125,-676.0,-418.0,-59.0,-173.0,37.0,-94.0,-10.5625,-22.9375,-33.125,94859.0,0x683f
1678222185.050804,8797.0,3205.0,751.0,313.0625,-51.0,81.1875,-800.0,-643.0,231.0,65.0,-156.0,308.0,0.875,-74.4375,-27.375,94859.0,0x683f
1678222185.1129842,8722.0,3104.0,805.0,313.0625,-49.875,78.3125,-1143.0,-996.0,-12.0,-395.0,-376.0,-147.0,15.6875,-42.5625,-14.875,94859.0,0x683f
1678222185.1846652,8790.0,3198.0,755.0,312.4375,-49.5,76.5,-671.0,-664.0,225.0,60.0,14.0,57.0,1.25,0.4375,-0.6875,94859.0,0x683f
1678222185.2528288,8747.0,3147.0,817.0,312.3125,-49.4375,76.5,-763.0,-626.0,51.0,-10.0,-20.0,-90.0,-1.75,-3.5,1.25,94859.0,0x683f
1678222185.3212109,8817.0,3195.0,743.0,312.0,-49.625,76.25,-823.0,-668.0,167.0,-75.0,-51.0,16.0,5.375,4.6875,9.375,94859.0,0x683f
1678222185.386367,8731.0,3149.0,770.0,311.9375,-50.5625,76.0,-756.0,-727.0,120.0,4.0,-163.0,-101.0,13.75,3.25,12.875,94862.75,0x683f
1678222185.447741,8836.0,3207.0,808.0,311.375,-50.375,73.1875,-696.0,-686.0,105.0,-37.0,-79.0,-79.0,17.3125,-72.6875,-8.75,94862.75,0x683f
1678222185.509452,8813.0,3119.0,924.0,310.1875,-47.75,66.25,-741.0,-533.0,273.0,18.0,68.0,8.0,29.0625,-107.125,-17.5625,94862.75,0x683f
1678222185.580589,8739.0,3077.0,981.0,0.0,0.0,0.0,-678.0,-488.0,320.0,-25.0,109.0,-71.0,17.25,-53.9375,-15.125,94862.75,0x683f
1678222185.6434612,8679.0,3150.0,950.0,309.75,-41.875,57.0625,-649.0,-570.0,377.0,-62.0,16.0,-86.0,7.1875,8.75,-10.0625,94862.75,0x683f
1678222185.70719,8770.0,3251.0,895.0,310.875,-41.8125,57.875,-577.0,-546.0,264.0,76.0,72.0,-123.0,-1.5625,33.375,-11.25,94862.75,0x683f
1678222185.7665348,8742.0,3252.0,831.0,312.125,-42.25,59.875,-882.0,-763.0,215.0,-222.0,-136.0,-148.0,5.375,-5.8125,4.0,94874.5,0x683f
1678222185.826627,8689.0,2996.0,1038.0,311.875,-42.5625,59.3125,-798.0,-665.0,388.0,-54.0,-8.0,49.0,6.6875,29.5,25.5,94874.5,0x683f
1678222185.88682,8723.0,3021.0,1029.0,311.5625,-46.125,61.25,-637.0,-545.0,257.0,11.0,36.0,-121.0,-4.5,46.875,19.375,94874.5,0x683f
1678222185.947488,8579.0,2960.0,944.0,311.125,-46.75,61.125,-719.0,-678.0,396.0,-5.0,-90.0,72.0,2.625,-3.3125,8.5,94874.5,0x683f
1678222186.007243,9079.0,3175.0,864.0,311.25,-48.9375,63.3125,-840.0,-701.0,270.0,-117.0,-136.0,-14.0,-6.25,82.375,30.5,94874.5,0x683f
1678222186.068214,8840.0,3237.0,804.0,310.8125,-52.5625,67.5,-803.0,-642.0,232.0,-65.0,-92.0,-12.0,-14.25,85.625,46.875,94874.5,0x683f
1678222186.131148,8671.0,3243.0,862.0,309.375,-57.3125,74.0625,-815.0,-532.0,110.0,9.0,-23.0,-34.0,-10.3125,53.0625,41.5,94864.5,0x683f
1678222186.193632,8704.0,3224.0,863.0,308.0625,-60.1875,78.375,-820.0,-413.0,18.0,37.0,76.0,-82.0,-7.0,33.625,28.4375,94864.5,0x683f
1678222186.253092,8707.0,3165.0,889.0,307.5,-61.375,80.0,-682.0,-348.0,71.0,179.0,111.0,-6.0,-2.375,18.375,10.8125,94864.5,0x683f
1678222186.312599,8712.0,3210.0,870.0,307.5625,-61.9375,81.8125,-795.0,-382.0,-2.0,70.0,73.0,-67.0,5.0,2.0,-2.625,94864.5,0x683f
1678222186.376983,8656.0,3223.0,866.0,308.125,-61.75,82.0625,-814.0,-438.0,36.0,49.0,21.0,-25.0,7.5625,15.25,-3.8125,94864.5,0x683f
1678222186.435623,8680.0,3174.0,820.0,309.25,-61.625,83.625,-874.0,-463.0,-24.0,-11.0,0.0,-76.0,7.9375,0.625,-4.6875,94864.5,0x683f
1678222186.495317,8676.0,3210.0,775.0,309.75,-61.4375,83.1875,-886.0,-478.0,1.0,-24.0,-12.0,-53.0,3.75,-0.875,-2.25,94864.5,0x683f
1678222186.556462,8677.0,3194.0,840.0,310.0,-61.3125,83.125,-854.0,-480.0,45.0,6.0,-13.0,-10.0,1.0625,8.375,-0.125,94862.75,0x683f
1678222186.620838,8686.0,3181.0,861.0,310.125,-61.25,83.625,-858.0,-474.0,18.0,1.0,-6.0,-33.0,0.25,-2.75,-2.6875,94862.75,0x683f
1678222186.685993,8655.0,3203.0,791.0,310.125,-61.0625,83.4375,-880.0,-489.0,21.0,-22.0,-19.0,-31.0,0.625,8.125,0.8125,94862.75,0x683f
1678222186.747811,8694.0,3210.0,826.0,310.4375,-61.125,83.9375,-872.0,-487.0,7.0,-13.0,-17.0,-42.0,3.0,-0.125,-0.625,94862.75,0x683f
1678222186.807034,8640.0,3218.0,843.0,310.625,-61.125,84.0625,-846.0,-483.0,20.0,12.0,-12.0,-28.0,0.125,4.875,1.6875,94862.75,0x683f
1678222186.868621,8682.0,3198.0,859.0,310.8125,-61.0625,84.1875,-834.0,-476.0,19.0,24.0,-4.0,-28.0,-0.1875,-3.1875,-1.625,94862.75,0x683f
1678222186.930172,8684.0,3222.0,861.0,311.0625,-60.9375,84.125,-849.0,-491.0,24.0,3.0,-18.0,-24.0,0.9375,0.3125,-0.875,94862.75,0x683f
1678222186.99237,8682.0,3223.0,900.0,311.0625,-60.875,84.25,-859.0,-486.0,15.0,5.0,-11.0,-25.0,1.375,-1.9375,-1.375,94862.75,0x683f
1678222187.05716,8641.0,3250.0,825.0,311.5,-60.8125,84.4375,-842.0,-485.0,24.0,13.0,-9.0,-22.0,2.0,0.3125,-1.125,94862.75,0x683f
1678222187.118313,8689.0,3229.0,884.0,311.8125,-60.6875,84.375,-846.0,-489.0,18.0,8.0,-11.0,-28.0,1.5625,-0.5,-1.625,94862.75,0x683f
1678222187.1806872,8687.0,3239.0,867.0,312.0,-60.5625,84.3125,-856.0,-481.0,12.0,-2.0,-1.0,-34.0,2.75,-6.1875,-2.375,94862.75,0x683f
1678222187.242861,8665.0,3243.0,882.0,312.3125,-60.375,83.6875,-856.0,-483.0,14.0,-5.0,-4.0,-35.0,2.875,-7.0625,-2.9375,94862.75,0x683f
1678222187.303282,8672.0,3248.0,889.0,312.5625,-60.1875,83.5625,-859.0,-485.0,18.0,-8.0,-1.0,-34.0,0.6875,4.75,-0.75,94864.0,0x683f
1678222187.365762,8699.0,3265.0,907.0,312.9375,-60.125,83.625,-867.0,-485.0,9.0,-17.0,0.0,-44.0,1.6875,-8.1875,-3.1875,94864.0,0x683f
1678222187.426225,8721.0,3260.0,876.0,313.1875,-59.6875,82.1875,-818.0,-487.0,51.0,28.0,2.0,-15.0,3.6875,-17.4375,-5.8125,94864.0,0x683f
1678222187.488567,8807.0,3290.0,843.0,313.25,-58.9375,79.0625,-864.0,-501.0,53.0,-24.0,-4.0,-41.0,9.6875,-61.4375,-12.75,94864.0,0x683f
1678222187.550789,8807.0,3314.0,901.0,312.625,-56.25,70.0,-922.0,-481.0,141.0,-106.0,30.0,-44.0,21.5625,-174.5,-34.375,94864.0,0x683f
1678222187.6136441,8641.0,3044.0,1016.0,311.25,-48.6875,56.6875,-599.0,-520.0,470.0,99.0,17.0,96.0,16.5,-183.125,-48.125,94864.0,0x683f
1678222187.675122,8891.0,3246.0,940.0,311.125,-41.0,50.1875,-561.0,-546.0,530.0,69.0,25.0,44.0,12.75,-109.4375,-44.875,94858.75,0x683f
1678222187.734087,9065.0,3368.0,984.0,312.375,-34.1875,47.125,-524.0,-541.0,483.0,26.0,53.0,-67.0,6.5625,-84.8125,-51.125,94858.75,0x683f
1678222187.7950132,8746.0,3216.0,925.0,314.0,-30.875,46.625,-626.0,-638.0,489.0,-127.0,-24.0,-89.0,6.375,-15.0625,-36.5625,94858.75,0x683f
1678222187.8546839,8676.0,3160.0,878.0,316.0,-29.0,46.9375,-513.0,-699.0,528.0,-39.0,-70.0,-55.0,-2.125,16.9375,-22.5625,94858.75,0x683f
1678222187.9183629,8703.0,3089.0,907.0,318.25,-28.875,47.875,-531.0,-655.0,549.0,-55.0,-17.0,-23.0,2.0625,32.125,-12.875,94858.75,0x683f
1678222187.985458,8716.0,3079.0,927.0,320.0,-29.75,49.0,-547.0,-688.0,530.0,-44.0,-47.0,-10.0,-0.1875,28.0,-10.125,94858.75,0x683f
1678222188.047374,8685.0,3081.0,855.0,321.75,-31.25,50.4375,-575.0,-673.0,479.0,-65.0,-25.0,-51.0,-1.0625,24.6875,-6.0625,94862.75,0x683f
1678222188.1088939,8665.0,3073.0,828.0,322.5625,-31.8125,51.4375,-571.0,-722.0,513.0,-54.0,-70.0,-5.0,-3.0625,23.125,-3.4375,94862.75,0x683f
1678222188.1684601,8629.0,3068.0,919.0,323.125,-32.4375,52.1875,-608.0,-719.0,436.0,-34.0,-76.0,-25.0,0.0,14.4375,-15.5,94862.75,0x683f
1678222188.232309,8640.0,3160.0,888.0,323.5,-33.4375,52.6875,-555.0,-691.0,535.0,-15.0,-44.0,42.0,4.625,12.8125,4.625,94862.75,0x683f
1678222188.295732,8763.0,3124.0,827.0,323.8125,-34.0,52.5625,-593.0,-686.0,526.0,-42.0,-42.0,33.0,9.0625,14.1875,2.875,94862.75,0x683f
1678222188.357882,8698.0,3072.0,867.0,324.1875,-34.5,52.4375,-632.0,-676.0,484.0,-77.0,-35.0,-7.0,2.3125,0.875,-3.1875,94862.75,0x683f
1678222188.420068,8720.0,3150.0,814.0,324.25,-33.9375,52.1875,-621.0,-746.0,511.0,-62.0,-110.0,8.0,2.0,-19.6875,-6.125,94859.25,0x683f
1678222188.4811342,8691.0,3075.0,895.0,323.8125,-33.1875,51.3125,-538.0,-993.0,474.0,8.0,-363.0,-46.0,10.75,-8.625,9.5625,94859.25,0x683f
1678222188.540887,8911.0,3217.0,936.0,322.375,-35.1875,48.9375,-510.0,-1005.0,449.0,41.0,-353.0,-98.0,40.25,22.0,61.0,94859.25,0x683f
1678222188.601886,8720.0,3129.0,895.0,319.875,-39.375,46.125,-456.0,-798.0,508.0,213.0,-234.0,-12.0,24.1875,61.8125,97.25,94859.25,0x683f
1678222188.664656,8141.0,2475.0,638.0,316.0,-47.25,45.4375,-368.0,-487.0,340.0,351.0,-12.0,-126.0,-10.0625,129.0,83.25,94859.25,0x683f
1678222188.7266681,8487.0,3100.0,1023.0,315.5625,-56.5625,54.9375,-364.0,-343.0,198.0,346.0,164.0,-182.0,-25.9375,180.625,10.75,94859.25,0x683f
1678222188.7896059,8612.0,3129.0,1024.0,321.0625,-57.375,68.25,-637.0,-229.0,-90.0,184.0,280.0,-265.0,1.4375,54.375,-115.8125,94866.75,0x683f
1678222188.8511271,8587.0,3193.0,857.0,330.4375,-50.9375,76.0,-574.0,-473.0,151.0,154.0,129.0,-7.0,-3.0625,128.625,-135.9375,94866.75,0x683f
1678222188.9135182,8454.0,3169.0,706.0,343.4375,-44.75,87.3125,-1016.0,-503.0,-219.0,-325.0,191.0,-251.0,3.375,71.625,-145.1875,94866.75,0x683f
1678222188.975019,8559.0,3229.0,796.0,356.4375,-34.5625,90.5,-726.0,-722.0,-80.0,-212.0,-15.0,-103.0,-3.75,58.375,-147.9375,94866.75,0x683f
1678222189.039953,8407.0,3383.0,535.0,7.0625,-26.9375,92.875,-758.0,-1017.0,-102.0,-301.0,-139.0,-57.0,-6.375,47.125,-105.0,94866.75,0x683f
1678222189.1027882,8420.0,3427.0,475.0,14.625,-21.4375,94.125,-558.0,-1054.0,-137.0,-151.0,-169.0,-64.0,-2.0625,46.8125,-71.6875,94866.75,0x683f
1678222189.1669602,8493.0,3436.0,453.0,21.5,-17.6875,95.125,-451.0,-1061.0,-82.0,-173.0,-101.0,-36.0,2.125,69.6875,-36.9375,94867.25,0x683f
1678222189.2289898,8993.0,3840.0,589.0,27.4375,-15.375,96.3125,-388.0,-979.0,-85.0,-100.0,-31.0,48.0,-8.3125,19.375,-16.625,94867.25,0x683f
1678222189.292356,8853.0,3601.0,571.0,28.0,-14.5625,97.25,-256.0,-1054.0,27.0,-5.0,-125.0,150.0,-16.125,0.0,-3.9375,94867.25,0x683f
1678222189.351275,8979.0,3707.0,853.0,28.25,-14.8125,97.6875,-274.0,-949.0,-106.0,-21.0,-10.0,19.0,1.8125,8.625,12.1875,94867.25,0x683f
1678222189.416181,9114.0,4042.0,522.0,27.8125,-15.25,97.6875,-292.0,-924.0,-196.0,-24.0,-1.0,-62.0,-4.125,-21.0,0.875,94867.25,0x683f
1678222189.480026,8631.0,3546.0,795.0,25.875,-15.5625,97.5,-221.0,-935.0,-138.0,42.0,-2.0,-10.0,-2.0,-13.375,4.8125,94867.25,0x683f
1678222189.541707,8558.0,3547.0,634.0,25.0625,-15.8125,97.4375,-246.0,-949.0,-124.0,26.0,-17.0,12.0,0.8125,-0.5,1.875,94867.25,0x683f
1678222189.604975,8518.0,3385.0,730.0,25.25,-15.8125,97.4375,-313.0,-942.0,-125.0,-46.0,-7.0,-3.0,1.1875,-1.375,-2.3125,94862.75,0x683f
1678222189.663415,8886.0,3579.0,723.0,24.1875,-15.6875,97.25,-278.0,-933.0,-126.0,-1.0,3.0,-2.0,-1.125,-19.1875,-4.8125,94862.75,0x683f
1678222189.724481,9062.0,3582.0,780.0,23.375,-15.5625,97.0,-255.0,-933.0,-128.0,22.0,-7.0,-8.0,-1.5,-12.0625,-3.25,94862.75,0x683f
1678222189.786527,9409.0,3960.0,1098.0,22.875,-15.375,97.0,-262.0,-948.0,-132.0,-4.0,-7.0,-14.0,-0.25,-4.625,-2.0625,94862.75,0x683f
1678222189.8478131,8603.0,3511.0,860.0,22.5,-15.375,96.9375,-253.0,-945.0,-118.0,4.0,-10.0,0.0,0.375,-1.375,0.5,94862.75,0x683f
1678222189.9078789,8596.0,3522.0,869.0,22.125,-15.375,96.9375,-266.0,-944.0,-114.0,-6.0,-6.0,0.0,0.25,1.9375,0.3125,94862.75,0x683f
1678222189.968023,8554.0,3402.0,764.0,22.0,-15.375,96.9375,-262.0,-942.0,-125.0,-1.0,-4.0,-10.0,-0.3125,-3.125,-0.6875,94868.25,0x683f
1678222190.025227,8918.0,3572.0,763.0,21.625,-15.375,96.9375,-254.0,-940.0,-117.0,6.0,-2.0,-3.0,-0.1875,-0.125,-0.75,94868.25,0x683f
1678222190.0857852,8590.0,3502.0,849.0,21.5625,-15.375,96.9375,-262.0,-942.0,-129.0,-2.0,-3.0,-14.0,0.25,2.0625,0.0,94868.25,0x683f
1678222190.146851,8585.0,3400.0,703.0,21.5625,-15.3125,97.0,-265.0,-938.0,-123.0,-7.0,2.0,-4.0,-0.25,1.8125,0.5,94868.25,0x683f
1678222190.206941,8516.0,3408.0,645.0,21.125,-15.3125,97.0,-270.0,-945.0,-120.0,-10.0,-6.0,-4.0,-0.25,1.8125,0.4375,94868.25,0x683f
1678222190.2671108,8598.0,3464.0,809.0,20.8125,-15.3125,97.0,-268.0,-943.0,-125.0,-8.0,-5.0,-9.0,0.5,0.75,0.3125,94868.25,0x683f
1678222190.325399,8613.0,3495.0,796.0,20.75,-15.375,97.0,-266.0,-943.0,-121.0,-6.0,-5.0,-5.0,0.625,-1.125,0.8125,94869.5,0x683f
1678222190.38298,9186.0,3719.0,843.0,20.5,-15.375,97.0,-267.0,-945.0,-123.0,-6.0,-7.0,-7.0,1.25,0.625,0.75,94869.5,0x683f
1678222190.439455,8818.0,3466.0,574.0,20.3125,-15.375,96.9375,-260.0,-944.0,-120.0,0.0,-6.0,-6.0,0.625,-0.875,0.375,94869.5,0x683f
1678222190.4948852,9076.0,3642.0,824.0,19.875,-15.4375,96.9375,-267.0,-939.0,-118.0,-6.0,-1.0,-4.0,0.0,-0.4375,0.5625,94869.5,0x683f
1678222190.554503,8537.0,3396.0,751.0,19.5,-15.4375,96.875,-260.0,-942.0,-122.0,0.0,-4.0,-8.0,-0.0625,-0.3125,0.1875,94869.5,0x683f
1678222190.614392,8598.0,3547.0,845.0,19.1875,-15.4375,96.875,-270.0,-938.0,-119.0,-8.0,0.0,-5.0,-0.0625,0.0,0.0,94869.5,0x683f
1678222190.678563,8513.0,3375.0,680.0,18.875,-15.4375,96.875,-261.0,-938.0,-115.0,0.0,0.0,-1.0,-0.0625,-1.75,-0.1875,94869.5,0x683f
1678222190.738301,8607.0,3486.0,797.0,18.4375,-15.4375,96.875,-255.0,-942.0,-115.0,6.0,-4.0,-1.0,0.125,-1.625,0.1875,94854.75,0x683f
1678222190.79534,9000.0,3625.0,732.0,17.875,-15.4375,96.875,-248.0,-948.0,-129.0,13.0,-10.0,-16.0,-0.9375,3.25,0.1875,94854.75,0x683f
1678222190.8515031,9040.0,3616.0,822.0,17.875,-15.375,97.0,-271.0,-937.0,-125.0,-11.0,1.0,-8.0,-1.375,6.1875,-1.5625,94854.75,0x683f
1678222190.911328,8537.0,3410.0,776.0,18.0,-15.125,97.1875,-303.0,-933.0,-109.0,-40.0,1.0,8.0,-0.5625,0.625,-5.1875,94854.75,0x683f
1678222190.9693482,8844.0,3645.0,698.0,17.8125,-14.9375,97.125,-257.0,-938.0,-123.0,0.0,2.0,-6.0,0.1875,-3.25,-3.0625,94854.75,0x683f
1678222191.02962,8537.0,3377.0,792.0,17.6875,-14.875,97.0625,-228.0,-949.0,-134.0,24.0,-9.0,-16.0,0.6875,2.75,0.75,94854.75,0x683f
1678222191.088224,8552.0,3362.0,807.0,17.6875,-14.875,97.125,-266.0,-953.0,-124.0,-13.0,-13.0,-5.0,0.625,7.25,1.8125,94861.5,0x683f
1678222191.147586,8846.0,3660.0,844.0,17.5,-14.9375,97.1875,-281.0,-947.0,-110.0,-28.0,-7.0,8.0,0.625,1.25,0.125,94861.5,0x683f
1678222191.207765,8536.0,3365.0,777.0,17.125,-14.9375,97.1875,-269.0,-928.0,-121.0,-15.0,10.0,-2.0,1.0625,-4.125,-1.4375,94861.5,0x683f
1678222191.267555,8622.0,3496.0,865.0,16.75,-14.9375,97.0625,-253.0,-942.0,-133.0,0.0,-2.0,-17.0,1.125,-3.25,-0.875,94861.5,0x683f
1678222191.326721,9141.0,3856.0,738.0,16.3125,-14.9375,96.9375,-237.0,-944.0,-126.0,15.0,-4.0,-10.0,0.375,-2.6875,1.0,94861.5,0x683f
1678222191.3850088,8586.0,3385.0,822.0,15.9375,-15.0,96.9375,-248.0,-945.0,-115.0,5.0,-5.0,0.0,0.5,0.875,1.25,94861.5,0x683f
1678222191.442496,8956.0,3743.0,891.0,16.0,-15.0625,96.9375,-266.0,-939.0,-122.0,-11.0,0.0,-7.0,0.875,2.75,1.8125,94864.25,0x683f
1678222191.4996622,8668.0,3495.0,850.0,15.5,-15.125,96.875,-262.0,-946.0,-112.0,-7.0,-10.0,3.0,0.9375,0.8125,1.6875,94864.25,0x683f
1678222191.559433,8674.0,3514.0,937.0,15.3125,-15.1875,96.875,-268.0,-949.0,-114.0,-11.0,-10.0,0.0,1.125,-0.9375,0.6875,94864.25,0x683f
1678222191.617512,9094.0,3779.0,994.0,15.1875,-15.25,96.8125,-254.0,-942.0,-116.0,3.0,-3.0,-4.0,0.375,-2.0625,-0.1875,94864.25,0x683f
1678222191.676377,8597.0,3493.0,906.0,14.9375,-15.1875,96.75,-256.0,-939.0,-120.0,0.0,0.0,-8.0,0.3125,-1.0625,-0.6875,94864.25,0x683f
1678222191.7365801,8569.0,3399.0,765.0,14.625,-15.1875,96.75,-267.0,-941.0,-112.0,-10.0,-1.0,0.0,-0.125,-0.9375,-1.125,94864.25,0x683f
1678222191.793084,8661.0,3434.0,769.0,14.3125,-15.125,96.75,-259.0,-934.0,-113.0,-3.0,5.0,-1.0,-0.1875,-2.5625,-0.875,94864.25,0x683f
1678222191.85152,8933.0,3774.0,834.0,13.9375,-15.0625,96.75,-262.0,-954.0,-114.0,-4.0,-12.0,-3.0,-0.5,-3.0625,-2.3125,94867.75,0x683f
1678222191.910878,8592.0,3409.0,795.0,13.75,-14.9375,96.6875,-252.0,-934.0,-110.0,1.0,6.0,0.0,-0.1875,-3.1875,-2.5,94867.75,0x683f
1678222191.9718761,8641.0,3481.0,898.0,13.5625,-14.8125,96.625,-230.0,-947.0,-110.0,20.0,-5.0,0.0,-0.625,-1.625,-1.9375,94867.75,0x683f
1678222192.031436,8550.0,3367.0,823.0,13.5625,-14.6875,96.6875,-261.0,-947.0,-120.0,-13.0,-8.0,-11.0,-0.0625,-0.0625,-1.4375,94867.75,0x683f
1678222192.090863,8678.0,3507.0,919.0,13.25,-14.625,96.6875,-253.0,-950.0,-113.0,-4.0,-7.0,-2.0,0.0625,-0.4375,-0.75,94867.75,0x683f
1678222192.153425,8618.0,3527.0,896.0,13.1875,-14.625,96.6875,-254.0,-946.0,-112.0,-12.0,-2.0,-3.0,0.625,1.1875,-0.5,94867.75,0x683f
1678222192.214208,8684.0,3518.0,896.0,12.625,-14.625,96.625,-255.0,-934.0,-118.0,9.0,9.0,-4.0,1.0625,-1.875,-0.0625,94863.75,0x683f
1678222192.2755709,8592.0,3379.0,801.0,12.5,-14.625,96.625,-250.0,-951.0,-122.0,-1.0,-7.0,-14.0,0.5,2.1875,0.5625,94863.75,0x683f
1678222192.3361018,8550.0,3358.0,804.0,12.375,-14.6875,96.6875,-252.0,-945.0,-116.0,-2.0,-3.0,-5.0,0.0,1.0625,1.375,94863.75,0x683f
1678222192.397794,8614.0,3493.0,968.0,12.0625,-14.75,96.6875,-250.0,-943.0,-116.0,-3.0,-1.0,-10.0,0.25,1.125,0.8125,94863.75,0x683f
1678222192.458459,8710.0,3540.0,924.0,11.75,-14.75,96.6875,-242.0,-950.0,-113.0,11.0,-8.0,-4.0,0.1875,0.25,0.1875,94863.75,0x683f
1678222192.5184488,8643.0,3500.0,924.0,11.625,-14.75,96.6875,-247.0,-948.0,-114.0,-1.0,-7.0,-3.0,0.375,1.25,-0.5,94863.75,0x683f
1678222192.5798678,8602.0,3369.0,787.0,11.5625,-14.6875,96.6875,-257.0,-947.0,-118.0,0.0,-9.0,-5.0,0.625,-0.9375,-0.875,94863.75,0x683f
1678222192.6397471,8670.0,3488.0,908.0,11.375,-14.625,96.6875,-244.0,-946.0,-116.0,4.0,-4.0,-5.0,0.25,-0.625,-0.9375,94857.25,0x683f
1678222192.701081,8517.0,3333.0,815.0,11.25,-14.625,96.625,-247.0,-942.0,-112.0,0.0,2.0,-1.0,0.8125,0.375,-0.25,94857.25,0x683f
1678222192.761632,8675.0,3563.0,924.0,11.0625,-14.625,96.5625,-251.0,-944.0,-108.0,-5.0,-1.0,-3.0,1.125,0.75,0.25,94857.25,0x683f
1678222192.822113,8632.0,3494.0,917.0,10.9375,-14.6875,96.4375,-271.0,-954.0,-112.0,-19.0,-8.0,-4.0,1.8125,-4.0625,1.5625,94857.25,0x683f
1678222192.884434,8636.0,3500.0,939.0,10.4375,-14.8125,96.25,-232.0,-944.0,-96.0,10.0,1.0,0.0,0.9375,-5.1875,0.625,94857.25,0x683f
1678222192.947456,8632.0,3507.0,935.0,10.1875,-14.8125,96.1875,-268.0,-947.0,-113.0,-17.0,-5.0,-10.0,0.8125,-3.9375,0.0625,94857.25,0x683f
1678222193.007096,8546.0,3390.0,784.0,9.875,-14.875,96.0625,-228.0,-950.0,-108.0,25.0,-5.0,-8.0,1.9375,-2.9375,2.125,94863.75,0x683f
1678222193.068877,8506.0,3342.0,756.0,9.75,-15.0625,95.9375,-242.0,-939.0,-108.0,12.0,0.0,-7.0,1.0625,3.1875,2.4375,94863.75,0x683f
1678222193.1299999,8514.0,3365.0,737.0,9.75,-15.1875,96.0,-252.0,-934.0,-107.0,-4.0,3.0,-4.0,-0.125,4.125,2.25,94863.75,0x683f
1678222193.194698,8619.0,3490.0,920.0,9.625,-15.25,96.0,-279.0,-940.0,-105.0,-20.0,0.0,-5.0,-0.25,2.625,1.6875,94863.75,0x683f
1678222193.258158,8645.0,3498.0,878.0,9.25,-15.375,96.0625,-259.0,-948.0,-99.0,-2.0,-7.0,-5.0,0.1875,-1.625,1.0625,94863.75,0x683f
1678222193.321183,8626.0,3478.0,933.0,8.8125,-15.375,96.0625,-253.0,-946.0,-115.0,11.0,-8.0,-12.0,0.6875,0.625,0.6875,94863.75,0x683f
1678222193.379097,8636.0,3509.0,884.0,8.75,-15.375,96.0625,-258.0,-944.0,-103.0,1.0,-3.0,-4.0,0.875,3.6875,0.375,94859.0,0x683f
1678222193.4377248,8638.0,3495.0,888.0,8.8125,-15.375,96.0625,-276.0,-950.0,-103.0,-15.0,-9.0,-2.0,1.4375,2.875,0.125,94859.0,0x683f
1678222193.4984488,8655.0,3507.0,897.0,8.875,-15.375,96.0,-273.0,-946.0,-100.0,-12.0,-6.0,-1.0,1.8125,0.8125,-0.5625,94859.0,0x683f
1678222193.5578089,8614.0,3500.0,854.0,8.9375,-15.25,95.875,-268.0,-942.0,-101.0,-12.0,-1.0,1.0,2.4375,-3.0625,-3.5625,94859.0,0x683f
1678222193.61843,8638.0,3520.0,890.0,8.75,-15.125,95.625,-291.0,-917.0,-93.0,-29.0,24.0,1.0,4.0625,-7.375,-4.8125,94859.0,0x683f
1678222193.677953,8656.0,3495.0,897.0,8.3125,-15.0625,95.25,-220.0,-950.0,-96.0,36.0,-12.0,-10.0,2.75,-5.8125,-0.5625,94859.0,0x683f
1678222193.73861,8516.0,3334.0,777.0,7.875,-15.0,95.125,-237.0,-965.0,-97.0,12.0,-18.0,-8.0,0.9375,1.9375,-0.3125,94873.5,0x683f
1678222193.797653,8643.0,3473.0,854.0,7.9375,-15.0,95.125,-276.0,-949.0,-91.0,-21.0,-5.0,-5.0,-0.3125,-4.125,-1.375,94873.5,0x683f
1678222193.857353,8634.0,3506.0,914.0,7.6875,-14.9375,95.0625,-247.0,-939.0,-89.0,5.0,3.0,-5.0,0.0,-5.625,-1.625,94873.5,0x683f
1678222193.917583,8648.0,3517.0,913.0,7.4375,-14.875,95.0,-238.0,-949.0,-94.0,13.0,-4.0,-10.0,-0.125,-0.75,-0.9375,94873.5,0x683f
1678222193.977844,8606.0,3494.0,908.0,7.5,-14.8125,95.0,-255.0,-950.0,-84.0,-4.0,-5.0,0.0,-0.3125,0.875,-0.4375,94873.5,0x683f
1678222194.036523,8645.0,3474.0,889.0,7.3125,-14.8125,95.0,-254.0,-950.0,-90.0,-3.0,-5.0,-6.0,-0.1875,-1.625,-0.375,94873.5,0x683f
1678222194.096274,8635.0,3484.0,895.0,7.25,-14.8125,95.0,-244.0,-948.0,-81.0,6.0,-4.0,1.0,-0.5625,-0.625,-0.8125,94873.5,0x683f
1678222194.156109,8621.0,3509.0,960.0,7.25,-14.75,95.0,-260.0,-949.0,-90.0,-10.0,-4.0,-7.0,0.1875,-0.8125,-0.5625,94867.75,0x683f
1678222194.2158568,8639.0,3452.0,956.0,7.0,-14.75,95.0,-237.0,-957.0,-88.0,12.0,-12.0,-5.0,0.375,-1.0,-0.3125,94867.75,0x683f
1678222194.275344,8630.0,3463.0,880.0,7.0625,-14.75,95.0,-247.0,-952.0,-88.0,2.0,-7.0,-5.0,0.4375,1.3125,-0.125,94867.75,0x683f
1678222194.335449,8617.0,3469.0,860.0,7.0625,-14.6875,95.0,-248.0,-947.0,-83.0,1.0,-2.0,0.0,0.5,-0.5,-0.125,94867.75,0x683f
1678222194.394356,8641.0,3526.0,889.0,6.9375,-14.6875,95.0,-237.0,-944.0,-92.0,11.0,0.0,-9.0,0.4375,1.5,0.0,94867.75,0x683f
1678222194.456108,8630.0,3501.0,902.0,7.125,-14.6875,95.0,-256.0,-945.0,-86.0,-7.0,-1.0,-3.0,0.8125,2.9375,0.875,94867.75,0x683f
1678222194.517281,8539.0,3414.0,754.0,7.0625,-14.75,95.0,-250.0,-945.0,-90.0,0.0,0.0,-6.0,0.5625,1.9375,1.6875,94863.5,0x683f
1678222194.576931,8540.0,3375.0,760.0,7.125,-14.875,95.0625,-250.0,-946.0,-88.0,1.0,-2.0,-4.0,0.375,2.6875,2.3125,94863.5,0x683f
1678222194.647486,8654.0,3482.0,917.0,7.125,-15.0,95.0625,-258.0,-954.0,-94.0,-4.0,-11.0,-9.0,0.4375,3.125,1.5,94863.5,0x683f
1678222194.71221,8640.0,3476.0,889.0,7.25,-15.0625,95.125,-253.0,-943.0,-88.0,11.0,-1.0,-2.0,0.3125,1.125,1.5,94863.5,0x683f
1678222194.771743,8634.0,3511.0,902.0,7.3125,-15.125,95.1875,-246.0,-949.0,-92.0,7.0,-5.0,-7.0,0.25,3.75,0.3125,94863.5,0x683f
1678222194.830525,8529.0,3366.0,810.0,7.625,-15.0625,95.25,-264.0,-951.0,-90.0,-2.0,-9.0,-5.0,0.1875,1.8125,-0.75,94863.5,0x683f
1678222194.888236,8632.0,3507.0,921.0,7.75,-15.0,95.25,-262.0,-955.0,-86.0,-8.0,-12.0,0.0,0.0625,0.3125,-1.625,94860.75,0x683f
1678222194.9498591,8576.0,3470.0,857.0,7.6875,-14.9375,95.25,-259.0,-943.0,-86.0,-5.0,0.0,0.0,0.9375,-4.8125,-0.5625,94860.75,0x683f
1678222195.008765,8667.0,3471.0,846.0,7.4375,-15.0,95.125,-241.0,-942.0,-96.0,12.0,0.0,-12.0,1.5,-1.625,1.375,94860.75,0x683f
1678222195.0681112,8638.0,3506.0,872.0,7.4375,-15.0,95.0625,-240.0,-949.0,-97.0,14.0,-6.0,-13.0,0.6875,3.5625,1.3125,94860.75,0x683f
1678222195.126637,8628.0,3485.0,834.0,7.625,-15.0,95.125,-278.0,-950.0,-87.0,-23.0,-6.0,-2.0,0.125,0.3125,-1.3125,94860.75,0x683f
1678222195.1844969,8615.0,3486.0,796.0,7.5625,-14.9375,95.0625,-239.0,-949.0,-85.0,14.0,-5.0,-1.0,0.875,-2.5,-1.5,94860.75,0x683f
1678222195.244152,8628.0,3489.0,842.0,7.625,-14.875,95.0,-240.0,-955.0,-81.0,11.0,-11.0,1.0,1.5625,0.9375,-0.6875,94865.5,0x683f
1678222195.302072,8621.0,3494.0,854.0,7.75,-14.8125,94.875,-232.0,-967.0,-74.0,18.0,-23.0,6.0,3.1875,0.625,-0.75,94865.5,0x683f
1678222195.364268,8648.0,3490.0,832.0,8.0,-14.75,94.625,-222.0,-970.0,-73.0,30.0,-23.0,4.0,5.125,3.375,0.125,94865.5,0x683f
1678222195.424225,8646.0,3497.0,818.0,8.5,-14.75,94.375,-187.0,-905.0,-71.0,63.0,40.0,0.0,7.375,13.125,4.25,94865.5,0x683f
1678222195.4845288,8653.0,3516.0,875.0,9.4375,-14.875,94.25,-193.0,-959.0,-82.0,59.0,-14.0,-11.0,5.25,21.0625,7.375,94865.5,0x683f
1678222195.543196,8652.0,3521.0,893.0,10.5,-15.0625,94.375,-225.0,-1028.0,-86.0,30.0,-84.0,-12.0,0.25,20.1875,1.25,94865.5,0x683f
1678222195.600542,8998.0,3700.0,934.0,11.875,-14.8125,94.8125,-316.0,-986.0,-75.0,-64.0,-41.0,3.0,-3.625,12.5625,-9.625,94865.5,0x683f
1678222195.658881,8921.0,3718.0,897.0,12.625,-14.0,95.0,-319.0,-940.0,-39.0,-81.0,6.0,43.0,-2.5625,-17.875,-18.9375,94864.25,0x683f
1678222195.7198532,9020.0,3773.0,923.0,12.0,-13.5625,94.6875,-294.0,-926.0,-93.0,-65.0,24.0,-16.0,0.0,-23.5,-15.3125,94864.25,0x683f
1678222195.780119,8628.0,3613.0,878.0,10.875,-12.875,94.25,-224.0,-917.0,-86.0,-5.0,35.0,-15.0,0.5625,-24.4375,-5.9375,94864.25,0x683f
1678222195.839377,8555.0,3501.0,690.0,9.9375,-12.8125,93.9375,-196.0,-1002.0,-50.0,21.0,-48.0,15.0,4.375,-5.0625,2.25,94864.25,0x683f
1678222195.8975859,8595.0,3597.0,773.0,9.75,-13.125,93.6875,-311.0,-1075.0,-43.0,-85.0,-122.0,16.0,9.375,4.25,14.75,94864.25,0x683f
1678222195.958821,8705.0,3647.0,750.0,7.875,-14.4375,92.4375,-420.0,-1095.0,-2.0,-118.0,-142.0,90.0,33.125,-64.6875,33.0625,94864.25,0x683f
1678222196.016858,8897.0,3532.0,880.0,1.25,-17.25,88.8125,-399.0,-1055.0,212.0,-102.0,-124.0,169.0,45.5625,-27.5625,92.5,94880.0,0x683f
1678222196.076639,8504.0,3167.0,749.0,355.5,-23.5625,86.1875,-721.0,-942.0,82.0,-308.0,-55.0,20.0,36.1875,33.5625,137.5,94880.0,0x683f
1678222196.136726,8557.0,3228.0,559.0,348.6875,-31.9375,84.5,-794.0,-778.0,-77.0,-254.0,36.0,-161.0,24.75,-16.1875,148.3125,94880.0,0x683f
1678222196.195449,8743.0,3249.0,601.0,338.6875,-40.0,80.1875,-719.0,-624.0,-7.0,-43.0,92.0,-145.0,30.0625,-84.5625,144.375,94880.0,0x683f
1678222196.2583418,8703.0,3215.0,795.0,328.5,-46.6875,71.3125,-560.0,-415.0,82.0,175.0,207.0,-171.0,39.5,-74.8125,137.4375,94880.0,0x683f
1678222196.319318,8412.0,3050.0,776.0,318.6875,-52.75,59.3125,-654.0,-353.0,162.0,129.0,152.0,-99.0,35.125,-82.4375,114.8125,94880.0,0x683f
1678222196.379261,8427.0,3114.0,939.0,312.25,-53.25,46.9375,-628.0,-305.0,337.0,157.0,122.0,-62.0,6.8125,-125.625,52.8125,94880.0,0x683f
1678222196.438175,8510.0,3028.0,1072.0,307.875,-49.4375,39.9375,-749.0,-478.0,429.0,-4.0,-68.0,-59.0,-42.3125,-112.0625,17.1875,94874.5,0x683f
1678222196.4969769,8543.0,2995.0,871.0,305.25,-45.875,38.75,-593.0,-565.0,370.0,110.0,-146.0,-183.0,-61.5,-81.8125,0.875,94874.5,0x683f
1678222196.555369,8649.0,3124.0,1006.0,302.1875,-41.9375,39.375,-528.0,-709.0,498.0,98.0,-122.0,-39.0,-47.3125,-81.6875,-6.625,94874.5,0x683f
1678222196.614878,8521.0,3041.0,813.0,300.3125,-38.875,39.8125,-539.0,-642.0,496.0,167.0,-183.0,-7.0,-35.4375,-49.0625,-8.3125,94874.5,0x683f
1678222196.675455,8465.0,3048.0,785.0,299.25,-38.0,40.4375,-626.0,-612.0,563.0,-22.0,-110.0,-23.0,-17.3125,-14.3125,3.1875,94874.5,0x683f
1678222196.736728,8593.0,3145.0,923.0,298.5,-38.125,40.875,-675.0,-585.0,514.0,-68.0,-80.0,-66.0,-13.3125,9.8125,15.375,94874.5,0x683f
1678222196.7966988,8590.0,3006.0,796.0,297.375,-39.0625,40.75,-681.0,-509.0,561.0,-43.0,-19.0,-5.0,1.6875,-10.6875,15.5,94854.75,0x683f
1678222196.8570602,8725.0,3091.0,907.0,296.375,-39.25,39.6875,-658.0,-516.0,587.0,-64.0,-38.0,-25.0,5.0,5.6875,10.8125,94854.75,0x683f
1678222196.917352,8646.0,3073.0,952.0,296.1875,-39.1875,39.0625,-631.0,-507.0,593.0,-3.0,-28.0,10.0,4.0,-22.1875,-4.3125,94854.75,0x683f
1678222196.974245,8655.0,3060.0,968.0,296.125,-38.375,38.5625,-662.0,-563.0,621.0,-53.0,-83.0,20.0,-0.9375,-5.0625,0.625,94854.75,0x683f
1678222197.0319722,8718.0,3040.0,897.0,295.9375,-38.0,38.25,-553.0,-490.0,663.0,51.0,-12.0,57.0,-0.0625,2.0625,2.5,94854.75,0x683f
1678222197.091468,8694.0,3055.0,927.0,296.5,-38.6875,38.6875,-635.0,-519.0,544.0,-21.0,-40.0,-52.0,0.1875,19.625,-1.8125,94854.75,0x683f
1678222197.157117,8616.0,2975.0,987.0,297.875,-39.75,39.1875,-765.0,-519.0,634.0,-25.0,-24.0,4.0,7.375,26.0,-6.0,94848.5,0x683f
1678222197.22175,8553.0,3033.0,951.0,299.375,-41.4375,39.875,-674.0,-663.0,649.0,-15.0,-202.0,92.0,13.6875,74.25,11.125,94848.5,0x683f
1678222197.28174,8692.0,2960.0,940.0,300.8125,-47.5625,42.25,-834.0,-659.0,352.0,-110.0,-214.0,-136.0,17.5625,147.625,41.25,94848.5,0x683f
1678222197.3417,8614.0,3051.0,1000.0,301.875,-54.875,46.125,-801.0,-518.0,241.0,0.0,-111.0,-149.0,13.1875,126.125,29.6875,94848.5,0x683f
1678222197.399957,8577.0,3022.0,809.0,303.5625,-61.25,53.0,-806.0,-379.0,43.0,90.0,14.0,-219.0,15.3125,93.4375,18.1875,94848.5,0x683f
1678222197.460203,8828.0,2941.0,819.0,305.0625,-65.5625,62.0625,-808.0,-354.0,174.0,74.0,6.0,-37.0,15.8125,114.125,6.8125,94848.5,0x683f
1678222197.5224771,8639.0,3085.0,829.0,308.1875,-67.3125,72.5,-892.0,-363.0,66.0,-10.0,-11.0,-74.0,28.6875,59.4375,-18.625,94848.5,0x683f
1678222197.582957,8704.0,3252.0,603.0,310.8125,-65.75,71.8125,-899.0,-395.0,140.0,-14.0,-3.0,-3.0,22.9375,-23.6875,-41.1875,94855.75,0x683f
1678222197.641931,8783.0,3198.0,759.0,313.5625,-63.0625,69.625,-988.0,-331.0,-32.0,-99.0,125.0,-188.0,11.375,-76.6875,-49.75,94855.75,0x683f
1678222197.697963,8673.0,3227.0,651.0,315.0625,-57.0625,61.4375,-677.0,-334.0,303.0,145.0,133.0,48.0,-2.8125,-80.625,-49.5,94855.75,0x683f
1678222197.756545,8619.0,3286.0,729.0,316.0,-54.5625,60.9375,-723.0,-380.0,265.0,73.0,121.0,-6.0,-18.6875,13.375,-26.125,94855.75,0x683f
1678222197.814831,8642.0,3249.0,777.0,317.0625,-54.0,64.375,-968.0,-542.0,268.0,-175.0,-20.0,24.0,-12.375,18.8125,-17.125,94855.75,0x683f
1678222197.874296,8679.0,3300.0,757.0,318.0,-53.25,65.5625,-778.0,-538.0,296.0,27.0,6.0,27.0,3.4375,1.3125,-13.625,94855.75,0x683f
1678222197.931287,8622.0,3239.0,806.0,318.8125,-52.8125,66.0,-768.0,-494.0,229.0,12.0,47.0,-9.0,-0.8125,10.1875,-6.0,94850.0,0x683f
1678222197.989032,8636.0,3231.0,817.0,319.3125,-52.6875,67.0,-804.0,-531.0,205.0,-24.0,16.0,-26.0,-1.125,-6.8125,-10.75,94850.0,0x683f
1678222198.047315,8637.0,3203.0,733.0,319.6875,-51.875,66.6875,-762.0,-544.0,203.0,9.0,11.0,-35.0,-1.1875,-7.0625,-8.8125,94850.0,0x683f
1678222198.104964,8617.0,3228.0,630.0,319.8125,-51.5625,66.8125,-834.0,-616.0,239.0,-65.0,-56.0,1.0,-3.625,13.25,2.875,94850.0,0x683f
1678222198.163568,8573.0,3207.0,656.0,319.5625,-51.8125,67.0625,-737.0,-545.0,145.0,33.0,13.0,-90.0,-5.1875,-8.8125,-0.8125,94850.0,0x683f
1678222198.221046,8589.0,3198.0,698.0,319.4375,-51.5625,67.25,-682.0,-562.0,238.0,71.0,-29.0,0.0,-4.75,8.625,-4.125,94850.0,0x683f
1678222198.2775428,8643.0,3262.0,687.0,319.75,-51.1875,67.4375,-983.0,-573.0,44.0,-219.0,-5.0,-191.0,2.4375,-71.875,-20.125,94850.0,0x683f
1678222198.336334,8700.0,3272.0,627.0,319.0,-47.625,62.4375,-626.0,-610.0,353.0,90.0,-21.0,35.0,3.3125,-100.125,-31.0,94856.75,0x683f
1678222198.3965728,8747.0,3284.0,614.0,318.4375,-43.875,58.875,-731.0,-630.0,316.0,-60.0,-22.0,-58.0,-0.8125,-95.1875,-27.5,94856.75,0x683f
1678222198.458157,8759.0,3277.0,628.0,317.8125,-40.3125,56.125,-621.0,-657.0,484.0,10.0,-36.0,66.0,-2.9375,-21.8125,-5.75,94856.75,0x683f
1678222198.516768,8748.0,3234.0,589.0,318.0625,-40.5,56.375,-538.0,-629.0,454.0,98.0,-8.0,42.0,-1.5,41.5625,5.5,94856.75,0x683f
1678222198.5757492,8749.0,3232.0,657.0,318.8125,-41.9375,57.9375,-723.0,-652.0,349.0,-64.0,-35.0,-33.0,0.6875,38.6875,4.625,94856.75,0x683f
1678222198.6348412,8640.0,3219.0,719.0,319.625,-43.1875,59.1875,-703.0,-632.0,343.0,-29.0,-18.0,-18.0,2.875,36.0,5.3125,94856.75,0x683f
1678222198.69386,8775.0,3279.0,567.0,320.375,-44.4375,60.375,-696.0,-606.0,307.0,-7.0,1.0,-35.0,5.25,23.5625,3.9375,94866.75,0x683f
1678222198.754457,8610.0,3251.0,718.0,320.9375,-45.0,60.75,-659.0,-684.0,372.0,36.0,-87.0,40.0,6.25,15.8125,9.8125,94866.75,0x683f
1678222198.810462,9013.0,3463.0,724.0,320.875,-46.5,61.25,-692.0,-662.0,337.0,23.0,-73.0,16.0,5.75,29.125,18.5625,94866.75,0x683f
1678222198.86868,9223.0,3462.0,759.0,320.5625,-49.4375,63.0,-899.0,-592.0,250.0,-154.0,-24.0,-38.0,8.25,70.5625,39.8125,94866.75,0x683f
1678222198.925486,8995.0,3349.0,674.0,319.9375,-52.3125,64.0,-867.0,-474.0,271.0,-91.0,64.0,9.0,20.8125,18.9375,27.4375,94866.75,0x683f
1678222198.986469,8712.0,3168.0,653.0,319.75,-54.3125,63.75,-787.0,-302.0,233.0,14.0,204.0,-16.0,27.0625,41.875,35.5,94866.75,0x683f
1678222199.044341,8886.0,3263.0,618.0,319.5,-57.0625,64.125,-927.0,-286.0,158.0,-100.0,187.0,-71.0,19.75,28.125,33.3125,94868.5,0x683f
1678222199.1011698,8907.0,3157.0,916.0,318.3125,-58.4375,62.1875,-783.0,-289.0,251.0,76.0,172.0,29.0,5.9375,-9.0625,18.625,94868.5,0x683f
1678222199.159358,8715.0,3234.0,563.0,317.125,-58.875,60.5625,-940.0,-290.0,192.0,-100.0,150.0,-55.0,-4.8125,-61.9375,1.1875,94868.5,0x683f
1678222199.2185621,8643.0,3078.0,785.0,315.4375,-54.75,53.3125,-542.0,-367.0,441.0,258.0,86.0,103.0,-4.4375,-110.9375,-25.5,94868.5,0x683f
1678222199.2778492,8778.0,3237.0,872.0,315.125,-50.6875,50.125,-799.0,-624.0,390.0,-40.0,-147.0,-7.0,-10.5,-57.8125,-24.0,94868.5,0x683f
1678222199.339079,8656.0,3075.0,884.0,315.1875,-48.5625,49.8125,-742.0,-680.0,341.0,-9.0,-181.0,-76.0,-18.125,-10.0,-22.375,94868.5,0x683f
1678222199.3990989,8545.0,3010.0,932.0,316.4375,-48.25,52.75,-744.0,-757.0,218.0,-11.0,-234.0,-169.0,-14.5,38.3125,-16.75,94868.5,0x683f
1678222199.458205,8563.0,3012.0,961.0,318.125,-49.0,56.375,-903.0,-757.0,152.0,-162.0,-217.0,-197.0,-0.1875,32.5625,-26.5,94852.75,0x683f
1678222199.520035,8485.0,2963.0,974.0,319.9375,-48.6875,58.8125,-954.0,-732.0,320.0,-217.0,-178.0,-13.0,11.1875,3.125,-11.625,94852.75,0x683f
1678222199.577097,8565.0,3005.0,931.0,320.75,-48.625,58.875,-828.0,-587.0,277.0,-92.0,-32.0,-56.0,4.625,8.5625,-1.1875,94852.75,0x683f
1678222199.636629,8642.0,3054.0,863.0,320.6875,-48.5625,58.6875,-788.0,-583.0,369.0,-53.0,-28.0,30.0,-1.125,-14.5,1.375,94852.75,0x683f
1678222199.693868,8680.0,3081.0,838.0,320.0,-48.0,57.625,-723.0,-542.0,335.0,4.0,11.0,-18.0,-2.375,-23.5625,1.25,94852.75,0x683f
1678222199.756534,8642.0,3103.0,803.0,319.4375,-47.0,56.375,-762.0,-552.0,315.0,-46.0,0.0,-48.0,-1.6875,-37.3125,-7.875,94852.75,0x683f
1678222199.81695,8697.0,3132.0,840.0,318.9375,-45.1875,54.5625,-815.0,-485.0,364.0,-124.0,79.0,-42.0,-1.1875,-54.5,-10.625,94854.75,0x683f
1678222199.8769212,8586.0,3044.0,917.0,317.9375,-41.875,52.0,-646.0,-455.0,473.0,0.0,122.0,17.0,-7.1875,-71.5,-18.375,94854.75,0x683f
1678222199.9365041,8591.0,3013.0,927.0,317.875,-38.8125,50.625,-682.0,-572.0,438.0,-73.0,20.0,-50.0,-8.25,-56.1875,-15.6875,94854.75,0x683f
1678222199.9954119,8685.0,3038.0,894.0,317.1875,-36.4375,49.75,-540.0,-624.0,435.0,45.0,-20.0,-60.0,-7.0625,-34.375,-6.25,94854.75,0x683f
1678222200.0550961,8709.0,3029.0,900.0,316.75,-35.3125,49.9375,-518.0,-653.0,476.0,38.0,-57.0,-51.0,-11.5625,-8.125,-2.3125,94854.75,0x683f
1678222200.114225,8582.0,2670.0,698.0,316.4375,-35.0625,50.4375,-617.0,-722.0,447.0,-53.0,-103.0,-63.0,-8.5,-5.5625,0.8125,94854.75,0x683f
1678222200.17291,8550.0,2639.0,634.0,316.0625,-34.8125,50.375,-533.0,-753.0,426.0,27.0,-133.0,-86.0,-1.75,-1.0625,6.5,94854.75,0x683f
1678222200.2302709,8712.0,2997.0,933.0,315.5625,-35.875,50.4375,-606.0,-811.0,471.0,-31.0,-198.0,-33.0,3.0,32.0,25.5625,94846.0,0x683f
1678222200.28923,8475.0,2920.0,957.0,314.75,-38.0625,50.1875,-626.0,-914.0,471.0,-96.0,-357.0,-114.0,15.4375,39.125,46.5,94846.0,0x683f
1678222200.34819,8500.0,2986.0,860.0,312.5625,-42.3125,48.125,-603.0,-845.0,514.0,79.0,-293.0,47.0,23.875,16.8125,56.0625,94846.0,0x683f
1678222200.408436,8657.0,2923.0,757.0,310.875,-46.5,46.75,-643.0,-604.0,311.0,47.0,-74.0,-163.0,18.375,98.6875,52.25,94846.0,0x683f
1678222200.467145,8757.0,2998.0,490.0,310.9375,-50.875,48.0625,-683.0,-459.0,254.0,78.0,0.0,-158.0,11.375,35.25,2.8125,94846.0,0x683f
1678222200.526229,8898.0,3042.0,738.0,312.0,-51.875,49.875,-719.0,-355.0,163.0,55.0,109.0,-217.0,-1.1875,59.3125,-16.5,94846.0,0x683f
1678222200.5885272,8714.0,3177.0,1094.0,314.6875,-51.25,52.6875,-746.0,-408.0,419.0,-13.0,89.0,-25.0,14.3125,22.6875,-51.8125,94859.0,0x683f
1678222200.64815,8904.0,3388.0,751.0,319.375,-49.0,55.125,-984.0,-396.0,321.0,-118.0,144.0,39.0,23.6875,-47.6875,-62.0,94859.0,0x683f
1678222200.708884,8689.0,3346.0,594.0,322.5625,-44.4375,53.125,-659.0,-391.0,449.0,-7.0,190.0,6.0,29.3125,-6.6875,-47.875,94859.0,0x683f
1678222200.769068,8766.0,3340.0,695.0,325.9375,-43.3125,54.0,-767.0,-478.0,360.0,-94.0,98.0,-58.0,15.125,54.6875,-24.1875,94859.0,0x683f
1678222200.8301618,8817.0,3213.0,820.0,328.6875,-44.6875,56.375,-835.0,-580.0,385.0,-146.0,0.0,0.0,17.125,63.4375,-5.0,94859.0,0x683f
1678222200.8884108,8799.0,3201.0,775.0,330.25,-46.1875,57.5,-811.0,-604.0,340.0,-70.0,-34.0,-20.0,28.5625,31.625,11.8125,94859.0,0x683f
1678222200.948383,8820.0,3191.0,791.0,331.25,-48.0,56.875,-696.0,-543.0,312.0,35.0,22.0,-50.0,28.4375,20.625,14.3125,94859.75,0x683f
1678222201.008554,8864.0,3441.0,527.0,331.8125,-49.25,56.0,-722.0,-510.0,295.0,27.0,16.0,-59.0,22.3125,19.125,10.1875,94859.75,0x683f
1678222201.0690901,8828.0,3070.0,728.0,332.4375,-50.625,56.125,-755.0,-478.0,263.0,2.0,37.0,-82.0,12.4375,33.6875,9.5,94859.75,0x683f
1678222201.127816,8692.0,3072.0,724.0,332.4375,-52.25,57.4375,-805.0,-470.0,288.0,-29.0,35.0,-34.0,4.6875,35.5625,9.75,94859.75,0x683f
1678222201.186153,8723.0,3070.0,765.0,332.375,-53.5625,58.875,-866.0,-477.0,258.0,-73.0,13.0,-34.0,-1.375,17.0625,11.25,94859.75,0x683f
1678222201.2461,8655.0,3163.0,717.0,331.5625,-54.625,59.4375,-830.0,-467.0,249.0,-27.0,22.0,-43.0,-3.75,11.8125,13.4375,94859.75,0x683f
1678222201.308816,8557.0,3176.0,741.0,330.4375,-55.8125,60.0,-826.0,-458.0,240.0,-12.0,12.0,-32.0,-8.5625,6.4375,13.4375,94859.75,0x683f
1678222201.367597,8547.0,3188.0,689.0,329.375,-56.75,60.625,-855.0,-505.0,248.0,-34.0,-36.0,-14.0,-10.1875,5.3125,13.0,94854.25,0x683f
1678222201.426045,8813.0,3255.0,735.0,328.375,-57.375,60.75,-846.0,-528.0,229.0,-19.0,-68.0,-27.0,-6.3125,-1.5625,13.75,94854.25,0x683f
1678222201.4852428,8654.0,3182.0,734.0,327.25,-57.75,61.0,-817.0,-520.0,222.0,13.0,-63.0,-29.0,-0.4375,-0.5,14.625,94854.25,0x683f
1678222201.543214,8544.0,3160.0,722.0,326.3125,-58.5,60.5,-788.0,-446.0,207.0,44.0,2.0,-45.0,2.0,1.3125,12.1875,94854.25,0x683f
1678222201.602679,8770.0,3260.0,693.0,325.75,-59.0625,60.4375,-827.0,-424.0,199.0,14.0,13.0,-49.0,-1.5,9.6875,4.4375,94854.25,0x683f
1678222201.659893,8500.0,3150.0,663.0,325.5,-59.4375,61.25,-866.0,-455.0,209.0,-28.0,-20.0,-30.0,-5.0625,6.1875,0.6875,94854.25,0x683f
1678222201.717341,8529.0,3156.0,662.0,325.125,-59.5,61.9375,-889.0,-471.0,209.0,-36.0,-35.0,-25.0,-5.1875,-0.9375,0.9375,94855.25,0x683f
1678222201.7749639,8549.0,3127.0,698.0,324.8125,-59.5,62.0,-856.0,-470.0,223.0,-6.0,-31.0,-8.0,-4.375,-3.6875,2.625,94855.25,0x683f
1678222201.8323321,8752.0,3228.0,692.0,324.5625,-59.4375,61.875,-828.0,-465.0,218.0,15.0,-26.0,-16.0,0.875,-5.75,1.1875,94855.25,0x683f
1678222201.8894458,8741.0,3259.0,693.0,324.25,-59.3125,61.625,-823.0,-428.0,210.0,20.0,11.0,-27.0,1.9375,1.0625,-1.4375,94855.25,0x683f
1678222201.946675,8651.0,3228.0,670.0,324.4375,-59.1875,61.75,-858.0,-456.0,222.0,-15.0,-14.0,-15.0,1.875,-0.8125,-4.0625,94855.25,0x683f
1678222202.0041258,8633.0,3174.0,710.0,324.5625,-59.0,61.75,-863.0,-456.0,205.0,-22.0,-11.0,-33.0,4.3125,-0.9375,-3.1875,94855.25,0x683f
1678222202.062796,8669.0,3207.0,710.0,324.5625,-59.0,62.0,-837.0,-423.0,196.0,-2.0,24.0,-29.0,0.375,3.25,-1.8125,94855.25,0x683f
1678222202.121043,8537.0,3170.0,658.0,324.5,-59.1875,62.625,-855.0,-421.0,209.0,-15.0,23.0,-13.0,-3.0625,1.9375,-1.625,94849.25,0x683f
1678222202.179774,8538.0,3143.0,718.0,324.0625,-59.1875,63.0,-881.0,-447.0,213.0,-38.0,0.0,-14.0,-4.75,-4.25,-1.8125,94849.25,0x683f
1678222202.238219,8552.0,3103.0,720.0,323.5625,-59.0,62.875,-841.0,-463.0,210.0,0.0,-14.0,-18.0,-5.0625,-7.375,2.125,94849.25,0x683f
1678222202.2961679,8648.0,3172.0,796.0,323.0,-59.0,62.5,-813.0,-429.0,208.0,27.0,18.0,-24.0,-5.8125,-4.25,4.1875,94849.25,0x683f
1678222202.3517592,8668.0,3132.0,766.0,322.5625,-59.125,62.4375,-852.0,-457.0,213.0,-11.0,-11.0,-18.0,-4.6875,-3.25,1.1875,94849.25,0x683f
1678222202.409698,8772.0,3213.0,754.0,322.3125,-59.0,62.1875,-844.0,-490.0,207.0,-3.0,-44.0,-27.0,2.0625,-5.5,0.25,94849.25,0x683f
1678222202.467756,8805.0,3175.0,771.0,322.125,-59.0,61.6875,-800.0,-459.0,203.0,40.0,-15.0,-35.0,2.5625,2.375,2.6875,94862.0,0x683f
1678222202.5256479,8690.0,3253.0,833.0,322.125,-59.1875,61.875,-837.0,-455.0,219.0,5.0,-12.0,-16.0,-0.0625,5.8125,0.625,94862.0,0x683f
1678222202.583314,8550.0,3104.0,764.0,322.1875,-59.1875,62.125,-852.0,-479.0,222.0,-10.0,-35.0,-11.0,2.375,-3.6875,-2.75,94862.0,0x683f
1678222202.640367,8778.0,3186.0,759.0,322.4375,-58.9375,61.875,-823.0,-467.0,205.0,18.0,-13.0,-37.0,3.3125,-1.5625,-0.625,94862.0,0x683f
1678222202.698715,8789.0,3244.0,744.0,322.4375,-58.9375,62.0,-804.0,-422.0,208.0,35.0,23.0,-28.0,-0.625,4.8125,-1.0625,94862.0,0x683f
1678222202.7578828,8674.0,3150.0,726.0,322.75,-59.0,62.4375,-844.0,-431.0,216.0,-4.0,16.0,-16.0,-0.4375,0.9375,-4.0,94862.0,0x683f
1678222202.817031,8861.0,3280.0,707.0,322.75,-58.8125,62.625,-866.0,-479.0,218.0,-28.0,-27.0,-15.0,2.3125,-1.8125,-4.125,94862.0,0x683f
1678222202.874078,8756.0,3208.0,743.0,322.875,-58.5625,62.375,-829.0,-473.0,222.0,7.0,-20.0,-14.0,3.8125,-2.125,-1.375,94849.75,0x683f
1678222202.932297,8881.0,3276.0,762.0,322.8125,-58.5,62.1875,-831.0,-454.0,218.0,2.0,1.0,-22.0,3.5625,0.875,0.375,94849.75,0x683f
1678222202.989915,8921.0,3244.0,742.0,322.9375,-58.5625,62.0,-830.0,-416.0,203.0,3.0,41.0,-40.0,3.1875,-1.9375,0.0,94849.75,0x683f
1678222203.0470982,8880.0,3232.0,711.0,322.6875,-58.4375,61.6875,-864.0,-380.0,197.0,-29.0,70.0,-46.0,-4.0,-6.25,0.25,94849.75,0x683f
1678222203.104416,8970.0,3170.0,672.0,321.9375,-58.0,60.75,-947.0,-383.0,279.0,-117.0,70.0,22.0,-11.6875,-36.5625,-1.1875,94849.75,0x683f
1678222203.162774,9146.0,3285.0,1018.0,320.1875,-56.3125,57.375,-950.0,-337.0,275.0,-142.0,128.0,-29.0,-19.0625,-83.1875,-0.5,94849.75,0x683f
1678222203.219569,8992.0,3288.0,814.0,317.375,-52.6875,51.875,-845.0,-277.0,256.0,2.0,184.0,-85.0,-31.125,-127.25,-2.9375,94849.75,0x683f
1678222203.278295,8562.0,3125.0,886.0,314.0,-48.5,47.8125,-743.0,-359.0,317.0,-9.0,122.0,-118.0,-47.9375,-85.0625,10.5625,94859.75,0x683f
1678222203.340414,8627.0,3071.0,883.0,311.375,-46.5625,47.375,-507.0,-456.0,341.0,202.0,43.0,-114.0,-55.5625,-42.625,1.6875,94859.75,0x683f
1678222203.3989398,8635.0,3101.0,884.0,309.75,-45.375,49.125,-640.0,-707.0,414.0,69.0,-191.0,-37.0,-35.625,-29.875,-8.75,94859.75,0x683f
1678222203.459439,8765.0,3106.0,887.0,309.0,-43.6875,50.25,-589.0,-725.0,510.0,87.0,-180.0,57.0,-15.0,-10.0,-14.1875,94859.75,0x683f
1678222203.5179799,8837.0,3156.0,860.0,309.3125,-42.375,50.6875,-677.0,-740.0,532.0,-16.0,-180.0,74.0,-3.1875,-22.125,-18.25,94859.75,0x683f
1678222203.575464,8757.0,3154.0,821.0,309.8125,-41.4375,50.9375,-654.0,-651.0,450.0,-27.0,-74.0,-20.0,-5.5625,-4.0625,-14.1875,94859.75,0x683f
1678222203.632214,8767.0,3179.0,852.0,310.25,-40.625,51.5,-670.0,-634.0,470.0,-33.0,-50.0,7.0,-3.5625,-4.0625,-13.8125,94854.0,0x683f
1678222203.692045,8580.0,3108.0,871.0,310.9375,-39.8125,51.9375,-617.0,-650.0,421.0,14.0,-66.0,-35.0,0.5625,-2.25,-15.875,94854.0,0x683f
1678222203.754207,8598.0,3115.0,866.0,311.6875,-39.125,52.125,-577.0,-669.0,427.0,45.0,-68.0,-52.0,0.0,9.5,-6.375,94854.0,0x683f
1678222203.813958,8555.0,3123.0,842.0,312.4375,-39.25,53.0,-654.0,-663.0,361.0,-23.0,-53.0,-75.0,-5.0625,7.8125,-8.1875,94854.0,0x683f
1678222203.871721,8567.0,3089.0,889.0,313.0,-39.0625,53.8125,-640.0,-598.0,386.0,-21.0,15.0,-62.0,-4.625,4.75,-11.75,94854.0,0x683f
1678222203.932784,8571.0,3097.0,834.0,313.9375,-38.4375,54.3125,-688.0,-584.0,457.0,-78.0,40.0,9.0,-1.3125,-8.9375,-12.625,94854.0,0x683f
1678222203.994112,8606.0,3102.0,881.0,314.5625,-37.875,54.3125,-729.0,-582.0,426.0,68.0,8.0,-3.0,1.375,-7.75,-4.4375,94863.25,0x683f
1678222204.0565948,8591.0,3144.0,885.0,315.375,-36.875,53.75,-629.0,-637.0,437.0,-66.0,-10.0,-21.0,7.5625,-20.6875,-12.5,94863.25,0x683f
1678222204.116022,8595.0,3157.0,819.0,315.6875,-35.4375,52.625,-594.0,-626.0,523.0,-27.0,7.0,35.0,9.625,-18.875,-4.625,94863.25,0x683f
1678222204.1773372,8593.0,3148.0,840.0,316.4375,-34.75,51.75,-528.0,-636.0,538.0,30.0,-3.0,40.0,7.1875,-2.8125,-2.875,94863.25,0x683f
1678222204.238227,8612.0,3176.0,878.0,317.0,-34.375,51.1875,-620.0,-659.0,470.0,-58.0,-27.0,-39.0,6.6875,-11.0,-3.1875,94863.25,0x683f
1678222204.2993019,8600.0,3164.0,875.0,317.25,-33.5625,50.375,-522.0,-730.0,501.0,37.0,-101.0,-18.0,6.375,-9.9375,0.0625,94863.25,0x683f
1678222204.357307,8594.0,3206.0,739.0,317.4375,-34.125,49.9375,-584.0,-703.0,452.0,-33.0,-82.0,-69.0,10.875,16.375,13.125,94863.25,0x683f
1678222204.41631,8611.0,3072.0,865.0,317.4375,-35.0625,49.25,-580.0,-629.0,500.0,-13.0,-24.0,-23.0,12.6875,19.0625,17.875,94859.25,0x683f
1678222204.473517,8663.0,3058.0,899.0,317.4375,-36.6875,48.875,-571.0,-571.0,509.0,20.0,29.0,-13.0,6.625,36.625,14.875,94859.25,0x683f
1678222204.532255,8636.0,3198.0,730.0,317.6875,-38.75,49.375,-591.0,-514.0,483.0,11.0,71.0,-34.0,3.625,18.625,1.8125,94859.25,0x683f
1678222204.591115,8672.0,3054.0,879.0,318.25,-39.25,50.0,-588.0,-517.0,469.0,16.0,44.0,-13.0,-2.4375,17.3125,-5.9375,94859.25,0x683f
1678222204.652401,8563.0,3116.0,754.0,318.75,-39.375,50.625,-697.0,-587.0,477.0,-69.0,-12.0,4.0,-2.4375,3.8125,-6.25,94859.25,0x683f
1678222204.712737,8656.0,3187.0,772.0,319.0,-39.4375,51.0,-695.0,-610.0,504.0,-72.0,-21.0,29.0,-1.25,8.0625,2.75,94859.25,0x683f
1678222204.7708,8636.0,3139.0,764.0,318.875,-40.0625,51.25,-688.0,-618.0,471.0,-57.0,-32.0,1.0,2.0,4.0,6.5625,94858.25,0x683f
1678222204.82867,8644.0,3181.0,744.0,318.625,-40.4375,51.0625,-610.0,-564.0,444.0,27.0,23.0,-33.0,4.0625,6.0,8.25,94858.25,0x683f
1678222204.8881228,8686.0,3052.0,870.0,318.375,-41.0625,50.9375,-637.0,-525.0,421.0,-4.0,46.0,-39.0,-3.375,3.3125,2.625,94858.25,0x683f
1678222204.948558,8636.0,3178.0,772.0,318.4375,-41.1875,51.375,-710.0,-615.0,467.0,-91.0,-66.0,10.0,-8.9375,0.8125,1.8125,94858.25,0x683f
1678222205.0077481,8687.0,3055.0,867.0,318.0625,-41.3125,51.5625,-720.0,-674.0,485.0,-72.0,-97.0,28.0,-5.75,-6.0,7.625,94858.25,0x683f
1678222205.066467,8667.0,3082.0,904.0,317.375,-41.6875,51.0,-662.0,-648.0,466.0,-8.0,-82.0,4.0,5.4375,-4.4375,21.5625,94858.25,0x683f
1678222205.123282,8594.0,3096.0,843.0,316.625,-42.875,49.75,-603.0,-564.0,425.0,71.0,-3.0,-44.0,13.6875,19.9375,23.5,94857.75,0x683f
1678222205.184201,8492.0,3212.0,655.0,316.3125,-44.6875,49.0,-634.0,-513.0,390.0,68.0,12.0,-70.0,12.0,10.75,8.8125,94857.75,0x683f
1678222205.255486,8517.0,3282.0,613.0,316.625,-45.875,49.1875,-613.0,-466.0,442.0,91.0,50.0,-2.0,-1.3125,39.4375,6.5,94857.75,0x683f
1678222205.314379,8757.0,3341.0,641.0,317.3125,-48.0625,52.625,-714.0,-489.0,288.0,20.0,33.0,-94.0,-32.75,90.1875,-2.5625,94857.75,0x683f
1678222205.373407,8559.0,3205.0,642.0,318.125,-50.1875,59.5,-914.0,-529.0,180.0,-119.0,28.0,-101.0,-54.625,35.625,-19.0,94857.75,0x683f
1678222205.431238,8645.0,3260.0,486.0,318.3125,-50.3125,67.9375,-627.0,-591.0,135.0,127.0,-10.0,-99.0,-77.375,79.25,-12.8125,94857.75,0x683f
1678222205.489342,8837.0,3118.0,928.0,318.5625,-53.5,82.6875,-841.0,-608.0,-18.0,-52.0,-30.0,-92.0,-68.0625,213.4375,48.5,94857.75,0x683f
1678222205.5494552,8634.0,3175.0,1021.0,319.6875,-55.375,98.625,-931.0,-450.0,-79.0,-124.0,96.0,26.0,-44.9375,132.625,22.375,94854.75,0x683f
1678222205.609973,8632.0,3199.0,918.0,319.6875,-54.6875,106.1875,-745.0,-456.0,-23.0,86.0,18.0,164.0,-26.75,0.0,-15.3125,94854.75,0x683f
1678222205.668695,8862.0,3387.0,915.0,319.75,-53.75,109.625,-904.0,-723.0,-123.0,-113.0,-177.0,70.0,-23.875,71.0625,6.5,94854.75,0x683f
1678222205.7277849,8801.0,3289.0,1005.0,320.6875,-52.875,116.4375,-986.0,-734.0,-239.0,-206.0,-210.0,40.0,-25.25,106.9375,30.9375,94854.75,0x683f
1678222205.787097,8610.0,3068.0,765.0,321.4375,-51.4375,126.875,-856.0,-675.0,-281.0,-91.0,-195.0,100.0,-33.0625,99.0625,52.0625,94854.75,0x683f
1678222205.845943,8492.0,3237.0,833.0,318.25,-51.125,137.1875,-844.0,-454.0,-455.0,-77.0,-51.0,4.0,-47.75,34.3125,88.25,94854.75,0x683f
1678222205.9029949,8508.0,3262.0,828.0,309.6875,-54.3125,143.3125,-442.0,-145.0,-202.0,358.0,184.0,258.0,-40.0625,2.9375,62.25,94858.5,0x683f
1678222205.9615119,8456.0,3197.0,963.0,303.4375,-52.6875,152.875,-934.0,-98.0,-757.0,-145.0,160.0,-241.0,-51.4375,46.5625,28.375,94858.5,0x683f
1678222206.019796,8566.0,3282.0,848.0,296.25,-55.0625,155.75,-587.0,-262.0,-524.0,217.0,-32.0,-12.0,-53.125,-85.375,22.875,94858.5,0x683f
1678222206.07856,8484.0,3097.0,711.0,289.1875,-60.625,155.375,-671.0,-377.0,-527.0,183.0,-177.0,-90.0,-21.4375,-131.6875,-8.4375,94858.5,0x683f
1678222206.13821,8393.0,3001.0,727.0,286.375,-65.0,151.5,-604.0,-394.0,-395.0,286.0,-198.0,-34.0,-20.125,-25.9375,8.25,94858.5,0x683f
1678222206.1976268,8177.0,2697.0,522.0,283.625,-64.8125,155.0,-737.0,-215.0,-374.0,149.0,-43.0,6.0,-27.3125,16.0625,10.875,94858.5,0x683f
1678222206.2571452,8378.0,2854.0,691.0,281.75,-64.1875,156.875,-763.0,-194.0,-416.0,116.0,-25.0,-18.0,-19.125,29.75,-18.875,94858.5,0x683f
1678222206.314955,8552.0,3229.0,957.0,283.125,-60.625,157.875,-952.0,-219.0,-508.0,-104.0,-36.0,-50.0,3.375,88.1875,-8.9375,94852.25,0x683f
1678222206.3764422,8478.0,3173.0,918.0,285.625,-55.5,161.0,-1027.0,-133.0,-610.0,-213.0,65.0,-90.0,12.5,91.4375,24.0625,94852.25,0x683f
1678222206.435756,8475.0,3148.0,942.0,287.0625,-52.25,164.3125,-946.0,-89.0,-576.0,-172.0,68.0,4.0,14.1875,35.6875,43.0,94852.25,0x683f
1678222206.495174,8444.0,3231.0,1027.0,287.375,-52.125,166.5,-792.0,-73.0,-496.0,-15.0,64.0,86.0,29.5,-16.375,37.875,94852.25,0x683f
1678222206.555112,8425.0,3054.0,1013.0,289.4375,-53.3125,166.375,-815.0,-70.0,-537.0,-49.0,74.0,18.0,40.9375,5.25,14.9375,94852.25,0x683f
1678222206.613944,8399.0,3136.0,886.0,292.6875,-52.6875,165.375,-944.0,79.0,-642.0,-190.0,260.0,-92.0,-2.0625,-11.5625,-13.875,94852.25,0x683f
1678222206.67222,8548.0,3195.0,917.0,291.4375,-54.625,163.1875,-791.0,204.0,-651.0,-93.0,349.0,-143.0,-51.0625,-48.8125,-50.125,94849.5,0x683f
1678222206.731369,8718.0,3345.0,814.0,286.4375,-57.3125,160.875,-985.0,10.0,-636.0,-159.0,183.0,-136.0,-73.5,-96.4375,-51.4375,94849.5,0x683f
1678222206.7884002,8464.0,2892.0,732.0,279.6875,-62.3125,158.0625,-833.0,-181.0,-464.0,35.0,-12.0,-41.0,-62.0625,-110.6875,-10.125,94849.5,0x683f
1678222206.845485,8511.0,3039.0,862.0,274.8125,-67.3125,155.1875,-435.0,-222.0,-146.0,475.0,-64.0,179.0,-31.6875,-114.4375,-9.0,94849.5,0x683f
1678222206.903417,8634.0,3107.0,791.0,273.75,-70.25,148.9375,-274.0,-248.0,-44.0,648.0,-70.0,235.0,13.625,-19.9375,-46.6875,94849.5,0x683f
1678222206.962535,8583.0,2870.0,862.0,280.875,-68.125,134.625,-76.0,-384.0,-117.0,721.0,-215.0,64.0,47.0,6.25,-134.5625,94849.5,0x683f
1678222207.025811,8545.0,2852.0,986.0,293.0625,-60.25,124.9375,-1060.0,-862.0,-704.0,-209.0,-464.0,-425.0,26.75,-7.3125,-138.3125,94849.5,0x683f
1678222207.084003,8507.0,3037.0,789.0,298.5,-56.875,114.5,-741.0,-690.0,-105.0,78.0,-198.0,110.0,12.9375,-33.8125,-31.25,94856.75,0x683f
1678222207.143997,8488.0,3147.0,709.0,299.3125,-56.8125,118.125,-1561.0,-613.0,-554.0,-667.0,-122.0,-227.0,5.6875,46.125,37.5,94856.75,0x683f
1678222207.203008,8505.0,3109.0,613.0,298.6875,-58.0,122.375,-1329.0,-507.0,-284.0,-508.0,-75.0,-21.0,-10.5,41.25,65.6875,94856.75,0x683f
1678222207.2615511,8495.0,3236.0,644.0,294.4375,-60.3125,130.5625,-984.0,-463.0,-257.0,-132.0,-95.0,57.0,-36.25,57.9375,89.625,94856.75,0x683f
1678222207.319131,8630.0,3181.0,596.0,287.3125,-61.0,144.125,-816.0,-216.0,-283.0,41.0,61.0,101.0,-66.8125,47.875,66.9375,94856.75,0x683f
1678222207.379421,8290.0,2789.0,549.0,280.6875,-59.9375,153.3125,-755.0,-172.0,-440.0,33.0,42.0,-34.0,-84.125,86.625,19.875,94856.75,0x683f
1678222207.437958,8482.0,3081.0,822.0,274.9375,-55.9375,160.4375,-832.0,-101.0,-609.0,162.0,69.0,-3.0,-62.625,-6.875,-36.375,94853.75,0x683f
1678222207.498522,8681.0,3305.0,740.0,270.8125,-57.3125,159.0625,-509.0,-73.0,-425.0,318.0,116.0,64.0,-42.375,-41.3125,-36.1875,94853.75,0x683f
1678222207.557229,8489.0,3098.0,832.0,268.1875,-58.375,158.0625,-394.0,-63.0,-339.0,440.0,127.0,137.0,-22.75,-3.5625,-5.0,94853.75,0x683f
1678222207.616715,8417.0,2961.0,46.0,266.75,-58.375,159.5,-114.0,-64.0,-190.0,654.0,84.0,271.0,7.125,30.4375,32.5,94853.75,0x683f
1678222207.674613,8491.0,2987.0,605.0,267.9375,-55.625,163.5,-498.0,-46.0,-458.0,308.0,112.0,92.0,49.0,35.5,21.4375,94853.75,0x683f
1678222207.733927,8560.0,2981.0,753.0,275.0,-57.625,156.6875,-612.0,-285.0,-447.0,48.0,-136.0,16.0,94.8125,-99.375,-69.875,94853.75,0x683f
1678222207.795773,8645.0,3130.0,709.0,285.9375,-59.9375,138.5,-1248.0,-715.0,-405.0,-481.0,-395.0,-101.0,89.5,-40.0625,-77.9375,94841.5,0x683f
1678222207.8542778,8619.0,3076.0,533.0,294.625,-58.0,129.75,-1320.0,-732.0,-426.0,-489.0,-328.0,-96.0,45.75,7.4375,-16.5,94841.5,0x683f
1678222207.9134982,8625.0,3162.0,711.0,297.5625,-56.75,132.1875,-1515.0,-566.0,-439.0,-695.0,-168.0,-79.0,-2.25,12.1875,37.5625,94841.5,0x683f
1678222207.9721868,8641.0,2960.0,786.0,294.0625,-59.0,134.8125,-1152.0,-420.0,-414.0,-330.0,-56.0,-79.0,-21.9375,-18.875,77.875,94841.5,0x683f
1678222208.031975,8841.0,2938.0,917.0,284.5625,-65.625,137.5,-1097.0,-342.0,-507.0,-329.0,-49.0,-283.0,-36.125,-138.6875,62.4375,94841.5,0x683f
1678222208.0918531,8739.0,3040.0,738.0,274.8125,-73.0625,72.625,-1162.0,-136.0,-922.0,108.0,114.0,-1058.0,-48.5,-860.625,-92.3125,94841.5,0x683f
1678222208.150631,8800.0,3161.0,902.0,268.0625,-32.25,26.25,291.0,-271.0,317.0,815.0,96.0,-426.0,-34.6875,-575.4375,-64.0625,94841.5,0x683f
1678222208.209755,8719.0,3249.0,953.0,266.1875,-16.375,25.8125,168.0,-328.0,712.0,444.0,81.0,-134.0,-25.8125,-62.6875,-16.75,94850.25,0x683f
1678222208.270159,8780.0,3323.0,1062.0,266.1875,-13.8125,26.1875,-236.0,-368.0,904.0,-36.0,44.0,42.0,2.875,-36.3125,-40.1875,94850.25,0x683f
1678222208.330487,9046.0,3477.0,993.0,268.875,-11.9375,26.25,-244.0,-403.0,778.0,-76.0,14.0,-83.0,16.1875,25.5,-39.75,94850.25,0x683f
1678222208.3930418,8777.0,3235.0,960.0,271.6875,-13.25,25.6875,-84.0,-456.0,980.0,249.0,-63.0,192.0,25.0,101.75,-23.6875,94850.25,0x683f
1678222208.451426,8527.0,3134.0,848.0,274.9375,-23.1875,25.5625,-341.0,-525.0,660.0,38.0,-149.0,-152.0,50.5625,251.125,9.0625,94850.25,0x683f
1678222208.510174,8718.0,3422.0,748.0,277.875,-40.0625,25.375,-376.0,-405.0,538.0,255.0,-83.0,-139.0,81.6875,384.5,63.875,94850.25,0x683f
1678222208.570165,8781.0,3470.0,929.0,278.75,-57.0625,23.625,-1340.0,89.0,182.0,-369.0,236.0,-185.0,83.0625,64.875,32.0,94857.75,0x683f
1678222208.6327932,8768.0,3451.0,875.0,281.0,-57.625,19.0,-572.0,-73.0,836.0,251.0,76.0,322.0,16.3125,-46.0625,-24.5625,94857.75,0x683f
1678222208.698126,8524.0,2927.0,766.0,281.6875,-60.1875,22.3125,-298.0,-169.0,702.0,585.0,-19.0,242.0,-42.375,195.875,27.0625,94857.75,0x683f
1678222208.760869,8525.0,3149.0,929.0,279.4375,-78.0,41.6875,-1055.0,-85.0,-174.0,-86.0,36.0,-258.0,-12.4375,413.5625,88.6875,94857.75,0x683f
1678222208.8198621,8438.0,3079.0,737.0,276.6875,-77.5625,164.3125,-741.0,-18.0,-380.0,276.0,-4.0,-80.0,4.9375,312.25,74.3125,94857.75,0x683f
1678222208.8880372,8348.0,3139.0,698.0,273.125,-55.875,-178.1875,-754.0,1.0,-614.0,89.0,-16.0,-106.0,12.9375,293.625,61.5625,94857.75,0x683f
1678222208.954689,8479.0,3178.0,618.0,278.9375,-39.6875,-176.25,-701.0,70.0,-947.0,-74.0,21.0,-194.0,10.75,131.4375,30.8125,94845.25,0x683f
1678222209.021075,8419.0,3178.0,754.0,280.0625,-33.4375,-175.9375,-723.0,69.0,-902.0,-184.0,5.0,15.0,-8.9375,4.3125,-2.25,94845.25,0x683f
1678222209.088504,8355.0,3029.0,661.0,278.6875,-39.0,-175.5625,-825.0,109.0,-1052.0,-180.0,52.0,-261.0,-21.4375,-246.9375,-45.6875,94845.25,0x683f
1678222209.1540532,8611.0,3191.0,938.0,270.8125,-58.8125,-176.5,-821.0,102.0,-729.0,99.0,107.0,-195.0,-24.4375,-470.9375,-85.6875,94845.25,0x683f
1678222209.217189,8614.0,3233.0,952.0,273.375,-83.4375,178.0625,-530.0,-63.0,41.0,474.0,-21.0,176.0,-29.625,-88.6875,-7.9375,94845.25,0x683f
1678222209.288063,8410.0,2957.0,859.0,270.6875,-85.0,178.6875,-1280.0,26.0,-277.0,-302.0,48.0,-211.0,-28.625,-92.5,-2.5,94845.25,0x683f
1678222209.3508391,8626.0,3030.0,814.0,269.375,-85.4375,2.125,-807.0,-131.0,7.0,-136.0,-85.0,-149.0,-29.4375,-47.5,-1.1875,94850.75,0x683f
1678222209.414811,8323.0,2721.0,678.0,267.875,-78.875,14.9375,-990.0,-102.0,83.0,28.0,-53.0,-50.0,-26.1875,-161.6875,-12.0,94850.75,0x683f
1678222209.4785979,8593.0,2996.0,579.0,268.0625,-73.375,13.5,-1429.0,-159.0,302.0,-483.0,-95.0,50.0,11.4375,129.75,3.3125,94850.75,0x683f
1678222209.540394,8471.0,3056.0,939.0,270.3125,-68.75,16.1875,-907.0,-231.0,163.0,-8.0,-124.0,-212.0,10.625,-233.1875,-58.5625,94850.75,0x683f
1678222209.602886,8859.0,3474.0,852.0,270.125,-56.625,13.375,-843.0,-115.0,514.0,-24.0,9.0,-10.0,-34.8125,-69.375,15.75,94850.75,0x683f
1678222209.6680782,8825.0,3465.0,860.0,268.3125,-54.0,13.3125,-780.0,-33.0,552.0,30.0,100.0,-31.0,-17.5,-54.25,-12.375,94850.75,0x683f
1678222209.731765,8790.0,3479.0,787.0,269.125,-50.375,14.5625,-864.0,-184.0,602.0,-114.0,-25.0,-9.0,8.375,-57.5,-10.3125,94855.25,0x683f
1678222209.797687,8704.0,3364.0,826.0,268.625,-42.5,10.25,-1150.0,191.0,130.0,750.0,232.0,-129.0,42.3125,-283.125,-3.5,94855.25,0x683f
1678222209.859482,8564.0,3309.0,795.0,270.5625,-36.1875,10.0625,-341.0,-212.0,700.0,244.0,-71.0,-73.0,-2.125,55.875,-25.5,94855.25,0x683f
1678222209.92067,8565.0,3332.0,663.0,273.5625,-38.4375,13.6875,-402.0,-256.0,611.0,207.0,-74.0,-134.0,-28.75,34.625,-63.875,94855.25,0x683f
1678222209.982201,8664.0,3266.0,811.0,277.625,-41.25,20.5625,-130.0,-348.0,555.0,515.0,-89.0,-134.0,-59.25,162.75,-88.625,94855.25,0x683f
1678222210.0423832,8857.0,3180.0,850.0,285.0625,-50.75,36.875,-291.0,-651.0,277.0,468.0,-279.0,-218.0,-44.9375,330.0625,-133.9375,94855.25,0x683f
1678222210.100119,8926.0,3442.0,822.0,299.5625,-55.25,64.25,-729.0,-807.0,-72.0,76.0,-304.0,-314.0,27.75,250.9375,-184.1875,94851.25,0x683f
1678222210.1588202,8713.0,3208.0,747.0,318.625,-47.8125,81.375,-596.0,-865.0,-108.0,129.0,-214.0,-207.0,46.5625,168.625,-214.1875,94851.25,0x683f
1678222210.217195,8657.0,3268.0,717.0,335.9375,-37.75,87.125,-801.0,-1157.0,-175.0,-230.0,-361.0,-208.0,47.5,121.625,-231.5625,94851.25,0x683f
1678222210.274444,8638.0,3510.0,557.0,354.5,-24.3125,87.6875,-614.0,-1224.0,-139.0,-245.0,-316.0,-177.0,33.0,27.8125,-233.8125,94851.25,0x683f
1678222210.331458,8889.0,3632.0,680.0,8.0,-11.5625,86.75,-623.0,-1323.0,-61.0,-454.0,-358.0,-89.0,10.5,-13.75,-187.0,94851.25,0x683f
1678222210.389606,8467.0,3483.0,702.0,15.875,-3.3125,86.5,-497.0,-1108.0,64.0,-440.0,-130.0,4.0,-4.3125,9.3125,-73.4375,94851.25,0x683f
1678222210.448956,8518.0,3462.0,727.0,18.4375,-1.5625,86.9375,-428.0,-950.0,86.0,-398.0,28.0,37.0,-13.6875,28.9375,10.75,94866.0,0x683f
1678222210.507309,8763.0,3648.0,553.0,17.9375,-3.5625,87.8125,-442.0,-909.0,88.0,-370.0,67.0,54.0,-11.5625,17.625,55.375,94866.0,0x683f
1678222210.5670972,8591.0,3298.0,740.0,14.375,-7.75,88.25,-358.0,-973.0,116.0,-214.0,-3.0,87.0,-3.125,5.25,65.9375,94866.0,0x683f
1678222210.623413,8657.0,3374.0,672.0,10.8125,-11.6875,88.25,-193.0,-913.0,118.0,16.0,44.0,89.0,2.125,11.9375,67.375,94866.0,0x683f
1678222210.683465,8536.0,3279.0,667.0,7.9375,-15.5625,88.5625,-237.0,-944.0,1.0,-16.0,-13.0,-56.0,-6.5,11.125,60.9375,94866.0,0x683f
1678222210.741941,8606.0,3235.0,902.0,3.625,-18.5625,88.625,-277.0,-1010.0,-112.0,34.0,-80.0,-134.0,-10.5,-92.5,38.3125,94866.0,0x683f
1678222210.800448,8884.0,3417.0,804.0,354.8125,-20.1875,86.625,-359.0,-904.0,-133.0,-20.0,13.0,-187.0,-9.625,-178.9375,25.0,94866.0,0x683f
1678222210.8603141,8558.0,3277.0,763.0,342.375,-19.625,82.1875,-192.0,-1031.0,-3.0,137.0,-116.0,-128.0,0.0,-267.375,5.8125,94865.5,0x683f
1678222210.920417,8502.0,3229.0,778.0,331.25,-18.5625,77.75,-315.0,-1043.0,169.0,-3.0,-134.0,-27.0,1.375,-145.5625,34.6875,94865.5,0x683f
1678222210.9802182,8486.0,3224.0,756.0,323.5,-18.9375,75.0625,-230.0,-977.0,222.0,88.0,-81.0,-15.0,3.625,-93.5,49.4375,94865.5,0x683f
1678222211.038477,8666.0,3321.0,770.0,317.5,-20.875,73.0625,-350.0,-992.0,234.0,0.0,-115.0,-31.0,9.75,-62.625,49.3125,94865.5,0x683f
1678222211.097692,8700.0,3237.0,637.0,313.5,-22.3125,71.1875,-278.0,-913.0,260.0,101.0,-59.0,-34.0,11.625,-15.1875,60.25,94865.5,0x683f
1678222211.1565871,8810.0,3292.0,612.0,310.125,-25.9375,70.25,-437.0,-785.0,218.0,27.0,44.0,-79.0,4.9375,9.1875,69.3125,94865.5,0x683f
