1678222728.185516,7610.0,4107.0,2399.0,122.625,-18.8125,89.1875,-305.0,-922.0,13.0,11.0,5.0,0.0,1.25,-1.8125,-0.0625,94877.75,0x683f
1678222728.252655,7584.0,4043.0,2396.0,122.5625,-18.8125,89.0625,-303.0,-922.0,11.0,10.0,10.0,-6.0,1.125,-1.25,-0.25,94877.75,0x683f
1678222728.321105,7599.0,4068.0,2399.0,122.5625,-18.6875,88.9375,-313.0,-914.0,11.0,1.0,14.0,-9.0,1.3125,-1.3125,-2.5,94877.75,0x683f
1678222728.385964,7599.0,4092.0,2398.0,122.6875,-18.625,88.875,-327.0,-914.0,5.0,-14.0,14.0,-12.0,0.4375,-2.0,-1.125,94877.75,0x683f
1678222728.449978,7498.0,4073.0,2394.0,122.5,-18.625,88.8125,-323.0,-925.0,3.0,-7.0,3.0,-18.0,0.5,-1.1875,1.8125,94877.75,0x683f
1678222728.5154529,7627.0,4133.0,2399.0,122.3125,-18.8125,88.875,-316.0,-918.0,1.0,3.0,9.0,-12.0,0.0625,-0.75,2.6875,94871.25,0x683f
1678222728.58178,7569.0,4048.0,2398.0,122.0625,-19.0,88.875,-308.0,-923.0,9.0,11.0,3.0,-8.0,0.5625,0.75,2.875,94871.25,0x683f
1678222728.648758,7624.0,4051.0,2399.0,122.0,-19.1875,88.875,-303.0,-924.0,13.0,19.0,1.0,-4.0,0.25,0.375,2.0625,94871.25,0x683f
1678222728.709785,8629.0,3201.0,864.0,121.9375,-19.1875,88.875,-305.0,-926.0,23.0,16.0,2.0,8.0,1.3125,0.9375,0.6875,94871.25,0x683f
1678222728.772935,8683.0,3429.0,336.0,122.0625,-19.1875,88.75,-316.0,-921.0,25.0,5.0,3.0,4.0,2.8125,1.625,-0.625,94871.25,0x683f
1678222728.834327,8687.0,3332.0,726.0,122.3125,-19.1875,88.625,-324.0,-921.0,14.0,-1.0,6.0,-9.0,2.75,2.625,-0.9375,94871.25,0x683f
1678222728.8969889,8734.0,3391.0,546.0,122.5,-19.125,88.5625,-323.0,-918.0,9.0,-2.0,13.0,-14.0,1.625,-0.125,-0.625,94872.75,0x683f
1678222728.9583302,8661.0,3363.0,529.0,122.5625,-19.0625,88.5,-320.0,-912.0,14.0,-1.0,7.0,-11.0,0.5625,0.5,-0.9375,94872.75,0x683f
1678222729.0220711,8692.0,3339.0,707.0,122.625,-19.0,88.5,-325.0,-919.0,19.0,-7.0,10.0,0.0,0.375,-0.4375,-0.6875,94872.75,0x683f
1678222729.092753,8873.0,3498.0,912.0,122.5625,-18.9375,88.5,-327.0,-920.0,28.0,-9.0,8.0,3.0,-0.3125,-1.75,-1.1875,94872.75,0x683f
1678222729.153924,8821.0,3497.0,874.0,122.5,-19.0,88.4375,-327.0,-922.0,24.0,-2.0,6.0,-1.0,-0.25,-1.625,1.5625,94872.75,0x683f
1678222729.218121,8754.0,3348.0,777.0,122.25,-19.0625,88.4375,-308.0,-915.0,19.0,13.0,9.0,-7.0,0.1875,-0.6875,2.125,94872.75,0x683f
1678222729.2815628,8753.0,3326.0,779.0,122.1875,-19.1875,88.4375,-308.0,-919.0,18.0,14.0,5.0,-6.0,0.3125,0.0,1.625,94872.5,0x683f
1678222729.34789,8869.0,3479.0,953.0,122.125,-19.25,88.4375,-314.0,-914.0,14.0,12.0,4.0,-8.0,-0.875,0.0,0.875,94872.5,0x683f
1678222729.4091132,8731.0,3343.0,818.0,122.0625,-19.25,88.5,-312.0,-919.0,12.0,11.0,7.0,-11.0,-0.8125,1.875,0.5,94872.5,0x683f
1678222729.471081,8818.0,3452.0,961.0,122.1875,-19.25,88.625,-318.0,-922.0,12.0,3.0,5.0,-11.0,-1.0625,2.5,-0.1875,94872.5,0x683f
1678222729.535189,8772.0,3325.0,798.0,122.3125,-19.3125,88.75,-322.0,-920.0,17.0,2.0,2.0,-3.0,-0.875,2.3125,1.0625,94872.5,0x683f
1678222729.597667,8770.0,3340.0,799.0,122.375,-19.375,88.8125,-326.0,-915.0,10.0,0.0,9.0,-7.0,0.5,4.625,1.125,94872.5,0x683f
1678222729.659588,8742.0,3319.0,814.0,122.625,-19.4375,88.9375,-333.0,-921.0,11.0,-6.0,3.0,-5.0,-0.1875,1.875,1.25,94861.75,0x683f
1678222729.727276,8784.0,3337.0,810.0,122.625,-19.5625,88.9375,-332.0,-919.0,11.0,-2.0,4.0,-3.0,0.125,2.625,2.6875,94861.75,0x683f
1678222729.788621,8914.0,3547.0,909.0,122.5625,-19.75,89.0,-323.0,-917.0,10.0,8.0,4.0,-5.0,0.25,1.75,2.875,94861.75,0x683f
1678222729.850361,8900.0,3484.0,956.0,122.5,-19.9375,89.0625,-323.0,-918.0,8.0,11.0,2.0,-6.0,-0.0625,0.3125,2.4375,94861.75,0x683f
1678222729.912699,8499.0,3193.0,795.0,122.375,-20.0,89.0625,-319.0,-921.0,14.0,16.0,0.0,0.0,-0.1875,-1.3125,-1.5,94861.75,0x683f
1678222729.976491,8784.0,3331.0,872.0,122.4375,-19.875,88.9375,-332.0,-918.0,16.0,0.0,3.0,2.0,1.1875,-0.4375,-1.1875,94861.75,0x683f
1678222730.036988,8757.0,3332.0,780.0,122.5,-19.875,88.875,-332.0,-907.0,8.0,3.0,15.0,-10.0,1.5,2.4375,1.5625,94874.25,0x683f
1678222730.0974789,8788.0,3382.0,773.0,122.5625,-20.0,88.875,-336.0,-924.0,0.0,0.0,-3.0,-18.0,0.625,2.375,1.5,94874.25,0x683f
1678222730.1579251,8742.0,3313.0,807.0,122.5625,-20.0625,88.875,-323.0,-916.0,11.0,14.0,4.0,-5.0,-1.1875,-0.875,1.625,94874.25,0x683f
1678222730.216923,8855.0,3388.0,802.0,122.4375,-20.125,88.9375,-320.0,-912.0,13.0,17.0,7.0,-2.0,-1.0,-0.875,-0.1875,94874.25,0x683f
1678222730.278729,8850.0,3384.0,781.0,122.4375,-20.0625,88.9375,-332.0,-918.0,15.0,4.0,2.0,0.0,-0.625,-0.4375,-1.25,94874.25,0x683f
1678222730.342561,8861.0,3464.0,941.0,122.4375,-20.0625,89.0,-337.0,-914.0,17.0,0.0,6.0,1.0,-0.0625,0.0625,-1.3125,94874.25,0x683f
1678222730.403583,8761.0,3348.0,772.0,122.5625,-19.9375,89.0,-336.0,-918.0,4.0,-5.0,3.0,-10.0,0.0,-0.625,-1.875,94868.25,0x683f
1678222730.4697988,8759.0,3477.0,958.0,122.5625,-19.8125,89.0,-341.0,-917.0,13.0,-4.0,6.0,-4.0,-0.625,-0.375,-0.875,94868.25,0x683f
1678222730.533646,8819.0,3495.0,959.0,122.5625,-19.875,89.0,-337.0,-917.0,6.0,-3.0,4.0,-9.0,0.75,0.75,2.25,94868.25,0x683f
1678222730.5953212,8742.0,3357.0,801.0,122.4375,-20.0,89.0,-325.0,-919.0,6.0,10.0,1.0,-9.0,-0.75,-2.375,1.4375,94868.25,0x683f
1678222730.6578822,8752.0,3443.0,891.0,122.25,-20.0625,88.9375,-326.0,-914.0,6.0,10.0,6.0,-10.0,0.125,-0.5,1.375,94868.25,0x683f
1678222730.718323,8835.0,3402.0,788.0,122.1875,-20.125,88.9375,-323.0,-918.0,9.0,13.0,2.0,-7.0,0.375,-0.4375,0.0,94868.25,0x683f
1678222730.78251,8826.0,3477.0,946.0,122.1875,-20.0625,88.9375,-328.0,-915.0,11.0,8.0,5.0,-4.0,-0.25,-3.0625,-2.375,94873.5,0x683f
1678222730.844009,8546.0,3351.0,861.0,122.1875,-19.9375,88.875,-332.0,-919.0,10.0,0.0,1.0,-9.0,0.125,-0.5,-0.4375,94873.5,0x683f
1678222730.907565,8586.0,3337.0,896.0,122.125,-19.9375,88.875,-333.0,-916.0,5.0,3.0,8.0,-10.0,-0.0625,0.25,1.8125,94873.5,0x683f
1678222730.9690409,8905.0,3514.0,929.0,122.0,-20.0625,88.875,-327.0,-913.0,7.0,9.0,7.0,-10.0,-0.0625,-0.5,1.125,94873.5,0x683f
1678222731.02876,8736.0,3326.0,765.0,122.0,-20.125,88.875,-327.0,-919.0,7.0,10.0,1.0,-9.0,-0.625,-0.9375,-0.5,94873.5,0x683f
1678222731.089969,8536.0,3276.0,858.0,122.0,-20.0625,88.875,-327.0,-919.0,7.0,9.0,0.0,-10.0,-0.375,-0.375,-1.4375,94873.5,0x683f
1678222731.149894,8649.0,3310.0,738.0,122.0625,-19.9375,88.875,-343.0,-917.0,13.0,-8.0,3.0,-3.0,-1.0,-1.4375,-2.0625,94867.25,0x683f
1678222731.2112792,8860.0,3390.0,812.0,122.0,-19.875,88.875,-335.0,-922.0,13.0,-1.0,0.0,-3.0,-0.0625,-1.9375,0.3125,94867.25,0x683f
1678222731.273474,8493.0,3221.0,816.0,121.9375,-19.875,88.875,-335.0,-916.0,11.0,-1.0,5.0,-6.0,0.6875,-1.875,1.125,94867.25,0x683f
1678222731.336551,8823.0,3383.0,765.0,121.75,-20.0,88.8125,-320.0,-917.0,11.0,14.0,4.0,-6.0,0.6875,-1.0,1.25,94867.25,0x683f
1678222731.401176,8491.0,3212.0,786.0,121.6875,-20.0,88.75,-323.0,-915.0,7.0,12.0,5.0,-11.0,1.1875,-0.125,0.375,94867.25,0x683f
1678222731.4661918,8697.0,3461.0,1032.0,121.6875,-20.0,88.75,-325.0,-919.0,12.0,9.0,0.0,-6.0,0.1875,-1.0625,-0.75,94867.25,0x683f
1678222731.5288162,8493.0,3226.0,768.0,121.6875,-19.9375,88.6875,-329.0,-918.0,20.0,4.0,3.0,0.0,0.125,-2.0,-1.375,94862.25,0x683f
1678222731.586922,8849.0,3376.0,786.0,121.6875,-19.875,88.625,-333.0,-921.0,19.0,-4.0,3.0,-5.0,0.75,-0.875,-1.0,94862.25,0x683f
1678222731.649568,8768.0,3430.0,945.0,121.625,-19.8125,88.5625,-333.0,-918.0,19.0,-5.0,2.0,-3.0,1.5625,-1.9375,0.5,94862.25,0x683f
1678222731.7139862,8754.0,3350.0,760.0,121.5625,-19.875,88.4375,-332.0,-917.0,15.0,2.0,-3.0,-7.0,1.4375,-1.3125,1.375,94862.25,0x683f
1678222731.775985,8719.0,3345.0,781.0,121.375,-20.0,88.25,-320.0,-917.0,9.0,15.0,6.0,-18.0,1.875,-1.3125,1.8125,94862.25,0x683f
1678222731.835464,8779.0,3419.0,921.0,121.3125,-19.9375,88.1875,-316.0,-906.0,14.0,18.0,15.0,-13.0,0.125,-3.6875,-3.3125,94862.25,0x683f
1678222731.89993,8485.0,3236.0,830.0,121.4375,-19.6875,88.1875,-324.0,-921.0,19.0,6.0,0.0,-9.0,-0.3125,-2.0625,-4.375,94871.75,0x683f
1678222731.964174,8728.0,3441.0,879.0,121.5,-19.4375,88.125,-335.0,-913.0,26.0,-5.0,9.0,0.0,-0.5625,-3.9375,-2.8125,94871.75,0x683f
1678222732.024848,8780.0,3423.0,917.0,121.4375,-19.3125,88.125,-330.0,-918.0,29.0,-6.0,5.0,-4.0,0.0625,-1.3125,-1.4375,94871.75,0x683f
1678222732.08449,8696.0,3334.0,771.0,121.375,-19.25,88.0625,-324.0,-917.0,21.0,-6.0,4.0,-9.0,0.4375,-2.3125,0.3125,94871.75,0x683f
1678222732.1488209,8825.0,3567.0,1082.0,121.25,-19.25,88.0625,-325.0,-912.0,21.0,-1.0,12.0,-9.0,0.0,-1.9375,0.125,94871.75,0x683f
1678222732.213589,8751.0,3475.0,880.0,121.125,-19.25,88.0,-325.0,-914.0,21.0,-2.0,10.0,-8.0,0.0,-1.4375,0.5,94871.75,0x683f
1678222732.2766469,8473.0,3216.0,794.0,121.0,-19.3125,88.0,-328.0,-916.0,17.0,-3.0,8.0,-12.0,-0.4375,-1.3125,1.125,94871.75,0x683f
1678222732.3380811,8794.0,3377.0,756.0,120.875,-19.375,88.0,-329.0,-915.0,18.0,-3.0,9.0,-12.0,-1.0,-1.1875,1.3125,94871.5,0x683f
1678222732.402818,8540.0,3373.0,920.0,120.625,-19.5,88.0625,-321.0,-917.0,24.0,5.0,9.0,-2.0,-1.125,-1.25,1.9375,94871.5,0x683f
1678222732.467444,8792.0,3360.0,831.0,120.4375,-19.625,88.125,-317.0,-919.0,23.0,12.0,4.0,-6.0,-0.5625,0.0,1.375,94871.5,0x683f
1678222732.530157,8635.0,3283.0,784.0,120.4375,-19.6875,88.125,-318.0,-921.0,19.0,11.0,0.0,-9.0,0.0625,1.25,1.5625,94871.5,0x683f
1678222732.593929,8779.0,3346.0,811.0,120.5,-19.6875,88.1875,-323.0,-918.0,21.0,11.0,5.0,-10.0,-0.125,1.1875,0.125,94871.5,0x683f
1678222732.658224,8787.0,3354.0,850.0,120.5625,-19.6875,88.25,-324.0,-919.0,17.0,3.0,3.0,-7.0,-0.375,1.5625,-1.25,94861.75,0x683f
1678222732.720713,8662.0,3294.0,779.0,120.6875,-19.625,88.3125,-324.0,-918.0,23.0,5.0,4.0,-3.0,-1.0625,-0.9375,-1.8125,94861.75,0x683f
1678222732.783819,8493.0,3228.0,866.0,120.8125,-19.4375,88.3125,-337.0,-922.0,23.0,-10.0,1.0,-2.0,0.0625,1.1875,-2.75,94861.75,0x683f
1678222732.844198,8667.0,3308.0,839.0,120.875,-19.4375,88.3125,-335.0,-918.0,19.0,-2.0,7.0,-11.0,0.5625,0.9375,1.625,94861.75,0x683f
1678222732.909603,8498.0,3203.0,787.0,120.875,-19.5,88.375,-322.0,-911.0,11.0,4.0,12.0,-11.0,0.0625,0.8125,0.9375,94861.75,0x683f
1678222732.971623,8489.0,3226.0,832.0,120.8125,-19.625,88.375,-326.0,-911.0,6.0,2.0,11.0,-19.0,-0.375,0.0625,1.4375,94861.75,0x683f
1678222733.030412,8501.0,3233.0,822.0,120.6875,-19.6875,88.375,-326.0,-916.0,10.0,2.0,-2.0,-13.0,-0.5,0.1875,1.4375,94861.75,0x683f
1678222733.0928159,8715.0,3400.0,954.0,120.625,-19.875,88.5,-336.0,-918.0,5.0,-6.0,6.0,-22.0,-2.4375,0.0625,2.75,94869.0,0x683f
1678222733.160922,8798.0,3343.0,843.0,120.375,-19.875,88.625,-318.0,-921.0,17.0,16.0,-1.0,-1.0,-2.25,-0.375,1.1875,94869.0,0x683f
1678222733.2225971,8732.0,3341.0,809.0,120.3125,-19.9375,88.6875,-315.0,-912.0,26.0,19.0,9.0,6.0,-0.875,0.3125,-1.3125,94869.0,0x683f
1678222733.284659,8711.0,3387.0,931.0,120.5,-19.8125,88.75,-325.0,-924.0,19.0,0.0,3.0,0.0,0.5625,1.5,-2.875,94869.0,0x683f
1678222733.3447511,8777.0,3372.0,787.0,120.8125,-19.625,88.75,-339.0,-916.0,13.0,-7.0,4.0,-8.0,0.8125,1.6875,-1.125,94869.0,0x683f
1678222733.4092958,8786.0,3375.0,785.0,120.9375,-19.625,88.75,-339.0,-915.0,2.0,-11.0,6.0,-22.0,0.8125,1.8125,0.3125,94869.0,0x683f
1678222733.471715,8663.0,3289.0,775.0,120.9375,-19.625,88.8125,-328.0,-920.0,2.0,1.0,2.0,-15.0,-1.0625,-1.375,0.6875,94871.5,0x683f
1678222733.533189,8614.0,3360.0,944.0,120.9375,-19.6875,88.875,-321.0,-923.0,13.0,12.0,1.0,-3.0,0.3125,2.4375,1.0,94871.5,0x683f
1678222733.593919,8674.0,3316.0,828.0,121.0625,-19.6875,88.9375,-320.0,-919.0,11.0,9.0,4.0,-1.0,0.6875,3.375,0.0625,94871.5,0x683f
1678222733.6537228,9059.0,3700.0,650.0,121.25,-19.6875,88.9375,-324.0,-911.0,10.0,5.0,11.0,-6.0,0.5,1.375,-1.625,94871.5,0x683f
1678222733.717868,8639.0,3264.0,817.0,121.375,-19.625,88.9375,-334.0,-915.0,2.0,-7.0,6.0,-12.0,0.375,0.6875,-0.5,94871.5,0x683f
1678222733.778949,8772.0,3371.0,758.0,121.3125,-19.625,89.0,-339.0,-923.0,1.0,-8.0,0.0,-14.0,-0.25,-0.1875,1.875,94871.5,0x683f
1678222733.840717,8837.0,3493.0,908.0,121.125,-19.9375,89.0625,-317.0,-906.0,-6.0,17.0,14.0,-20.0,-0.75,1.4375,4.5625,94868.25,0x683f
1678222733.90121,8741.0,3358.0,746.0,121.0625,-19.9375,89.1875,-329.0,-922.0,-5.0,5.0,-1.0,-18.0,-2.25,-4.3125,-2.875,94868.25,0x683f
1678222733.9634628,8498.0,3240.0,850.0,120.3125,-20.125,89.1875,-551.0,-1029.0,-17.0,-231.0,-107.0,-40.0,-7.6875,-23.75,23.4375,94868.25,0x683f
1678222734.0247948,8461.0,3190.0,871.0,115.9375,-22.3125,89.0,-715.0,-1042.0,-33.0,-328.0,-127.0,-74.0,-15.6875,-58.5,66.9375,94868.25,0x683f
1678222734.0862029,8566.0,3146.0,686.0,106.375,-27.25,87.9375,-758.0,-994.0,-57.0,-325.0,-123.0,-98.0,-22.9375,-98.4375,105.875,94868.25,0x683f
1678222734.149288,8626.0,3251.0,801.0,93.5,-33.4375,85.25,-792.0,-851.0,-12.0,-235.0,-47.0,-86.0,-31.1875,-123.1875,126.875,94868.25,0x683f
1678222734.2127402,8643.0,3179.0,890.0,77.0,-41.9375,81.0,-828.0,-653.0,-7.0,-173.0,67.0,-121.0,-47.625,-97.9375,156.3125,94872.0,0x683f
1678222734.2737641,8749.0,3255.0,980.0,62.4375,-50.0,76.9375,-713.0,-463.0,30.0,-33.0,160.0,-162.0,-69.25,-68.6875,163.125,94872.0,0x683f
1678222734.333952,8792.0,3138.0,894.0,48.3125,-58.0625,73.3125,-870.0,-312.0,-7.0,24.0,183.0,-144.0,-79.3125,-92.125,142.25,94872.0,0x683f
1678222734.3926039,8704.0,2995.0,777.0,35.1875,-62.25,62.4375,-657.0,-218.0,40.0,222.0,194.0,-195.0,-83.5625,-117.6875,99.1875,94872.0,0x683f
1678222734.454438,8700.0,2536.0,511.0,24.8125,-61.9375,51.0,-657.0,-166.0,68.0,212.0,190.0,-207.0,-93.625,-159.75,41.6875,94872.0,0x683f
1678222734.519419,8778.0,2901.0,564.0,17.3125,-55.5625,42.8125,-604.0,-351.0,183.0,189.0,33.0,-243.0,-93.25,-197.375,-13.6875,94872.0,0x683f
1678222734.584928,8623.0,2619.0,869.0,13.0625,-44.0,40.0,-590.0,-651.0,356.0,91.0,-198.0,-183.0,-67.0,-176.5625,-50.875,94864.5,0x683f
1678222734.648486,8386.0,2555.0,713.0,11.8125,-34.4375,40.0,-509.0,-832.0,485.0,24.0,-302.0,-144.0,-41.125,-152.1875,-52.375,94864.5,0x683f
1678222734.71117,8945.0,3075.0,422.0,11.8125,-27.5625,40.5,-318.0,-779.0,498.0,123.0,-209.0,-166.0,-18.5625,-73.5625,-41.875,94864.5,0x683f
1678222734.7900999,8658.0,2934.0,525.0,8.125,-22.5,41.5625,-316.0,-964.0,601.0,60.0,-363.0,-75.0,-14.4375,-50.1875,-35.125,94864.5,0x683f
1678222734.8545961,8534.0,2811.0,589.0,8.6875,-20.875,40.9375,-428.0,-789.0,701.0,-78.0,-188.0,9.0,8.6875,24.1875,11.4375,94864.5,0x683f
1678222734.9185338,8677.0,3022.0,322.0,8.375,-22.625,40.6875,-350.0,-650.0,764.0,10.0,-60.0,68.0,5.9375,43.0625,19.875,94864.5,0x683f
1678222734.9818912,8593.0,2664.0,368.0,8.5,-25.4375,40.5625,-475.0,-568.0,577.0,-46.0,5.0,-91.0,12.625,44.6875,16.5,94865.75,0x683f
1678222735.0426822,8811.0,2821.0,420.0,8.5625,-27.375,40.125,-442.0,-542.0,512.0,9.0,18.0,-152.0,13.375,-1.5625,2.75,94865.75,0x683f
1678222735.1020029,8755.0,2666.0,291.0,8.625,-27.25,38.4375,-449.0,-740.0,736.0,0.0,-197.0,53.0,46.125,-14.125,2.9375,94865.75,0x683f
1678222735.1625128,8685.0,2919.0,464.0,9.4375,-28.375,35.0,-302.0,-796.0,787.0,164.0,-302.0,81.0,74.5,77.75,11.6875,94865.75,0x683f
1678222735.2228658,8639.0,3040.0,469.0,3.0625,-34.125,32.0,-364.0,-685.0,714.0,185.0,-254.0,27.0,85.0625,140.0,12.4375,94865.75,0x683f
1678222735.28667,8465.0,2850.0,889.0,2.1875,-41.5,29.875,-424.0,-528.0,619.0,225.0,-162.0,-16.0,89.5,165.9375,5.6875,94865.75,0x683f
1678222735.351391,8732.0,3265.0,786.0,6.4375,-50.9375,29.8125,-652.0,-360.0,322.0,124.0,-61.0,-195.0,98.75,163.1875,-3.1875,94860.0,0x683f
1678222735.420198,8813.0,3042.0,956.0,9.375,-58.25,31.25,-696.0,-235.0,337.0,144.0,62.0,-158.0,108.25,96.3125,-49.0,94860.0,0x683f
1678222735.480224,8654.0,3015.0,786.0,13.8125,-61.3125,34.8125,-866.0,-84.0,99.0,-16.0,208.0,-284.0,106.875,83.3125,-65.5625,94860.0,0x683f
1678222735.5435798,8792.0,3181.0,825.0,22.75,-61.3125,39.5,-859.0,-120.0,103.0,3.0,147.0,-285.0,77.125,60.5625,-88.5,94860.0,0x683f
1678222735.610186,8687.0,3020.0,840.0,16.0,-59.875,45.5625,-902.0,-273.0,124.0,-37.0,68.0,-220.0,37.4375,-4.875,-97.6875,94860.0,0x683f
1678222735.671821,8664.0,2951.0,820.0,39.375,-54.8125,51.6875,-1051.0,-491.0,43.0,-250.0,-47.0,-306.0,9.5625,4.25,-88.625,94860.0,0x683f
1678222735.732681,8776.0,3176.0,810.0,42.625,-50.25,52.0625,-1257.0,-619.0,16.0,-514.0,-103.0,-407.0,10.1875,-132.625,-64.9375,94863.25,0x683f
1678222735.7954502,8673.0,3034.0,959.0,42.8125,-38.375,44.875,-667.0,-631.0,525.0,148.0,-111.0,76.0,16.9375,-264.0,-60.1875,94863.25,0x683f
1678222735.8592892,8535.0,3004.0,993.0,40.3125,-27.9375,39.375,-637.0,-578.0,622.0,-48.0,6.0,9.0,0.375,-173.125,17.75,94863.25,0x683f
1678222735.9231858,8779.0,3144.0,804.0,35.75,-20.875,37.0625,-286.0,-513.0,795.0,63.0,38.0,64.0,-23.1875,-106.5625,7.1875,94863.25,0x683f
1678222735.9855201,8660.0,3046.0,946.0,34.9375,-18.5,37.8125,-294.0,-706.0,953.0,-56.0,-62.0,233.0,3.4375,-6.8125,1.875,94863.25,0x683f
1678222736.051232,8487.0,3000.0,939.0,34.75,-18.3125,37.5,-401.0,-595.0,706.0,-24.0,-34.0,-6.0,0.75,-5.625,6.375,94863.25,0x683f
1678222736.113586,8554.0,3052.0,959.0,34.375,-18.625,37.4375,-328.0,-572.0,704.0,-15.0,-7.0,-32.0,-0.5,5.375,6.6875,94861.5,0x683f
1678222736.176876,8432.0,3026.0,920.0,32.1875,-18.9375,37.4375,-392.0,-591.0,754.0,-73.0,-26.0,18.0,-1.8125,2.875,7.3125,94861.5,0x683f
1678222736.24024,8945.0,3339.0,901.0,29.75,-19.4375,37.4375,-428.0,-622.0,784.0,-113.0,-66.0,71.0,1.25,2.4375,8.4375,94861.5,0x683f
1678222736.3061812,8539.0,3117.0,938.0,27.4375,-21.25,37.1875,-490.0,-635.0,782.0,-133.0,-85.0,22.0,7.9375,58.125,33.0,94861.5,0x683f
1678222736.372419,8550.0,3169.0,830.0,24.4375,-26.0625,36.375,-814.0,-525.0,774.0,-371.0,-11.0,66.0,31.1875,42.0625,64.625,94861.5,0x683f
1678222736.440181,8519.0,2872.0,1062.0,18.75,-32.0,32.3125,-618.0,-291.0,761.0,-91.0,166.0,46.0,14.75,76.1875,88.25,94861.5,0x683f
1678222736.505099,8662.0,2918.0,1142.0,14.6875,-38.875,30.625,-655.0,-142.0,629.0,-24.0,249.0,-37.0,-11.6875,71.0625,91.5625,94861.5,0x683f
1678222736.566918,8606.0,2973.0,858.0,10.125,-44.6875,30.0,-655.0,-44.0,476.0,27.0,298.0,-130.0,-37.875,62.375,66.75,94861.5,0x683f
1678222736.629175,8588.0,2848.0,1049.0,7.0625,-47.4375,31.0625,-772.0,-168.0,392.0,103.0,146.0,-142.0,-40.25,-22.3125,0.5,94861.5,0x683f
1678222736.69353,8558.0,2786.0,946.0,6.125,-46.5625,33.875,-627.0,-286.0,328.0,86.0,89.0,-224.0,-39.25,-1.625,-27.1875,94861.5,0x683f
1678222736.75825,9350.0,2819.0,890.0,7.4375,-42.9375,38.0,-590.0,-467.0,357.0,112.0,-35.0,-201.0,-46.5,-65.875,-62.0625,94861.5,0x683f
1678222736.8212469,8678.0,2491.0,828.0,8.75,-38.25,40.8125,-403.0,-652.0,523.0,191.0,-136.0,-61.0,-46.0,-63.0,-75.1875,94861.5,0x683f
1678222736.885438,8886.0,2619.0,768.0,13.0,-33.3125,44.1875,-383.0,-743.0,514.0,178.0,-152.0,-81.0,-20.3125,-14.5625,-85.125,94871.5,0x683f
1678222736.9542248,8922.0,2570.0,697.0,17.4375,-28.625,48.125,-345.0,-854.0,547.0,97.0,-234.0,-52.0,-16.0,27.5625,-65.375,94871.5,0x683f
1678222737.016601,8988.0,2449.0,593.0,20.875,-27.0625,50.375,-411.0,-885.0,442.0,63.0,-208.0,-93.0,-1.9375,-8.875,-43.5625,94871.5,0x683f
1678222737.082653,8673.0,2846.0,3979.0,22.625,-25.0625,50.625,-246.0,-933.0,705.0,25.0,-261.0,64.0,8.1875,20.375,-11.375,94871.5,0x683f
1678222737.1459599,8899.0,2535.0,763.0,23.375,-25.9375,50.125,-475.0,-983.0,629.0,134.0,-319.0,88.0,16.6875,28.75,21.75,94871.5,0x683f
1678222737.2090209,8697.0,2487.0,808.0,22.75,-28.9375,48.75,-460.0,-942.0,586.0,14.0,-297.0,20.0,39.625,28.625,47.6875,94871.5,0x683f
1678222737.268985,8735.0,2675.0,767.0,20.9375,-31.0625,45.8125,-456.0,-806.0,705.0,56.0,-212.0,117.0,40.5625,13.125,54.3125,94868.75,0x683f
1678222737.331915,8539.0,2448.0,897.0,19.125,-34.375,42.3125,-680.0,-665.0,631.0,-111.0,-143.0,26.0,56.8125,16.5625,63.75,94868.75,0x683f
1678222737.398197,8978.0,3061.0,965.0,15.4375,-38.1875,34.8125,-847.0,-543.0,565.0,-212.0,-105.0,-72.0,60.0,-38.0625,73.375,94868.75,0x683f
1678222737.462204,8627.0,2793.0,1058.0,11.5625,-37.5625,27.4375,-774.0,-467.0,575.0,-196.0,-109.0,-105.0,50.125,-61.375,78.625,94868.75,0x683f
1678222737.5271838,8831.0,2898.0,727.0,6.8125,-35.875,20.5,-698.0,-371.0,734.0,-193.0,-55.0,-59.0,37.1875,-80.875,86.9375,94868.75,0x683f
1678222737.590244,8854.0,3169.0,1103.0,1.25,-31.4375,13.1875,-422.0,-41.0,602.0,75.0,140.0,-222.0,33.875,-110.125,59.25,94868.75,0x683f
1678222737.6528509,8725.0,2892.0,1232.0,357.1875,-28.1875,9.125,-460.0,0.0,538.0,3.0,136.0,-314.0,8.125,-0.4375,60.75,94864.0,0x683f
1678222737.714219,8782.0,2982.0,1166.0,354.8125,-28.5625,7.4375,-408.0,-8.0,658.0,44.0,125.0,-239.0,9.3125,8.0625,44.375,94864.0,0x683f
1678222737.778362,8467.0,2961.0,1215.0,352.3125,-30.375,5.8125,-417.0,33.0,572.0,45.0,115.0,-269.0,-0.9375,47.25,35.9375,94864.0,0x683f
1678222737.84184,8467.0,2948.0,1119.0,351.375,-31.25,5.0625,-635.0,-6.0,489.0,-128.0,67.0,-346.0,6.1875,-26.6875,3.0,94864.0,0x683f
1678222737.905498,8781.0,3173.0,1214.0,352.4375,-24.375,5.3125,-446.0,155.0,594.0,-41.0,238.0,-294.0,-3.875,-237.4375,-57.25,94864.0,0x683f
1678222737.96508,8590.0,2867.0,1149.0,355.6875,-8.875,7.0625,136.0,-308.0,1294.0,255.0,-170.0,396.0,-20.5,-168.75,-45.8125,94864.0,0x683f
1678222738.025793,8850.0,3312.0,938.0,356.8125,-3.375,7.8125,-82.0,-184.0,1161.0,-44.0,-43.0,130.0,1.875,-61.75,-22.75,94858.5,0x683f
1678222738.087583,8690.0,3302.0,963.0,357.125,-1.0,7.625,-10.0,-106.0,935.0,-19.0,20.0,-42.0,2.6875,3.375,7.125,94858.5,0x683f
1678222738.151263,8533.0,3165.0,1005.0,359.5,-3.1875,7.375,150.0,-100.0,941.0,224.0,24.0,-28.0,3.9375,114.0,14.8125,94858.5,0x683f
1678222738.2142909,8955.0,3174.0,772.0,0.875,-21.125,7.375,328.0,-193.0,818.0,681.0,-75.0,-88.0,16.25,539.25,59.125,94858.5,0x683f
1678222738.2768588,8472.0,3014.0,1025.0,359.25,-58.1875,5.375,-163.0,-101.0,57.0,701.0,-137.0,-596.0,42.3125,692.4375,87.6875,94858.5,0x683f
1678222738.33836,9031.0,3378.0,802.0,354.25,-79.375,-156.8125,-544.0,35.0,-983.0,390.0,-56.0,-705.0,42.3125,694.3125,145.75,94858.5,0x683f
1678222738.398891,8705.0,3309.0,814.0,345.625,-49.5,-166.0625,-1350.0,257.0,-1083.0,-622.0,102.0,-444.0,42.4375,163.0625,52.625,94857.0,0x683f
1678222738.4606788,8377.0,2956.0,901.0,346.5,-48.5625,-166.4375,-1228.0,264.0,-884.0,-477.0,114.0,-272.0,-19.5625,-175.625,-33.25,94857.0,0x683f
1678222738.5209951,8904.0,3284.0,880.0,351.125,-63.875,-162.75,-1396.0,160.0,-706.0,-516.0,32.0,-294.0,-27.375,-396.5,-65.4375,94857.0,0x683f
1678222738.583543,8747.0,2907.0,945.0,358.9375,-80.125,-14.0625,-532.0,57.0,-90.0,433.0,16.0,-253.0,-24.375,-696.875,-100.5,94857.0,0x683f
1678222738.6470861,8639.0,3269.0,930.0,1.375,-51.25,2.875,-646.0,-54.0,559.0,-163.0,62.0,-246.0,-47.5,-308.75,-24.3125,94857.0,0x683f
1678222738.7103848,8600.0,3204.0,875.0,1.0625,-31.8125,6.1875,-385.0,52.0,524.0,89.0,153.0,-327.0,-73.375,-301.125,-15.75,94857.0,0x683f
1678222738.770837,8662.0,3167.0,831.0,359.625,-19.25,11.25,-142.0,-59.0,699.0,181.0,121.0,-208.0,-82.4375,-35.25,4.5,94858.25,0x683f
1678222738.829578,8529.0,2867.0,868.0,359.375,-22.625,15.5,49.0,-157.0,758.0,427.0,84.0,-113.0,-38.25,170.75,-9.4375,94858.25,0x683f
1678222738.891818,8264.0,2819.0,936.0,1.1875,-35.875,18.0,-780.0,-552.0,513.0,-205.0,-306.0,-242.0,45.0,171.5625,-16.25,94858.25,0x683f
1678222738.9545972,8463.0,2980.0,958.0,3.8125,-47.1875,17.5,-552.0,-493.0,498.0,167.0,-292.0,-135.0,75.0625,305.8125,42.1875,94858.25,0x683f
1678222739.015388,8497.0,3067.0,940.0,4.625,-65.125,15.9375,-1180.0,-253.0,50.0,-350.0,-24.0,-315.0,76.375,298.5625,81.75,94858.25,0x683f
1678222739.075642,8401.0,3150.0,848.0,3.9375,-80.0,7.9375,-1040.0,47.0,71.0,-74.0,70.0,-96.0,51.75,209.375,67.875,94858.25,0x683f
1678222739.136008,8231.0,2805.0,833.0,2.375,-86.6875,-177.3125,-1132.0,177.0,-219.0,-155.0,122.0,-159.0,36.0,165.6875,58.3125,94861.5,0x683f
1678222739.200439,8583.0,3239.0,695.0,1.75,-80.1875,-151.0625,-909.0,196.0,-95.0,54.0,114.0,61.0,31.875,65.3125,15.75,94861.5,0x683f
1678222739.2627258,8501.0,3215.0,641.0,4.6875,-77.6875,-160.75,-826.0,274.0,-134.0,131.0,205.0,62.0,39.75,11.8125,-26.375,94861.5,0x683f
1678222739.325655,8656.0,3218.0,592.0,10.0,-77.6875,-174.125,-1085.0,86.0,-84.0,-127.0,65.0,122.0,49.125,-10.4375,-47.125,94861.5,0x683f
1678222739.3891509,8579.0,3014.0,874.0,14.875,-79.8125,171.9375,-1655.0,-251.0,-431.0,-701.0,-348.0,-211.0,14.0625,-112.9375,-17.3125,94861.5,0x683f
1678222739.452686,8413.0,2985.0,966.0,13.0,-82.625,-171.3125,-1258.0,-320.0,-185.0,-286.0,-358.0,-63.0,-2.5,-26.3125,128.9375,94861.5,0x683f
1678222739.514076,8569.0,3181.0,821.0,3.8125,-78.625,-114.75,-164.0,-109.0,-192.0,797.0,-284.0,-112.0,1.375,-42.6875,122.125,94858.25,0x683f
1678222739.578735,8533.0,3193.0,758.0,1.4375,-75.875,-101.6875,731.0,564.0,316.0,1495.0,348.0,379.0,41.75,-44.0625,-76.875,94858.25,0x683f
1678222739.644693,8448.0,3227.0,549.0,14.5625,-84.75,-176.8125,-2039.0,-788.0,-1092.0,-1724.0,-848.0,-1182.0,45.4375,237.375,-228.9375,94858.25,0x683f
1678222739.708716,8165.0,2873.0,815.0,26.75,-74.0625,157.1875,-2762.0,-512.0,-814.0,-1298.0,-174.0,-284.0,-38.1875,22.3125,68.875,94858.25,0x683f
1678222739.7714298,8593.0,3057.0,921.0,14.9375,-75.75,-169.25,-811.0,-123.0,-262.0,468.0,-184.0,47.0,-53.1875,-65.0625,182.75,94858.25,0x683f
1678222739.834603,8643.0,3088.0,935.0,4.875,-76.0625,-122.375,670.0,453.0,302.0,1620.0,192.0,430.0,4.25,-109.5625,44.375,94858.25,0x683f
1678222739.89874,8424.0,3181.0,708.0,16.1875,-84.875,-176.1875,-24.0,-121.0,50.0,201.0,-634.0,-476.0,41.25,95.0,-187.125,94862.0,0x683f
1678222739.962728,8979.0,3565.0,602.0,25.8125,-78.5,158.5625,-2253.0,-585.0,-798.0,-1293.0,-500.0,-617.0,5.0625,-1.3125,-87.6875,94862.0,0x683f
1678222740.024541,8625.0,3293.0,626.0,26.25,-80.0625,150.0,-902.0,189.0,-99.0,235.0,273.0,83.0,-1.125,-12.125,39.0625,94862.0,0x683f
1678222740.089631,8897.0,3419.0,705.0,23.875,-81.4375,157.9375,-774.0,28.0,-90.0,187.0,54.0,25.0,-10.4375,9.25,2.5,94862.0,0x683f
1678222740.154758,8275.0,3137.0,747.0,23.8125,-80.25,159.1875,-937.0,-55.0,-146.0,28.0,3.0,9.0,-3.625,1.8125,-11.0,94862.0,0x683f
1678222740.215513,8305.0,3137.0,644.0,24.125,-79.5,158.375,-1188.0,-157.0,-237.0,-224.0,-91.0,-71.0,-1.1875,-5.25,-0.3125,94862.0,0x683f
1678222740.281528,8307.0,3165.0,615.0,23.9375,-80.0625,158.1875,-1028.0,-132.0,-175.0,-47.0,-56.0,-20.0,2.5,-9.3125,3.1875,94856.0,0x683f
1678222740.34959,8463.0,2961.0,966.0,24.1875,-81.0,154.0625,-1009.0,-149.0,-136.0,-48.0,-79.0,3.0,3.1875,-23.5625,-6.875,94856.0,0x683f
1678222740.414989,8260.0,2959.0,896.0,25.125,-81.8125,147.375,-990.0,-48.0,-109.0,-19.0,26.0,8.0,10.25,-9.625,-3.0,94856.0,0x683f
1678222740.479611,8406.0,3260.0,634.0,26.0,-82.0,144.9375,-1027.0,-8.0,-115.0,-37.0,76.0,4.0,12.625,-7.1875,0.8125,94856.0,0x683f
1678222740.545515,8438.0,3264.0,637.0,26.5625,-82.3125,143.5,-979.0,-17.0,-153.0,-10.0,57.0,-53.0,8.4375,-5.0625,-1.875,94856.0,0x683f
1678222740.607925,8449.0,3184.0,717.0,27.0,-82.5,141.9375,-959.0,-17.0,-134.0,13.0,53.0,-43.0,5.1875,-9.25,-4.375,94856.0,0x683f
1678222740.6733718,8382.0,3107.0,733.0,27.5,-82.5625,139.4375,-940.0,-77.0,-187.0,16.0,2.0,-101.0,1.5625,-7.4375,-8.875,94865.25,0x683f
1678222740.73622,8478.0,2934.0,921.0,27.75,-82.3125,135.8125,-1021.0,-114.0,-277.0,14.0,-31.0,-150.0,-9.625,-2.625,-4.3125,94865.25,0x683f
1678222740.801287,8578.0,3045.0,900.0,27.0625,-82.125,135.625,-906.0,-184.0,-286.0,65.0,-91.0,-190.0,-19.9375,4.125,-3.1875,94865.25,0x683f
1678222740.863808,8462.0,3003.0,909.0,25.6875,-81.6875,138.1875,-870.0,-147.0,-171.0,100.0,-53.0,-66.0,-28.6875,20.6875,-4.3125,94865.25,0x683f
1678222740.929808,8698.0,3134.0,741.0,24.125,-80.5,143.6875,-945.0,-158.0,-139.0,23.0,-49.0,26.0,-19.875,14.0625,-2.6875,94865.25,0x683f
1678222740.993174,9049.0,3518.0,594.0,23.25,-79.4375,148.3125,-983.0,-114.0,-65.0,-64.0,-38.0,65.0,-8.5625,32.375,2.875,94865.25,0x683f
1678222741.057817,8635.0,3211.0,718.0,23.0,-78.0,154.125,-1025.0,-150.0,-66.0,-57.0,-65.0,133.0,5.125,26.875,8.875,94858.25,0x683f
1678222741.121804,8568.0,3072.0,794.0,18.5625,-77.0625,157.8125,-1042.0,-209.0,-171.0,-97.0,-124.0,23.0,17.875,2.6875,4.625,94858.25,0x683f
1678222741.188637,8437.0,2956.0,856.0,18.25,-77.625,156.0,-938.0,-173.0,-152.0,19.0,-88.0,39.0,23.375,-15.4375,0.5625,94858.25,0x683f
1678222741.254238,8623.0,3091.0,743.0,19.6875,-78.3125,153.25,-982.0,-76.0,-232.0,-8.0,56.0,-52.0,21.875,-10.5,0.0625,94858.25,0x683f
1678222741.3213508,8574.0,3055.0,693.0,21.1875,-79.0625,150.0,-972.0,28.0,-321.0,-9.0,121.0,-163.0,11.6875,-15.5625,0.75,94858.25,0x683f
1678222741.381444,8583.0,3113.0,698.0,21.375,-80.375,145.75,-960.0,-40.0,-293.0,6.0,51.0,-158.0,-0.5625,-24.125,3.0625,94858.25,0x683f
1678222741.443033,8899.0,3286.0,713.0,20.75,-81.3125,143.25,-883.0,-104.0,-292.0,85.0,-16.0,-174.0,-13.375,-4.25,1.0,94866.5,0x683f
1678222741.506218,8193.0,2722.0,1042.0,19.6875,-81.4375,142.5625,-855.0,-161.0,-224.0,108.0,-78.0,-100.0,-21.8125,-2.875,-7.1875,94866.5,0x683f
1678222741.567955,8419.0,2788.0,939.0,18.75,-81.0625,141.5,-920.0,-172.0,-183.0,47.0,-76.0,-62.0,-22.5,11.1875,-9.3125,94866.5,0x683f
1678222741.630829,8253.0,2770.0,1013.0,18.125,-80.1875,142.125,-987.0,-182.0,-133.0,-21.0,-78.0,0.0,-15.1875,11.4375,-10.75,94866.5,0x683f
1678222741.696396,8383.0,2820.0,925.0,17.9375,-79.0625,143.0625,-1156.0,-146.0,-141.0,-193.0,-35.0,7.0,-7.8125,9.375,-6.0625,94866.5,0x683f
1678222741.7588322,8277.0,2800.0,1072.0,13.1875,-78.8125,144.125,-1218.0,-78.0,-176.0,-256.0,31.0,-22.0,-13.0625,-2.125,5.6875,94866.5,0x683f
1678222741.818858,8582.0,2948.0,824.0,11.0625,-79.5,146.0625,-1056.0,-64.0,-207.0,-91.0,31.0,-61.0,-39.6875,-15.6875,10.3125,94864.5,0x683f
1678222741.8819468,8479.0,2945.0,921.0,7.0,-80.5,149.9375,-955.0,-68.0,-173.0,12.0,8.0,-36.0,-52.125,-26.1875,9.25,94864.5,0x683f
1678222741.943583,8497.0,2939.0,835.0,2.625,-82.625,147.9375,-871.0,-92.0,-157.0,100.0,-26.0,-51.0,-42.125,-48.8125,-5.5,94864.5,0x683f
1678222742.008537,8487.0,2899.0,895.0,0.875,-84.75,175.125,-925.0,37.0,-194.0,138.0,115.0,-165.0,-43.0,-127.5,-42.3125,94864.5,0x683f
1678222742.0701,8562.0,2745.0,748.0,0.125,-82.5625,70.9375,-1010.0,27.0,-53.0,-37.0,148.0,-89.0,-34.1875,25.25,-9.5625,94864.5,0x683f
1678222742.1346638,8628.0,2904.0,863.0,358.875,-82.5,99.375,-1095.0,-23.0,-151.0,-122.0,102.0,-131.0,-15.75,37.8125,-14.25,94864.5,0x683f
1678222742.1995609,8590.0,2486.0,1034.0,359.6875,-80.6875,98.625,-806.0,-97.0,4.0,140.0,62.0,-42.0,-14.375,14.4375,-42.625,94860.5,0x683f
1678222742.263573,8572.0,2741.0,773.0,2.3125,-77.75,96.25,-785.0,-214.0,-5.0,170.0,3.0,11.0,6.75,-30.625,-65.75,94860.5,0x683f
1678222742.3272178,8831.0,2742.0,615.0,6.875,-73.4375,90.875,-745.0,-332.0,-87.0,124.0,-64.0,-67.0,5.6875,4.25,-65.25,94860.5,0x683f
1678222742.388576,8602.0,2497.0,812.0,10.5625,-69.875,88.0,-868.0,-454.0,-71.0,49.0,-108.0,-88.0,9.9375,-33.125,-60.0,94860.5,0x683f
1678222742.450428,8841.0,2634.0,1031.0,13.6875,-65.625,80.5,-1001.0,-595.0,-18.0,-114.0,-185.0,-99.0,5.3125,-94.25,-74.625,94860.5,0x683f
1678222742.5140128,9633.0,3368.0,696.0,15.3125,-58.0625,67.0625,-802.0,-579.0,-1.0,29.0,-102.0,-203.0,-9.5625,-198.0,-87.0625,94860.5,0x683f
1678222742.5782819,8893.0,2797.0,776.0,14.9375,-48.6875,56.5625,-773.0,-761.0,350.0,25.0,-220.0,99.0,-6.8125,-148.1875,-49.4375,94862.25,0x683f
1678222742.641244,9232.0,3135.0,628.0,14.125,-44.5625,53.1875,-794.0,-666.0,365.0,-109.0,-104.0,-55.0,-1.6875,-37.75,-16.6875,94862.25,0x683f
1678222742.703726,8960.0,2860.0,714.0,13.8125,-41.9375,51.5625,-579.0,-607.0,514.0,76.0,-36.0,61.0,-7.375,-3.9375,-7.9375,94862.25,0x683f
1678222742.7660701,8904.0,2810.0,795.0,13.9375,-41.6875,51.9375,-733.0,-629.0,485.0,-55.0,-52.0,34.0,2.6875,-5.625,-3.75,94862.25,0x683f
1678222742.828198,8927.0,2820.0,719.0,14.3125,-41.25,51.875,-673.0,-615.0,419.0,-26.0,-35.0,-35.0,4.0,-2.0625,-8.5,94862.25,0x683f
1678222742.891176,8986.0,2830.0,753.0,14.6875,-40.625,51.625,-632.0,-623.0,417.0,5.0,-39.0,-45.0,1.5,-8.5625,-5.0,94862.25,0x683f
1678222742.954574,8926.0,2811.0,722.0,14.875,-40.375,51.5625,-632.0,-621.0,447.0,3.0,-35.0,-16.0,1.875,-1.9375,-1.25,94857.5,0x683f
1678222743.0165179,9076.0,3101.0,643.0,15.0,-40.4375,51.6875,-632.0,-659.0,356.0,4.0,-74.0,-105.0,1.6875,5.875,-1.875,94857.5,0x683f
1678222743.078371,9175.0,3014.0,925.0,15.25,-40.5625,51.5625,-710.0,-724.0,453.0,-66.0,-139.0,-23.0,8.0625,0.6875,4.4375,94857.5,0x683f
1678222743.140359,8812.0,2544.0,990.0,10.125,-41.25,51.25,-749.0,-715.0,383.0,-100.0,-143.0,-77.0,9.125,9.75,8.625,94857.5,0x683f
1678222743.202376,8557.0,2494.0,602.0,0.8125,-42.5,49.9375,-753.0,-696.0,437.0,-90.0,-143.0,-27.0,18.5625,18.375,31.8125,94857.5,0x683f
1678222743.266624,8712.0,2618.0,1057.0,355.4375,-44.6875,48.0625,-730.0,-645.0,380.0,-40.0,-127.0,-85.0,18.9375,8.25,45.0625,94857.5,0x683f
1678222743.330538,8823.0,3107.0,782.0,352.875,-47.3125,45.0,-778.0,-478.0,294.0,-61.0,-24.0,-153.0,12.4375,-11.6875,56.0625,94868.75,0x683f
1678222743.3932958,8978.0,3302.0,707.0,349.1875,-49.25,40.4375,-703.0,-442.0,241.0,40.0,-27.0,-244.0,10.1875,9.625,62.5,94868.75,0x683f
1678222743.459571,8749.0,2872.0,824.0,346.0,-51.1875,36.75,-719.0,-399.0,304.0,45.0,-31.0,-187.0,0.625,-13.5625,48.6875,94868.75,0x683f
1678222743.5216231,8749.0,3140.0,785.0,343.125,-53.0,34.125,-735.0,-289.0,172.0,25.0,40.0,-285.0,-9.875,19.9375,44.25,94868.75,0x683f
1678222743.5846431,8708.0,3128.0,985.0,340.1875,-53.9375,32.625,-618.0,-232.0,332.0,169.0,93.0,-157.0,-34.25,-7.875,20.375,94868.75,0x683f
1678222743.649794,8580.0,2898.0,1069.0,338.375,-53.1875,34.0,-636.0,-205.0,465.0,177.0,119.0,16.0,-50.6875,-37.5625,-21.6875,94868.75,0x683f
1678222743.714423,8691.0,2965.0,465.0,338.625,-51.0,38.125,-746.0,-276.0,543.0,-31.0,103.0,85.0,-45.3125,-1.6875,-58.0,94864.0,0x683f
1678222743.7760131,8421.0,2763.0,657.0,343.25,-46.8125,44.0625,-625.0,-295.0,631.0,10.0,139.0,91.0,-17.6875,22.125,-84.375,94864.0,0x683f
1678222743.8366542,8660.0,2671.0,793.0,348.125,-44.5625,50.625,-837.0,-440.0,554.0,-140.0,92.0,95.0,-16.625,34.25,-71.875,94864.0,0x683f
1678222743.900529,8715.0,2661.0,425.0,351.25,-44.5,55.625,-715.0,-690.0,606.0,-23.0,-107.0,227.0,-28.0625,108.6875,-33.0,94864.0,0x683f
1678222743.962077,8720.0,2628.0,403.0,355.5625,-48.8125,66.9375,-1214.0,-715.0,-49.0,-636.0,-131.0,-360.0,-22.1875,193.9375,3.25,94864.0,0x683f
1678222744.028762,8866.0,2753.0,431.0,356.6875,-49.0625,69.125,-802.0,-714.0,310.0,95.0,-47.0,136.0,11.3125,-59.0,-6.5625,94864.0,0x683f
1678222744.090624,8578.0,2690.0,396.0,354.3125,-47.1875,66.0625,-942.0,-713.0,153.0,-222.0,-104.0,-116.0,8.9375,-25.25,-8.9375,94865.0,0x683f
1678222744.154853,8616.0,2765.0,516.0,347.1875,-42.5,57.5625,-827.0,-716.0,331.0,-165.0,-106.0,-55.0,26.5,-165.3125,0.3125,94865.0,0x683f
1678222744.216767,8723.0,2869.0,460.0,342.4375,-40.875,53.625,-466.0,-442.0,448.0,165.0,140.0,1.0,-0.1875,23.625,-2.0,94865.0,0x683f
1678222744.28233,8607.0,2740.0,538.0,342.1875,-41.1875,54.875,-565.0,-794.0,422.0,-76.0,-163.0,-98.0,8.75,48.0,-5.125,94865.0,0x683f
1678222744.346663,8258.0,2501.0,571.0,341.125,-41.5,55.4375,-743.0,-609.0,364.0,-92.0,-4.0,-51.0,0.3125,-0.125,-5.625,94865.0,0x683f
1678222744.410935,8907.0,3315.0,955.0,337.3125,-43.0,57.125,-824.0,-663.0,222.0,-129.0,-11.0,-137.0,-0.25,7.25,10.125,94865.0,0x683f
1678222744.476734,8245.0,2495.0,628.0,334.4375,-43.375,56.5625,-674.0,-608.0,362.0,103.0,-36.0,-47.0,2.9375,-9.0625,7.75,94863.5,0x683f
1678222744.541162,8744.0,2949.0,374.0,331.875,-43.875,55.8125,-660.0,-600.0,403.0,19.0,-15.0,6.0,10.875,-3.125,2.25,94863.5,0x683f
1678222744.601012,8639.0,2826.0,498.0,329.0,-45.3125,57.3125,-786.0,-557.0,339.0,-88.0,22.0,-31.0,-4.4375,57.625,9.9375,94863.5,0x683f
1678222744.663813,8885.0,2735.0,434.0,327.6875,-46.8125,59.125,-678.0,-573.0,403.0,9.0,-13.0,91.0,-0.5,77.75,13.5,94863.5,0x683f
1678222744.7256598,8923.0,2900.0,492.0,326.9375,-49.375,62.6875,-911.0,-537.0,236.0,-183.0,50.0,-55.0,7.125,11.3125,2.25,94863.5,0x683f
1678222744.793864,8368.0,2524.0,561.0,325.6875,-49.75,63.0625,-726.0,-523.0,310.0,22.0,42.0,17.0,8.0625,16.8125,-6.625,94863.5,0x683f
1678222744.858863,8495.0,2487.0,557.0,323.6875,-49.5625,63.6875,-763.0,-706.0,263.0,-17.0,-136.0,-17.0,-2.5625,17.75,0.8125,94862.0,0x683f
1678222744.922122,8909.0,2747.0,661.0,321.5625,-51.625,66.1875,-912.0,-706.0,101.0,-173.0,-122.0,-157.0,-15.25,60.75,46.4375,94862.0,0x683f
1678222744.983555,8649.0,2678.0,708.0,317.4375,-56.0,69.3125,-859.0,-513.0,132.0,-45.0,-10.0,-38.0,-17.5625,70.75,76.6875,94862.0,0x683f
1678222745.050684,8464.0,2666.0,505.0,312.625,-61.9375,76.9375,-701.0,-326.0,118.0,192.0,83.0,53.0,-21.75,92.9375,73.625,94862.0,0x683f
1678222745.1164281,8693.0,2894.0,544.0,306.25,-67.6875,97.9375,-941.0,-515.0,-58.0,-80.0,-178.0,-18.0,-14.25,98.0625,44.125,94862.0,0x683f
1678222745.181359,8577.0,2678.0,502.0,303.4375,-69.0,106.875,-881.0,-514.0,-7.0,90.0,-203.0,116.0,-1.4375,-9.6875,23.0625,94862.0,0x683f
1678222745.243284,8543.0,2686.0,444.0,299.0,-71.0,104.9375,-806.0,-449.0,178.0,91.0,-107.0,247.0,22.1875,-4.5,29.25,94858.25,0x683f
1678222745.303424,8770.0,3047.0,670.0,297.875,-72.125,109.4375,-998.0,-268.0,-39.0,-64.0,14.0,60.0,22.4375,28.9375,25.25,94858.25,0x683f
1678222745.365817,8568.0,2872.0,784.0,297.4375,-73.0,107.8125,-893.0,-278.0,-22.0,45.0,-6.0,65.0,37.75,-24.625,4.625,94858.25,0x683f
1678222745.4252129,8659.0,2921.0,537.0,299.25,-73.5625,101.9375,-954.0,-257.0,-81.0,34.0,-18.0,0.0,46.1875,-35.25,-4.625,94858.25,0x683f
1678222745.486912,8714.0,3085.0,623.0,301.6875,-73.5625,92.4375,-752.0,-308.0,-46.0,138.0,-34.0,-66.0,47.125,-7.5625,1.5,94858.25,0x683f
1678222745.550669,8557.0,2768.0,467.0,304.75,-73.5,90.1875,-687.0,-184.0,-21.0,252.0,94.0,-23.0,58.5,-0.3125,-8.4375,94858.25,0x683f
1678222745.613965,8510.0,2756.0,830.0,310.125,-72.6875,94.9375,-867.0,-243.0,-187.0,69.0,46.0,-162.0,67.4375,95.8125,-19.3125,94868.5,0x683f
1678222745.67837,8444.0,2948.0,805.0,317.4375,-70.1875,100.0,-1000.0,-389.0,-411.0,-48.0,-77.0,-342.0,71.625,-19.6875,-55.875,94868.5,0x683f
1678222745.7394009,8439.0,2894.0,936.0,323.4375,-67.125,90.8125,-876.0,-423.0,-171.0,23.0,-34.0,-173.0,50.875,-31.6875,-56.8125,94868.5,0x683f
1678222745.8013859,8658.0,2912.0,780.0,328.75,-62.875,81.5625,-833.0,-500.0,-36.0,32.0,-48.0,-116.0,44.5625,-76.375,-79.3125,94868.5,0x683f
1678222745.862747,8772.0,2894.0,811.0,333.25,-57.625,74.4375,-1022.0,-521.0,-144.0,-193.0,-16.0,-284.0,16.0,-77.875,-57.0,94868.5,0x683f
1678222745.9237819,8617.0,2882.0,824.0,333.75,-51.8125,65.25,-613.0,-546.0,295.0,156.0,3.0,42.0,6.5625,-110.5,-44.0,94868.5,0x683f
1678222745.983211,8543.0,2926.0,935.0,334.4375,-50.1875,64.5,-929.0,-628.0,202.0,-176.0,-62.0,-67.0,-1.25,37.25,0.0625,94863.0,0x683f
1678222746.04373,8740.0,2851.0,791.0,334.6875,-50.75,65.0625,-847.0,-619.0,229.0,-59.0,-41.0,-25.0,3.625,-9.75,7.0,94863.0,0x683f
1678222746.10389,8562.0,2876.0,835.0,334.1875,-50.875,64.375,-761.0,-584.0,272.0,0.0,-27.0,5.0,-0.3125,2.4375,4.0625,94863.0,0x683f
1678222746.165639,8718.0,2900.0,898.0,334.0625,-51.125,64.5,-812.0,-574.0,205.0,-19.0,-9.0,-49.0,1.25,-6.3125,2.6875,94863.0,0x683f
1678222746.228598,8596.0,2881.0,798.0,333.6875,-50.8125,63.5,-757.0,-578.0,239.0,3.0,-20.0,-34.0,-2.1875,-13.1875,-0.5,94863.0,0x683f
1678222746.288805,8621.0,2862.0,829.0,333.3125,-50.5,62.9375,-803.0,-609.0,200.0,-48.0,-53.0,-86.0,0.875,-28.75,-1.6875,94863.0,0x683f
1678222746.349618,8599.0,2869.0,855.0,332.25,-49.3125,60.125,-813.0,-628.0,246.0,-71.0,-75.0,-78.0,4.9375,-51.375,5.8125,94865.75,0x683f
1678222746.412735,8567.0,3008.0,999.0,330.25,-48.375,56.0625,-929.0,-633.0,334.0,-199.0,-97.0,-40.0,13.625,-88.625,35.9375,94865.75,0x683f
1678222746.474528,8491.0,3041.0,811.0,325.1875,-47.5625,48.3125,-1029.0,-481.0,259.0,-304.0,12.0,-180.0,-1.875,-66.0625,67.8125,94865.75,0x683f
1678222746.538506,8579.0,2945.0,953.0,319.125,-47.0625,41.5625,-918.0,-345.0,415.0,-181.0,96.0,-85.0,-13.25,-90.8125,83.3125,94865.75,0x683f
1678222746.602701,8510.0,2991.0,1070.0,312.1875,-46.75,35.625,-738.0,-270.0,432.0,-23.0,112.0,-118.0,-31.9375,-58.5625,88.0,94865.75,0x683f
1678222746.667319,8497.0,2846.0,1101.0,304.75,-47.5,31.3125,-617.0,-205.0,441.0,105.0,138.0,-123.0,-43.9375,-16.6875,75.5625,94865.75,0x683f
1678222746.729721,8389.0,2679.0,1069.0,299.5,-48.625,30.125,-665.0,-206.0,436.0,90.0,110.0,-112.0,-52.9375,-22.5625,43.6875,94875.0,0x683f
1678222746.7919412,8333.0,2599.0,789.0,295.6875,-48.4375,30.75,-608.0,-272.0,422.0,125.0,63.0,-133.0,-64.5,-3.3125,23.1875,94875.0,0x683f
1678222746.855411,8532.0,3039.0,895.0,293.0,-47.9375,34.1875,-718.0,-325.0,396.0,10.0,43.0,-145.0,-63.6875,-31.0625,-26.0625,94875.0,0x683f
1678222746.917451,9266.0,3035.0,837.0,292.3125,-45.9375,37.9375,-630.0,-505.0,472.0,75.0,-86.0,-64.0,-56.25,-12.6875,-28.0625,94875.0,0x683f
1678222746.978677,8925.0,2823.0,917.0,292.625,-44.3125,41.9375,-592.0,-591.0,450.0,86.0,-114.0,-71.0,-43.3125,-27.375,-44.125,94875.0,0x683f
1678222747.041327,8979.0,2543.0,695.0,293.75,-41.375,45.0,-583.0,-681.0,481.0,59.0,-153.0,-37.0,-33.0,-21.1875,-45.9375,94875.0,0x683f
1678222747.105176,8741.0,2609.0,762.0,295.5625,-38.25,47.75,-561.0,-761.0,518.0,46.0,-191.0,0.0,-21.3125,-20.75,-44.8125,94869.75,0x683f
1678222747.172805,8720.0,2646.0,755.0,297.1875,-36.375,49.25,-543.0,-801.0,456.0,22.0,-187.0,-74.0,-13.0625,-3.0,-30.9375,94869.75,0x683f
1678222747.2395241,8644.0,2568.0,854.0,298.4375,-34.875,50.8125,-638.0,-907.0,481.0,-209.0,-198.0,-141.0,-3.75,54.8125,12.0,94869.75,0x683f
1678222747.301218,9107.0,2909.0,619.0,297.875,-35.375,50.5,-577.0,-664.0,458.0,-3.0,-26.0,-51.0,4.4375,-71.4375,3.5625,94869.75,0x683f
1678222747.365793,8469.0,2454.0,896.0,296.125,-32.5625,47.9375,-490.0,-661.0,530.0,-27.0,-40.0,-32.0,7.9375,-66.5625,-2.0,94869.75,0x683f
1678222747.428512,8435.0,2479.0,868.0,294.875,-29.6875,45.25,-495.0,-698.0,675.0,-74.0,-105.0,55.0,18.3125,-38.4375,6.125,94869.75,0x683f
1678222747.491155,8523.0,2637.0,704.0,293.9375,-29.1875,43.4375,-518.0,-735.0,599.0,-42.0,-149.0,-26.0,19.4375,-32.8125,16.25,94868.5,0x683f
1678222747.552598,8537.0,2724.0,714.0,289.375,-27.9375,40.6875,-452.0,-715.0,658.0,61.0,-161.0,10.0,24.6875,-55.1875,21.625,94868.5,0x683f
1678222747.616333,8842.0,3014.0,421.0,286.0625,-27.5,38.0,-477.0,-673.0,611.0,14.0,-146.0,-37.0,29.5,-6.6875,33.75,94868.5,0x683f
1678222747.67919,8411.0,2721.0,797.0,282.875,-29.125,34.25,-310.0,-655.0,792.0,170.0,-173.0,101.0,39.4375,44.0625,34.1875,94868.5,0x683f
1678222747.74094,8545.0,2977.0,949.0,281.625,-34.6875,33.0625,-463.0,-562.0,663.0,116.0,-132.0,0.0,46.0,151.5625,45.3125,94868.5,0x683f
1678222747.8039181,8236.0,2500.0,822.0,280.0625,-41.9375,31.75,-525.0,-467.0,677.0,157.0,-95.0,70.0,57.125,108.125,23.6875,94868.5,0x683f
1678222747.8681312,8950.0,3046.0,1131.0,281.25,-50.5,31.4375,-707.0,-331.0,462.0,20.0,0.0,-78.0,63.1875,128.6875,20.5,94859.0,0x683f
1678222747.931644,8758.0,3039.0,919.0,284.125,-57.375,32.8125,-718.0,-222.0,293.0,107.0,63.0,-150.0,64.8125,118.625,-6.4375,94859.0,0x683f
1678222747.9975271,8688.0,2966.0,766.0,288.75,-62.125,36.75,-826.0,-85.0,164.0,40.0,188.0,-202.0,67.125,93.625,-28.9375,94859.0,0x683f
1678222748.0614982,8583.0,3063.0,674.0,296.125,-64.0,44.4375,-676.0,-85.0,125.0,197.0,213.0,-195.0,52.0,114.1875,-59.25,94859.0,0x683f
1678222748.124303,8534.0,3095.0,894.0,303.5625,-65.875,59.625,-992.0,-175.0,-291.0,-161.0,152.0,-523.0,34.0,100.1875,-74.0,94859.0,0x683f
1678222748.1859531,8629.0,2860.0,620.0,309.875,-61.6875,63.875,-1065.0,-428.0,-88.0,-201.0,-11.0,-292.0,18.625,-77.5625,-86.8125,94859.0,0x683f
1678222748.2512,8548.0,2755.0,802.0,313.25,-55.8125,59.4375,-1012.0,-625.0,87.0,-200.0,-151.0,-192.0,28.25,-133.6875,-54.5625,94855.25,0x683f
1678222748.315354,8371.0,2681.0,899.0,313.5,-46.4375,48.8125,-631.0,-490.0,465.0,159.0,23.0,69.0,16.0,-175.4375,-37.8125,94855.25,0x683f
1678222748.3804958,8316.0,2722.0,892.0,313.1875,-40.4375,45.4375,-687.0,-518.0,490.0,-41.0,9.0,-16.0,-9.6875,-52.1875,-28.3125,94855.25,0x683f
1678222748.4422169,8669.0,2805.0,769.0,313.625,-38.3125,45.4375,-725.0,-650.0,585.0,-118.0,-101.0,45.0,3.625,4.125,-8.1875,94855.25,0x683f
1678222748.5050292,8140.0,2712.0,976.0,313.875,-37.6875,44.875,-653.0,-586.0,505.0,-64.0,-35.0,-38.0,3.4375,-25.9375,-2.1875,94855.25,0x683f
1678222748.5672011,8786.0,3170.0,976.0,313.4375,-36.875,44.25,-627.0,-581.0,562.0,-44.0,-25.0,4.0,-6.25,10.75,3.25,94855.25,0x683f
1678222748.634754,8307.0,2953.0,1092.0,313.3125,-37.25,44.8125,-638.0,-578.0,460.0,-68.0,-17.0,-76.0,-7.75,2.125,2.3125,94861.25,0x683f
1678222748.699713,8464.0,2934.0,1025.0,313.0625,-37.0,45.125,-654.0,-583.0,511.0,-63.0,-28.0,-40.0,-4.625,-11.25,-5.0625,94861.25,0x683f
1678222748.761628,8801.0,3252.0,796.0,312.875,-35.9375,45.0,-648.0,-600.0,519.0,-95.0,-40.0,-48.0,-0.5625,-30.8125,-4.625,94861.25,0x683f
1678222748.825417,8386.0,2863.0,850.0,311.9375,-34.625,44.125,-676.0,-627.0,566.0,-138.0,-64.0,-14.0,2.875,-50.1875,9.25,94861.25,0x683f
1678222748.8894641,8280.0,2896.0,688.0,309.9375,-33.5,42.1875,-776.0,-624.0,619.0,-230.0,-63.0,0.0,5.375,-34.125,38.8125,94861.25,0x683f
1678222748.952545,8495.0,3166.0,816.0,306.4375,-34.0625,39.6875,-771.0,-498.0,583.0,-205.0,28.0,-54.0,-2.0,-29.4375,70.9375,94861.25,0x683f
1678222749.01398,8461.0,3108.0,896.0,299.5,-36.125,36.0,-746.0,-408.0,499.0,-167.0,57.0,-140.0,-16.0625,-35.4375,86.625,94877.75,0x683f
1678222749.0773602,8715.0,3167.0,1018.0,293.25,-36.4375,32.875,-616.0,-341.0,474.0,-32.0,86.0,-187.0,-26.375,-60.5,88.3125,94877.75,0x683f
1678222749.1420228,8062.0,2265.0,1121.0,286.0625,-36.375,30.5,-643.0,-274.0,372.0,-58.0,118.0,-282.0,-57.5625,-84.5,89.75,94877.75,0x683f
1678222749.203649,8783.0,2929.0,912.0,277.4375,-33.125,29.4375,-532.0,-288.0,422.0,3.0,115.0,-292.0,-78.5625,-118.625,67.1875,94877.75,0x683f
1678222749.267277,8348.0,2295.0,1000.0,270.75,-29.0625,30.3125,-432.0,-349.0,563.0,44.0,83.0,-176.0,-88.0,-121.625,51.0625,94877.75,0x683f
1678222749.3319302,8964.0,3303.0,211.0,265.0625,-22.8125,32.375,-183.0,-471.0,756.0,179.0,22.0,-8.0,-86.25,-153.0625,24.625,94877.75,0x683f
1678222749.397999,8714.0,2872.0,697.0,260.5625,-15.5,36.0625,-253.0,-646.0,707.0,9.0,-89.0,-56.0,-75.5625,-133.0625,-6.375,94864.75,0x683f
1678222749.4613671,8934.0,2795.0,584.0,258.5,-9.0,39.125,-11.0,-843.0,723.0,127.0,-224.0,-24.0,-54.875,-91.8125,-18.9375,94864.75,0x683f
1678222749.520736,9320.0,3063.0,554.0,257.75,-4.6875,41.625,-50.0,-874.0,611.0,18.0,-220.0,-116.0,-36.4375,-78.5,-20.0625,94864.75,0x683f
1678222749.5852852,8295.0,2060.0,880.0,256.8125,-0.875,43.375,14.0,-864.0,611.0,18.0,-187.0,-97.0,-25.375,-80.1875,-10.375,94864.75,0x683f
1678222749.650259,8385.0,2330.0,736.0,255.375,1.4375,44.0,-146.0,-771.0,664.0,-143.0,-104.0,-11.0,3.0625,-45.0,8.0625,94864.75,0x683f
1678222749.714401,8234.0,2368.0,797.0,253.25,3.5,44.3125,-147.0,-725.0,513.0,-215.0,-40.0,-184.0,-4.75,-77.625,23.1875,94864.75,0x683f
1678222749.780888,8558.0,2422.0,584.0,250.125,5.9375,44.9375,-21.0,-722.0,574.0,-123.0,-33.0,-115.0,-1.6875,-51.25,18.1875,94856.0,0x683f
1678222749.844556,8503.0,2264.0,762.0,248.1875,7.0,45.375,-119.0,-716.0,578.0,-241.0,-23.0,-103.0,-1.5625,-46.0625,9.3125,94856.0,0x683f
1678222749.909918,8974.0,2650.0,3960.0,245.1875,8.4375,45.625,126.0,-723.0,609.0,3.0,-34.0,-75.0,4.375,-15.375,5.3125,94856.0,0x683f
1678222749.971974,8767.0,2721.0,678.0,243.3125,8.4375,45.5,49.0,-696.0,652.0,-94.0,-4.0,-27.0,3.0,1.125,2.1875,94856.0,0x683f
1678222750.037318,8713.0,2679.0,4125.0,240.375,8.0,45.0625,97.0,-714.0,679.0,-40.0,-27.0,-6.0,9.0,9.25,2.0,94856.0,0x683f
1678222750.100202,8782.0,2699.0,4100.0,238.9375,7.5,44.4375,7.0,-742.0,742.0,-97.0,-52.0,52.0,16.1875,15.375,1.25,94856.0,0x683f
1678222750.162488,8756.0,2742.0,4124.0,237.625,6.875,43.5,132.0,-705.0,708.0,17.0,-35.0,1.0,8.5625,24.3125,-4.25,94871.25,0x683f
1678222750.225471,8985.0,2811.0,624.0,237.625,4.8125,42.5625,54.0,-687.0,638.0,-28.0,-26.0,-81.0,10.1875,58.375,-5.0625,94871.25,0x683f
1678222750.285265,8710.0,2714.0,579.0,237.1875,1.25,41.8125,-171.0,-646.0,747.0,-175.0,23.0,9.0,13.4375,95.9375,-6.375,94871.25,0x683f
1678222750.351285,8722.0,2697.0,4161.0,238.375,-1.3125,41.25,-98.0,-594.0,711.0,-81.0,19.0,-64.0,4.1875,49.5625,-6.5,94871.25,0x683f
1678222750.4189062,8853.0,2789.0,4160.0,238.375,-3.0625,41.0,-105.0,-613.0,793.0,-45.0,27.0,54.0,6.5,61.3125,-2.5,94871.25,0x683f
1678222750.483815,8793.0,2791.0,4156.0,239.0625,-5.9375,40.6875,-218.0,-642.0,660.0,-113.0,-7.0,-79.0,7.625,36.1875,-5.4375,94871.25,0x683f
1678222750.5503738,8801.0,2796.0,4193.0,238.0,-6.8125,40.4375,-189.0,-665.0,679.0,-63.0,-31.0,-55.0,3.625,12.1875,-2.4375,94856.25,0x683f
1678222750.612492,8734.0,2732.0,573.0,237.0625,-7.5625,40.5625,-159.0,-680.0,698.0,-28.0,-49.0,-39.0,3.875,14.9375,3.0625,94856.25,0x683f
1678222750.673903,8781.0,2779.0,577.0,236.125,-8.625,40.75,-188.0,-643.0,660.0,-40.0,-10.0,-73.0,4.0625,5.75,5.6875,94856.25,0x683f
1678222750.734847,9172.0,2684.0,661.0,234.1875,-8.75,40.625,-229.0,-612.0,654.0,-79.0,18.0,-80.0,-3.875,-9.1875,0.0,94856.25,0x683f
1678222750.7959738,8820.0,2602.0,787.0,232.875,-7.4375,40.9375,-210.0,-596.0,678.0,-83.0,41.0,-56.0,-10.5625,-38.8125,-8.5,94856.25,0x683f
1678222750.857429,9117.0,2720.0,885.0,231.1875,-5.375,41.3125,-133.0,-668.0,762.0,-26.0,-59.0,230.0,-7.0,-45.3125,-2.9375,94856.25,0x683f
1678222750.9217112,9146.0,2511.0,799.0,229.75,-4.125,41.1875,-215.0,-616.0,750.0,-148.0,27.0,14.0,5.8125,-21.5,-1.8125,94861.0,0x683f
1678222750.9847622,8717.0,2531.0,809.0,226.8125,-1.375,40.6875,28.0,-647.0,736.0,53.0,-8.0,-6.0,3.9375,-68.375,-1.5,94861.0,0x683f
1678222751.0468018,9323.0,2642.0,848.0,224.75,0.4375,40.4375,21.0,-679.0,785.0,13.0,-42.0,40.0,5.3125,-26.6875,4.0625,94861.0,0x683f
1678222751.1161,8692.0,2625.0,648.0,223.5625,-0.1875,40.25,-38.0,-662.0,743.0,16.0,-22.0,22.0,2.875,54.125,2.9375,94861.0,0x683f
1678222751.18114,8671.0,2670.0,522.0,224.3125,-4.3125,39.9375,-174.0,-621.0,685.0,-60.0,3.0,-38.0,5.6875,62.5,0.75,94861.0,0x683f
1678222751.243306,8925.0,2705.0,456.0,224.625,-8.75,40.125,-260.0,-621.0,706.0,-96.0,2.0,-31.0,4.25,105.875,6.25,94861.0,0x683f
1678222751.308275,9303.0,2799.0,476.0,225.5,-12.375,40.5,-329.0,-631.0,688.0,-128.0,-9.0,-40.0,0.0,42.5,1.25,94872.25,0x683f
1678222751.370523,8754.0,2478.0,763.0,225.0625,-12.4375,40.625,-255.0,-665.0,634.0,-43.0,-41.0,-92.0,-3.0,-5.125,-2.75,94872.25,0x683f
1678222751.43308,8894.0,2450.0,845.0,223.875,-11.75,40.6875,-259.0,-634.0,679.0,-64.0,-7.0,-49.0,-4.3125,-28.5,-5.8125,94872.25,0x683f
1678222751.503295,9143.0,2398.0,871.0,222.0625,-9.375,41.125,-236.0,-547.0,618.0,-65.0,108.0,-99.0,-13.0,-56.375,-11.6875,94872.25,0x683f
1678222751.570219,8709.0,2396.0,879.0,221.125,-6.1875,41.8125,-242.0,-691.0,865.0,-317.0,-2.0,55.0,0.25,19.5625,2.4375,94872.25,0x683f
1678222751.6359758,8713.0,2456.0,746.0,219.9375,-6.3125,41.1875,-142.0,-671.0,746.0,-34.0,-29.0,13.0,9.25,-1.875,4.3125,94872.25,0x683f
1678222751.701288,8792.0,2562.0,738.0,219.125,-7.6875,40.5,-115.0,-707.0,801.0,-19.0,-56.0,51.0,14.5,51.6875,11.875,94862.0,0x683f
1678222751.7628648,8947.0,2327.0,638.0,218.8125,-9.8125,40.0,-150.0,-667.0,727.0,33.0,-32.0,-14.0,6.8125,36.4375,8.125,94862.0,0x683f
1678222751.824485,8861.0,2450.0,1048.0,219.25,-13.625,40.1875,-167.0,-650.0,720.0,64.0,-35.0,-7.0,5.0,138.6875,16.375,94862.0,0x683f
1678222751.886799,8835.0,2739.0,616.0,220.0,-19.4375,40.8125,-380.0,-581.0,664.0,-53.0,22.0,-34.0,7.1875,81.0625,9.5625,94862.0,0x683f
1678222751.951849,8894.0,2539.0,861.0,221.1875,-26.0625,41.8125,-573.0,-739.0,635.0,-146.0,-136.0,-16.0,25.625,122.875,32.0,94862.0,0x683f
1678222752.018514,8742.0,2507.0,905.0,221.4375,-31.75,41.4375,-495.0,-629.0,556.0,32.0,-67.0,-91.0,27.5,92.625,34.5,94862.0,0x683f
1678222752.082731,8498.0,2241.0,816.0,221.4375,-37.0625,41.4375,-729.0,-647.0,503.0,-127.0,-134.0,-76.0,20.5,76.5625,32.3125,94862.5,0x683f
1678222752.1452968,9010.0,2774.0,580.0,220.5625,-40.5,40.4375,-568.0,-664.0,535.0,73.0,-197.0,-1.0,33.25,42.75,37.0,94862.5,0x683f
1678222752.207537,8989.0,3024.0,674.0,219.4375,-44.1875,37.4375,-528.0,-666.0,487.0,146.0,-220.0,-86.0,39.5625,10.625,23.5,94862.5,0x683f
1678222752.270082,8077.0,2004.0,1026.0,219.6875,-45.625,35.1875,-565.0,-519.0,522.0,135.0,-123.0,-37.0,44.5,31.875,-1.1875,94862.5,0x683f
1678222752.332434,8648.0,2714.0,787.0,221.75,-46.125,34.4375,-585.0,-376.0,478.0,121.0,7.0,-82.0,46.125,17.8125,-33.125,94862.5,0x683f
1678222752.396991,8437.0,2874.0,966.0,226.0,-45.4375,34.5625,-663.0,-331.0,486.0,-8.0,76.0,-128.0,52.0,23.3125,-67.875,94862.5,0x683f
1678222752.4642198,8250.0,2812.0,752.0,233.9375,-43.4375,36.0,-804.0,-350.0,400.0,-165.0,96.0,-197.0,52.75,11.3125,-78.6875,94866.0,0x683f
1678222752.528467,8487.0,3004.0,1020.0,239.625,-40.625,36.4375,-811.0,-276.0,398.0,-172.0,165.0,-199.0,39.625,-14.375,-77.1875,94866.0,0x683f
1678222752.5920892,8415.0,3041.0,885.0,244.5,-37.4375,36.875,-622.0,-382.0,506.0,-106.0,180.0,-173.0,27.1875,-1.375,-64.5625,94866.0,0x683f
1678222752.6541288,8441.0,3021.0,893.0,249.0,-34.375,37.5625,-773.0,-429.0,528.0,-189.0,26.0,-113.0,14.875,-49.8125,-59.375,94866.0,0x683f
1678222752.720541,8404.0,3044.0,911.0,251.75,-29.0625,36.875,-585.0,-354.0,577.0,-93.0,180.0,-108.0,13.6875,-63.625,-45.375,94866.0,0x683f
1678222752.7853901,8383.0,2889.0,1009.0,252.9375,-25.6875,36.75,-558.0,-584.0,734.0,-140.0,-52.0,25.0,-7.0625,-30.9375,-33.75,94866.0,0x683f
1678222752.8472161,8632.0,3157.0,783.0,253.4375,-20.6875,36.6875,-323.0,-641.0,772.0,23.0,-93.0,37.0,-3.625,-77.0,-9.0625,94863.5,0x683f
1678222752.911792,8635.0,3034.0,878.0,252.625,-18.375,36.4375,-276.0,-655.0,792.0,-26.0,-76.0,47.0,-4.125,-6.0625,6.3125,94863.5,0x683f
1678222752.972866,9256.0,3373.0,989.0,252.5,-19.4375,36.875,-346.0,-563.0,748.0,-49.0,0.0,-1.0,-6.5,37.9375,9.0,94863.5,0x683f
1678222753.036127,8622.0,3026.0,822.0,252.625,-21.375,37.5625,-489.0,-548.0,700.0,-84.0,-6.0,2.0,0.1875,-0.125,-0.3125,94863.5,0x683f
1678222753.09759,8707.0,3070.0,864.0,252.75,-22.0625,37.625,-474.0,-510.0,690.0,-105.0,44.0,-28.0,0.375,24.0,0.9375,94863.5,0x683f
1678222753.162299,8630.0,3026.0,810.0,253.25,-22.4375,37.875,-431.0,-559.0,721.0,-54.0,-3.0,6.0,4.6875,18.0,-4.125,94863.5,0x683f
1678222753.227881,8554.0,3060.0,856.0,253.875,-22.9375,37.75,-448.0,-540.0,686.0,-9.0,7.0,5.0,3.3125,0.875,-4.8125,94858.0,0x683f
1678222753.285554,8706.0,3138.0,878.0,254.1875,-23.25,37.6875,-413.0,-613.0,741.0,-80.0,-23.0,-53.0,2.8125,10.25,-1.3125,94858.0,0x683f
1678222753.348469,8694.0,3220.0,791.0,254.625,-23.3125,37.625,-391.0,-529.0,687.0,-8.0,13.0,-9.0,5.125,10.1875,-7.25,94858.0,0x683f
1678222753.408418,8671.0,3246.0,784.0,255.375,-23.625,37.625,-439.0,-506.0,702.0,-49.0,42.0,-10.0,7.75,-14.9375,-13.1875,94858.0,0x683f
1678222753.4713721,8467.0,3139.0,847.0,256.0625,-22.9375,37.375,-407.0,-545.0,688.0,-29.0,3.0,-30.0,2.5,-21.25,-16.375,94858.0,0x683f
1678222753.531476,8623.0,3085.0,842.0,255.8125,-21.625,37.3125,-376.0,-683.0,605.0,-15.0,-131.0,-119.0,-3.25,-7.1875,12.5625,94858.0,0x683f
1678222753.591178,8656.0,3081.0,791.0,255.0625,-22.3125,37.125,-502.0,-428.0,597.0,-132.0,119.0,-127.0,0.25,-48.75,-5.25,94858.25,0x683f
1678222753.6526191,8808.0,3158.0,831.0,254.6875,-20.375,36.9375,-355.0,-571.0,826.0,-10.0,-17.0,94.0,-5.5625,22.6875,-0.1875,94858.25,0x683f
1678222753.716001,8693.0,3127.0,862.0,255.5,-22.875,37.4375,-425.0,-558.0,709.0,-43.0,-9.0,-7.0,8.625,33.5,0.5625,94858.25,0x683f
1678222753.7772748,8383.0,2916.0,897.0,256.125,-23.625,37.375,-338.0,-588.0,672.0,54.0,-42.0,-41.0,1.9375,5.1875,-6.75,94858.25,0x683f
1678222753.840106,8539.0,2891.0,833.0,256.5,-23.875,37.6875,-433.0,-668.0,664.0,-26.0,-135.0,-37.0,-3.9375,-0.0625,-1.4375,94858.25,0x683f
1678222753.902839,8330.0,3006.0,758.0,256.3125,-24.25,37.625,-387.0,-655.0,622.0,17.0,-110.0,-84.0,7.625,10.25,5.6875,94858.25,0x683f
1678222753.964624,8509.0,3065.0,758.0,256.25,-25.9375,37.3125,-500.0,-509.0,622.0,-71.0,25.0,-79.0,3.0625,23.75,13.1875,94857.75,0x683f
1678222754.022028,8669.0,3156.0,917.0,255.9375,-26.5,37.375,-440.0,-460.0,646.0,-2.0,72.0,-50.0,-5.4375,-2.25,0.0,94857.75,0x683f
1678222754.0820658,8295.0,2839.0,780.0,256.0625,-26.625,37.6875,-504.0,-517.0,700.0,-62.0,19.0,8.0,0.0,13.25,-5.25,94857.75,0x683f
1678222754.143796,8539.0,2978.0,944.0,256.625,-26.9375,37.875,-513.0,-575.0,645.0,-68.0,-38.0,-44.0,1.3125,3.1875,-2.5,94857.75,0x683f
1678222754.207946,8338.0,2875.0,842.0,256.75,-26.8125,37.9375,-444.0,-558.0,624.0,-1.0,-20.0,-65.0,-1.5,-5.625,-1.9375,94857.75,0x683f
1678222754.2706208,8220.0,2827.0,965.0,256.625,-26.1875,37.8125,-425.0,-578.0,656.0,5.0,-38.0,-40.0,1.1875,-19.875,-3.9375,94857.75,0x683f
1678222754.3330119,8949.0,3116.0,840.0,256.75,-25.3125,37.5625,-415.0,-560.0,649.0,2.0,-19.0,-52.0,3.375,-13.375,-10.3125,94858.0,0x683f
1678222754.3971531,8580.0,3098.0,795.0,257.3125,-24.4375,37.5,-413.0,-564.0,666.0,-7.0,-21.0,-42.0,2.3125,11.6875,-5.6875,94858.0,0x683f
1678222754.4584692,8395.0,2865.0,847.0,257.6875,-25.1875,37.75,-569.0,-569.0,640.0,-131.0,-24.0,-48.0,0.125,-0.25,1.0625,94858.0,0x683f
1678222754.519385,8740.0,2921.0,801.0,257.4375,-25.0625,37.5625,-441.0,-584.0,690.0,-7.0,-42.0,-20.0,1.0625,-1.25,4.0625,94858.0,0x683f
1678222754.583334,8312.0,2687.0,901.0,257.3125,-25.125,37.5,-425.0,-549.0,667.0,-8.0,-9.0,-37.0,-1.1875,-3.375,-0.6875,94858.0,0x683f
1678222754.6443431,8517.0,3019.0,756.0,257.3125,-25.125,37.6875,-489.0,-572.0,676.0,-72.0,-31.0,-21.0,-1.75,2.1875,-1.9375,94858.0,0x683f
1678222754.706468,8113.0,2666.0,1015.0,257.4375,-25.3125,38.0625,-452.0,-564.0,659.0,-32.0,-17.0,-37.0,-2.0,-0.625,-2.375,94859.0,0x683f
1678222754.769711,8246.0,2782.0,1037.0,257.5,-25.3125,38.625,-448.0,-602.0,666.0,-27.0,-41.0,-31.0,-2.0625,-4.5625,-3.5,94859.0,0x683f
1678222754.8326132,8477.0,2833.0,910.0,257.625,-25.0625,39.0625,-436.0,-610.0,658.0,-20.0,-49.0,-30.0,-0.0625,-3.9375,-2.75,94859.0,0x683f
1678222754.896457,8584.0,3056.0,951.0,257.625,-25.0625,39.25,-445.0,-647.0,679.0,-45.0,-81.0,-9.0,7.6875,-0.3125,5.0625,94859.0,0x683f
1678222754.961476,8686.0,3104.0,944.0,257.1875,-25.375,38.625,-558.0,-729.0,728.0,-140.0,-182.0,17.0,15.875,3.8125,22.3125,94859.0,0x683f
1678222755.03189,8464.0,3014.0,841.0,255.125,-26.875,36.0625,-530.0,-574.0,716.0,-86.0,-59.0,9.0,23.9375,-8.125,43.75,94859.0,0x683f
1678222755.0982862,8833.0,3453.0,885.0,253.0,-27.875,33.4375,-367.0,-328.0,674.0,103.0,172.0,-59.0,24.3125,-0.75,35.4375,94871.25,0x683f
1678222755.172173,8504.0,3103.0,997.0,252.0,-28.3125,31.6875,-295.0,-183.0,671.0,168.0,270.0,-63.0,-4.0625,-6.125,-15.875,94871.25,0x683f
1678222755.252361,8747.0,3073.0,819.0,253.5625,-27.3125,33.125,-418.0,-460.0,663.0,-14.0,-37.0,-62.0,-16.875,11.25,-45.75,94871.25,0x683f
1678222755.319808,8801.0,2998.0,757.0,257.0625,-26.0625,35.9375,-514.0,-649.0,680.0,-70.0,-120.0,-23.0,-5.25,7.125,-26.5625,94871.25,0x683f
1678222755.383931,8813.0,3177.0,848.0,258.375,-25.8125,37.4375,-499.0,-648.0,698.0,-71.0,-108.0,0.0,-2.3125,0.1875,-12.1875,94871.25,0x683f
1678222755.4515572,8324.0,3003.0,972.0,258.5625,-25.875,38.0,-556.0,-662.0,743.0,-160.0,-134.0,66.0,6.4375,-1.25,7.375,94871.25,0x683f
1678222755.516823,8490.0,3176.0,977.0,256.8125,-28.4375,36.3125,-855.0,-585.0,717.0,-387.0,-75.0,22.0,26.1875,16.875,66.75,94870.5,0x683f
1678222755.6154208,8572.0,3141.0,994.0,252.5625,-30.9375,32.3125,-727.0,-254.0,637.0,-176.0,187.0,-104.0,23.6875,-9.75,104.4375,94870.5,0x683f
1678222755.6788979,8510.0,3181.0,966.0,242.5625,-34.1875,24.25,-589.0,-107.0,602.0,-38.0,225.0,-136.0,-3.1875,-36.25,105.9375,94870.5,0x683f
1678222755.741133,8546.0,3117.0,848.0,234.875,-34.75,19.875,-527.0,-106.0,599.0,54.0,183.0,-158.0,-24.125,-25.625,101.5625,94870.5,0x683f
1678222755.80462,8716.0,3069.0,699.0,228.375,-35.3125,17.75,-496.0,-104.0,599.0,101.0,123.0,-142.0,-46.75,-23.8125,87.3125,94870.5,0x683f
1678222755.866983,8669.0,3005.0,1073.0,222.625,-35.375,17.5,-437.0,-139.0,642.0,130.0,101.0,-119.0,-62.25,-19.0625,66.125,94870.75,0x683f
1678222755.9287229,8729.0,2786.0,602.0,218.0,-35.3125,18.875,-499.0,-193.0,669.0,67.0,65.0,-87.0,-72.25,-21.0625,33.0625,94870.75,0x683f
1678222755.989456,8621.0,2667.0,1028.0,214.5,-34.5,22.625,-414.0,-260.0,607.0,86.0,44.0,-154.0,-86.5,-28.0625,6.1875,94870.75,0x683f
1678222756.054416,8404.0,2393.0,665.0,213.1875,-32.25,27.5,-390.0,-407.0,680.0,151.0,-86.0,-53.0,-86.625,-40.8125,-32.0625,94870.75,0x683f
1678222756.116251,8885.0,2937.0,797.0,213.75,-29.375,32.9375,-381.0,-716.0,678.0,100.0,-251.0,-38.0,-74.125,-27.25,-55.0625,94870.75,0x683f
1678222756.178192,8605.0,2688.0,773.0,215.5,-26.625,37.8125,-374.0,-817.0,656.0,65.0,-279.0,-36.0,-51.0625,-10.8125,-49.25,94870.75,0x683f
1678222756.2412531,8601.0,2719.0,696.0,217.5,-24.75,41.8125,-470.0,-910.0,635.0,-5.0,-266.0,-47.0,-30.4375,0.125,-28.6875,94863.5,0x683f
1678222756.303874,8560.0,2523.0,589.0,218.25,-23.75,43.5,-374.0,-874.0,724.0,-40.0,-230.0,74.0,-8.125,4.6875,-2.625,94863.5,0x683f
1678222756.3649302,8908.0,2812.0,471.0,218.375,-24.875,43.8125,-576.0,-616.0,514.0,-164.0,0.0,-127.0,-1.5625,18.9375,9.875,94863.5,0x683f
1678222756.429018,8676.0,2579.0,614.0,217.875,-25.4375,44.3125,-467.0,-664.0,596.0,-46.0,-45.0,-37.0,-14.6875,12.0625,8.625,94863.5,0x683f
1678222756.492235,8746.0,2728.0,730.0,217.5,-26.5625,44.8125,-460.0,-640.0,663.0,-125.0,32.0,-21.0,4.8125,24.125,12.875,94863.5,0x683f
1678222756.561989,8657.0,2562.0,587.0,217.1875,-27.5625,44.6875,-478.0,-611.0,667.0,9.0,-5.0,59.0,0.3125,9.4375,10.4375,94863.5,0x683f
1678222756.6242728,8649.0,2566.0,642.0,217.0,-28.4375,44.5625,-491.0,-594.0,622.0,-35.0,28.0,0.0,6.4375,7.8125,4.5625,94854.75,0x683f
1678222756.69353,8653.0,2583.0,655.0,217.0,-28.625,44.25,-452.0,-612.0,603.0,17.0,-11.0,-12.0,4.25,-0.8125,4.375,94854.75,0x683f
1678222756.756205,8679.0,2564.0,610.0,216.25,-28.625,43.6875,-516.0,-608.0,596.0,-46.0,-13.0,-25.0,4.375,-7.0625,2.6875,94854.75,0x683f
1678222756.820105,8606.0,2567.0,544.0,215.25,-28.625,43.8125,-552.0,-624.0,648.0,-147.0,-13.0,-56.0,-8.5,-4.3125,0.875,94854.75,0x683f
1678222756.880683,8641.0,2522.0,463.0,214.125,-28.125,43.8125,-425.0,-523.0,647.0,35.0,75.0,22.0,-2.75,-19.6875,3.0625,94854.75,0x683f
1678222756.937987,8615.0,2674.0,500.0,213.625,-27.6875,43.5625,-472.0,-559.0,647.0,-16.0,38.0,17.0,5.625,0.5625,0.4375,94854.75,0x683f
1678222757.001285,8631.0,2717.0,467.0,213.6875,-28.125,43.4375,-428.0,-623.0,654.0,48.0,-30.0,38.0,7.125,29.5,2.3125,94856.75,0x683f
1678222757.063498,8614.0,2665.0,559.0,214.0,-30.6875,44.0625,-463.0,-666.0,660.0,48.0,-81.0,61.0,10.9375,94.25,15.1875,94856.75,0x683f
1678222757.126339,8718.0,2722.0,514.0,215.25,-35.625,45.4375,-612.0,-608.0,593.0,-41.0,-40.0,34.0,13.5625,73.8125,14.375,94856.75,0x683f
1678222757.192348,8835.0,2917.0,776.0,215.875,-39.375,46.6875,-732.0,-650.0,451.0,-74.0,-98.0,-47.0,16.75,54.5,17.8125,94856.75,0x683f
1678222757.2552478,8114.0,2019.0,554.0,215.9375,-41.4375,46.0,-638.0,-640.0,510.0,14.0,-115.0,1.0,20.6875,28.0625,16.5,94856.75,0x683f
1678222757.313643,8988.0,2731.0,618.0,215.0625,-43.125,44.1875,-655.0,-850.0,494.0,15.0,-352.0,-18.0,44.625,-1.125,23.375,94856.75,0x683f
1678222757.3730931,8650.0,2694.0,707.0,214.875,-44.0625,40.625,-544.0,-824.0,483.0,140.0,-375.0,-56.0,71.6875,5.25,25.3125,94852.75,0x683f
1678222757.434747,9100.0,3169.0,596.0,215.875,-44.0625,35.3125,-460.0,-583.0,512.0,219.0,-183.0,-69.0,79.875,-10.6875,-14.3125,94852.75,0x683f
1678222757.499421,8508.0,2909.0,1149.0,219.25,-42.8125,31.25,-460.0,-403.0,542.0,206.0,-30.0,-71.0,72.5,-4.5625,-51.1875,94852.75,0x683f
1678222757.5602582,8419.0,2868.0,820.0,224.6875,-40.375,30.125,-591.0,-356.0,596.0,37.0,20.0,-54.0,62.5625,-8.1875,-89.125,94852.75,0x683f
1678222757.620417,8525.0,2855.0,1155.0,231.5625,-37.0625,30.4375,-638.0,-283.0,630.0,-54.0,118.0,-47.0,50.5625,2.375,-105.3125,94852.75,0x683f
1678222757.683073,8596.0,3120.0,1127.0,238.75,-34.0625,31.6875,-659.0,-284.0,611.0,-117.0,147.0,-82.0,40.375,-0.8125,-108.1875,94852.75,0x683f
1678222757.746502,8499.0,3142.0,721.0,246.5,-31.375,33.25,-666.0,-112.0,513.0,-154.0,346.0,-185.0,20.6875,27.25,-87.8125,94864.25,0x683f
1678222757.807384,8219.0,2661.0,912.0,251.625,-29.9375,35.875,-715.0,-262.0,492.0,-235.0,214.0,-199.0,-16.625,21.6875,-71.0625,94864.25,0x683f
1678222757.867936,9080.0,3304.0,919.0,255.25,-28.5625,39.0,-737.0,-558.0,565.0,-310.0,-63.0,-96.0,-22.0625,29.5,-45.125,94864.25,0x683f
1678222757.931339,8689.0,3162.0,945.0,257.3125,-29.125,41.375,-734.0,-843.0,654.0,-295.0,-261.0,-6.0,-1.75,52.5625,4.0625,94864.25,0x683f
1678222757.993911,8961.0,3278.0,899.0,257.25,-31.1875,41.125,-473.0,-613.0,629.0,40.0,-65.0,-1.0,16.375,30.1875,25.9375,94864.25,0x683f
1678222758.0556118,8428.0,2952.0,995.0,256.4375,-34.4375,40.6875,-604.0,-475.0,540.0,-49.0,51.0,-72.0,4.0,24.5,17.125,94864.25,0x683f
1678222758.118388,8502.0,2997.0,880.0,256.25,-36.0,40.75,-552.0,-462.0,659.0,32.0,47.0,58.0,2.1875,39.4375,7.9375,94864.25,0x683f
1678222758.1815748,8524.0,2980.0,928.0,256.8125,-37.75,41.5,-605.0,-465.0,588.0,-3.0,47.0,9.0,4.9375,11.5,-2.9375,94858.25,0x683f
1678222758.2413409,8494.0,2992.0,904.0,257.4375,-38.8125,42.0625,-707.0,-510.0,569.0,-88.0,0.0,5.0,5.0625,29.5,2.5625,94858.25,0x683f
1678222758.301839,8555.0,2893.0,897.0,257.8125,-39.75,42.1875,-704.0,-486.0,546.0,-75.0,18.0,-10.0,9.75,15.125,6.8125,94858.25,0x683f
1678222758.360414,8638.0,3004.0,910.0,257.75,-40.5,41.75,-736.0,-412.0,536.0,-98.0,83.0,-19.0,-0.125,2.8125,6.25,94858.25,0x683f
1678222758.420753,8560.0,2936.0,814.0,258.5,-39.1875,41.625,-551.0,-563.0,586.0,60.0,-56.0,12.0,-18.875,-73.4375,-8.5625,94858.25,0x683f
1678222758.4826298,8470.0,2908.0,878.0,257.5,-37.0625,40.9375,-609.0,-528.0,622.0,-25.0,-11.0,23.0,-4.5,-30.9375,-4.4375,94858.25,0x683f
1678222758.5454478,8585.0,3032.0,998.0,258.4375,-35.9375,41.0,-578.0,-516.0,609.0,-64.0,16.0,27.0,-6.125,0.875,2.5625,94855.0,0x683f
1678222758.608337,8466.0,2991.0,943.0,259.125,-35.4375,41.3125,-614.0,-500.0,545.0,-45.0,27.0,-53.0,-15.0625,-32.75,-1.375,94855.0,0x683f
1678222758.673611,8665.0,3053.0,920.0,260.75,-34.6875,41.375,-525.0,-609.0,584.0,35.0,-77.0,-18.0,3.875,22.1875,4.625,94855.0,0x683f
1678222758.7383199,8427.0,2957.0,939.0,261.375,-36.125,41.3125,-580.0,-580.0,572.0,-28.0,-24.0,-38.0,20.0,41.25,4.3125,94855.0,0x683f
1678222758.802277,8352.0,2916.0,977.0,262.1875,-37.75,41.0,-661.0,-547.0,529.0,-78.0,-22.0,-65.0,12.4375,22.9375,9.5,94855.0,0x683f
1678222758.866318,8340.0,2937.0,1011.0,262.125,-38.9375,40.625,-673.0,-408.0,517.0,-55.0,86.0,-61.0,5.625,2.625,8.5,94855.0,0x683f
1678222758.928542,8656.0,3086.0,974.0,261.75,-38.3125,40.0625,-578.0,-408.0,571.0,51.0,57.0,18.0,-6.8125,-15.375,-3.625,94868.5,0x683f
1678222758.9923258,8689.0,3058.0,884.0,261.6875,-37.875,40.375,-669.0,-517.0,638.0,-59.0,-35.0,37.0,-0.1875,6.5,-2.9375,94868.5,0x683f
1678222759.053747,8983.0,3361.0,809.0,262.6875,-38.4375,39.75,-677.0,-516.0,549.0,-67.0,-24.0,-40.0,17.5,-0.8125,13.4375,94868.5,0x683f
1678222759.114452,8691.0,3138.0,916.0,263.125,-38.4375,38.0625,-618.0,-384.0,579.0,-8.0,89.0,-25.0,7.75,-21.5,13.5,94868.5,0x683f
1678222759.177383,8650.0,3050.0,918.0,263.5625,-36.9375,37.3125,-539.0,-377.0,621.0,58.0,93.0,-3.0,-17.6875,-51.3125,-16.0625,94868.5,0x683f
1678222759.2412999,8679.0,3078.0,962.0,264.5625,-33.5,39.375,-417.0,-681.0,640.0,0.0,-202.0,28.0,-17.75,3.3125,-23.3125,94868.5,0x683f
1678222759.302755,8620.0,3045.0,969.0,265.9375,-33.875,39.625,-565.0,-600.0,625.0,-17.0,-81.0,-1.0,5.25,13.6875,7.25,94863.75,0x683f
1678222759.364767,8620.0,3061.0,935.0,265.5625,-35.375,39.4375,-589.0,-517.0,583.0,-16.0,-13.0,-32.0,10.125,25.0625,21.875,94863.75,0x683f
1678222759.428457,8753.0,3170.0,920.0,266.0,-36.9375,38.75,-636.0,-433.0,577.0,-43.0,65.0,-27.0,13.125,17.1875,12.0625,94863.75,0x683f
1678222759.487253,8351.0,2967.0,968.0,266.1875,-38.4375,38.3125,-667.0,-374.0,547.0,-69.0,99.0,-54.0,4.6875,13.875,1.0,94863.75,0x683f
1678222759.549163,8576.0,3091.0,955.0,266.5625,-38.0625,38.6875,-600.0,-404.0,550.0,-46.0,71.0,-42.0,-8.6875,-9.75,-12.375,94863.75,0x683f
1678222759.609898,8628.0,3102.0,903.0,266.75,-36.0,39.25,-507.0,-582.0,555.0,51.0,-107.0,-57.0,-14.625,-43.625,-16.25,94863.75,0x683f
1678222759.6684742,9187.0,3527.0,824.0,267.5,-35.375,39.1875,-590.0,-608.0,661.0,-22.0,-102.0,42.0,10.6875,24.25,14.8125,94864.0,0x683f
1678222759.72836,8529.0,3133.0,870.0,267.1875,-37.0625,38.4375,-603.0,-483.0,562.0,3.0,11.0,-46.0,11.0625,8.0,13.375,94864.0,0x683f
1678222759.7921212,8701.0,3221.0,828.0,266.8125,-37.75,37.8125,-607.0,-423.0,581.0,-9.0,55.0,-24.0,2.3125,1.8125,5.75,94864.0,0x683f
1678222759.854358,8466.0,3073.0,874.0,267.875,-37.75,37.6875,-582.0,-443.0,591.0,18.0,29.0,-21.0,-1.3125,3.875,-2.0,94864.0,0x683f
1678222759.91568,8427.0,3065.0,937.0,268.0625,-38.375,38.0625,-678.0,-431.0,638.0,-68.0,42.0,34.0,-1.3125,19.9375,1.1875,94864.0,0x683f
1678222759.9781928,8114.0,2767.0,962.0,268.125,-38.625,38.0,-669.0,-491.0,622.0,-51.0,-25.0,10.0,6.25,0.5625,6.0625,94864.0,0x683f
1678222760.0417879,8452.0,3149.0,901.0,267.875,-38.875,37.25,-616.0,-492.0,567.0,7.0,-32.0,-35.0,8.625,-5.3125,7.1875,94865.0,0x683f
1678222760.105147,8257.0,2940.0,997.0,267.6875,-38.9375,36.5625,-561.0,-483.0,539.0,55.0,-28.0,-73.0,5.125,2.375,2.0625,94865.0,0x683f
1678222760.168468,8261.0,2941.0,934.0,267.9375,-39.0,36.875,-575.0,-453.0,509.0,42.0,3.0,-99.0,-8.875,3.125,-9.125,94865.0,0x683f
1678222760.2328389,8365.0,3000.0,967.0,268.5,-38.875,38.1875,-637.0,-478.0,581.0,-42.0,-12.0,2.0,-9.5625,7.625,-9.5625,94865.0,0x683f
1678222760.297478,8384.0,3046.0,933.0,268.875,-38.9375,39.0,-674.0,-504.0,623.0,-48.0,-20.0,26.0,-0.875,9.0625,-3.5,94865.0,0x683f
1678222760.361703,8320.0,2989.0,949.0,269.1875,-39.5,39.25,-655.0,-481.0,610.0,-21.0,13.0,26.0,5.125,14.625,2.6875,94865.0,0x683f
1678222760.4237802,8241.0,2923.0,1029.0,269.375,-39.9375,39.1875,-640.0,-497.0,580.0,-14.0,-31.0,-11.0,4.5,0.75,0.1875,94859.0,0x683f
1678222760.488255,8258.0,2978.0,1016.0,269.375,-40.125,38.75,-621.0,-461.0,565.0,11.0,6.0,-19.0,6.75,4.3125,7.25,94859.0,0x683f
1678222760.5581791,8263.0,2960.0,1027.0,269.1875,-40.5,38.25,-655.0,-424.0,581.0,-17.0,37.0,-3.0,2.3125,0.125,4.0625,94859.0,0x683f
1678222760.6223738,8259.0,2981.0,1013.0,270.0,-40.8125,37.875,-674.0,-416.0,578.0,-28.0,39.0,-36.0,0.4375,3.125,1.0,94859.0,0x683f
1678222760.68686,8474.0,3129.0,861.0,269.8125,-41.125,37.8125,-719.0,-459.0,557.0,-73.0,-7.0,-24.0,-0.0625,3.4375,11.0,94859.0,0x683f
1678222760.7500238,8310.0,2977.0,738.0,268.625,-42.4375,37.125,-800.0,-450.0,557.0,-137.0,-13.0,-18.0,8.1875,-0.6875,34.3125,94859.0,0x683f
1678222760.814518,8333.0,2977.0,797.0,266.8125,-43.6875,35.25,-736.0,-328.0,531.0,-56.0,77.0,-46.0,1.5,-0.1875,31.5625,94868.75,0x683f
1678222760.874541,9210.0,3559.0,859.0,264.9375,-44.125,33.9375,-630.0,-326.0,549.0,52.0,66.0,-34.0,-11.375,-12.25,12.0625,94868.75,0x683f
1678222760.938504,8830.0,3207.0,855.0,264.125,-44.0,34.1875,-520.0,-455.0,546.0,161.0,-58.0,-35.0,-9.75,-13.0,0.0,94868.75,0x683f
1678222761.0015512,9062.0,3377.0,820.0,263.8125,-44.1875,34.375,-580.0,-540.0,564.0,132.0,-154.0,56.0,-1.6875,13.5625,7.25,94868.75,0x683f
1678222761.064235,8065.0,2684.0,927.0,264.125,-46.5,34.75,-778.0,-415.0,484.0,-62.0,-32.0,-65.0,25.0625,50.875,-1.0625,94868.75,0x683f
1678222761.125611,8209.0,2912.0,1039.0,265.75,-46.375,34.0,-791.0,-385.0,475.0,-81.0,-7.0,-85.0,15.5625,-49.9375,-21.625,94868.75,0x683f
1678222761.187826,8388.0,2912.0,1003.0,266.5625,-41.6875,32.6875,-719.0,-325.0,590.0,-66.0,70.0,-25.0,-10.75,-97.5625,-38.375,94863.0,0x683f
1678222761.249084,8912.0,3302.0,924.0,267.0625,-36.3125,33.375,-529.0,-500.0,633.0,19.0,-90.0,-72.0,-26.8125,-52.4375,-30.25,94863.0,0x683f
1678222761.3131049,8424.0,2970.0,1014.0,267.125,-34.625,34.0625,-553.0,-521.0,739.0,24.0,-36.0,50.0,0.75,4.4375,1.9375,94863.0,0x683f
1678222761.376122,8278.0,2912.0,1065.0,267.375,-36.0625,34.3125,-629.0,-414.0,598.0,-49.0,31.0,-54.0,2.0,11.875,-1.6875,94863.0,0x683f
1678222761.43875,8267.0,2906.0,1083.0,267.6875,-36.125,34.625,-583.0,-473.0,645.0,-5.0,-23.0,-6.0,-3.3125,-6.125,-5.0,94863.0,0x683f
1678222761.5016582,8637.0,2992.0,983.0,267.6875,-35.1875,34.6875,-605.0,-489.0,597.0,-53.0,-32.0,-58.0,-6.375,-21.125,-6.75,94863.0,0x683f
1678222761.565686,8838.0,3212.0,893.0,267.3125,-33.0,34.5625,-540.0,-497.0,606.0,-15.0,-28.0,-75.0,-10.9375,-72.5625,-7.0625,94867.0,0x683f
1678222761.635129,8517.0,3144.0,908.0,266.6875,-30.5625,34.125,-462.0,-455.0,753.0,39.0,17.0,56.0,3.25,19.25,0.625,94867.0,0x683f
1678222761.697453,8753.0,3134.0,909.0,267.1875,-31.9375,34.3125,-583.0,-441.0,658.0,-64.0,28.0,-28.0,2.625,2.0,-1.5,94867.0,0x683f
1678222761.763504,8644.0,3135.0,917.0,267.1875,-31.9375,34.375,-563.0,-483.0,677.0,-35.0,-12.0,-7.0,-3.5,0.5,-1.375,94867.0,0x683f
1678222761.825709,8841.0,3218.0,865.0,267.125,-32.0625,34.6875,-561.0,-511.0,689.0,-40.0,-39.0,5.0,0.1875,-1.5625,2.8125,94867.0,0x683f
1678222761.8833652,9094.0,3304.0,933.0,268.0625,-32.25,34.5625,-543.0,-491.0,679.0,-19.0,-20.0,-3.0,2.8125,9.5625,5.375,94867.0,0x683f
1678222761.944363,8526.0,3086.0,944.0,267.9375,-32.8125,34.4375,-681.0,-587.0,718.0,-147.0,-123.0,39.0,8.4375,9.25,10.0625,94864.75,0x683f
1678222762.0059478,8607.0,3047.0,764.0,266.9375,-34.9375,32.9375,-876.0,-552.0,702.0,-314.0,-115.0,28.0,21.3125,18.4375,48.875,94864.75,0x683f
1678222762.069364,8490.0,3065.0,614.0,263.9375,-37.1875,29.625,-828.0,-415.0,601.0,-197.0,-7.0,-89.0,19.875,4.875,78.375,94864.75,0x683f
1678222762.132859,8449.0,3218.0,1006.0,259.375,-39.75,25.3125,-716.0,-212.0,505.0,-73.0,109.0,-175.0,8.4375,-2.1875,91.6875,94864.75,0x683f
1678222762.193228,8707.0,3249.0,925.0,253.9375,-41.5,20.9375,-646.0,-114.0,518.0,6.0,140.0,-167.0,-14.5625,-12.25,91.625,94864.75,0x683f
1678222762.257216,8370.0,2852.0,919.0,247.25,-42.75,17.375,-634.0,-110.0,495.0,31.0,105.0,-191.0,-37.4375,-8.375,79.625,94864.75,0x683f
1678222762.321397,8711.0,3210.0,968.0,242.5625,-43.75,16.0,-585.0,-125.0,542.0,89.0,60.0,-141.0,-60.0,0.625,67.5625,94868.75,0x683f
1678222762.390168,8806.0,3195.0,782.0,236.5,-45.0,16.625,-627.0,-138.0,550.0,36.0,39.0,-94.0,-85.125,6.5625,45.375,94868.75,0x683f
1678222762.455755,8810.0,2931.0,367.0,231.125,-46.1875,19.9375,-699.0,-161.0,519.0,10.0,76.0,-115.0,-95.125,-0.3125,36.1875,94868.75,0x683f
1678222762.519619,9002.0,2953.0,431.0,226.9375,-46.5,24.0625,-728.0,-330.0,569.0,5.0,-47.0,-78.0,-102.5,-15.8125,14.375,94868.75,0x683f
1678222762.5803268,8819.0,2911.0,250.0,223.0,-45.5625,29.625,-652.0,-389.0,558.0,34.0,-72.0,-18.0,-99.0625,-29.0625,-0.6875,94868.75,0x683f
1678222762.64374,8443.0,2439.0,890.0,220.5625,-43.5625,34.5625,-593.0,-549.0,525.0,90.0,-143.0,-70.0,-89.0,-39.0625,-19.6875,94868.75,0x683f
1678222762.706341,8529.0,2646.0,697.0,219.25,-40.25,39.0625,-533.0,-702.0,588.0,100.0,-224.0,13.0,-69.5,-42.75,-30.125,94867.25,0x683f
1678222762.774701,8605.0,2800.0,829.0,219.125,-38.0625,42.5625,-589.0,-795.0,617.0,58.0,-261.0,53.0,-41.8125,-32.25,-30.375,94867.25,0x683f
1678222762.843643,8551.0,2611.0,932.0,219.4375,-35.5625,44.8125,-536.0,-788.0,615.0,8.0,-200.0,62.0,-9.125,-13.5,-16.3125,94867.25,0x683f
1678222762.906782,8847.0,3025.0,615.0,220.25,-34.5,45.5,-461.0,-702.0,685.0,94.0,-125.0,119.0,1.6875,7.0,-10.8125,94867.25,0x683f
1678222762.97002,8872.0,2753.0,1098.0,220.875,-34.875,45.6875,-515.0,-658.0,612.0,60.0,-86.0,70.0,9.5,14.25,0.3125,94867.25,0x683f
1678222763.0380108,8393.0,2375.0,841.0,221.625,-36.375,45.5625,-708.0,-609.0,460.0,-94.0,-26.0,-100.0,15.6875,18.0625,3.0625,94867.25,0x683f
1678222763.101265,8457.0,2604.0,672.0,221.875,-35.875,44.3125,-657.0,-543.0,483.0,-82.0,12.0,-84.0,19.75,-46.3125,-8.0625,94858.5,0x683f
1678222763.163307,8389.0,2606.0,541.0,221.625,-32.0625,41.1875,-559.0,-597.0,629.0,-37.0,-50.0,4.0,36.5625,-108.8125,-16.75,94858.5,0x683f
1678222763.22864,8987.0,3034.0,523.0,221.625,-27.3125,36.875,-386.0,-498.0,747.0,55.0,34.0,30.0,41.1875,-48.5625,-17.125,94858.5,0x683f
1678222763.2919302,8646.0,2748.0,710.0,223.5625,-25.625,35.3125,-396.0,-478.0,670.0,8.0,19.0,-39.0,21.125,-0.8125,-31.6875,94858.5,0x683f
1678222763.355973,7986.0,2007.0,559.0,225.625,-24.4375,35.3125,-254.0,-498.0,632.0,147.0,20.0,-96.0,5.9375,-0.1875,-47.0625,94858.5,0x683f
1678222763.41693,8713.0,2734.0,522.0,228.375,-24.5,36.5625,-514.0,-797.0,839.0,-72.0,-275.0,187.0,2.375,85.9375,-13.5625,94858.5,0x683f
1678222763.480295,8690.0,2671.0,321.0,231.0625,-31.6875,38.4375,-347.0,-813.0,812.0,162.0,-312.0,110.0,29.5625,243.6875,40.4375,94868.5,0x683f
1678222763.5431838,8807.0,3055.0,748.0,234.0,-45.625,41.375,-627.0,-816.0,588.0,94.0,-356.0,79.0,68.8125,196.0,56.1875,94868.5,0x683f
1678222763.6073978,8584.0,2968.0,932.0,235.4375,-53.25,41.125,-612.0,-557.0,466.0,185.0,-184.0,36.0,84.8125,124.0,45.5,94868.5,0x683f
1678222763.673526,8958.0,3353.0,850.0,239.375,-60.4375,38.75,-701.0,-360.0,318.0,148.0,-13.0,-53.0,102.6875,64.4375,4.5625,94868.5,0x683f
1678222763.7360718,8442.0,2863.0,1128.0,244.6875,-63.0,38.125,-789.0,-200.0,228.0,46.0,69.0,-165.0,99.1875,80.375,-25.6875,94868.5,0x683f
1678222763.798934,8537.0,3077.0,763.0,251.1875,-64.3125,40.3125,-844.0,-105.0,85.0,39.0,169.0,-237.0,88.0,29.25,-49.875,94868.5,0x683f
1678222763.8595111,8865.0,3204.0,739.0,257.5,-64.75,44.1875,-936.0,-171.0,-30.0,-136.0,150.0,-330.0,58.3125,66.8125,-36.8125,94878.0,0x683f
1678222763.9234781,8708.0,3130.0,700.0,263.4375,-64.5625,49.1875,-891.0,-134.0,15.0,93.0,154.0,-217.0,33.1875,40.5,-38.75,94878.0,0x683f
1678222763.9897,8447.0,3017.0,883.0,267.3125,-64.5625,55.1875,-1072.0,-268.0,-69.0,-114.0,51.0,-223.0,17.0625,-6.5625,-42.9375,94878.0,0x683f
1678222764.054555,8652.0,3031.0,1069.0,269.875,-61.875,55.1875,-869.0,-374.0,164.0,-27.0,17.0,-113.0,6.0625,-12.625,-32.0,94878.0,0x683f
1678222764.118508,8642.0,2979.0,878.0,271.4375,-59.3125,54.25,-889.0,-405.0,230.0,-34.0,0.0,-76.0,4.6875,-92.0625,-43.0,94878.0,0x683f
1678222764.1852438,8757.0,3285.0,921.0,272.25,-51.4375,47.5,-864.0,-487.0,219.0,-173.0,-70.0,-90.0,12.25,-151.1875,-43.625,94878.0,0x683f
1678222764.2492359,8778.0,3212.0,927.0,271.625,-42.125,40.4375,-631.0,-529.0,638.0,26.0,-57.0,85.0,14.3125,-176.375,-18.25,94866.0,0x683f
1678222764.3093948,9263.0,3435.0,902.0,269.0,-33.3125,35.0,-606.0,-571.0,735.0,-23.0,-60.0,106.0,3.0625,-175.1875,13.6875,94866.0,0x683f
1678222764.373676,8840.0,3115.0,886.0,264.8125,-25.75,31.5625,-355.0,-449.0,748.0,72.0,10.0,10.0,-17.625,-94.625,23.875,94866.0,0x683f
1678222764.4424388,8852.0,3127.0,870.0,262.8125,-22.875,31.625,-393.0,-452.0,758.0,-16.0,25.0,-9.0,-22.625,-33.0,-10.0625,94866.0,0x683f
1678222764.5060322,8832.0,3160.0,875.0,263.25,-21.6875,32.9375,-394.0,-536.0,726.0,-79.0,-23.0,-15.0,-3.625,-2.4375,-7.75,94866.0,0x683f
1678222764.5694091,8560.0,2828.0,771.0,263.75,-21.4375,33.1875,-423.0,-471.0,679.0,-64.0,28.0,-84.0,-3.8125,9.75,-9.75,94866.0,0x683f
1678222764.63273,8403.0,2770.0,869.0,264.1875,-21.0625,33.6875,-367.0,-466.0,603.0,-24.0,32.0,-140.0,-13.0,-12.4375,-7.375,94862.0,0x683f
1678222764.69727,8489.0,3119.0,885.0,264.0,-20.0,34.5,-351.0,-546.0,760.0,-18.0,-21.0,2.0,-15.5625,-15.75,-2.5625,94862.0,0x683f
1678222764.765267,8680.0,3155.0,924.0,264.125,-19.6875,35.5,-340.0,-563.0,804.0,-9.0,-26.0,54.0,-6.125,11.875,-9.375,94862.0,0x683f
1678222764.8319628,8437.0,3078.0,964.0,266.125,-20.375,36.125,-430.0,-600.0,762.0,-88.0,-58.0,20.0,1.0,18.375,-5.875,94862.0,0x683f
1678222764.898253,8296.0,2943.0,1014.0,268.0625,-20.8125,36.1875,-367.0,-614.0,800.0,-18.0,-73.0,61.0,1.625,5.25,-0.8125,94862.0,0x683f
1678222764.9618392,8454.0,3067.0,1019.0,268.125,-20.8125,36.0625,-384.0,-576.0,784.0,-35.0,-36.0,23.0,4.4375,-5.8125,2.4375,94857.75,0x683f
1678222765.024,8433.0,3042.0,995.0,267.875,-20.8125,35.6875,-349.0,-521.0,688.0,0.0,12.0,-56.0,3.4375,-6.5,3.5,94857.75,0x683f
1678222765.082809,8669.0,3054.0,950.0,267.6875,-20.625,35.4375,-347.0,-541.0,696.0,-1.0,-8.0,-50.0,0.625,-2.0,1.9375,94857.75,0x683f
1678222765.148018,8462.0,3042.0,1020.0,267.625,-20.6875,35.4375,-361.0,-550.0,705.0,-14.0,-17.0,-41.0,1.0625,1.3125,-0.125,94857.75,0x683f
1678222765.21505,8370.0,3017.0,1082.0,267.6875,-20.875,35.5625,-353.0,-532.0,726.0,-8.0,0.0,-20.0,1.0625,2.375,-1.125,94857.75,0x683f
1678222765.278661,8520.0,2984.0,1034.0,267.8125,-21.125,35.6875,-373.0,-557.0,746.0,-19.0,-23.0,3.0,1.4375,7.375,1.75,94857.75,0x683f
1678222765.342695,8652.0,3050.0,937.0,267.875,-21.6875,35.6875,-392.0,-552.0,738.0,-9.0,-29.0,5.0,2.5625,8.6875,2.75,94864.75,0x683f
1678222765.405441,8407.0,2753.0,858.0,268.6875,-22.25,35.625,-383.0,-566.0,727.0,-10.0,-38.0,-9.0,3.125,8.625,5.25,94864.75,0x683f
1678222765.4740322,9002.0,3218.0,819.0,269.5,-23.125,35.4375,-433.0,-563.0,718.0,-41.0,-48.0,-5.0,4.5625,8.375,8.4375,94864.75,0x683f
1678222765.53828,8646.0,2950.0,967.0,270.0625,-23.9375,35.0,-439.0,-629.0,732.0,-38.0,-117.0,-2.0,14.4375,11.5625,17.4375,94864.75,0x683f
1678222765.605417,8813.0,3436.0,687.0,269.375,-25.5625,33.375,-459.0,-764.0,789.0,-42.0,-323.0,29.0,31.5,32.125,29.25,94864.75,0x683f
1678222765.666624,8664.0,3208.0,848.0,268.25,-30.375,30.4375,-485.0,-775.0,632.0,10.0,-346.0,-96.0,46.3125,77.8125,56.9375,94864.75,0x683f
1678222765.72913,8538.0,3257.0,919.0,266.8125,-36.125,27.625,-421.0,-600.0,531.0,156.0,-232.0,-170.0,33.8125,81.0625,49.625,94862.5,0x683f
1678222765.789767,8766.0,3501.0,634.0,266.1875,-40.9375,26.1875,-417.0,-411.0,496.0,228.0,-70.0,-171.0,13.5625,73.0625,14.1875,94862.5,0x683f
1678222765.8512619,8754.0,3268.0,711.0,267.4375,-44.6875,28.0,-440.0,-301.0,459.0,250.0,28.0,-160.0,-8.8125,84.75,-28.9375,94862.5,0x683f
1678222765.9126809,8852.0,3382.0,939.0,270.875,-48.5,34.625,-551.0,-246.0,350.0,171.0,140.0,-194.0,-26.8125,119.3125,-67.625,94862.5,0x683f
1678222765.970266,8523.0,3108.0,940.0,276.8125,-50.5,46.375,-650.0,-295.0,264.0,106.0,172.0,-146.0,-42.9375,122.75,-109.375,94862.5,0x683f
1678222766.0293949,8531.0,3274.0,895.0,285.0625,-48.4375,59.8125,-742.0,-373.0,205.0,18.0,209.0,-101.0,-37.875,82.875,-137.5625,94862.5,0x683f
1678222766.090503,8750.0,3310.0,801.0,294.6875,-43.9375,71.0,-606.0,-441.0,244.0,24.0,204.0,36.0,-26.875,147.6875,-131.25,94862.5,0x683f
1678222766.152856,8570.0,3272.0,763.0,306.5625,-38.625,80.6875,-875.0,-655.0,139.0,-276.0,113.0,29.0,-10.5625,110.9375,-125.3125,94864.75,0x683f
1678222766.217958,8419.0,3296.0,649.0,316.9375,-32.1875,85.5,-508.0,-815.0,56.0,-3.0,22.0,1.0,-16.125,74.875,-123.3125,94864.75,0x683f
1678222766.2863731,8347.0,3253.0,635.0,329.75,-24.5,89.9375,-496.0,-935.0,-73.0,-105.0,-35.0,-64.0,-5.625,123.5,-110.875,94864.75,0x683f
1678222766.345858,8666.0,3387.0,750.0,345.5625,-16.5625,93.3125,-537.0,-1172.0,-162.0,-257.0,-234.0,-107.0,4.3125,89.6875,-105.3125,94864.75,0x683f
1678222766.40895,9115.0,3883.0,750.0,353.1875,-12.125,93.875,-487.0,-1114.0,-102.0,-187.0,-203.0,5.0,-5.25,42.5,-60.9375,94864.75,0x683f
1678222766.476162,8854.0,3586.0,673.0,358.125,-9.0625,94.3125,-218.0,-1029.0,-6.0,-128.0,-27.0,53.0,3.25,44.0625,-21.75,94864.75,0x683f
1678222766.542797,8940.0,3736.0,603.0,1.5,-7.8125,94.625,-306.0,-977.0,50.0,-173.0,-9.0,129.0,-5.5,-18.875,-14.9375,94865.25,0x683f
1678222766.607688,8433.0,3337.0,662.0,0.0,-7.125,94.875,-150.0,-1041.0,-27.0,-13.0,-77.0,78.0,-7.25,-46.9375,-11.375,94865.25,0x683f
1678222766.6739268,8611.0,3412.0,613.0,357.0,-7.1875,94.6875,-197.0,-983.0,-50.0,-43.0,47.0,-15.0,-2.3125,-59.6875,2.6875,94865.25,0x683f
1678222766.73651,8636.0,3410.0,569.0,352.125,-7.4375,94.4375,-3.0,-957.0,35.0,125.0,11.0,111.0,-0.3125,-36.8125,2.0625,94865.25,0x683f
1678222766.795553,8616.0,3393.0,568.0,351.1875,-8.0625,94.1875,-173.0,-928.0,-75.0,-35.0,39.0,-3.0,5.75,21.125,14.8125,94865.25,0x683f
1678222766.8579369,8523.0,3331.0,583.0,350.375,-8.625,94.0,-99.0,-979.0,-37.0,61.0,-18.0,27.0,2.125,-17.125,9.8125,94865.25,0x683f
1678222766.928875,8589.0,3389.0,574.0,349.375,-9.375,93.6875,-102.0,-970.0,-34.0,44.0,13.0,30.0,2.9375,8.9375,12.6875,94861.5,0x683f
1678222766.9937432,8636.0,3410.0,581.0,349.5625,-9.8125,93.5,-146.0,-940.0,-44.0,-4.0,20.0,0.0,0.125,11.4375,8.875,94861.5,0x683f
1678222767.0576582,8559.0,3391.0,574.0,349.9375,-9.875,93.5625,-185.0,-963.0,-12.0,-31.0,1.0,44.0,1.625,5.125,-2.8125,94861.5,0x683f
1678222767.129022,8697.0,3399.0,594.0,350.875,-9.875,93.375,-226.0,-957.0,-13.0,-53.0,1.0,41.0,7.4375,15.875,2.125,94861.5,0x683f
1678222767.1928031,8585.0,3375.0,554.0,351.3125,-10.25,92.75,-182.0,-963.0,-12.0,-14.0,-1.0,19.0,9.75,16.3125,7.0,94861.5,0x683f
1678222767.256096,8904.0,3706.0,614.0,352.0625,-10.625,92.4375,-207.0,-946.0,-44.0,-25.0,16.0,-4.0,7.0,13.8125,4.9375,94862.5,0x683f
1678222767.31569,8739.0,3546.0,661.0,352.3125,-10.875,92.125,-192.0,-940.0,-33.0,-4.0,16.0,0.0,4.5625,1.9375,2.25,94862.5,0x683f
1678222767.3828359,8399.0,3238.0,644.0,352.5,-11.0,91.9375,-200.0,-948.0,-36.0,-21.0,13.0,-5.0,2.625,6.4375,0.6875,94862.5,0x683f
1678222767.4455051,8680.0,3401.0,609.0,352.75,-11.0,91.875,-206.0,-942.0,-18.0,-18.0,19.0,13.0,1.1875,1.4375,-1.375,94862.5,0x683f
1678222767.5103302,8539.0,3375.0,738.0,352.8125,-11.0,91.75,-214.0,-946.0,-12.0,-23.0,17.0,20.0,1.0625,0.125,-1.4375,94862.5,0x683f
1678222767.575827,8400.0,3223.0,636.0,352.8125,-11.0625,91.625,-210.0,-947.0,-13.0,-23.0,20.0,17.0,1.3125,1.8125,0.25,94862.5,0x683f
1678222767.638743,8966.0,3685.0,558.0,352.6875,-11.125,91.5625,-216.0,-952.0,-20.0,-26.0,9.0,6.0,-0.9375,-4.125,-1.125,94862.5,0x683f
1678222767.698841,8809.0,3609.0,707.0,352.375,-11.1875,91.5625,-199.0,-950.0,-16.0,-8.0,11.0,9.0,-1.875,-1.3125,1.0625,94862.5,0x683f
1678222767.763155,8976.0,3789.0,657.0,352.125,-11.3125,91.625,-208.0,-945.0,-16.0,-16.0,18.0,11.0,-1.8125,-3.0,0.625,94862.5,0x683f
1678222767.830017,8383.0,3201.0,615.0,352.0,-11.3125,91.625,-206.0,-954.0,-10.0,-13.0,5.0,22.0,-1.0625,-0.75,-1.0625,94862.5,0x683f
1678222767.8927512,8374.0,3238.0,608.0,351.875,-11.375,91.625,-214.0,-951.0,-8.0,-13.0,7.0,18.0,-1.1875,-1.875,0.5,94862.5,0x683f
1678222767.956882,8475.0,3365.0,695.0,351.6875,-11.4375,91.5625,-206.0,-952.0,-13.0,-11.0,11.0,6.0,-0.4375,-1.4375,0.5625,94862.5,0x683f
1678222768.014967,8578.0,3312.0,582.0,351.4375,-11.5,91.5625,-196.0,-953.0,-21.0,5.0,6.0,5.0,-0.875,-2.125,1.0625,94865.75,0x683f
1678222768.0736299,8606.0,3440.0,683.0,351.375,-11.5625,91.5625,-199.0,-947.0,-17.0,-4.0,16.0,6.0,-0.25,-1.25,0.4375,94865.75,0x683f
1678222768.1373608,8381.0,3183.0,591.0,351.25,-11.5625,91.5625,-197.0,-947.0,-27.0,-1.0,12.0,0.0,-0.75,-0.5625,-0.0625,94865.75,0x683f
1678222768.204671,8832.0,3494.0,579.0,351.1875,-11.5625,91.625,-206.0,-954.0,-22.0,-9.0,5.0,5.0,-1.75,-1.125,-0.25,94865.75,0x683f
1678222768.271135,8558.0,3349.0,594.0,351.0625,-11.5625,91.6875,-197.0,-950.0,-13.0,0.0,10.0,15.0,-0.875,-1.6875,-0.3125,94865.75,0x683f
1678222768.334593,8833.0,3591.0,451.0,350.9375,-11.5625,91.6875,-201.0,-949.0,-20.0,-3.0,10.0,8.0,-0.5,-1.25,0.0625,94865.75,0x683f
1678222768.396229,8803.0,3564.0,415.0,350.875,-11.5625,91.6875,-196.0,-950.0,-24.0,0.0,10.0,4.0,-0.25,-1.0,-0.9375,94860.25,0x683f
1678222768.457424,8786.0,3566.0,481.0,350.875,-11.5,91.6875,-197.0,-949.0,-29.0,-1.0,11.0,0.0,-0.8125,-1.9375,-1.3125,94860.25,0x683f
1678222768.519247,8894.0,3743.0,598.0,350.8125,-11.4375,91.75,-193.0,-940.0,-33.0,0.0,20.0,-3.0,-1.875,-0.5,-1.0,94860.25,0x683f
1678222768.580083,8781.0,3460.0,583.0,350.8125,-11.375,91.875,-191.0,-949.0,-36.0,6.0,12.0,-2.0,-2.1875,-1.25,-1.75,94860.25,0x683f
1678222768.6434171,8591.0,3413.0,489.0,350.875,-11.25,91.9375,-195.0,-954.0,-27.0,-7.0,4.0,9.0,-0.875,0.6875,-1.5625,94860.25,0x683f
1678222768.7131321,8893.0,3662.0,637.0,351.0,-11.1875,92.0,-203.0,-958.0,-19.0,-12.0,3.0,14.0,0.375,3.6875,-0.1875,94860.25,0x683f
1678222768.772602,8906.0,3618.0,465.0,351.1875,-11.1875,91.9375,-195.0,-954.0,-19.0,-4.0,6.0,13.0,1.375,2.1875,0.625,94873.75,0x683f
1678222768.832109,9006.0,3681.0,525.0,351.3125,-11.1875,91.875,-201.0,-956.0,-22.0,-10.0,4.0,8.0,1.0625,0.8125,-1.0,94873.75,0x683f
1678222768.891467,8867.0,3623.0,576.0,351.3125,-11.1875,91.8125,-190.0,-945.0,-39.0,0.0,15.0,-8.0,-0.375,-1.1875,-0.25,94873.75,0x683f
1678222768.948951,8848.0,3608.0,476.0,351.1875,-11.125,91.8125,-185.0,-951.0,-34.0,1.0,9.0,-7.0,-1.5,-3.4375,-2.0625,94873.75,0x683f
1678222769.0072582,8820.0,3600.0,498.0,351.125,-11.0625,91.875,-188.0,-950.0,-41.0,0.0,11.0,-8.0,-0.9375,-0.6875,-0.875,94873.75,0x683f
1678222769.065824,8835.0,3588.0,471.0,351.125,-11.0,91.9375,-190.0,-951.0,-25.0,-3.0,10.0,6.0,-0.75,0.1875,-0.5,94873.75,0x683f
1678222769.126517,8841.0,3591.0,454.0,351.1875,-11.0,91.9375,-186.0,-955.0,-28.0,1.0,6.0,4.0,-0.125,0.0625,0.1875,94873.75,0x683f
1678222769.1861062,8888.0,3710.0,605.0,351.1875,-10.9375,91.9375,-186.0,-944.0,-28.0,0.0,17.0,4.0,-0.5625,0.25,-1.4375,94860.25,0x683f
1678222769.246985,8777.0,3612.0,442.0,351.25,-10.875,91.9375,-187.0,-954.0,-37.0,-1.0,7.0,-4.0,0.1875,0.9375,-0.5625,94860.25,0x683f
1678222769.309057,8795.0,3600.0,666.0,351.25,-10.875,91.9375,-189.0,-957.0,-28.0,-3.0,5.0,4.0,0.3125,-1.4375,1.1875,94860.25,0x683f
1678222769.3696609,8769.0,3547.0,478.0,351.125,-11.0,91.9375,-200.0,-951.0,-22.0,-15.0,11.0,11.0,-0.125,-1.3125,0.8125,94860.25,0x683f
1678222769.4284632,8801.0,3621.0,608.0,350.875,-11.0,92.0,-191.0,-955.0,-31.0,-3.0,6.0,2.0,-2.0,-4.0,-0.0625,94860.25,0x683f
1678222769.487645,9076.0,3682.0,525.0,350.75,-11.0,92.0625,-191.0,-944.0,-26.0,-3.0,17.0,8.0,-0.5,-0.625,1.3125,94860.25,0x683f
1678222769.5481951,8919.0,3700.0,578.0,350.5625,-11.125,92.0625,-184.0,-959.0,-34.0,5.0,2.0,0.0,0.1875,-0.5,1.75,94872.75,0x683f
1678222769.611038,9426.0,3844.0,662.0,350.5625,-11.1875,92.0625,-188.0,-942.0,-41.0,0.0,21.0,-7.0,0.25,1.5625,1.1875,94872.75,0x683f
1678222769.6707048,9063.0,3878.0,758.0,350.5625,-11.25,92.0625,-200.0,-962.0,-41.0,-5.0,-1.0,-1.0,0.0,1.1875,-0.8125,94872.75,0x683f
1678222769.730075,8988.0,3719.0,604.0,350.75,-11.1875,92.0625,-208.0,-962.0,-34.0,-15.0,3.0,1.0,-0.5,0.875,1.4375,94872.75,0x683f
1678222769.7878342,8851.0,3647.0,455.0,350.5625,-11.375,92.125,-181.0,-944.0,-13.0,11.0,15.0,22.0,-0.375,1.0625,3.6875,94872.75,0x683f
1678222769.8481221,8956.0,3641.0,489.0,350.5625,-11.5625,92.125,-179.0,-937.0,-32.0,18.0,22.0,3.0,2.5,5.875,2.9375,94872.75,0x683f
1678222769.907997,8826.0,3602.0,493.0,350.875,-11.6875,92.0625,-186.0,-949.0,-47.0,12.0,10.0,-12.0,1.1875,7.5625,0.375,94861.25,0x683f
1678222769.96908,8827.0,3572.0,486.0,351.25,-11.625,92.125,-192.0,-949.0,-41.0,5.0,10.0,-5.0,-0.4375,3.1875,-2.0625,94861.25,0x683f
1678222770.030863,8822.0,3582.0,500.0,351.5625,-11.4375,92.1875,-204.0,-957.0,-31.0,-9.0,3.0,5.0,-0.8125,3.375,-2.125,94861.25,0x683f
1678222770.090122,8900.0,3672.0,615.0,351.8125,-11.375,92.1875,-216.0,-949.0,-21.0,-21.0,11.0,14.0,-0.0625,1.4375,-1.4375,94861.25,0x683f
1678222770.155954,8855.0,3677.0,612.0,351.875,-11.375,92.1875,-216.0,-948.0,-29.0,-19.0,6.0,5.0,0.5625,0.25,-0.5,94861.25,0x683f
1678222770.217967,8771.0,3567.0,478.0,351.8125,-11.4375,92.125,-211.0,-951.0,-41.0,-16.0,8.0,-5.0,0.625,0.125,1.0625,94861.25,0x683f
1678222770.278412,8899.0,3640.0,608.0,351.6875,-11.5625,92.125,-196.0,-950.0,-44.0,0.0,9.0,-7.0,0.1875,-1.0,1.8125,94861.25,0x683f
1678222770.340698,8775.0,3601.0,438.0,351.4375,-11.625,92.125,-192.0,-953.0,-40.0,6.0,5.0,-3.0,-0.9375,-0.4375,1.1875,94865.75,0x683f
1678222770.398931,8975.0,3624.0,515.0,351.375,-11.6875,92.1875,-200.0,-950.0,-33.0,-1.0,8.0,3.0,-0.9375,-3.3125,0.125,94865.75,0x683f
1678222770.463594,8855.0,3667.0,602.0,351.1875,-11.6875,92.25,-191.0,-956.0,-31.0,4.0,4.0,3.0,-0.25,0.75,0.875,94865.75,0x683f
1678222770.527255,8780.0,3540.0,461.0,351.125,-11.75,92.25,-189.0,-954.0,-28.0,10.0,4.0,9.0,-0.5625,-1.3125,0.1875,94865.75,0x683f
1678222770.589522,8856.0,3650.0,599.0,351.1875,-11.6875,92.1875,-188.0,-950.0,-32.0,10.0,8.0,4.0,1.3125,2.5,-0.125,94865.75,0x683f
1678222770.654413,8815.0,3606.0,496.0,351.25,-11.6875,92.125,-198.0,-952.0,-40.0,-4.0,7.0,-4.0,0.875,0.375,-0.4375,94865.75,0x683f
1678222770.716972,8797.0,3524.0,462.0,351.3125,-11.6875,92.125,-199.0,-940.0,-36.0,0.0,18.0,-1.0,0.875,1.3125,-0.6875,94868.0,0x683f
1678222770.7832289,8846.0,3644.0,453.0,351.5,-11.6875,92.0625,-206.0,-951.0,-48.0,-7.0,8.0,-12.0,-0.1875,1.8125,0.0625,94868.0,0x683f
1678222770.8457532,8766.0,3558.0,453.0,351.6875,-11.625,92.125,-196.0,-946.0,-44.0,1.0,13.0,-7.0,-1.1875,2.0625,-3.25,94868.0,0x683f
1678222770.909996,8956.0,3748.0,587.0,352.0,-11.375,92.25,-192.0,-953.0,-35.0,-4.0,7.0,-1.0,-0.3125,4.25,-3.0,94868.0,0x683f
1678222770.971113,8816.0,3568.0,504.0,352.5,-11.125,92.25,-187.0,-950.0,-42.0,2.0,7.0,-2.0,0.0,0.625,-4.5625,94868.0,0x683f
1678222771.0326028,8846.0,3539.0,483.0,352.6875,-10.875,92.25,-196.0,-953.0,-44.0,-10.0,12.0,-2.0,-1.0,-4.4375,-6.1875,94868.0,0x683f
1678222771.0962062,8833.0,3538.0,479.0,352.75,-10.5625,92.25,-200.0,-955.0,-32.0,-20.0,8.0,3.0,-0.3125,-0.5,-3.25,94864.75,0x683f
1678222771.159636,8749.0,3498.0,512.0,352.625,-10.5,92.25,-200.0,-955.0,-36.0,-17.0,6.0,1.0,0.25,-1.75,-0.125,94864.75,0x683f
1678222771.220659,8906.0,3575.0,508.0,352.3125,-10.6875,92.1875,-180.0,-958.0,-38.0,2.0,4.0,0.0,0.3125,-2.5,2.75,94864.75,0x683f
1678222771.281579,8872.0,3625.0,466.0,352.0625,-10.8125,92.1875,-169.0,-954.0,-36.0,15.0,7.0,0.0,0.5625,-1.0,3.3125,94864.75,0x683f
1678222771.3442008,8846.0,3610.0,476.0,351.875,-11.0,92.125,-150.0,-951.0,-31.0,35.0,6.0,2.0,1.25,0.5625,3.5,94864.75,0x683f
1678222771.406763,8861.0,3561.0,452.0,351.9375,-11.0,92.0625,-154.0,-955.0,-30.0,29.0,8.0,5.0,1.0625,2.25,0.0,94864.75,0x683f
1678222771.4723399,8846.0,3561.0,489.0,352.1875,-10.875,92.0,-189.0,-953.0,-34.0,0.0,15.0,5.0,1.875,1.5,-2.3125,94862.25,0x683f
1678222771.534994,8916.0,3653.0,599.0,352.5,-10.75,91.875,-200.0,-956.0,-36.0,-16.0,6.0,-4.0,1.8125,2.5,-1.8125,94862.25,0x683f
1678222771.597843,8836.0,3571.0,470.0,352.6875,-10.6875,91.8125,-198.0,-949.0,-43.0,-18.0,12.0,-13.0,0.375,0.3125,-0.5625,94862.25,0x683f
1678222771.666682,9007.0,3800.0,737.0,352.5,-10.75,91.875,-192.0,-953.0,-42.0,-4.0,12.0,-6.0,-0.5,-2.4375,0.9375,94862.25,0x683f
1678222771.729816,8696.0,3520.0,688.0,352.25,-10.8125,91.875,-179.0,-952.0,-39.0,5.0,9.0,-6.0,-0.875,-1.375,1.4375,94862.25,0x683f
1678222771.79038,9028.0,3772.0,399.0,352.125,-10.9375,91.9375,-179.0,-948.0,-33.0,7.0,15.0,2.0,-1.0,-1.375,0.375,94862.25,0x683f
1678222771.8538089,8921.0,3590.0,480.0,352.0625,-10.875,91.9375,-169.0,-959.0,-32.0,8.0,4.0,-1.0,0.1875,-1.375,-1.5625,94862.25,0x683f
1678222771.915794,8860.0,3577.0,463.0,352.125,-10.75,91.9375,-180.0,-954.0,-30.0,1.0,8.0,0.0,0.0,-2.625,-2.9375,94862.25,0x683f
1678222771.9771898,8861.0,3547.0,506.0,352.125,-10.5625,91.9375,-185.0,-954.0,-27.0,-5.0,8.0,4.0,0.6875,-4.0625,-3.9375,94862.25,0x683f
1678222772.0371141,8919.0,3571.0,511.0,352.125,-10.375,91.8125,-180.0,-955.0,-26.0,-4.0,8.0,5.0,0.25,-1.5,-0.5625,94862.25,0x683f
1678222772.100836,8929.0,3590.0,512.0,352.0,-10.375,91.8125,-191.0,-962.0,-41.0,-12.0,0.0,-17.0,0.6875,-1.75,0.25,94862.25,0x683f
1678222772.164295,8891.0,3639.0,473.0,351.75,-10.4375,91.8125,-184.0,-968.0,-25.0,3.0,0.0,7.0,0.25,-0.5625,2.375,94862.25,0x683f
1678222772.225955,8901.0,3609.0,487.0,351.625,-10.625,91.6875,-169.0,-960.0,-14.0,11.0,3.0,14.0,2.375,2.1875,4.3125,94869.75,0x683f
1678222772.2866108,9042.0,3789.0,553.0,351.625,-10.8125,91.5625,-163.0,-949.0,-19.0,21.0,13.0,6.0,3.4375,5.8125,3.9375,94869.75,0x683f
1678222772.350125,8841.0,3606.0,474.0,351.8125,-11.0,91.375,-163.0,-941.0,-30.0,24.0,20.0,-6.0,2.75,4.5,0.75,94869.75,0x683f
1678222772.415862,8896.0,3700.0,592.0,352.1875,-10.9375,91.375,-196.0,-951.0,-41.0,-10.0,11.0,-18.0,1.1875,4.25,-1.75,94869.75,0x683f
1678222772.481004,8814.0,3578.0,460.0,352.375,-10.875,91.375,-197.0,-948.0,-27.0,-12.0,14.0,-3.0,-0.5,0.3125,-1.5625,94869.75,0x683f
1678222772.542295,8807.0,3588.0,490.0,352.1875,-10.875,91.4375,-202.0,-949.0,-25.0,-14.0,10.0,-5.0,-0.5,-1.0,0.25,94869.75,0x683f
1678222772.603499,8801.0,3540.0,460.0,352.0625,-10.9375,91.4375,-190.0,-956.0,-26.0,-3.0,6.0,-1.0,-0.625,0.4375,2.4375,94861.75,0x683f
1678222772.667142,8814.0,3598.0,460.0,351.9375,-11.0625,91.4375,-180.0,-952.0,-24.0,8.0,8.0,0.0,-0.25,0.0,1.9375,94861.75,0x683f
1678222772.7289548,9054.0,3722.0,450.0,351.8125,-11.1875,91.4375,-174.0,-960.0,-27.0,15.0,1.0,-2.0,-0.0625,-0.125,1.3125,94861.75,0x683f
1678222772.7921128,8408.0,3212.0,607.0,351.6875,-11.25,91.4375,-172.0,-950.0,-12.0,19.0,10.0,12.0,0.25,-1.6875,0.5625,94861.75,0x683f
1678222772.8557281,8841.0,3595.0,489.0,351.875,-11.25,91.4375,-192.0,-958.0,-33.0,-1.0,3.0,-8.0,1.0625,2.5625,-0.8125,94861.75,0x683f
1678222772.920423,8845.0,3636.0,453.0,352.0625,-11.1875,91.375,-220.0,-965.0,-24.0,-30.0,-3.0,-1.0,2.25,0.5625,0.25,94861.75,0x683f
1678222772.983299,9083.0,3746.0,456.0,351.875,-11.375,91.1875,-206.0,-964.0,-21.0,-11.0,-2.0,-3.0,4.125,-1.0625,6.1875,94868.25,0x683f
1678222773.044091,8886.0,3620.0,449.0,351.375,-11.75,90.875,-180.0,-934.0,-15.0,21.0,25.0,0.0,4.4375,-4.5625,5.4375,94868.25,0x683f
1678222773.105613,8847.0,3628.0,507.0,351.0,-12.125,90.6875,-159.0,-926.0,-38.0,47.0,32.0,-26.0,1.875,3.4375,4.875,94868.25,0x683f
