1679503044.390249,8920.0,3626.0,530.0,214.875,-16.3125,88.75,-274.0,-950.0,45.0,1.0,-9.0,25.0,-1.375,-9.6875,-2.375,93077.25,0x683f
1679503044.467255,8450.0,3431.0,477.0,214.1875,-16.125,88.4375,-281.0,-942.0,37.0,-9.0,0.0,12.0,-0.6875,-12.8125,-1.125,93077.25,0x683f
1679503044.531723,8430.0,3420.0,432.0,213.4375,-16.0625,88.3125,-267.0,-939.0,51.0,4.0,2.0,24.0,-2.375,-15.9375,0.0,93077.25,0x683f
1679503044.597047,8447.0,3445.0,423.0,212.3125,-15.875,87.9375,-249.0,-939.0,58.0,19.0,2.0,29.0,-1.5,-18.5,-3.3125,93077.25,0x683f
1679503044.664507,8470.0,3418.0,497.0,211.8125,-15.6875,87.75,-277.0,-937.0,28.0,-25.0,8.0,-18.0,0.75,-9.9375,-1.625,93077.25,0x683f
1679503044.7258701,8753.0,3501.0,486.0,210.875,-15.5,87.4375,-239.0,-934.0,73.0,22.0,9.0,31.0,-1.8125,-24.375,-1.25,93077.25,0x683f
1679503044.794899,8503.0,3403.0,542.0,210.125,-15.4375,87.375,-248.0,-944.0,68.0,8.0,-2.0,20.0,-1.3125,2.875,-0.1875,93082.0,0x683f
1679503044.8653948,8519.0,3394.0,573.0,210.1875,-15.375,87.375,-260.0,-946.0,65.0,0.0,-3.0,24.0,-1.5625,-2.25,-1.1875,93082.0,0x683f
1679503044.9398882,8451.0,3441.0,480.0,210.0625,-15.375,87.3125,-267.0,-941.0,61.0,-12.0,8.0,10.0,-0.25,0.25,0.0,93082.0,0x683f
1679503045.008546,8462.0,3419.0,540.0,209.9375,-15.375,87.3125,-268.0,-937.0,51.0,-1.0,5.0,8.0,-0.25,-2.5,1.0,93082.0,0x683f
1679503045.0712981,8804.0,3636.0,527.0,209.8125,-15.4375,87.25,-257.0,-944.0,59.0,6.0,7.0,15.0,0.125,-0.6875,1.75,93082.0,0x683f
1679503045.1396182,8526.0,3310.0,673.0,209.625,-15.5625,87.25,-252.0,-944.0,63.0,10.0,0.0,21.0,-0.1875,-0.6875,1.1875,93084.0,0x683f
1679503045.207349,8710.0,3542.0,537.0,209.625,-15.5625,87.1875,-262.0,-941.0,61.0,-2.0,3.0,17.0,-0.25,1.625,0.25,93084.0,0x683f
1679503045.276057,8694.0,3552.0,543.0,209.75,-15.625,87.1875,-274.0,-940.0,52.0,-10.0,4.0,6.0,0.125,1.6875,0.625,93084.0,0x683f
1679503045.34422,8453.0,3484.0,455.0,209.75,-15.75,87.25,-283.0,-927.0,45.0,-14.0,14.0,-3.0,-1.0625,-0.625,1.0625,93084.0,0x683f
1679503045.408563,8618.0,3551.0,452.0,209.5625,-15.8125,87.25,-260.0,-944.0,62.0,9.0,-2.0,17.0,-0.6875,-0.5625,0.875,93084.0,0x683f
1679503045.471691,8664.0,3574.0,457.0,209.5625,-15.8125,87.1875,-262.0,-944.0,58.0,6.0,-1.0,6.0,0.8125,1.6875,0.8125,93084.0,0x683f
1679503045.5357618,8661.0,3550.0,468.0,209.625,-15.875,87.1875,-262.0,-942.0,44.0,7.0,0.0,-1.0,0.5,2.0,0.9375,93085.5,0x683f
1679503045.604036,8455.0,3478.0,445.0,209.875,-16.0,87.25,-266.0,-940.0,54.0,3.0,0.0,10.0,0.0625,7.625,0.8125,93085.5,0x683f
1679503045.664193,9026.0,3720.0,566.0,210.25,-16.0625,87.375,-287.0,-941.0,55.0,-7.0,-1.0,20.0,0.125,5.5,0.5625,93085.5,0x683f
1679503045.725336,8708.0,3589.0,499.0,210.4375,-16.125,87.375,-282.0,-940.0,49.0,-4.0,-2.0,3.0,0.6875,1.875,0.6875,93085.5,0x683f
1679503045.785905,8689.0,3586.0,474.0,210.5625,-16.125,87.3125,-266.0,-941.0,51.0,6.0,0.0,8.0,0.875,2.125,0.0625,93085.5,0x683f
1679503045.851261,8430.0,3471.0,428.0,210.75,-16.125,87.3125,-269.0,-937.0,53.0,3.0,3.0,10.0,0.75,6.0,0.5625,93085.5,0x683f
1679503045.9283571,8492.0,3492.0,441.0,211.125,-16.125,87.375,-282.0,-937.0,52.0,-9.0,2.0,10.0,0.8125,3.6875,-0.625,93081.75,0x683f
1679503046.001735,8430.0,3442.0,438.0,211.3125,-16.1875,87.375,-279.0,-940.0,57.0,-6.0,0.0,15.0,0.4375,0.9375,-0.25,93081.75,0x683f
1679503046.071053,8469.0,3496.0,461.0,211.3125,-16.1875,87.3125,-272.0,-939.0,55.0,1.0,1.0,11.0,0.8125,-1.75,-0.625,93081.75,0x683f
1679503046.1390982,8457.0,3479.0,436.0,211.25,-16.125,87.1875,-263.0,-941.0,53.0,9.0,0.0,7.0,0.5625,-1.9375,-1.3125,93081.75,0x683f
1679503046.204674,8453.0,3489.0,425.0,211.3125,-16.0,87.125,-268.0,-941.0,53.0,4.0,0.0,11.0,0.875,0.5,-0.8125,93081.75,0x683f
1679503046.269008,8442.0,3483.0,413.0,211.375,-15.9375,87.0625,-266.0,-941.0,60.0,3.0,0.0,12.0,1.0,0.25,-0.75,93082.5,0x683f
1679503046.335961,8434.0,3501.0,449.0,211.5,-15.9375,87.0,-266.0,-936.0,60.0,0.0,0.0,7.0,0.9375,3.0625,-0.3125,93082.5,0x683f
1679503046.40195,8471.0,3413.0,542.0,211.6875,-15.9375,86.9375,-273.0,-938.0,66.0,-3.0,3.0,16.0,1.0625,1.3125,-0.25,93082.5,0x683f
1679503046.465278,8663.0,3456.0,537.0,211.6875,-15.9375,86.8125,-269.0,-942.0,63.0,0.0,0.0,11.0,1.1875,-0.9375,-0.125,93082.5,0x683f
1679503046.530951,8502.0,3306.0,620.0,211.625,-15.9375,86.75,-255.0,-944.0,65.0,14.0,-3.0,12.0,0.75,-1.375,0.25,93082.5,0x683f
1679503046.605794,8476.0,3293.0,633.0,211.625,-15.9375,86.6875,-256.0,-937.0,65.0,11.0,3.0,13.0,0.5625,0.3125,-0.3125,93082.5,0x683f
1679503046.669792,8511.0,3295.0,642.0,211.6875,-15.875,86.6875,-267.0,-936.0,59.0,0.0,5.0,5.0,-0.1875,1.0625,-0.5,93081.25,0x683f
1679503046.730693,8633.0,3331.0,668.0,211.75,-15.875,86.75,-272.0,-935.0,57.0,-1.0,4.0,2.0,-0.875,1.0625,0.5,93081.25,0x683f
1679503046.796801,8450.0,3481.0,447.0,211.8125,-15.875,86.75,-267.0,-943.0,60.0,0.0,-1.0,7.0,0.0,2.0625,0.25,93081.25,0x683f
1679503046.861046,8495.0,3269.0,660.0,211.9375,-15.875,86.75,-266.0,-945.0,64.0,2.0,-3.0,12.0,-0.125,2.3125,0.875,93081.25,0x683f
1679503046.929806,8695.0,3399.0,643.0,212.0,-15.9375,86.8125,-261.0,-941.0,60.0,7.0,0.0,8.0,0.25,1.875,0.25,93081.25,0x683f
1679503046.9906409,8509.0,3304.0,658.0,212.1875,-15.9375,86.8125,-269.0,-941.0,60.0,-3.0,1.0,12.0,0.375,4.6875,0.25,93081.25,0x683f
1679503047.052597,8453.0,3424.0,454.0,212.4375,-15.9375,86.875,-279.0,-944.0,62.0,-8.0,0.0,14.0,0.4375,1.9375,0.3125,93084.75,0x683f
1679503047.116147,8397.0,3477.0,366.0,212.4375,-15.9375,86.875,-276.0,-939.0,60.0,-6.0,1.0,9.0,-0.125,-0.875,0.125,93084.75,0x683f
1679503047.18138,8462.0,3269.0,639.0,212.375,-15.9375,86.8125,-266.0,-942.0,69.0,2.0,-1.0,17.0,-0.5,-1.375,-0.625,93084.75,0x683f
1679503047.246091,8507.0,3245.0,669.0,212.25,-15.9375,86.75,-275.0,-940.0,58.0,-5.0,1.0,5.0,0.125,-3.1875,-0.3125,93084.75,0x683f
1679503047.311521,8563.0,3327.0,700.0,212.0,-15.9375,86.6875,-261.0,-937.0,59.0,7.0,4.0,5.0,-0.8125,-3.8125,0.1875,93084.75,0x683f
1679503047.378046,8731.0,3405.0,682.0,211.8125,-15.875,86.625,-260.0,-938.0,63.0,8.0,2.0,8.0,-1.25,-3.0,-0.5,93084.75,0x683f
1679503047.443904,8517.0,3246.0,655.0,211.625,-15.875,86.6875,-260.0,-943.0,60.0,8.0,-2.0,6.0,-0.9375,-2.875,-0.4375,93083.75,0x683f
1679503047.5064871,8522.0,3278.0,682.0,211.5,-15.875,86.6875,-260.0,-944.0,68.0,8.0,-2.0,13.0,-0.75,-2.1875,-0.375,93083.75,0x683f
1679503047.571011,8519.0,3262.0,719.0,211.3125,-15.8125,86.625,-256.0,-942.0,63.0,11.0,0.0,8.0,-0.6875,-2.375,-0.3125,93083.75,0x683f
1679503047.6365812,8496.0,3248.0,665.0,211.25,-15.8125,86.625,-258.0,-942.0,61.0,10.0,1.0,6.0,-0.5625,-1.875,-0.5625,93083.75,0x683f
1679503047.7001112,8511.0,3246.0,725.0,211.125,-15.8125,86.5625,-255.0,-939.0,63.0,9.0,2.0,7.0,-0.125,0.0625,-0.0625,93083.75,0x683f
1679503047.7665331,8715.0,3382.0,680.0,211.1875,-15.8125,86.5625,-258.0,-937.0,65.0,9.0,3.0,9.0,0.4375,1.1875,0.0625,93083.75,0x683f
1679503047.834847,8475.0,3247.0,703.0,211.25,-15.8125,86.625,-264.0,-939.0,66.0,2.0,2.0,7.0,0.5,1.0,0.125,93070.25,0x683f
1679503047.905084,8687.0,3358.0,694.0,211.375,-15.8125,86.625,-264.0,-940.0,64.0,3.0,-1.0,12.0,0.125,1.375,0.3125,93070.25,0x683f
1679503047.968395,8485.0,3274.0,697.0,211.375,-15.8125,86.625,-261.0,-947.0,61.0,6.0,1.0,13.0,-0.125,0.3125,0.375,93070.25,0x683f
1679503048.036211,8529.0,3295.0,649.0,211.4375,-15.8125,86.6875,-253.0,-939.0,64.0,13.0,2.0,8.0,-0.3125,1.5,0.1875,93070.25,0x683f
1679503048.1067069,8508.0,3364.0,614.0,211.5,-15.8125,86.6875,-265.0,-943.0,61.0,0.0,-1.0,6.0,-0.0625,1.8125,-0.4375,93070.25,0x683f
1679503048.171266,8793.0,3548.0,552.0,211.5,-15.8125,86.6875,-263.0,-941.0,64.0,3.0,0.0,11.0,-0.3125,-0.75,0.5625,93081.75,0x683f
1679503048.237268,8649.0,3595.0,438.0,211.5,-15.875,86.6875,-261.0,-940.0,62.0,6.0,4.0,5.0,-0.1875,-0.0625,0.625,93081.75,0x683f
1679503048.298465,8684.0,3503.0,572.0,211.4375,-15.875,86.6875,-253.0,-944.0,58.0,11.0,0.0,7.0,-0.4375,0.125,0.25,93081.75,0x683f
1679503048.364449,8504.0,3387.0,565.0,211.4375,-15.875,86.6875,-265.0,-942.0,60.0,3.0,0.0,7.0,-0.4375,1.0625,0.1875,93081.75,0x683f
1679503048.4274402,8694.0,3469.0,550.0,211.5,-15.875,86.75,-262.0,-944.0,64.0,4.0,0.0,7.0,-0.1875,0.3125,-0.1875,93081.75,0x683f
1679503048.499339,8469.0,3476.0,452.0,211.5,-15.875,86.75,-266.0,-943.0,58.0,1.0,0.0,5.0,-0.25,-0.3125,0.5,93081.75,0x683f
1679503048.569767,8675.0,3579.0,466.0,211.4375,-15.875,86.6875,-259.0,-939.0,65.0,9.0,0.0,6.0,0.3125,-0.3125,0.1875,93072.25,0x683f
1679503048.638371,8469.0,3269.0,718.0,211.4375,-15.875,86.6875,-261.0,-942.0,58.0,11.0,2.0,9.0,-0.1875,-0.4375,0.1875,93072.25,0x683f
1679503048.706176,8461.0,3361.0,545.0,211.4375,-15.875,86.6875,-261.0,-937.0,59.0,6.0,1.0,12.0,0.125,0.375,-0.4375,93072.25,0x683f
1679503048.7749708,8429.0,3434.0,484.0,211.4375,-15.875,86.6875,-267.0,-945.0,57.0,0.0,0.0,7.0,0.25,-0.6875,0.3125,93072.25,0x683f
1679503048.8476312,8680.0,3457.0,532.0,211.375,-15.875,86.6875,-257.0,-944.0,57.0,12.0,-1.0,4.0,-0.25,-1.4375,0.0,93072.25,0x683f
1679503048.917515,8442.0,3474.0,476.0,211.25,-15.875,86.6875,-248.0,-942.0,63.0,22.0,0.0,12.0,-0.625,-1.9375,-0.25,93072.25,0x683f
1679503048.986627,8674.0,3535.0,538.0,211.25,-15.8125,86.625,-261.0,-942.0,63.0,1.0,3.0,6.0,-0.3125,-0.25,-0.5625,93078.75,0x683f
1679503049.0548348,8504.0,3386.0,613.0,211.25,-15.8125,86.625,-263.0,-944.0,61.0,4.0,-1.0,8.0,-0.375,-1.125,0.4375,93078.75,0x683f
1679503049.120267,9089.0,3538.0,798.0,211.1875,-15.8125,86.5625,-281.0,-960.0,95.0,-13.0,-18.0,39.0,0.25,-0.0625,3.5,93078.75,0x683f
1679503049.1898282,8411.0,3184.0,720.0,209.8125,-16.3125,86.0,-455.0,-1027.0,44.0,-277.0,-133.0,45.0,16.3125,-48.5625,23.875,93078.75,0x683f
1679503049.260183,9272.0,3706.0,514.0,202.5,-19.1875,82.5,-677.0,-1078.0,137.0,-354.0,-159.0,17.0,34.5,-108.25,83.0625,93078.75,0x683f
1679503049.326947,8589.0,3252.0,713.0,191.875,-23.8125,77.375,-653.0,-1057.0,309.0,-265.0,-143.0,73.0,38.25,-79.5625,141.75,93075.5,0x683f
1679503049.391645,8662.0,3158.0,650.0,180.0625,-34.1875,70.1875,-737.0,-779.0,269.0,-185.0,-16.0,-4.0,29.5625,-35.25,178.3125,93075.5,0x683f
1679503049.457515,8543.0,3103.0,931.0,171.0625,-43.0,63.75,-789.0,-592.0,222.0,-82.0,54.0,-104.0,17.875,-52.125,184.25,93075.5,0x683f
1679503049.5256739,8524.0,2880.0,731.0,157.25,-51.4375,52.625,-732.0,-354.0,226.0,58.0,131.0,-141.0,-8.3125,-74.0625,168.875,93075.5,0x683f
1679503049.585121,8489.0,2754.0,362.0,146.25,-54.625,40.625,-704.0,-243.0,297.0,97.0,110.0,-142.0,-30.5625,-89.875,127.625,93075.5,0x683f
1679503049.6463091,8668.0,2958.0,791.0,137.125,-54.1875,30.375,-620.0,-155.0,338.0,171.0,125.0,-167.0,-42.0625,-96.0,90.6875,93075.5,0x683f
1679503049.70732,8717.0,2847.0,406.0,129.9375,-50.375,24.625,-716.0,-264.0,367.0,39.0,-4.0,-200.0,-53.8125,-115.0,32.3125,93073.75,0x683f
1679503049.770153,8763.0,2849.0,912.0,126.125,-44.375,23.5,-615.0,-386.0,480.0,71.0,-106.0,-162.0,-55.125,-120.1875,4.875,93073.75,0x683f
1679503049.839242,8302.0,2423.0,478.0,123.8125,-38.3125,24.1875,-515.0,-451.0,520.0,78.0,-128.0,-190.0,-44.1875,-119.3125,-14.0,93073.75,0x683f
1679503049.9033012,8444.0,2305.0,454.0,122.5,-30.375,25.5625,-344.0,-514.0,626.0,125.0,-168.0,-145.0,-41.5625,-103.125,-25.5,93073.75,0x683f
1679503049.9696121,8645.0,2420.0,584.0,122.375,-24.6875,27.5,-270.0,-649.0,666.0,124.0,-229.0,-127.0,-38.875,-92.5,-32.8125,93073.75,0x683f
1679503050.034312,8895.0,2476.0,737.0,122.625,-19.1875,29.75,-283.0,-721.0,756.0,11.0,-276.0,-53.0,-31.875,-53.4375,-23.1875,93073.75,0x683f
1679503050.098735,8806.0,2518.0,702.0,122.4375,-16.375,30.75,-277.0,-730.0,886.0,-5.0,-249.0,77.0,3.125,-28.6875,6.75,93078.0,0x683f
1679503050.166552,8479.0,2512.0,558.0,121.625,-16.0625,29.9375,-205.0,-567.0,935.0,72.0,-99.0,119.0,16.5625,32.75,15.0,93078.0,0x683f
1679503050.228919,8605.0,2602.0,389.0,122.0,-20.25,28.5,-311.0,-537.0,888.0,28.0,-97.0,80.0,45.9375,79.375,13.75,93078.0,0x683f
1679503050.293536,8814.0,2919.0,695.0,123.125,-25.3125,25.9375,-256.0,-610.0,947.0,163.0,-248.0,139.0,72.9375,133.3125,19.8125,93078.0,0x683f
1679503050.357294,9230.0,2977.0,735.0,125.625,-35.125,22.5,-509.0,-566.0,710.0,81.0,-275.0,-15.0,99.875,197.25,38.875,93078.0,0x683f
1679503050.419435,9143.0,2749.0,904.0,127.375,-47.9375,16.9375,-633.0,-491.0,525.0,94.0,-299.0,-102.0,104.75,156.9375,46.4375,93078.0,0x683f
1679503050.4824908,9084.0,3108.0,738.0,129.875,-56.375,10.1875,-690.0,-289.0,388.0,140.0,-196.0,-140.0,110.375,105.8125,28.1875,93083.0,0x683f
1679503050.549875,8982.0,3107.0,835.0,133.0,-61.75,2.875,-711.0,-100.0,292.0,158.0,-86.0,-159.0,128.6875,76.625,-8.5625,93083.0,0x683f
1679503050.61455,8581.0,2782.0,798.0,140.0,-65.9375,-2.75,-698.0,68.0,229.0,211.0,71.0,-165.0,128.0,41.6875,-44.9375,93083.0,0x683f
1679503050.679138,8646.0,2983.0,518.0,149.4375,-69.75,-0.9375,-774.0,209.0,162.0,146.0,204.0,-176.0,99.625,70.25,-82.875,93083.0,0x683f
1679503050.741178,8980.0,2908.0,714.0,158.1875,-74.0625,10.3125,-934.0,50.0,29.0,8.0,98.0,-235.0,75.625,93.5,-81.25,93083.0,0x683f
1679503050.809802,8477.0,2734.0,908.0,166.125,-77.4375,30.125,-1240.0,-155.0,-101.0,-282.0,-39.0,-271.0,59.125,81.6875,-69.6875,93083.0,0x683f
1679503050.874762,8543.0,2827.0,828.0,174.125,-76.25,48.3125,-1327.0,-212.0,-59.0,-377.0,-30.0,-221.0,51.0625,-36.6875,-57.0625,93067.25,0x683f
1679503050.9378939,8458.0,3146.0,784.0,178.3125,-68.8125,38.625,-1006.0,-139.0,24.0,-107.0,89.0,-291.0,24.9375,-253.75,-60.0625,93067.25,0x683f
1679503051.001188,8041.0,2580.0,646.0,179.25,-51.0625,25.125,-651.0,-146.0,498.0,111.0,115.0,-58.0,3.1875,-240.875,-33.6875,93067.25,0x683f
1679503051.0653062,8051.0,2577.0,660.0,178.5,-41.875,22.375,-823.0,-229.0,591.0,-168.0,49.0,-83.0,-12.625,-120.375,-0.4375,93067.25,0x683f
1679503051.1297688,8230.0,2662.0,547.0,177.125,-34.625,20.8125,-398.0,-307.0,798.0,154.0,-21.0,41.0,-8.25,-109.3125,-3.3125,93067.25,0x683f
1679503051.201111,8443.0,2948.0,773.0,176.375,-30.5625,20.4375,-486.0,-375.0,886.0,0.0,-78.0,87.0,-0.875,-44.4375,-1.0,93075.5,0x683f
1679503051.2680151,7868.0,2208.0,598.0,176.0625,-28.3125,19.8125,-402.0,-323.0,847.0,63.0,-30.0,36.0,3.75,-4.375,0.4375,93075.5,0x683f
1679503051.332674,8635.0,3094.0,691.0,176.25,-28.3125,19.75,-423.0,-336.0,819.0,41.0,-44.0,7.0,-0.875,9.0,-3.6875,93075.5,0x683f
1679503051.4009862,8545.0,3102.0,766.0,176.5625,-29.0,20.375,-519.0,-327.0,758.0,-41.0,-27.0,-42.0,-6.75,18.125,-3.625,93075.5,0x683f
1679503051.482146,8578.0,3133.0,777.0,176.75,-29.5,21.3125,-542.0,-317.0,816.0,-49.0,1.0,35.0,-13.0625,-0.75,-2.875,93075.5,0x683f
1679503051.557548,8691.0,3256.0,631.0,176.8125,-29.5625,22.375,-489.0,-324.0,818.0,-3.0,0.0,37.0,-9.875,7.25,-4.1875,93075.5,0x683f
1679503051.62112,8360.0,2732.0,423.0,180.6875,-30.1875,23.25,-537.0,-378.0,847.0,-46.0,-48.0,82.0,-3.5,10.375,-0.375,93077.5,0x683f
1679503051.685686,8667.0,3008.0,769.0,184.125,-31.5625,23.25,-563.0,-407.0,886.0,-88.0,-78.0,107.0,11.0625,36.125,11.875,93077.5,0x683f
1679503051.749751,8568.0,3154.0,850.0,186.125,-34.25,21.375,-835.0,-131.0,812.0,-282.0,163.0,58.0,27.1875,19.0,54.375,93077.5,0x683f
1679503051.816488,8572.0,3118.0,767.0,187.75,-37.1875,17.9375,-746.0,39.0,726.0,-153.0,280.0,-15.0,1.9375,36.5625,83.1875,93077.5,0x683f
1679503051.8829818,8567.0,2877.0,846.0,182.4375,-40.125,15.125,-639.0,70.0,577.0,11.0,243.0,-141.0,-26.375,4.625,64.875,93077.5,0x683f
1679503051.9494321,8491.0,2779.0,1110.0,178.75,-40.6875,15.5,-616.0,-86.0,522.0,23.0,112.0,-192.0,-46.0625,-7.25,17.5625,93077.5,0x683f
1679503052.0122418,8913.0,3291.0,658.0,177.5625,-40.9375,18.625,-481.0,-290.0,605.0,161.0,-54.0,-95.0,-49.8125,55.875,-17.5,93066.25,0x683f
1679503052.077861,8591.0,3000.0,722.0,178.5,-41.4375,24.5,-472.0,-412.0,571.0,133.0,-117.0,-64.0,-53.625,22.625,-42.125,93066.25,0x683f
1679503052.143382,8570.0,2782.0,867.0,180.4375,-40.875,29.875,-550.0,-532.0,536.0,107.0,-165.0,-85.0,-40.875,-6.75,-55.25,93066.25,0x683f
1679503052.207701,9007.0,3053.0,532.0,182.5,-39.0,33.875,-524.0,-593.0,600.0,89.0,-161.0,-30.0,-31.0625,-4.75,-41.5625,93066.25,0x683f
1679503052.2701519,8579.0,2622.0,718.0,183.9375,-37.3125,36.9375,-538.0,-588.0,605.0,53.0,-102.0,-18.0,-21.625,-34.5,-28.625,93066.25,0x683f
1679503052.335904,8568.0,2717.0,944.0,184.6875,-33.5625,38.625,-471.0,-596.0,638.0,80.0,-93.0,-7.0,-18.4375,-39.5625,-27.3125,93066.25,0x683f
1679503052.400191,8675.0,2759.0,855.0,185.3125,-31.125,39.6875,-424.0,-619.0,653.0,83.0,-83.0,8.0,-15.1875,-22.6875,-25.9375,93066.0,0x683f
1679503052.462357,8669.0,2700.0,895.0,185.9375,-29.75,40.5,-453.0,-678.0,694.0,63.0,-114.0,112.0,-2.125,-1.5,-2.125,93066.0,0x683f
1679503052.5261598,8669.0,2793.0,930.0,185.875,-30.6875,40.625,-289.0,-706.0,782.0,189.0,-186.0,107.0,8.0625,75.4375,23.3125,93066.0,0x683f
1679503052.5945559,8903.0,2853.0,885.0,186.125,-37.125,41.3125,-563.0,-781.0,594.0,12.0,-269.0,-20.0,32.5625,135.4375,63.8125,93066.0,0x683f
1679503052.6584058,8799.0,2728.0,815.0,184.8125,-46.1875,40.9375,-652.0,-632.0,395.0,74.0,-201.0,-101.0,25.0625,145.8125,96.0625,93066.0,0x683f
1679503052.722008,8742.0,2735.0,733.0,184.625,-58.375,39.8125,-785.0,-528.0,331.0,1.0,-175.0,-95.0,13.375,104.875,105.375,93073.75,0x683f
1679503052.788534,8770.0,2984.0,718.0,181.6875,-65.625,35.8125,-998.0,-340.0,168.0,-98.0,-58.0,-115.0,-2.75,49.0625,98.3125,93073.75,0x683f
1679503052.853678,8994.0,3044.0,728.0,177.6875,-70.9375,27.6875,-1010.0,-143.0,189.0,-72.0,15.0,-83.0,-16.6875,42.375,95.8125,93073.75,0x683f
1679503052.918645,8778.0,3093.0,718.0,171.375,-74.625,14.3125,-987.0,-40.0,161.0,-38.0,-3.0,-83.0,-32.0,16.0,92.75,93073.75,0x683f
1679503052.9848928,9031.0,3067.0,916.0,162.5,-75.25,-8.4375,-887.0,15.0,272.0,31.0,-47.0,21.0,-35.5625,-12.5625,76.3125,93073.75,0x683f
1679503053.049471,9641.0,3302.0,1066.0,157.3125,-72.9375,-19.4375,-836.0,0.0,392.0,89.0,-83.0,114.0,-9.25,-19.875,62.75,93073.75,0x683f
1679503053.115892,9142.0,3164.0,850.0,153.75,-69.75,-27.3125,-886.0,160.0,262.0,29.0,11.0,-41.0,8.1875,-56.6875,40.375,93064.0,0x683f
1679503053.185904,8698.0,3132.0,756.0,152.8125,-63.375,-26.0,-688.0,257.0,362.0,229.0,73.0,-23.0,7.5625,-107.9375,21.8125,93064.0,0x683f
1679503053.253553,8901.0,3017.0,594.0,153.125,-58.0625,-25.1875,-691.0,241.0,522.0,163.0,7.0,73.0,34.4375,-65.75,8.5,93064.0,0x683f
1679503053.318532,8448.0,2830.0,284.0,153.875,-55.6875,-27.125,-632.0,417.0,418.0,175.0,161.0,-74.0,34.0625,-26.1875,4.0,93064.0,0x683f
1679503053.386726,8911.0,3284.0,715.0,155.75,-54.5,-27.0625,-416.0,397.0,541.0,387.0,142.0,29.0,13.4375,1.1875,-30.25,93064.0,0x683f
1679503053.457079,8754.0,3351.0,543.0,157.9375,-59.1875,-26.4375,-1002.0,392.0,-4.0,-283.0,147.0,-137.0,2.375,80.9375,-49.4375,93064.0,0x683f
1679503053.53767,8840.0,3118.0,771.0,160.6875,-63.0,-24.8125,-1205.0,269.0,513.0,-325.0,80.0,110.0,18.9375,7.125,-7.625,93077.0,0x683f
1679503053.599388,9021.0,3339.0,800.0,161.125,-63.4375,-27.1875,-892.0,277.0,470.0,-15.0,77.0,81.0,12.0625,10.875,15.1875,93077.0,0x683f
1679503053.6620722,8781.0,3150.0,829.0,160.75,-63.25,-29.5625,-846.0,277.0,385.0,27.0,58.0,-6.0,16.8125,-0.875,12.375,93077.0,0x683f
1679503053.7241201,8816.0,3057.0,739.0,160.6875,-63.0,-32.0,-956.0,340.0,192.0,-78.0,98.0,-200.0,13.75,-16.0,11.9375,93077.0,0x683f
1679503053.7862122,8706.0,3003.0,913.0,160.25,-61.125,-31.875,-942.0,334.0,199.0,-87.0,81.0,-209.0,-7.5625,-48.3125,17.25,93077.0,0x683f
1679503053.849237,8754.0,3074.0,925.0,159.5625,-56.25,-28.125,-764.0,228.0,383.0,50.0,-28.0,-96.0,-22.4375,-91.9375,15.0625,93077.0,0x683f
1679503053.912357,9006.0,3197.0,788.0,159.125,-51.5,-24.625,-682.0,179.0,487.0,121.0,-61.0,-33.0,-15.5,-105.3125,-0.875,93075.75,0x683f
1679503053.977631,9050.0,3144.0,800.0,159.875,-46.25,-21.1875,-601.0,128.0,638.0,98.0,-115.0,-4.0,-2.25,-92.9375,-7.4375,93075.75,0x683f
1679503054.04124,8892.0,3002.0,842.0,161.6875,-41.125,-18.5,-307.0,26.0,783.0,337.0,-208.0,83.0,10.625,-21.4375,-29.875,93075.75,0x683f
1679503054.1040099,8651.0,3106.0,823.0,163.6875,-41.75,-18.125,-712.0,178.0,694.0,-112.0,-43.0,-53.0,13.625,24.9375,-28.3125,93075.75,0x683f
1679503054.1682482,8725.0,3107.0,820.0,165.1875,-42.6875,-17.0,-971.0,66.0,891.0,-306.0,-141.0,201.0,-12.3125,-7.0625,-13.625,93075.75,0x683f
1679503054.233684,8644.0,3087.0,882.0,165.75,-40.0625,-16.125,-631.0,209.0,744.0,86.0,35.0,-30.0,1.375,-70.375,7.375,93079.5,0x683f
1679503054.29751,8761.0,3076.0,873.0,165.125,-37.5625,-15.9375,-598.0,194.0,793.0,-3.0,-20.0,45.0,-1.5,-8.25,20.1875,93079.5,0x683f
1679503054.361409,8525.0,3006.0,913.0,163.5625,-36.5625,-17.5,-829.0,231.0,904.0,-244.0,-6.0,153.0,22.6875,-13.0,39.6875,93079.5,0x683f
1679503054.427444,8567.0,3050.0,863.0,161.4375,-34.375,-21.375,-730.0,281.0,796.0,-165.0,-13.0,42.0,52.625,-27.5,69.3125,93079.5,0x683f
1679503054.488744,8563.0,2929.0,1063.0,158.25,-30.375,-27.875,-459.0,230.0,466.0,36.0,-165.0,-281.0,65.3125,-24.375,70.6875,93079.5,0x683f
1679503054.551046,8500.0,2949.0,812.0,155.875,-28.375,-31.875,250.0,148.0,-262.0,717.0,-307.0,-995.0,-6.4375,12.5,6.5,93079.5,0x683f
1679503054.6126552,8634.0,3273.0,835.0,157.3125,-31.1875,-26.0625,936.0,157.0,189.0,1444.0,-211.0,-563.0,-177.125,74.6875,-177.375,93079.5,0x683f
1679503054.677957,8705.0,3064.0,918.0,166.375,-43.9375,-4.5,-2511.0,-678.0,530.0,-1830.0,-734.0,-173.0,-211.4375,79.5625,-259.1875,93067.0,0x683f
1679503054.739118,8768.0,3011.0,701.0,168.1875,-45.875,4.0625,-1782.0,-199.0,2106.0,-1077.0,-150.0,1426.0,119.875,19.75,138.6875,93067.0,0x683f
1679503054.8059788,8514.0,3009.0,866.0,162.25,-43.9375,-12.1875,-1107.0,55.0,886.0,-426.0,-93.0,196.0,122.3125,-66.0,184.625,93067.0,0x683f
1679503054.879414,8598.0,3042.0,1036.0,154.25,-32.625,-25.8125,-266.0,5.0,96.0,262.0,-376.0,-635.0,114.5,-138.375,151.75,93067.0,0x683f
1679503054.944028,8811.0,2995.0,726.0,151.25,-23.0625,-33.4375,1607.0,237.0,-1175.0,2378.0,-256.0,-2009.0,-53.75,-34.3125,-11.8125,93067.0,0x683f
1679503055.0060558,8758.0,2976.0,941.0,156.125,-30.625,-19.875,1093.0,-733.0,56.0,1594.0,-1021.0,-736.0,-312.9375,351.25,-329.5625,93068.25,0x683f
1679503055.070153,8694.0,2921.0,224.0,166.6875,-49.75,10.3125,-3050.0,-1251.0,2780.0,-1996.0,-679.0,2008.0,-29.375,16.125,-38.875,93068.25,0x683f
1679503055.135424,8688.0,2977.0,873.0,164.0625,-50.5,-5.375,-926.0,855.0,1547.0,-339.0,518.0,724.0,129.125,-8.1875,123.6875,93068.25,0x683f
1679503055.197149,8553.0,3033.0,984.0,160.375,-45.375,-18.4375,-968.0,-57.0,725.0,-287.0,-304.0,64.0,111.9375,-104.1875,133.1875,93068.25,0x683f
1679503055.258563,8743.0,3139.0,874.0,156.25,-36.6875,-30.1875,-611.0,81.0,-29.0,204.0,-559.0,-931.0,123.375,-106.9375,141.75,93068.25,0x683f
1679503055.327304,8739.0,3115.0,845.0,153.125,-27.625,-37.0625,1118.0,21.0,-674.0,1910.0,-410.0,-1325.0,-18.0625,-52.125,18.9375,93068.25,0x683f
1679503055.3933408,8692.0,3145.0,968.0,160.0625,-34.6875,-25.25,599.0,-113.0,-338.0,1158.0,-457.0,-1067.0,-229.125,221.125,-335.3125,93074.25,0x683f
1679503055.461545,8523.0,3054.0,877.0,172.3125,-49.0,2.8125,-2506.0,-1365.0,1652.0,-1602.0,-991.0,1084.0,-118.625,-49.0,-152.3125,93074.25,0x683f
1679503055.5280871,8699.0,3214.0,964.0,173.375,-50.1875,-0.375,-832.0,780.0,1042.0,-115.0,634.0,290.0,83.25,48.0625,50.5,93074.25,0x683f
1679503055.593195,8766.0,3292.0,783.0,172.5,-51.1875,-5.8125,-572.0,267.0,694.0,279.0,138.0,113.0,8.125,-24.0625,16.8125,93074.25,0x683f
1679503055.656986,8612.0,3072.0,838.0,172.3125,-50.0625,-5.8125,-703.0,69.0,451.0,69.0,-34.0,-179.0,-23.0,-30.9375,-16.0,93074.25,0x683f
1679503055.721029,8556.0,3134.0,942.0,173.375,-47.6875,-2.4375,-556.0,-68.0,665.0,143.0,-112.0,0.0,-13.375,-41.3125,-38.5625,93074.25,0x683f
1679503055.7852101,8385.0,2923.0,907.0,176.0,-45.1875,2.0,-540.0,-121.0,701.0,190.0,-127.0,-43.0,-22.75,-21.1875,-53.125,93073.0,0x683f
1679503055.878585,8633.0,2897.0,916.0,178.125,-45.1875,5.4375,-779.0,-205.0,610.0,-83.0,-132.0,-77.0,-9.6875,4.5625,-42.375,93073.0,0x683f
1679503055.9514182,8804.0,2993.0,746.0,181.5625,-45.75,10.8125,-776.0,-57.0,646.0,-71.0,76.0,-21.0,-16.1875,26.625,-35.4375,93073.0,0x683f
1679503056.016438,8697.0,3195.0,944.0,184.4375,-47.0,15.5625,-822.0,-108.0,634.0,-113.0,13.0,0.0,-18.5,22.375,-34.5625,93073.0,0x683f
1679503056.085276,8901.0,3261.0,871.0,185.9375,-47.625,18.5,-776.0,-254.0,665.0,-54.0,-40.0,31.0,-6.25,24.125,-23.0,93073.0,0x683f
1679503056.1505501,8747.0,3175.0,779.0,187.1875,-48.0625,20.1875,-690.0,-347.0,702.0,40.0,-119.0,90.0,3.0,12.75,-19.125,93074.5,0x683f
1679503056.2171662,8744.0,3217.0,797.0,189.125,-48.1875,21.5,-692.0,-396.0,680.0,51.0,-165.0,96.0,13.125,8.9375,-19.25,93074.5,0x683f
1679503056.281944,8737.0,3265.0,765.0,191.0625,-47.625,23.0625,-724.0,-389.0,639.0,18.0,-128.0,30.0,16.3125,-0.8125,-12.5625,93074.5,0x683f
1679503056.345757,8727.0,3293.0,661.0,191.9375,-47.0625,22.75,-704.0,-333.0,590.0,12.0,-64.0,-29.0,11.4375,-8.75,-8.4375,93074.5,0x683f
1679503056.409512,8391.0,3081.0,739.0,192.625,-46.25,22.4375,-731.0,-264.0,592.0,-26.0,-10.0,-39.0,9.875,-17.25,-9.5625,93074.5,0x683f
1679503056.480431,8455.0,3134.0,706.0,193.375,-44.9375,22.0,-712.0,-281.0,605.0,13.0,-19.0,-37.0,11.6875,-18.5,-6.1875,93074.5,0x683f
1679503056.55633,8682.0,3332.0,545.0,194.375,-44.1875,21.5625,-659.0,-317.0,611.0,23.0,-59.0,-43.0,15.1875,-4.6875,-3.125,93064.25,0x683f
1679503056.633417,8608.0,3139.0,704.0,195.625,-44.0625,20.8125,-704.0,-228.0,582.0,-22.0,13.0,-75.0,11.1875,4.0,0.6875,93064.25,0x683f
1679503056.697409,8897.0,3148.0,882.0,195.8125,-44.25,20.25,-702.0,-204.0,607.0,-13.0,37.0,-49.0,4.875,4.0625,2.3125,93064.25,0x683f
1679503056.75986,8825.0,3111.0,785.0,195.375,-45.875,19.5,-722.0,-204.0,619.0,-18.0,23.0,-24.0,-0.5,4.5,10.875,93064.25,0x683f
1679503056.823176,8701.0,3026.0,861.0,194.6875,-46.375,19.0,-734.0,-158.0,643.0,-24.0,62.0,4.0,-3.0,5.6875,12.6875,93064.25,0x683f
1679503056.890388,8665.0,3107.0,721.0,193.6875,-47.0,18.0,-718.0,-183.0,647.0,5.0,31.0,12.0,-2.1875,6.4375,13.6875,93064.25,0x683f
1679503056.958573,8693.0,3069.0,742.0,192.5,-47.375,16.3125,-710.0,-161.0,647.0,11.0,23.0,10.0,-4.5,3.625,11.375,93082.0,0x683f
1679503057.027304,8878.0,3129.0,820.0,191.5625,-47.5,15.625,-707.0,-151.0,628.0,23.0,33.0,-7.0,-6.9375,-6.0,8.9375,93082.0,0x683f
1679503057.0921412,8762.0,3018.0,784.0,190.75,-47.375,15.5,-708.0,-205.0,638.0,9.0,-22.0,-10.0,-8.4375,1.0,7.25,93082.0,0x683f
1679503057.1576672,8896.0,3093.0,792.0,190.0625,-47.375,15.5,-702.0,-211.0,639.0,19.0,-34.0,0.0,-7.75,-6.1875,8.5625,93082.0,0x683f
1679503057.221869,8715.0,2982.0,808.0,189.25,-47.3125,15.375,-720.0,-195.0,636.0,0.0,-18.0,-3.0,-5.8125,-4.125,9.1875,93082.0,0x683f
1679503057.285085,8863.0,3070.0,799.0,188.625,-47.0,15.125,-671.0,-152.0,664.0,40.0,22.0,6.0,-4.5,-9.5625,4.3125,93061.0,0x683f
1679503057.353308,8693.0,2848.0,634.0,188.25,-46.5625,15.0625,-685.0,-186.0,675.0,26.0,-11.0,23.0,-5.125,-1.875,3.625,93061.0,0x683f
1679503057.41137,8521.0,2724.0,688.0,0.0,0.0,0.0,-708.0,-188.0,661.0,1.0,-12.0,4.0,-1.625,-2.1875,6.5625,93061.0,0x683f
1679503057.474941,8774.0,2897.0,472.0,187.375,-46.3125,14.625,-697.0,-127.0,674.0,13.0,48.0,16.0,-0.4375,0.125,4.875,93061.0,0x683f
1679503057.545089,8615.0,2813.0,628.0,187.125,-46.75,14.375,-762.0,-100.0,680.0,-51.0,75.0,15.0,0.625,10.4375,4.4375,93061.0,0x683f
1679503057.605679,8857.0,3089.0,908.0,186.8125,-47.75,14.375,-826.0,-128.0,639.0,-96.0,34.0,4.0,-4.4375,24.375,9.75,93061.0,0x683f
1679503057.6683688,8925.0,3173.0,909.0,187.0625,-49.125,14.5,-774.0,-105.0,603.0,-28.0,55.0,-12.0,-5.875,37.5,9.4375,93081.75,0x683f
1679503057.731518,8781.0,2907.0,863.0,186.6875,-52.75,14.8125,-837.0,-212.0,535.0,-56.0,-60.0,-37.0,-9.375,77.875,32.5,93081.75,0x683f
1679503057.798688,8786.0,3069.0,802.0,186.0,-59.125,13.6875,-953.0,-135.0,375.0,-101.0,-22.0,-97.0,4.125,87.4375,43.875,93081.75,0x683f
1679503057.862289,8782.0,2975.0,1027.0,184.25,-63.25,10.3125,-759.0,-96.0,536.0,138.0,-30.0,69.0,-8.3125,11.0,21.8125,93081.75,0x683f
1679503057.926451,8856.0,2881.0,927.0,183.875,-63.6875,10.25,-764.0,-73.0,346.0,292.0,-76.0,89.0,-31.8125,-4.625,10.375,93081.75,0x683f
1679503057.996064,8917.0,2807.0,919.0,183.5625,-65.8125,11.0625,-807.0,-81.0,193.0,36.0,25.0,-150.0,-5.375,52.625,11.8125,93081.75,0x683f
1679503058.060947,8642.0,2795.0,1028.0,183.375,-65.5625,11.25,-783.0,-223.0,547.0,106.0,-144.0,142.0,-6.5625,-38.375,8.9375,93075.75,0x683f
1679503058.12865,8936.0,3125.0,938.0,182.75,-63.5625,9.875,-823.0,-117.0,389.0,52.0,-39.0,-44.0,-19.375,-31.75,-4.4375,93075.75,0x683f
1679503058.194067,8917.0,3106.0,823.0,183.9375,-60.3125,11.875,-667.0,-149.0,442.0,124.0,-141.0,-78.0,-18.625,-58.9375,-35.5625,93075.75,0x683f
1679503058.260278,8810.0,3042.0,874.0,185.4375,-57.5,15.375,-858.0,-425.0,377.0,-32.0,-280.0,-130.0,-20.875,-11.375,-16.375,93075.75,0x683f
1679503058.331498,9036.0,2907.0,786.0,185.9375,-57.1875,16.9375,-748.0,-341.0,502.0,79.0,-187.0,0.0,0.4375,38.8125,12.25,93075.75,0x683f
1679503058.395186,8632.0,2839.0,941.0,186.9375,-60.1875,16.9375,-823.0,-323.0,430.0,30.0,-166.0,-28.0,9.125,40.5,8.5,93075.75,0x683f
1679503058.459317,8724.0,2749.0,876.0,187.6875,-62.375,16.8125,-874.0,-246.0,393.0,-2.0,-116.0,-35.0,9.5,38.5625,4.875,93066.0,0x683f
1679503058.521064,8929.0,2801.0,891.0,188.75,-64.625,17.3125,-877.0,-209.0,374.0,16.0,-84.0,-26.0,2.875,33.8125,1.6875,93066.0,0x683f
1679503058.58396,8908.0,2846.0,833.0,189.8125,-67.0625,19.0625,-903.0,-107.0,357.0,0.0,5.0,-1.0,6.75,43.3125,-2.4375,93066.0,0x683f
1679503058.6455328,8796.0,2934.0,858.0,192.3125,-69.125,21.1875,-915.0,-95.0,320.0,3.0,31.0,0.0,14.5625,39.625,-7.3125,93066.0,0x683f
1679503058.706636,8794.0,2999.0,766.0,194.9375,-71.125,24.3125,-1030.0,6.0,258.0,-92.0,134.0,-4.0,23.5,39.125,-13.25,93066.0,0x683f
1679503058.77071,9001.0,3152.0,785.0,196.75,-72.25,27.25,-1008.0,-19.0,276.0,-64.0,104.0,16.0,14.75,19.4375,-6.6875,93066.0,0x683f
1679503058.833219,8699.0,2998.0,852.0,197.25,-73.5625,26.8125,-971.0,-53.0,239.0,-28.0,72.0,-11.0,8.4375,13.6875,-0.75,93064.0,0x683f
1679503058.895915,8910.0,3081.0,833.0,197.4375,-74.125,27.125,-938.0,-144.0,226.0,4.0,-22.0,-11.0,-0.5625,9.5625,8.25,93064.0,0x683f
1679503058.9579651,8906.0,3088.0,850.0,197.4375,-75.25,25.5,-926.0,-159.0,200.0,31.0,-40.0,-41.0,-1.875,17.9375,22.875,93064.0,0x683f
1679503059.02112,8959.0,3188.0,843.0,195.6875,-77.125,22.625,-911.0,-130.0,148.0,59.0,-45.0,-42.0,-11.75,17.0625,18.75,93064.0,0x683f
1679503059.083348,8942.0,3196.0,841.0,194.3125,-78.3125,21.625,-872.0,-62.0,158.0,90.0,19.0,-18.0,-18.125,16.4375,4.4375,93064.0,0x683f
1679503059.149278,8971.0,2973.0,782.0,193.6875,-78.9375,25.0,-933.0,-18.0,174.0,38.0,79.0,7.0,-16.6875,6.125,-11.625,93064.0,0x683f
1679503059.216091,8873.0,3003.0,792.0,194.6875,-79.125,34.375,-1025.0,20.0,123.0,-78.0,119.0,-31.0,-22.75,15.0625,-17.8125,93075.75,0x683f
1679503059.286582,8480.0,2796.0,461.0,195.5,-78.0625,38.5,-1037.0,30.0,133.0,-77.0,157.0,-25.0,-41.6875,-34.5625,-18.375,93075.75,0x683f
1679503059.366729,8826.0,2768.0,648.0,195.5625,-75.4375,37.0,-1045.0,-44.0,190.0,-88.0,96.0,-21.0,-63.3125,-66.625,-6.1875,93075.75,0x683f
1679503059.43616,8633.0,2679.0,615.0,190.5,-70.5,31.4375,-1066.0,-100.0,202.0,-120.0,61.0,-67.0,-67.1875,-88.5,13.1875,93075.75,0x683f
1679503059.508675,8309.0,2465.0,863.0,188.125,-66.25,26.5625,-947.0,-154.0,272.0,-34.0,19.0,-102.0,-65.5625,-112.25,18.75,93075.75,0x683f
1679503059.589448,8890.0,2908.0,935.0,182.25,-58.0,21.875,-887.0,-247.0,340.0,-58.0,-70.0,-130.0,-66.0,-119.9375,18.5,93076.0,0x683f
1679503059.66326,8895.0,2902.0,946.0,177.25,-49.3125,20.3125,-661.0,-316.0,527.0,93.0,-155.0,-52.0,-57.75,-118.0,11.875,93076.0,0x683f
1679503059.732152,8374.0,2346.0,865.0,174.1875,-42.125,20.625,-547.0,-361.0,639.0,110.0,-105.0,-40.0,-47.375,-120.875,-5.625,93076.0,0x683f
1679503059.809189,8760.0,2779.0,863.0,172.9375,-36.0,21.9375,-453.0,-447.0,664.0,97.0,-135.0,-83.0,-38.1875,-78.3125,-21.75,93076.0,0x683f
1679503059.882904,9180.0,3116.0,713.0,173.0625,-28.3125,24.6875,-276.0,-540.0,822.0,189.0,-179.0,38.0,-29.0,-72.6875,-33.5,93076.0,0x683f
1679503059.961036,8741.0,2852.0,742.0,173.9375,-25.75,26.0,-460.0,-569.0,786.0,-8.0,-172.0,-26.0,-1.9375,-42.75,-15.625,93076.25,0x683f
1679503060.0386,8901.0,2639.0,701.0,173.8125,-21.5625,25.8125,-359.0,-467.0,669.0,1.0,-70.0,-151.0,-10.125,-68.625,1.5,93076.25,0x683f
1679503060.1087391,8573.0,2729.0,767.0,171.9375,-15.8125,25.75,-233.0,-401.0,751.0,148.0,12.0,-41.0,-16.8125,-88.5625,-3.1875,93076.25,0x683f
1679503060.172311,8775.0,2720.0,784.0,171.25,-11.8125,26.375,-132.0,-490.0,825.0,97.0,-109.0,26.0,-17.75,-70.0625,-10.5,93076.25,0x683f
1679503060.2401721,9566.0,3199.0,685.0,171.1875,-9.25,26.8125,-36.0,-669.0,1004.0,108.0,-247.0,101.0,7.8125,0.3125,-8.3125,93076.25,0x683f
1679503060.30245,8900.0,2759.0,894.0,172.375,-11.5,24.8125,-96.0,-617.0,967.0,99.0,-213.0,95.0,53.75,66.5625,-5.0625,93076.25,0x683f
1679503060.369248,8179.0,2037.0,650.0,174.1875,-16.375,21.5625,-175.0,-582.0,934.0,119.0,-247.0,60.0,80.75,121.5,1.5,93080.25,0x683f
1679503060.435958,8958.0,2905.0,924.0,176.25,-24.8125,17.4375,-265.0,-485.0,803.0,87.0,-210.0,-108.0,90.5625,198.5,22.25,93080.25,0x683f
1679503060.501409,8876.0,2801.0,617.0,178.1875,-37.875,12.1875,-488.0,-269.0,614.0,137.0,-120.0,-125.0,98.5625,179.625,22.9375,93080.25,0x683f
1679503060.572962,8835.0,2797.0,996.0,180.625,-49.5,6.5625,-658.0,-135.0,475.0,103.0,-71.0,-138.0,94.75,133.0625,-8.0625,93080.25,0x683f
1679503060.64112,8673.0,2987.0,787.0,185.3125,-56.75,2.75,-730.0,-5.0,395.0,95.0,18.0,-133.0,90.0625,43.0,-42.4375,93080.25,0x683f
1679503060.7018828,8976.0,2953.0,712.0,191.9375,-59.3125,2.625,-728.0,36.0,404.0,100.0,46.0,-101.0,73.875,56.875,-61.1875,93064.0,0x683f
1679503060.7650182,8768.0,2788.0,983.0,198.0625,-62.6875,5.8125,-888.0,-41.0,281.0,4.0,0.0,-140.0,60.9375,43.875,-67.875,93064.0,0x683f
1679503060.828852,8598.0,3106.0,916.0,204.1875,-65.1875,11.3125,-954.0,-150.0,276.0,-58.0,-63.0,-112.0,55.125,94.8125,-58.125,93064.0,0x683f
1679503060.893104,8519.0,3096.0,1036.0,210.875,-68.0625,19.375,-999.0,-71.0,243.0,-89.0,49.0,-101.0,38.1875,22.5,-59.625,93064.0,0x683f
1679503060.9550111,8628.0,3308.0,699.0,215.5625,-64.6875,23.0,-1345.0,-161.0,76.0,-412.0,6.0,-288.0,28.625,-197.6875,-74.125,93064.0,0x683f
1679503061.020303,8818.0,3473.0,602.0,218.6875,-50.3125,20.5625,-775.0,-218.0,552.0,-36.0,8.0,-51.0,-1.0625,-118.5625,-46.125,93064.0,0x683f
1679503061.0843232,8704.0,3357.0,687.0,220.3125,-41.25,21.125,-497.0,-290.0,703.0,137.0,-72.0,31.0,-16.5625,-98.125,-36.875,93071.0,0x683f
1679503061.1580648,8426.0,3011.0,871.0,220.9375,-36.875,21.5625,-489.0,-297.0,739.0,115.0,0.0,4.0,-7.6875,-60.6875,-18.125,93071.0,0x683f
1679503061.217741,8588.0,3060.0,778.0,221.5625,-33.5625,22.0625,-542.0,-395.0,831.0,0.0,-88.0,74.0,0.5,-9.1875,-6.4375,93071.0,0x683f
1679503061.2831879,8527.0,3036.0,773.0,221.75,-33.125,22.0625,-526.0,-342.0,800.0,9.0,-33.0,39.0,1.25,-3.625,-0.625,93071.0,0x683f
1679503061.346407,8526.0,3073.0,788.0,221.6875,-32.875,22.0625,-447.0,-333.0,854.0,55.0,-36.0,95.0,-3.0,10.375,0.625,93071.0,0x683f
1679503061.418006,8537.0,3048.0,771.0,221.6875,-33.6875,22.25,-539.0,-324.0,793.0,6.0,-15.0,39.0,-2.3125,14.125,3.4375,93071.0,0x683f
1679503061.479167,8742.0,3240.0,693.0,221.625,-34.9375,22.625,-539.0,-342.0,750.0,22.0,-32.0,8.0,-2.4375,17.5625,1.6875,93076.25,0x683f
1679503061.540746,8439.0,3057.0,835.0,221.8125,-36.125,23.3125,-556.0,-376.0,762.0,21.0,-62.0,35.0,1.625,28.6875,0.6875,93076.25,0x683f
1679503061.603141,8516.0,3154.0,884.0,222.1875,-38.25,23.5625,-725.0,-424.0,683.0,-159.0,-117.0,-39.0,11.6875,33.5,5.375,93076.25,0x683f
1679503061.665837,8435.0,3073.0,766.0,223.4375,-39.3125,22.0625,-899.0,-360.0,746.0,-275.0,-83.0,41.0,31.4375,-0.375,35.5,93076.25,0x683f
1679503061.731603,8511.0,3072.0,901.0,221.75,-40.3125,18.0625,-857.0,-101.0,677.0,-218.0,120.0,-32.0,0.625,4.4375,92.875,93076.25,0x683f
1679503061.798986,8647.0,3143.0,563.0,214.875,-42.0,12.9375,-745.0,-6.0,536.0,-76.0,147.0,-180.0,-45.5625,-27.0,121.6875,93076.25,0x683f
1679503061.865713,8681.0,3067.0,477.0,205.4375,-40.8125,9.6875,-449.0,-19.0,612.0,201.0,106.0,-131.0,-70.4375,-35.1875,97.4375,93062.0,0x683f
1679503061.928824,8792.0,3023.0,1006.0,199.1875,-39.875,10.0,-550.0,-141.0,588.0,74.0,-5.0,-155.0,-78.5,-40.6875,48.5625,93062.0,0x683f
1679503061.99085,8945.0,3180.0,746.0,194.625,-37.3125,12.6875,-465.0,-218.0,653.0,129.0,-47.0,-107.0,-71.875,-34.0625,24.625,93062.0,0x683f
1679503062.058679,8894.0,2708.0,1092.0,192.1875,-35.5,15.6875,-508.0,-358.0,744.0,61.0,-142.0,-23.0,-63.0625,-40.125,5.8125,93062.0,0x683f
1679503062.121328,9115.0,3098.0,975.0,190.625,-33.625,19.25,-501.0,-413.0,742.0,42.0,-144.0,-27.0,-54.625,-25.0625,-1.4375,93062.0,0x683f
1679503062.1867352,9287.0,2968.0,1127.0,189.8125,-31.625,22.0,-458.0,-413.0,776.0,55.0,-100.0,2.0,-46.5625,-41.1875,-13.8125,93062.0,0x683f
1679503062.251544,9263.0,2914.0,1096.0,189.5625,-28.0625,25.0,-354.0,-497.0,791.0,106.0,-131.0,7.0,-43.4375,-55.3125,-21.125,93070.25,0x683f
1679503062.317229,9341.0,2892.0,1048.0,189.5625,-25.75,26.75,-371.0,-535.0,846.0,38.0,-118.0,74.0,-29.9375,-48.8125,-18.0,93070.25,0x683f
1679503062.3820732,8868.0,2654.0,1111.0,189.5,-21.875,28.375,-320.0,-559.0,822.0,45.0,-126.0,21.0,-17.875,-49.25,-13.625,93070.25,0x683f
1679503062.4638689,8793.0,2311.0,849.0,189.4375,-19.9375,29.125,-376.0,-548.0,740.0,-68.0,-88.0,-63.0,-8.0625,-23.25,-1.0,93070.25,0x683f
1679503062.5358222,8750.0,2278.0,800.0,188.4375,-17.1875,29.0625,-76.0,-537.0,799.0,206.0,-81.0,-21.0,-6.6875,-37.3125,1.75,93070.25,0x683f
1679503062.614367,8945.0,2534.0,869.0,187.9375,-15.4375,29.0625,-254.0,-511.0,784.0,13.0,-46.0,-24.0,-3.6875,-22.5625,-0.6875,93071.5,0x683f
1679503062.6813061,8671.0,2208.0,784.0,187.9375,-14.25,29.25,-154.0,-460.0,837.0,88.0,5.0,9.0,-6.0,12.875,-8.1875,93071.5,0x683f
1679503062.743958,8657.0,2232.0,795.0,188.75,-15.0,30.0,-324.0,-457.0,672.0,35.0,-20.0,-25.0,-13.1875,-3.8125,-18.5625,93071.5,0x683f
1679503062.809738,8689.0,2295.0,812.0,189.6875,-14.1875,31.25,-281.0,-571.0,828.0,-7.0,-107.0,97.0,-10.125,-4.0,-12.375,93071.5,0x683f
1679503062.873711,9979.0,3067.0,877.0,189.75,-13.0625,31.6875,-293.0,-563.0,636.0,-70.0,-61.0,-175.0,-10.4375,-51.6875,-10.25,93071.5,0x683f
1679503062.949344,9467.0,2932.0,793.0,188.9375,-10.4375,32.0,-147.0,-611.0,736.0,25.0,-88.0,-100.0,-4.625,-46.5,4.0625,93071.5,0x683f
1679503063.024263,9263.0,2985.0,877.0,187.5,-7.625,32.125,-173.0,-537.0,691.0,-79.0,-23.0,-130.0,-10.625,-52.375,2.4375,93064.0,0x683f
1679503063.097764,9282.0,2907.0,806.0,186.1875,-3.75,32.625,70.0,-529.0,819.0,122.0,-13.0,22.0,-13.0,-46.0625,-6.4375,93064.0,0x683f
1679503063.1699991,9447.0,2902.0,605.0,186.0,-2.25,33.1875,-34.0,-612.0,875.0,4.0,-56.0,6.0,2.6875,7.5625,3.3125,93064.0,0x683f
1679503063.243213,8729.0,2348.0,689.0,186.0,-2.9375,32.875,110.0,-569.0,761.0,160.0,-34.0,-35.0,3.25,16.0,3.25,93064.0,0x683f
1679503063.319649,8888.0,2540.0,916.0,186.8125,-5.3125,32.625,88.0,-662.0,987.0,187.0,-141.0,162.0,12.75,91.125,6.0,93064.0,0x683f
1679503063.401294,8820.0,2357.0,920.0,189.125,-14.125,31.9375,-103.0,-736.0,835.0,161.0,-264.0,-11.0,38.8125,179.125,23.5625,93082.25,0x683f
1679503063.479139,8788.0,2927.0,778.0,191.4375,-29.0,29.4375,-380.0,-649.0,607.0,94.0,-227.0,-139.0,70.4375,136.375,34.3125,93082.25,0x683f
1679503063.559284,8725.0,3156.0,614.0,193.9375,-35.1875,25.4375,-353.0,-479.0,609.0,208.0,-115.0,-94.0,63.375,47.0,-9.9375,93082.25,0x683f
1679503063.6300359,8689.0,2889.0,926.0,197.625,-36.875,23.375,-515.0,-408.0,564.0,90.0,-42.0,-158.0,51.125,9.75,-50.0625,93082.25,0x683f
1679503063.698095,8704.0,2854.0,909.0,204.125,-32.75,23.4375,-599.0,-292.0,602.0,-170.0,38.0,-181.0,32.1875,-66.375,-100.9375,93082.25,0x683f
1679503063.762301,8694.0,2841.0,557.0,209.4375,-24.75,23.75,-498.0,-248.0,735.0,-107.0,85.0,-26.0,10.875,-110.25,-100.1875,93081.75,0x683f
1679503063.827352,8576.0,2925.0,947.0,213.5,-18.75,24.6875,-481.0,-438.0,788.0,-177.0,50.0,-51.0,-4.6875,-54.75,-60.5625,93081.75,0x683f
1679503063.891432,8676.0,3106.0,808.0,215.4375,-15.75,25.4375,-331.0,-327.0,849.0,-62.0,71.0,-4.0,-13.25,-13.625,-19.3125,93081.75,0x683f
1679503063.960118,8612.0,2975.0,579.0,216.375,-15.625,26.875,-250.0,-422.0,881.0,-87.0,-37.0,24.0,-16.0625,52.0,3.5,93081.75,0x683f
1679503064.0268888,8407.0,2737.0,569.0,216.5625,-17.9375,27.8125,-347.0,-519.0,969.0,21.0,-50.0,163.0,2.5,26.4375,6.375,93081.75,0x683f
1679503064.089633,8471.0,2917.0,819.0,216.4375,-20.375,27.5,-429.0,-400.0,849.0,-67.0,64.0,3.0,7.25,16.25,21.0,93081.75,0x683f
1679503064.1528919,8432.0,2878.0,737.0,215.3125,-21.8125,26.9375,-244.0,-409.0,904.0,120.0,3.0,92.0,-1.5,19.625,18.0625,93075.5,0x683f
1679503064.214207,8368.0,2654.0,647.0,214.5625,-23.3125,26.8125,-415.0,-428.0,790.0,-11.0,-17.0,-9.0,-3.0,13.875,16.875,93075.5,0x683f
1679503064.278373,8330.0,2586.0,802.0,213.6875,-23.75,26.75,-361.0,-440.0,789.0,-12.0,-33.0,-32.0,-6.6875,-0.4375,19.625,93075.5,0x683f
1679503064.346407,8387.0,2987.0,412.0,212.125,-23.625,26.6875,-326.0,-411.0,763.0,66.0,-6.0,-38.0,-10.0,-22.1875,7.375,93075.5,0x683f
1679503064.413834,8550.0,2970.0,309.0,212.4375,-22.6875,27.0,-322.0,-473.0,799.0,53.0,-60.0,-6.0,-14.5,-20.1875,-0.875,93075.5,0x683f
1679503064.478338,8553.0,2976.0,290.0,213.875,-21.25,27.625,-246.0,-484.0,864.0,105.0,-58.0,54.0,-9.9375,-30.125,0.0625,93075.5,0x683f
1679503064.5418298,8429.0,2940.0,418.0,214.6875,-20.75,28.125,-278.0,-470.0,823.0,69.0,-37.0,15.0,-6.1875,5.5625,-5.9375,93075.5,0x683f
1679503064.6090162,8523.0,2941.0,290.0,216.3125,-21.0625,28.625,-291.0,-496.0,822.0,62.0,-57.0,20.0,-1.75,7.375,-4.875,93075.5,0x683f
1679503064.6761432,8398.0,2840.0,630.0,218.3125,-22.25,28.8125,-339.0,-505.0,855.0,0.0,-69.0,46.0,12.25,36.9375,1.75,93075.5,0x683f
1679503064.739434,8125.0,2624.0,670.0,219.75,-24.125,28.0,-349.0,-507.0,863.0,58.0,-92.0,74.0,31.5625,46.9375,4.25,93075.5,0x683f
1679503064.8099961,8352.0,2821.0,1015.0,221.6875,-27.875,26.0,-540.0,-378.0,845.0,-73.0,-5.0,68.0,42.875,62.0625,11.5,93075.5,0x683f
1679503064.875943,8482.0,2921.0,953.0,223.125,-31.4375,23.625,-401.0,-181.0,665.0,119.0,154.0,-107.0,28.25,25.3125,12.75,93075.5,0x683f
1679503064.939305,8460.0,2896.0,956.0,224.25,-31.5625,23.0,-308.0,-332.0,694.0,201.0,-1.0,-74.0,-13.125,-18.8125,-25.75,93069.25,0x683f
1679503065.0018299,8543.0,2942.0,984.0,225.75,-31.4375,25.5,-602.0,-519.0,635.0,-90.0,-158.0,-119.0,-21.0625,15.125,-9.8125,93069.25,0x683f
1679503065.065483,8534.0,2973.0,926.0,225.875,-30.9375,26.125,-538.0,-502.0,780.0,-36.0,-124.0,43.0,-2.5,1.375,12.9375,93069.25,0x683f
1679503065.129209,8897.0,3322.0,737.0,226.5625,-32.125,25.5,-502.0,-424.0,807.0,24.0,-69.0,59.0,21.3125,33.0625,10.9375,93069.25,0x683f
1679503065.203155,8338.0,2875.0,1005.0,227.3125,-34.25,23.6875,-520.0,-331.0,815.0,-19.0,0.0,37.0,33.0,42.1875,11.5,93069.25,0x683f
1679503065.26689,8571.0,2991.0,624.0,227.625,-37.1875,21.625,-804.0,-163.0,676.0,-207.0,119.0,-48.0,19.25,20.4375,28.75,93076.5,0x683f
1679503065.3272479,8719.0,3013.0,893.0,226.0625,-39.3125,19.5625,-889.0,-152.0,609.0,-262.0,96.0,-103.0,-8.75,10.375,72.1875,93076.5,0x683f
1679503065.389483,8626.0,3073.0,682.0,221.4375,-40.8125,16.8125,-679.0,-99.0,620.0,-35.0,108.0,-90.0,-26.75,-3.0625,88.8125,93076.5,0x683f
1679503065.451343,8805.0,3143.0,675.0,214.9375,-43.0625,14.125,-523.0,-71.0,638.0,146.0,103.0,-55.0,-47.125,50.4375,79.625,93076.5,0x683f
1679503065.513572,8981.0,3135.0,721.0,210.0,-47.6875,14.5,-621.0,-110.0,548.0,103.0,54.0,-89.0,-67.125,71.5,47.1875,93076.5,0x683f
1679503065.575326,8679.0,2878.0,936.0,206.6875,-51.5625,17.875,-609.0,-236.0,539.0,166.0,-49.0,-32.0,-76.125,44.0,11.3125,93076.5,0x683f
1679503065.639999,9129.0,2889.0,789.0,205.125,-53.5625,23.3125,-676.0,-354.0,537.0,112.0,-114.0,7.0,-63.5625,12.6875,-23.25,93077.5,0x683f
1679503065.7033138,8911.0,2597.0,847.0,205.375,-53.5625,30.375,-729.0,-501.0,559.0,59.0,-206.0,57.0,-45.1875,24.625,-37.4375,93077.5,0x683f
1679503065.7681558,8814.0,2510.0,786.0,206.625,-52.625,35.4375,-682.0,-524.0,522.0,97.0,-173.0,38.0,-27.8125,-11.9375,-44.125,93077.5,0x683f
1679503065.833187,9054.0,2862.0,699.0,208.5,-49.375,38.625,-681.0,-617.0,524.0,63.0,-219.0,25.0,-11.3125,-43.6875,-41.1875,93077.5,0x683f
1679503065.896961,8988.0,2801.0,691.0,209.6875,-46.375,39.375,-596.0,-557.0,509.0,113.0,-128.0,-13.0,-9.4375,-14.6875,-29.3125,93077.5,0x683f
1679503065.961241,8985.0,2691.0,912.0,210.5,-44.4375,40.0625,-592.0,-597.0,565.0,91.0,-144.0,27.0,-8.4375,-22.25,-8.125,93077.5,0x683f
1679503066.028197,9016.0,2694.0,870.0,210.3125,-43.75,40.125,-552.0,-606.0,606.0,126.0,-150.0,65.0,2.0,17.1875,5.3125,93076.5,0x683f
1679503066.097831,8729.0,2216.0,863.0,210.6875,-45.875,41.4375,-616.0,-487.0,482.0,74.0,-24.0,-21.0,-0.3125,63.8125,4.5625,93076.5,0x683f
1679503066.162828,8579.0,2184.0,876.0,211.5625,-48.9375,44.125,-812.0,-512.0,419.0,-73.0,-63.0,-42.0,2.9375,5.1875,2.625,93076.5,0x683f
1679503066.227307,8624.0,2126.0,741.0,211.0,-48.875,43.8125,-707.0,-534.0,480.0,32.0,-88.0,15.0,-1.0625,3.5,8.125,93076.5,0x683f
1679503066.297431,8403.0,2129.0,825.0,210.3125,-49.5,43.6875,-716.0,-514.0,430.0,47.0,-62.0,-10.0,-1.0,3.4375,10.75,93076.5,0x683f
1679503066.366924,8220.0,2193.0,769.0,209.0625,-50.0625,42.9375,-751.0,-509.0,438.0,1.0,-80.0,-21.0,3.5,-20.3125,14.0625,93076.5,0x683f
1679503066.4337192,8195.0,2254.0,830.0,207.6875,-50.0,41.125,-700.0,-546.0,575.0,26.0,-121.0,85.0,11.875,7.875,21.8125,93075.75,0x683f
1679503066.502254,8916.0,2824.0,688.0,206.75,-51.8125,39.0625,-756.0,-427.0,544.0,6.0,-63.0,73.0,19.875,13.3125,29.875,93075.75,0x683f
1679503066.5708318,8825.0,2749.0,877.0,205.6875,-53.5,35.9375,-800.0,-447.0,518.0,-10.0,-115.0,46.0,24.25,-4.4375,29.625,93075.75,0x683f
1679503066.6410491,8894.0,2793.0,735.0,204.6875,-54.125,32.375,-769.0,-356.0,506.0,10.0,-62.0,14.0,31.125,8.375,32.625,93075.75,0x683f
1679503066.706246,9264.0,3030.0,960.0,203.3125,-55.3125,26.6875,-761.0,-389.0,538.0,65.0,-145.0,40.0,37.625,-14.1875,34.8125,93075.75,0x683f
1679503066.7676768,8884.0,3068.0,473.0,202.5,-55.9375,21.3125,-765.0,-344.0,545.0,48.0,-153.0,34.0,48.75,8.875,35.0625,93075.75,0x683f
1679503066.830233,9018.0,3006.0,891.0,202.125,-57.0,15.5,-770.0,-272.0,519.0,67.0,-133.0,7.0,61.125,0.75,30.875,93073.5,0x683f
1679503066.8918898,8888.0,3091.0,724.0,202.625,-56.9375,8.75,-683.0,-209.0,538.0,142.0,-126.0,8.0,62.0625,-8.625,15.8125,93073.5,0x683f
1679503066.95558,8600.0,2978.0,838.0,204.75,-56.75,4.125,-665.0,-156.0,533.0,149.0,-108.0,-10.0,64.375,1.625,-7.125,93073.5,0x683f
1679503067.027294,8464.0,2999.0,785.0,207.25,-56.6875,2.4375,-633.0,-83.0,498.0,186.0,-61.0,-39.0,60.3125,-1.6875,-31.8125,93073.5,0x683f
1679503067.0983381,8612.0,2914.0,1021.0,213.125,-57.0625,3.6875,-629.0,-7.0,465.0,192.0,31.0,-68.0,46.25,23.4375,-63.8125,93073.5,0x683f
1679503067.162004,8961.0,3184.0,838.0,219.6875,-59.0625,9.1875,-810.0,5.0,395.0,30.0,85.0,-102.0,32.625,39.3125,-80.125,93069.0,0x683f
1679503067.2235699,8755.0,3380.0,554.0,225.4375,-59.25,16.125,-882.0,-48.0,398.0,-39.0,91.0,-82.0,7.5625,13.5,-79.4375,93069.0,0x683f
1679503067.289568,8312.0,3018.0,730.0,231.1875,-58.875,24.0,-978.0,-89.0,416.0,-188.0,28.0,-47.0,7.875,23.5625,-64.5625,93069.0,0x683f
1679503067.35402,8609.0,3352.0,836.0,234.5,-58.1875,28.4375,-1063.0,-287.0,382.0,-198.0,-24.0,-72.0,9.5625,-14.125,-37.25,93069.0,0x683f
1679503067.4192379,8601.0,3297.0,779.0,236.1875,-56.0,28.9375,-904.0,-234.0,414.0,-95.0,32.0,-72.0,8.0,-52.125,-18.25,93069.0,0x683f
1679503067.485436,8640.0,3308.0,791.0,236.3125,-52.6875,27.3125,-803.0,-265.0,456.0,-17.0,11.0,-85.0,-8.1875,-66.5625,6.5625,93069.0,0x683f
1679503067.55347,8653.0,3308.0,762.0,234.5625,-48.125,24.625,-653.0,-264.0,638.0,86.0,0.0,57.0,-8.6875,-60.625,3.625,93078.75,0x683f
1679503067.6186628,8691.0,3293.0,774.0,233.6875,-45.8125,23.8125,-682.0,-306.0,591.0,57.0,-46.0,-10.0,-9.0625,-43.375,0.9375,93078.75,0x683f
1679503067.682307,8711.0,3328.0,743.0,233.0,-43.875,23.25,-616.0,-279.0,705.0,67.0,-4.0,63.0,-10.8125,-21.6875,2.0625,93078.75,0x683f
1679503067.747533,8699.0,3322.0,782.0,232.9375,-43.375,23.5,-584.0,-323.0,783.0,96.0,-58.0,122.0,-0.9375,27.8125,2.75,93078.75,0x683f
1679503067.811237,8613.0,3220.0,869.0,233.8125,-45.6875,24.125,-684.0,-291.0,674.0,10.0,-35.0,42.0,3.75,51.9375,3.9375,93078.75,0x683f
1679503067.8798358,8536.0,3132.0,890.0,235.375,-47.9375,24.6875,-747.0,-291.0,622.0,-16.0,-36.0,2.0,4.6875,27.125,3.375,93078.75,0x683f
1679503067.947632,8614.0,3258.0,815.0,236.25,-49.375,24.875,-741.0,-295.0,587.0,6.0,-34.0,8.0,3.625,8.0625,-0.5,93072.75,0x683f
1679503068.008172,8649.0,3277.0,876.0,237.125,-49.625,24.9375,-733.0,-298.0,591.0,10.0,-37.0,25.0,4.25,4.125,-1.3125,93072.75,0x683f
1679503068.069933,8603.0,3196.0,716.0,237.9375,-49.6875,24.9375,-732.0,-378.0,622.0,14.0,-112.0,44.0,12.75,3.375,2.25,93072.75,0x683f
1679503068.131357,8850.0,3328.0,743.0,239.375,-49.375,23.4375,-730.0,-276.0,600.0,13.0,-23.0,14.0,19.8125,-21.0625,0.1875,93072.75,0x683f
1679503068.194803,8480.0,3169.0,669.0,240.1875,-48.0625,21.625,-692.0,-209.0,632.0,13.0,49.0,1.0,16.9375,-16.5,3.375,93072.75,0x683f
1679503068.259559,8488.0,3104.0,485.0,240.1875,-46.875,19.9375,-798.0,-213.0,636.0,-85.0,11.0,1.0,20.125,-36.5,5.8125,93072.75,0x683f
1679503068.329708,8792.0,3015.0,793.0,239.75,-45.6875,16.8125,-848.0,-101.0,625.0,-158.0,115.0,-33.0,16.25,0.5625,42.6875,93074.75,0x683f
1679503068.393823,8793.0,3058.0,869.0,236.0,-46.5,12.5625,-815.0,46.0,582.0,-103.0,193.0,-76.0,-20.0625,-16.25,73.375,93074.75,0x683f
1679503068.455402,8808.0,3221.0,690.0,230.6875,-46.875,9.5625,-648.0,42.0,569.0,71.0,149.0,-87.0,-46.0,23.9375,81.125,93074.75,0x683f
1679503068.520494,8565.0,2844.0,776.0,225.0,-49.0625,8.0,-753.0,62.0,484.0,-9.0,151.0,-148.0,-64.6875,16.125,64.1875,93074.75,0x683f
1679503068.59308,8957.0,3246.0,1097.0,219.0625,-49.3125,8.8125,-708.0,-49.0,536.0,35.0,52.0,-94.0,-80.1875,-9.5625,43.8125,93074.75,0x683f
1679503068.658735,8646.0,2890.0,795.0,214.0625,-48.6875,11.6875,-667.0,-240.0,561.0,66.0,-101.0,-73.0,-87.25,-34.8125,18.4375,93074.75,0x683f
1679503068.721727,8751.0,2662.0,1053.0,210.6875,-46.1875,16.375,-558.0,-341.0,609.0,149.0,-149.0,-41.0,-83.75,-34.25,-7.0625,93083.5,0x683f
1679503068.784269,8842.0,2795.0,817.0,209.375,-43.1875,21.125,-496.0,-468.0,638.0,173.0,-210.0,-27.0,-77.4375,-69.125,-31.8125,93083.5,0x683f
1679503068.850029,8955.0,2754.0,729.0,209.375,-38.5,25.8125,-422.0,-601.0,690.0,176.0,-253.0,-2.0,-66.125,-75.125,-53.25,93083.5,0x683f
1679503068.91396,9151.0,2997.0,511.0,210.9375,-33.0625,31.0625,-382.0,-718.0,677.0,153.0,-293.0,-25.0,-52.5625,-38.25,-58.1875,93083.5,0x683f
1679503068.975002,9061.0,2694.0,453.0,212.25,-29.9375,33.875,-338.0,-701.0,876.0,96.0,-227.0,118.0,-21.6875,-1.3125,-23.1875,93083.5,0x683f
1679503069.040915,8909.0,2586.0,602.0,213.0,-30.625,35.375,-431.0,-609.0,728.0,71.0,-119.0,44.0,-11.3125,23.25,-3.5625,93083.5,0x683f
1679503069.1032279,9282.0,2678.0,948.0,213.375,-32.625,36.6875,-488.0,-563.0,679.0,40.0,-70.0,16.0,-2.375,56.75,10.4375,93072.5,0x683f
1679503069.162787,9183.0,2574.0,971.0,213.4375,-34.4375,37.1875,-506.0,-531.0,682.0,70.0,-56.0,54.0,-0.6875,10.8125,8.4375,93072.5,0x683f
1679503069.2225611,9024.0,2740.0,1076.0,213.1875,-35.375,37.25,-558.0,-551.0,605.0,9.0,-67.0,-30.0,1.4375,9.0,5.6875,93072.5,0x683f
1679503069.284323,8919.0,2594.0,1127.0,212.6875,-35.5625,36.8125,-442.0,-569.0,645.0,128.0,-72.0,-18.0,1.8125,-5.6875,11.5625,93072.5,0x683f
1679503069.3470268,8765.0,2524.0,840.0,211.9375,-35.5625,36.25,-512.0,-585.0,632.0,49.0,-89.0,-16.0,2.8125,-22.8125,12.5625,93072.5,0x683f
1679503069.4098508,8801.0,2589.0,491.0,210.0625,-34.6875,34.75,-472.0,-519.0,669.0,82.0,-62.0,2.0,4.625,-43.8125,20.875,93072.5,0x683f
1679503069.470596,8837.0,2739.0,561.0,207.25,-33.125,32.4375,-471.0,-458.0,701.0,64.0,-17.0,9.0,9.375,-37.75,19.1875,93077.0,0x683f
1679503069.534806,8611.0,2545.0,514.0,205.375,-31.0625,30.3125,-522.0,-341.0,656.0,-15.0,82.0,-68.0,2.8125,-91.5,12.8125,93077.0,0x683f
1679503069.599226,8761.0,2644.0,537.0,202.8125,-26.6875,28.8125,-391.0,-405.0,627.0,38.0,18.0,-144.0,-15.3125,-87.5625,8.125,93077.0,0x683f
1679503069.662864,8942.0,2838.0,649.0,200.4375,-22.1875,29.0,-193.0,-527.0,736.0,177.0,-87.0,-57.0,-26.25,-56.8125,-4.0,93077.0,0x683f
1679503069.726052,9003.0,2866.0,658.0,199.25,-19.75,30.0,-135.0,-603.0,889.0,242.0,-158.0,132.0,-20.0,-28.0625,-6.75,93077.0,0x683f
1679503069.7967098,9071.0,2779.0,622.0,198.75,-20.0625,30.8125,-264.0,-534.0,775.0,75.0,-61.0,-13.0,-5.8125,19.3125,-0.75,93077.0,0x683f
1679503069.8760629,9103.0,2731.0,586.0,198.625,-21.0,31.6875,-418.0,-483.0,676.0,-53.0,5.0,-92.0,-10.8125,-5.375,-6.1875,93073.0,0x683f
1679503069.946552,9040.0,2804.0,665.0,198.0,-19.3125,32.625,-198.0,-499.0,826.0,73.0,0.0,58.0,-19.75,-27.4375,-9.5,93073.0,0x683f
1679503070.0135,9074.0,2764.0,609.0,197.9375,-17.875,33.875,-342.0,-595.0,810.0,-42.0,-72.0,37.0,-14.3125,-8.75,-9.1875,93073.0,0x683f
1679503070.0814972,9061.0,2736.0,624.0,197.6875,-17.375,34.625,-304.0,-603.0,754.0,-10.0,-70.0,-14.0,-4.3125,1.5,-2.25,93073.0,0x683f
1679503070.153177,9029.0,2935.0,707.0,197.625,-17.4375,34.8125,-223.0,-592.0,722.0,71.0,-57.0,-44.0,-2.5,1.0,1.875,93073.0,0x683f
1679503070.219349,9011.0,2898.0,632.0,196.875,-18.5625,35.1875,-339.0,-593.0,796.0,-24.0,-54.0,16.0,1.625,30.875,3.875,93071.25,0x683f
1679503070.283942,8984.0,2908.0,629.0,197.0,-20.4375,35.25,-264.0,-617.0,759.0,51.0,-77.0,-36.0,8.5625,52.5,10.8125,93071.25,0x683f
1679503070.355192,8917.0,2940.0,474.0,197.375,-23.75,35.0,-348.0,-713.0,774.0,46.0,-198.0,39.0,20.8125,32.125,15.875,93071.25,0x683f
1679503070.427677,9077.0,2965.0,443.0,196.5625,-25.75,33.375,-399.0,-697.0,825.0,40.0,-206.0,71.0,37.5625,27.6875,20.25,93071.25,0x683f
1679503070.4901829,8777.0,2803.0,686.0,196.4375,-27.375,29.6875,-323.0,-666.0,777.0,143.0,-238.0,17.0,57.25,10.125,16.875,93071.25,0x683f
1679503070.5518131,8888.0,2846.0,660.0,196.8125,-28.5,25.8125,-265.0,-560.0,751.0,203.0,-185.0,-23.0,69.875,24.4375,2.875,93071.25,0x683f
1679503070.612742,8820.0,2779.0,646.0,198.375,-29.625,22.25,-358.0,-532.0,772.0,126.0,-209.0,-15.0,69.25,16.25,-12.0625,93079.5,0x683f
1679503070.6729212,8773.0,3059.0,563.0,201.25,-29.6875,18.4375,-366.0,-431.0,672.0,123.0,-146.0,-138.0,70.125,4.75,-30.8125,93079.5,0x683f
1679503070.739081,8764.0,2949.0,923.0,204.625,-28.8125,15.9375,-400.0,-351.0,659.0,60.0,-110.0,-177.0,56.8125,-3.1875,-51.0625,93079.5,0x683f
1679503070.803235,8528.0,2933.0,823.0,208.625,-27.9375,14.5,-432.0,-214.0,601.0,27.0,3.0,-236.0,43.625,-4.375,-60.3125,93079.5,0x683f
1679503070.8643122,8639.0,2887.0,917.0,212.9375,-26.625,14.4375,-342.0,-107.0,637.0,98.0,112.0,-210.0,17.0625,20.0625,-76.0625,93079.5,0x683f
1679503070.929526,8712.0,2919.0,1013.0,218.5625,-27.0,16.5,-551.0,-123.0,629.0,-111.0,135.0,-219.0,-0.25,27.25,-74.9375,93079.5,0x683f
1679503070.995598,8789.0,3187.0,757.0,222.8125,-27.125,19.3125,-550.0,-180.0,713.0,-144.0,175.0,-121.0,-13.0,46.3125,-59.9375,93079.5,0x683f
1679503071.060886,8602.0,3073.0,802.0,226.0,-28.25,22.875,-598.0,-129.0,711.0,-131.0,213.0,-79.0,-32.8125,31.0,-42.3125,93079.5,0x683f
1679503071.1288478,8578.0,3064.0,871.0,228.3125,-28.5625,27.8125,-551.0,-380.0,840.0,-79.0,-24.0,127.0,-35.875,13.9375,-26.125,93079.5,0x683f
1679503071.1977642,8460.0,2862.0,711.0,229.1875,-29.0,29.8125,-508.0,-490.0,905.0,-70.0,-65.0,168.0,-7.375,21.25,-4.6875,93079.5,0x683f
1679503071.2618089,8706.0,3117.0,770.0,229.3125,-29.625,30.3125,-411.0,-475.0,852.0,73.0,-45.0,116.0,-1.9375,5.625,1.25,93079.5,0x683f
1679503071.328516,8696.0,3060.0,736.0,229.4375,-30.25,30.5,-464.0,-448.0,745.0,4.0,-37.0,44.0,-2.625,1.875,1.8125,93079.5,0x683f
1679503071.392748,8706.0,3091.0,725.0,229.0625,-30.0625,30.4375,-477.0,-472.0,783.0,20.0,-26.0,47.0,-0.8125,-13.625,6.125,93077.5,0x683f
1679503071.457189,8701.0,3056.0,795.0,228.4375,-29.4375,30.0625,-471.0,-421.0,762.0,29.0,2.0,36.0,-2.375,-21.75,4.625,93077.5,0x683f
1679503071.521325,8707.0,3057.0,709.0,228.25,-28.5625,29.8125,-431.0,-437.0,713.0,34.0,0.0,-37.0,0.5,-15.75,-9.125,93077.5,0x683f
1679503071.5909681,8664.0,3031.0,738.0,228.4375,-27.125,29.875,-391.0,-497.0,818.0,79.0,-37.0,64.0,-0.375,-12.3125,-1.25,93077.5,0x683f
1679503071.6563451,8586.0,3085.0,885.0,228.375,-27.0625,29.75,-401.0,-422.0,757.0,45.0,12.0,0.0,0.1875,4.6875,2.0,93077.5,0x683f
1679503071.7195442,8680.0,3046.0,767.0,229.625,-27.1875,29.75,-416.0,-454.0,791.0,33.0,-22.0,34.0,2.6875,5.4375,2.375,93080.0,0x683f
1679503071.7852201,8659.0,3068.0,726.0,230.8125,-27.75,29.4375,-400.0,-454.0,789.0,56.0,-26.0,34.0,6.0,11.4375,3.8125,93080.0,0x683f
1679503071.849565,8492.0,2778.0,551.0,232.0,-28.5,29.0,-421.0,-455.0,828.0,47.0,-37.0,75.0,13.0,15.5625,5.9375,93080.0,0x683f
1679503071.913867,8609.0,3072.0,612.0,234.5625,-29.4375,28.375,-450.0,-424.0,769.0,34.0,-19.0,29.0,13.8125,18.9375,2.375,93080.0,0x683f
1679503071.979321,8521.0,3059.0,750.0,236.375,-30.375,27.875,-439.0,-405.0,765.0,31.0,-7.0,10.0,13.0,25.5625,-3.0,93080.0,0x683f
1679503072.045836,8702.0,3316.0,770.0,237.875,-31.375,27.5,-489.0,-440.0,747.0,10.0,-40.0,-6.0,12.25,11.3125,-2.875,93080.0,0x683f
1679503072.10912,8607.0,3202.0,752.0,239.5625,-32.0,27.1875,-496.0,-402.0,727.0,25.0,-24.0,-10.0,11.0625,14.375,4.25,93086.0,0x683f
1679503072.173184,8580.0,3213.0,793.0,240.3125,-33.4375,26.6875,-421.0,-428.0,793.0,120.0,-60.0,63.0,19.625,37.6875,5.0,93086.0,0x683f
1679503072.237563,8291.0,2997.0,919.0,241.5625,-35.3125,26.25,-484.0,-375.0,670.0,84.0,-33.0,-35.0,14.125,35.875,2.9375,93086.0,0x683f
1679503072.29823,8559.0,3146.0,909.0,242.625,-37.625,25.6875,-602.0,-292.0,672.0,2.0,40.0,-23.0,26.5625,47.5625,8.375,93086.0,0x683f
1679503072.3585489,8636.0,3200.0,829.0,243.25,-40.4375,25.0625,-707.0,-290.0,621.0,-64.0,23.0,-49.0,15.5625,50.75,6.5,93086.0,0x683f
1679503072.420626,8544.0,3172.0,803.0,243.375,-42.5625,24.4375,-868.0,-271.0,591.0,-200.0,22.0,-62.0,12.5,26.0,28.0625,93086.0,0x683f
1679503072.485417,8629.0,3047.0,946.0,241.5625,-44.375,21.875,-944.0,-117.0,522.0,-258.0,144.0,-126.0,-6.875,-18.8125,56.0,93074.25,0x683f
1679503072.5553432,8863.0,3061.0,868.0,236.9375,-44.375,19.0625,-882.0,-82.0,498.0,-196.0,141.0,-165.0,-49.0625,-31.0625,87.5625,93074.25,0x683f
1679503072.618745,8877.0,3225.0,739.0,229.3125,-43.875,16.6875,-733.0,-117.0,527.0,-54.0,83.0,-151.0,-79.8125,-39.75,98.8125,93074.25,0x683f
1679503072.682289,8945.0,2942.0,694.0,219.875,-43.375,15.9375,-640.0,-128.0,532.0,33.0,67.0,-152.0,-99.4375,-30.6875,93.1875,93074.25,0x683f
1679503072.7446442,8928.0,2903.0,700.0,212.375,-43.125,17.0625,-648.0,-235.0,586.0,22.0,-24.0,-97.0,-105.25,-33.125,69.75,93074.25,0x683f
1679503072.812887,8871.0,2877.0,878.0,206.0625,-41.875,19.1875,-593.0,-371.0,639.0,73.0,-133.0,-42.0,-96.5625,-47.125,52.8125,93074.25,0x683f
1679503072.879354,8781.0,2881.0,821.0,200.0,-40.125,21.75,-556.0,-485.0,693.0,72.0,-201.0,-3.0,-77.5625,-45.0625,37.5,93066.5,0x683f
1679503072.9451818,8808.0,2953.0,663.0,195.9375,-38.125,24.125,-431.0,-522.0,728.0,165.0,-195.0,12.0,-58.8125,-39.75,13.25,93066.5,0x683f
1679503073.0093539,8472.0,2623.0,247.0,194.125,-35.75,26.375,-379.0,-591.0,705.0,187.0,-231.0,-9.0,-47.25,-51.5,-8.6875,93066.5,0x683f
1679503073.07256,8855.0,2707.0,799.0,193.5,-32.8125,28.5,-357.0,-619.0,744.0,173.0,-226.0,20.0,-25.0,-27.625,-14.8125,93066.5,0x683f
1679503073.1351879,8830.0,2645.0,876.0,193.9375,-31.625,30.125,-390.0,-559.0,734.0,104.0,-120.0,3.0,-20.875,3.6875,-18.625,93066.5,0x683f
1679503073.200811,9094.0,2892.0,774.0,194.625,-30.75,31.8125,-412.0,-577.0,772.0,86.0,-129.0,56.0,-14.625,-18.375,-16.4375,93066.5,0x683f
1679503073.26846,9219.0,3181.0,763.0,194.9375,-30.5625,32.6875,-544.0,-569.0,710.0,-22.0,-100.0,-8.0,-2.5625,15.9375,3.75,93072.0,0x683f
1679503073.33491,8916.0,2907.0,854.0,194.9375,-31.625,32.8125,-431.0,-510.0,736.0,82.0,-57.0,35.0,8.0,23.75,1.625,93072.0,0x683f
1679503073.403202,8710.0,2605.0,941.0,194.9375,-31.9375,32.4375,-701.0,-480.0,607.0,-190.0,-34.0,-101.0,11.625,-80.0,-5.9375,93072.0,0x683f
1679503073.4738219,8950.0,2619.0,844.0,193.3125,-27.8125,30.375,-330.0,-525.0,836.0,127.0,-85.0,88.0,11.4375,-41.6875,5.6875,93072.0,0x683f
1679503073.5383449,8243.0,2332.0,590.0,192.9375,-28.6875,28.5,-309.0,-663.0,856.0,145.0,-252.0,77.0,46.4375,60.6875,13.625,93072.0,0x683f
1679503073.599839,8456.0,2519.0,649.0,193.5,-32.625,26.0625,-364.0,-563.0,854.0,178.0,-209.0,118.0,62.625,98.3125,14.8125,93072.0,0x683f
1679503073.660505,8893.0,2935.0,914.0,195.1875,-41.6875,23.4375,-571.0,-455.0,624.0,80.0,-164.0,-47.0,71.375,180.125,32.0,93069.5,0x683f
1679503073.722197,9148.0,3042.0,846.0,196.1875,-50.25,21.625,-742.0,-348.0,470.0,28.0,-128.0,-94.0,67.875,152.75,38.1875,93069.5,0x683f
1679503073.784246,8716.0,2605.0,1028.0,196.875,-58.0625,18.4375,-761.0,-272.0,434.0,82.0,-111.0,-54.0,67.375,111.375,40.9375,93069.5,0x683f
1679503073.8489869,8580.0,2610.0,772.0,197.75,-65.375,12.3125,-863.0,-163.0,326.0,75.0,-65.0,-44.0,75.375,69.8125,32.0625,93069.5,0x683f
1679503073.912954,9154.0,3139.0,790.0,199.4375,-69.125,5.375,-804.0,-82.0,310.0,105.0,-30.0,-30.0,82.5,59.625,19.5,93069.5,0x683f
1679503073.97667,9299.0,3387.0,723.0,202.125,-72.5,-1.6875,-832.0,-17.0,259.0,110.0,-24.0,-37.0,88.75,46.6875,3.375,93069.5,0x683f
1679503074.043187,8702.0,2875.0,752.0,206.75,-75.75,-8.375,-892.0,11.0,190.0,59.0,-24.0,-40.0,88.1875,43.875,-13.0625,93073.0,0x683f
1679503074.110091,8845.0,2966.0,809.0,212.9375,-78.125,-9.5,-946.0,-65.0,202.0,12.0,-98.0,3.0,95.0625,39.4375,-22.9375,93073.0,0x683f
1679503074.189583,8654.0,2956.0,777.0,220.5625,-78.9375,-5.5625,-881.0,86.0,148.0,101.0,77.0,-30.0,93.125,-29.875,-50.6875,93073.0,0x683f
1679503074.258742,8995.0,3286.0,692.0,230.625,-75.5625,9.625,-931.0,18.0,131.0,18.0,59.0,-108.0,64.5,-75.0625,-76.0625,93073.0,0x683f
1679503074.3226502,8870.0,3112.0,655.0,237.875,-69.125,17.625,-941.0,-18.0,247.0,-101.0,69.0,-119.0,34.25,-76.0,-69.8125,93073.0,0x683f
1679503074.387976,8770.0,3064.0,745.0,242.125,-63.25,21.5625,-1003.0,-125.0,314.0,-157.0,24.0,-104.0,6.25,-70.9375,-53.25,93073.75,0x683f
1679503074.455782,8719.0,3144.0,823.0,244.1875,-56.5,21.875,-857.0,-146.0,494.0,-39.0,55.0,-7.0,1.5,-109.625,-39.75,93073.75,0x683f
1679503074.5218189,8543.0,3051.0,843.0,245.5625,-48.125,21.5,-673.0,-163.0,637.0,66.0,48.0,20.0,-11.5625,-115.6875,-35.9375,93073.75,0x683f
1679503074.5875552,8496.0,3090.0,703.0,245.9375,-42.0,22.125,-660.0,-291.0,683.0,19.0,-24.0,25.0,-17.625,-64.75,-19.375,93073.75,0x683f
1679503074.6514418,8638.0,3266.0,669.0,245.9375,-38.875,22.6875,-547.0,-306.0,754.0,61.0,-7.0,45.0,-20.0,-53.0625,-14.25,93073.75,0x683f
1679503074.720129,8668.0,3214.0,451.0,246.5,-36.0625,24.1875,-546.0,-351.0,748.0,35.0,-25.0,24.0,-16.1875,-16.1875,-11.9375,93073.75,0x683f
1679503074.783375,8980.0,3478.0,461.0,246.6875,-34.8125,25.0625,-535.0,-381.0,804.0,23.0,-29.0,82.0,-7.375,-17.125,-7.3125,93072.75,0x683f
1679503074.848607,8264.0,2817.0,671.0,246.8125,-34.25,25.4375,-581.0,-342.0,768.0,-20.0,15.0,44.0,-2.4375,-3.875,-0.5625,93072.75,0x683f
1679503074.9106848,8279.0,2833.0,692.0,246.625,-33.8125,25.4375,-491.0,-334.0,778.0,45.0,13.0,31.0,-2.75,-4.625,2.625,93072.75,0x683f
1679503074.97491,8328.0,2849.0,650.0,246.3125,-33.5625,25.5,-505.0,-371.0,758.0,32.0,-23.0,25.0,-4.5625,-5.3125,1.625,93072.75,0x683f
1679503075.041006,8320.0,2883.0,668.0,246.0625,-33.4375,25.5,-519.0,-365.0,796.0,26.0,-9.0,47.0,-1.75,0.375,3.625,93072.75,0x683f
1679503075.1125739,8305.0,2860.0,680.0,245.875,-33.3125,25.375,-492.0,-361.0,773.0,43.0,-9.0,38.0,-1.8125,3.3125,2.0625,93072.75,0x683f
1679503075.180018,8754.0,3284.0,483.0,245.875,-33.375,25.5625,-512.0,-359.0,759.0,28.0,-7.0,25.0,-3.125,4.25,-0.9375,93069.25,0x683f
1679503075.243958,8334.0,2889.0,638.0,247.0625,-33.5,25.9375,-515.0,-356.0,749.0,26.0,1.0,14.0,-3.0625,12.5,-2.5625,93069.25,0x683f
1679503075.310127,8312.0,2870.0,685.0,249.25,-33.75,26.3125,-495.0,-354.0,779.0,28.0,-1.0,17.0,-4.9375,13.8125,-1.8125,93069.25,0x683f
1679503075.377672,8268.0,2863.0,725.0,250.3125,-34.3125,26.9375,-521.0,-348.0,723.0,27.0,15.0,16.0,-4.0625,8.875,-1.125,93069.25,0x683f
1679503075.480767,8471.0,2989.0,596.0,251.375,-34.75,27.3125,-539.0,-358.0,693.0,10.0,46.0,-16.0,-2.3125,1.5625,-2.875,93069.25,0x683f
1679503075.546317,8326.0,2932.0,682.0,253.5,-35.125,27.75,-573.0,-369.0,695.0,-22.0,20.0,-24.0,-0.375,4.75,-0.125,93074.0,0x683f
1679503075.609091,8508.0,3020.0,653.0,255.3125,-35.0625,27.75,-530.0,-373.0,710.0,33.0,0.0,0.0,-0.375,-0.375,-0.375,93074.0,0x683f
1679503075.6801338,8326.0,2942.0,653.0,255.875,-35.25,27.8125,-525.0,-384.0,731.0,40.0,-9.0,24.0,-2.0,2.1875,0.25,93074.0,0x683f
1679503075.743574,8514.0,3092.0,630.0,257.375,-36.1875,28.0625,-515.0,-465.0,803.0,63.0,-93.0,105.0,5.4375,43.3125,9.25,93074.0,0x683f
1679503075.809728,8702.0,3219.0,516.0,258.0625,-39.1875,27.9375,-693.0,-553.0,736.0,-67.0,-201.0,68.0,21.8125,36.625,20.625,93074.0,0x683f
1679503075.873339,8718.0,3181.0,764.0,257.8125,-41.9375,25.4375,-642.0,-558.0,672.0,12.0,-244.0,13.0,24.875,41.0625,44.625,93074.0,0x683f
1679503075.936052,8500.0,3014.0,753.0,255.9375,-45.0625,22.8125,-634.0,-444.0,440.0,67.0,-160.0,-220.0,-14.6875,22.25,62.25,93084.5,0x683f
1679503075.999708,8679.0,3176.0,841.0,252.4375,-46.9375,22.375,-443.0,-307.0,334.0,276.0,-49.0,-279.0,-90.25,4.5625,47.6875,93084.5,0x683f
1679503076.06187,8475.0,3125.0,945.0,247.4375,-48.625,29.3125,-416.0,-275.0,267.0,319.0,42.0,-297.0,-141.5,36.1875,-21.625,93084.5,0x683f
1679503076.1235788,8806.0,3384.0,968.0,247.3125,-48.75,42.125,-421.0,-325.0,399.0,316.0,108.0,-79.0,-123.625,55.0625,-104.9375,93084.5,0x683f
1679503076.184233,8489.0,3329.0,622.0,253.625,-46.25,58.1875,-537.0,-568.0,478.0,171.0,7.0,121.0,-77.9375,150.125,-152.0625,93084.5,0x683f
1679503076.242513,8788.0,3368.0,745.0,265.25,-41.1875,72.4375,-641.0,-664.0,399.0,39.0,43.0,168.0,-36.1875,133.625,-167.125,93084.5,0x683f
1679503076.308755,8671.0,3275.0,861.0,279.9375,-33.625,82.0,-654.0,-886.0,240.0,-128.0,-91.0,111.0,-9.375,153.75,-165.8125,93080.75,0x683f
1679503076.373059,8597.0,3285.0,566.0,296.625,-24.9375,87.4375,-573.0,-1102.0,126.0,-183.0,-203.0,96.0,9.125,140.0,-156.9375,93080.75,0x683f
1679503076.440601,8313.0,3246.0,389.0,315.4375,-15.1875,90.25,-591.0,-1183.0,1.0,-362.0,-213.0,33.0,13.4375,126.5,-115.25,93080.75,0x683f
1679503076.508223,8265.0,3249.0,458.0,327.25,-9.9375,91.0625,-536.0,-1108.0,-30.0,-366.0,-143.0,-12.0,3.3125,46.8125,-26.125,93080.75,0x683f
1679503076.575616,8257.0,3216.0,457.0,328.6875,-8.9375,91.0,-247.0,-906.0,121.0,-98.0,63.0,138.0,0.1875,-44.125,-28.0,93080.75,0x683f
1679503076.6415098,8288.0,3235.0,415.0,329.4375,-7.25,90.5,-89.0,-992.0,102.0,32.0,-19.0,110.0,12.75,50.6875,-14.0,93080.75,0x683f
1679503076.703373,9157.0,3589.0,659.0,332.3125,-6.875,90.25,-153.0,-985.0,18.0,-35.0,-12.0,23.0,0.1875,7.3125,4.5,93064.75,0x683f
1679503076.767339,8623.0,3332.0,356.0,331.6875,-7.25,90.3125,-86.0,-993.0,64.0,39.0,-19.0,68.0,-2.0625,-4.8125,9.75,93064.75,0x683f
1679503076.8319209,8977.0,3708.0,290.0,331.0625,-7.875,90.5625,-169.0,-948.0,19.0,-33.0,22.0,30.0,-6.8125,-22.5625,7.4375,93064.75,0x683f
1679503076.896221,8551.0,3451.0,342.0,328.9375,-8.25,90.6875,-89.0,-973.0,104.0,47.0,-9.0,110.0,-3.6875,-25.25,1.9375,93064.75,0x683f
1679503076.963336,8675.0,3258.0,607.0,327.875,-8.3125,90.4375,-138.0,-984.0,45.0,4.0,-14.0,51.0,0.5625,-6.4375,6.625,93064.75,0x683f
1679503077.0425391,8784.0,3332.0,630.0,326.5625,-8.8125,90.3125,-130.0,-946.0,38.0,20.0,22.0,44.0,-2.625,-21.875,3.1875,93064.75,0x683f
1679503077.111684,8883.0,3552.0,310.0,325.4375,-8.875,90.0625,-147.0,-953.0,34.0,3.0,15.0,35.0,-0.1875,2.375,0.625,93073.5,0x683f
1679503077.176988,9328.0,3595.0,981.0,325.3125,-8.9375,90.125,-145.0,-977.0,32.0,0.0,-6.0,31.0,-3.25,-1.875,2.875,93073.5,0x683f
1679503077.242104,8654.0,3255.0,884.0,325.0625,-9.125,90.1875,-160.0,-967.0,40.0,-2.0,0.0,44.0,-2.5625,0.9375,6.0,93073.5,0x683f
1679503077.305063,8693.0,3306.0,650.0,324.5,-9.5625,90.0625,-137.0,-971.0,72.0,25.0,-4.0,74.0,0.75,4.875,5.75,93073.5,0x683f
1679503077.3674638,9311.0,3532.0,1044.0,324.5625,-9.875,89.75,-165.0,-959.0,54.0,4.0,9.0,47.0,2.4375,9.9375,7.9375,93073.5,0x683f
1679503077.429572,8963.0,3494.0,830.0,324.625,-10.375,89.5625,-181.0,-951.0,34.0,-3.0,12.0,27.0,-0.9375,5.9375,7.375,93073.5,0x683f
1679503077.491141,8851.0,3534.0,525.0,324.4375,-10.6875,89.5625,-177.0,-958.0,35.0,5.0,4.0,28.0,1.0625,-0.9375,3.625,93073.5,0x683f
1679503077.554375,8642.0,3267.0,813.0,324.25,-10.8125,89.5,-169.0,-964.0,48.0,15.0,-1.0,40.0,-2.5,7.8125,2.125,93073.5,0x683f
1679503077.619769,8562.0,3266.0,903.0,324.5625,-10.9375,89.625,-204.0,-958.0,30.0,-2.0,7.0,36.0,-2.1875,1.6875,1.0625,93073.5,0x683f
1679503077.688273,9093.0,3643.0,761.0,324.5625,-11.0,89.5625,-193.0,-961.0,50.0,-4.0,2.0,47.0,-1.1875,3.1875,1.0625,93073.5,0x683f
1679503077.753676,9094.0,3612.0,826.0,324.5,-11.1875,89.4375,-198.0,-965.0,42.0,-7.0,-3.0,33.0,-1.0,-1.375,1.6875,93073.5,0x683f
1679503077.8223581,9023.0,3516.0,761.0,324.25,-11.3125,89.3125,-192.0,-962.0,36.0,0.0,0.0,25.0,-0.5625,-2.3125,1.125,93089.5,0x683f
1679503077.884992,9068.0,3609.0,771.0,324.125,-11.3125,89.1875,-191.0,-967.0,34.0,0.0,-6.0,21.0,0.0625,-0.8125,0.375,93089.5,0x683f
1679503077.952248,9066.0,3625.0,739.0,324.125,-11.25,89.125,-185.0,-966.0,32.0,4.0,-1.0,20.0,0.75,0.0,0.3125,93089.5,0x683f
1679503078.019828,8823.0,3553.0,456.0,324.125,-11.25,89.0625,-195.0,-963.0,26.0,-8.0,-5.0,12.0,0.0625,-0.75,-0.3125,93089.5,0x683f
1679503078.0845,9152.0,3798.0,454.0,324.0625,-11.25,89.0,-199.0,-958.0,41.0,-6.0,3.0,25.0,0.125,-0.375,0.25,93089.5,0x683f
1679503078.1519492,9150.0,3595.0,795.0,324.0,-11.25,88.875,-192.0,-966.0,42.0,0.0,-4.0,20.0,0.0,0.3125,0.375,93089.5,0x683f
1679503078.220523,9192.0,3741.0,642.0,324.0,-11.25,88.8125,-188.0,-960.0,41.0,6.0,2.0,23.0,0.5625,-0.125,0.5625,93079.25,0x683f
1679503078.289359,8587.0,3289.0,811.0,324.0,-11.25,88.8125,-193.0,-964.0,37.0,-1.0,-2.0,18.0,0.25,1.0625,-1.0625,93079.25,0x683f
1679503078.35516,9063.0,3521.0,731.0,324.0625,-11.25,88.75,-199.0,-956.0,41.0,-9.0,2.0,12.0,-0.125,0.1875,0.5,93079.25,0x683f
1679503078.423069,8923.0,3494.0,763.0,324.0,-11.3125,88.75,-199.0,-960.0,29.0,-5.0,-2.0,9.0,-0.75,-0.8125,0.9375,93079.25,0x683f
1679503078.488217,9335.0,3748.0,742.0,323.8125,-11.375,88.75,-199.0,-960.0,33.0,-3.0,-1.0,18.0,-1.625,-4.375,1.0,93079.25,0x683f
1679503078.552015,8920.0,3527.0,755.0,323.5,-11.4375,88.75,-188.0,-967.0,45.0,8.0,-5.0,22.0,-0.875,-3.3125,0.25,93079.25,0x683f
1679503078.615998,8960.0,3507.0,749.0,323.3125,-11.375,88.6875,-184.0,-968.0,43.0,12.0,-5.0,22.0,0.1875,-1.1875,-0.5625,93069.5,0x683f
1679503078.679163,9174.0,3623.0,747.0,323.3125,-11.3125,88.625,-182.0,-967.0,38.0,9.0,-2.0,16.0,0.625,0.0625,-1.0,93069.5,0x683f
1679503078.741627,9149.0,3790.0,451.0,323.375,-11.25,88.5625,-189.0,-967.0,37.0,0.0,-3.0,17.0,0.0,-0.875,-1.1875,93069.5,0x683f
1679503078.8040168,8914.0,3518.0,738.0,323.375,-11.25,88.5625,-199.0,-960.0,41.0,-9.0,1.0,14.0,0.3125,-0.5,0.125,93069.5,0x683f
1679503078.870373,8697.0,3431.0,545.0,323.3125,-11.25,88.5,-197.0,-966.0,37.0,3.0,0.0,15.0,-0.625,-1.5625,0.1875,93069.5,0x683f
1679503078.9409149,8783.0,3410.0,548.0,323.1875,-11.25,88.4375,-183.0,-963.0,46.0,8.0,-2.0,20.0,0.1875,-1.3125,0.1875,93069.5,0x683f
1679503079.008805,8709.0,3269.0,810.0,323.1875,-11.25,88.375,-188.0,-958.0,41.0,6.0,2.0,11.0,0.5625,-0.1875,-0.5,93066.25,0x683f
1679503079.086863,8920.0,3530.0,476.0,323.25,-11.1875,88.3125,-186.0,-965.0,39.0,1.0,0.0,11.0,0.25,2.125,-0.5625,93066.25,0x683f
1679503079.1539788,8577.0,3242.0,823.0,323.3125,-11.1875,88.25,-188.0,-958.0,42.0,-1.0,0.0,8.0,0.1875,0.4375,-0.125,93066.25,0x683f
1679503079.222039,8742.0,3289.0,790.0,323.3125,-11.1875,88.25,-189.0,-964.0,39.0,-4.0,-3.0,15.0,-0.125,0.5,0.3125,93066.25,0x683f
1679503079.292015,8988.0,3585.0,464.0,323.3125,-11.1875,88.25,-187.0,-962.0,48.0,3.0,0.0,19.0,-0.125,0.3125,0.625,93066.25,0x683f
1679503079.372702,8665.0,3285.0,805.0,323.3125,-11.25,88.1875,-189.0,-966.0,45.0,2.0,-5.0,15.0,0.0625,-0.125,-0.1875,93072.5,0x683f
1679503079.447726,9022.0,3534.0,770.0,323.375,-11.25,88.1875,-191.0,-961.0,46.0,0.0,0.0,16.0,0.0625,0.0625,0.3125,93072.5,0x683f
1679503079.511783,8635.0,3242.0,829.0,323.3125,-11.25,88.125,-188.0,-966.0,40.0,2.0,-5.0,9.0,0.25,-0.25,-0.375,93072.5,0x683f
1679503079.5775402,9016.0,3509.0,713.0,323.3125,-11.25,88.125,-187.0,-964.0,38.0,3.0,-2.0,7.0,-0.5,-1.125,0.25,93072.5,0x683f
1679503079.647837,8932.0,3532.0,718.0,323.3125,-11.25,88.125,-187.0,-959.0,39.0,4.0,1.0,8.0,-0.8125,-0.6875,0.1875,93072.5,0x683f
1679503079.708617,8563.0,3297.0,819.0,323.3125,-11.25,88.125,-188.0,-964.0,39.0,2.0,-3.0,9.0,-0.625,1.125,0.0,93072.0,0x683f
1679503079.771025,9165.0,3811.0,246.0,323.3125,-11.25,88.1875,-189.0,-967.0,41.0,1.0,-5.0,11.0,-0.5625,0.25,-0.0625,93072.0,0x683f
1679503079.8320892,9338.0,3714.0,719.0,323.3125,-11.1875,88.125,-191.0,-964.0,47.0,0.0,-3.0,17.0,0.0625,0.125,0.0625,93072.0,0x683f
1679503079.8977358,8626.0,3275.0,787.0,323.3125,-11.25,88.125,-191.0,-959.0,38.0,0.0,1.0,8.0,0.0625,-1.4375,0.9375,93072.0,0x683f
1679503079.96288,8653.0,3299.0,795.0,323.25,-11.25,88.125,-186.0,-962.0,36.0,4.0,-1.0,5.0,0.125,2.4375,-0.8125,93072.0,0x683f
1679503080.026568,8726.0,3276.0,846.0,323.375,-11.25,88.125,-194.0,-959.0,36.0,-3.0,1.0,5.0,-0.75,-0.4375,0.625,93072.0,0x683f
1679503080.0850549,9265.0,3717.0,879.0,323.375,-11.1875,88.125,-188.0,-966.0,44.0,1.0,0.0,12.0,0.125,1.6875,0.125,93082.5,0x683f
1679503080.1462421,8537.0,3288.0,811.0,323.4375,-11.1875,88.125,-187.0,-966.0,41.0,8.0,-1.0,13.0,-0.125,0.125,0.25,93082.5,0x683f
1679503080.212229,8714.0,3422.0,814.0,323.5,-11.25,88.1875,-188.0,-964.0,40.0,3.0,-3.0,10.0,-0.25,0.4375,0.0625,93082.5,0x683f
1679503080.276172,9345.0,3706.0,860.0,323.5,-11.1875,88.1875,-194.0,-960.0,40.0,-3.0,0.0,10.0,-0.1875,0.5625,-0.1875,93082.5,0x683f
1679503080.343553,8850.0,3532.0,451.0,323.5,-11.1875,88.1875,-190.0,-964.0,40.0,0.0,-2.0,10.0,-0.25,0.375,-0.8125,93082.5,0x683f
1679503080.412013,9003.0,3613.0,748.0,323.5625,-11.1875,88.1875,-186.0,-965.0,43.0,4.0,-4.0,13.0,-0.625,-1.4375,-0.3125,93082.5,0x683f
1679503080.4783108,8730.0,3259.0,813.0,323.5,-11.1875,88.1875,-191.0,-962.0,44.0,-1.0,-2.0,15.0,-0.0625,-0.375,-0.0625,93078.5,0x683f
1679503080.550573,8956.0,3556.0,492.0,323.4375,-11.1875,88.1875,-180.0,-963.0,44.0,10.0,-2.0,13.0,0.0,-0.75,0.0,93078.5,0x683f
1679503080.6144671,8731.0,3288.0,823.0,323.3125,-11.1875,88.125,-185.0,-967.0,35.0,5.0,-5.0,4.0,-0.1875,-1.3125,0.375,93078.5,0x683f
1679503080.678699,8737.0,3264.0,849.0,323.3125,-11.1875,88.125,-184.0,-966.0,36.0,9.0,-5.0,8.0,-0.0625,-0.625,0.25,93078.5,0x683f
1679503080.742435,8536.0,3292.0,538.0,323.25,-11.1875,88.125,-181.0,-968.0,40.0,9.0,-6.0,9.0,0.0,0.0,0.25,93078.5,0x683f
1679503080.804364,8851.0,3336.0,833.0,323.25,-11.1875,88.125,-182.0,-969.0,41.0,8.0,-7.0,10.0,-0.125,0.875,0.25,93078.5,0x683f
1679503080.8691468,9039.0,3516.0,767.0,323.3125,-11.1875,88.125,-181.0,-960.0,40.0,7.0,1.0,8.0,-0.4375,-0.0625,0.5625,93073.75,0x683f
1679503080.9336162,8958.0,3565.0,451.0,323.3125,-11.1875,88.1875,-184.0,-961.0,47.0,6.0,0.0,17.0,0.375,1.8125,-0.875,93073.75,0x683f
1679503080.996202,8693.0,3357.0,568.0,323.4375,-11.1875,88.1875,-190.0,-965.0,36.0,0.0,-8.0,14.0,0.1875,1.125,-0.75,93073.75,0x683f
1679503081.059933,9394.0,3879.0,472.0,323.5625,-11.125,88.1875,-200.0,-961.0,37.0,-10.0,0.0,7.0,0.25,1.6875,-0.1875,93073.75,0x683f
1679503081.1232908,8752.0,3548.0,466.0,323.5625,-11.125,88.1875,-189.0,-956.0,40.0,0.0,5.0,10.0,0.3125,0.125,0.5,93073.75,0x683f
1679503081.191278,8758.0,3295.0,777.0,323.5625,-11.1875,88.1875,-185.0,-969.0,42.0,4.0,-5.0,9.0,-0.125,0.1875,0.5625,93073.75,0x683f
1679503081.257678,8567.0,3249.0,767.0,323.625,-11.1875,88.1875,-187.0,-961.0,45.0,1.0,0.0,15.0,-0.4375,-0.375,0.4375,93079.0,0x683f
1679503081.3238358,9059.0,3604.0,476.0,323.625,-11.1875,88.1875,-193.0,-964.0,53.0,-2.0,-2.0,23.0,0.1875,-0.3125,0.75,93079.0,0x683f
1679503081.384232,8648.0,3309.0,526.0,323.5625,-11.1875,88.1875,-193.0,-969.0,50.0,1.0,-8.0,19.0,0.5625,-1.0,0.5,93079.0,0x683f
1679503081.449505,8971.0,3523.0,482.0,323.5,-11.25,88.1875,-184.0,-965.0,47.0,9.0,-1.0,13.0,0.625,-1.75,0.5,93079.0,0x683f
1679503081.514957,8742.0,3286.0,792.0,323.4375,-11.25,88.125,-183.0,-965.0,42.0,12.0,-3.0,16.0,0.875,-1.25,0.3125,93079.0,0x683f
1679503081.581991,8565.0,3294.0,564.0,323.375,-11.25,88.0625,-185.0,-962.0,43.0,6.0,-1.0,11.0,0.5625,-1.1875,-0.3125,93079.0,0x683f
1679503081.647222,9058.0,3636.0,441.0,323.375,-11.25,88.0625,-183.0,-964.0,44.0,8.0,-7.0,7.0,0.3125,0.0625,-0.9375,93069.0,0x683f
1679503081.712204,9048.0,3546.0,740.0,323.4375,-11.25,88.0625,-179.0,-966.0,41.0,12.0,-1.0,17.0,0.25,0.625,0.125,93069.0,0x683f
1679503081.782599,8497.0,3235.0,547.0,323.5625,-11.25,88.0625,-188.0,-961.0,43.0,2.0,0.0,11.0,0.0,2.0,-0.25,93069.0,0x683f
1679503081.854389,8936.0,3632.0,437.0,323.625,-11.25,88.0625,-193.0,-967.0,49.0,-1.0,-3.0,15.0,0.25,1.4375,0.0,93069.0,0x683f
1679503081.924469,8723.0,3567.0,430.0,323.625,-11.25,88.0625,-185.0,-967.0,54.0,6.0,-5.0,21.0,0.625,0.5,-0.0625,93069.0,0x683f
1679503081.9863522,8989.0,3531.0,440.0,323.75,-11.25,87.9375,-190.0,-967.0,46.0,3.0,-3.0,11.0,0.625,-0.1875,0.625,93077.0,0x683f
1679503082.0562618,8910.0,3613.0,372.0,323.75,-11.25,87.9375,-187.0,-960.0,44.0,3.0,-2.0,7.0,0.5,0.5625,-0.125,93077.0,0x683f
1679503082.124671,9060.0,3618.0,447.0,323.75,-11.25,87.9375,-189.0,-962.0,45.0,1.0,-1.0,11.0,-0.8125,0.0,0.3125,93077.0,0x683f
1679503082.192682,8368.0,3197.0,552.0,323.75,-11.25,87.9375,-189.0,-963.0,53.0,4.0,-2.0,19.0,-0.5,-0.3125,0.3125,93077.0,0x683f
1679503082.26096,8728.0,3292.0,698.0,323.75,-11.25,87.875,-189.0,-962.0,51.0,-1.0,-5.0,19.0,-0.375,0.6875,0.5,93077.0,0x683f
1679503082.331806,9041.0,3610.0,477.0,323.75,-11.25,87.875,-189.0,-966.0,47.0,4.0,-6.0,13.0,0.9375,1.375,-0.25,93077.0,0x683f
1679503082.401533,8741.0,3281.0,717.0,323.8125,-11.25,87.8125,-184.0,-963.0,54.0,10.0,-2.0,17.0,-0.1875,-1.8125,0.1875,93082.0,0x683f
1679503082.470882,9154.0,3605.0,711.0,323.8125,-11.25,87.75,-176.0,-964.0,58.0,13.0,-2.0,21.0,0.8125,0.875,-0.8125,93082.0,0x683f
1679503082.536578,8524.0,3300.0,682.0,323.9375,-11.125,87.625,-180.0,-965.0,58.0,9.0,-3.0,20.0,0.875,0.875,-1.1875,93082.0,0x683f
1679503082.602653,8943.0,3608.0,640.0,324.125,-11.0625,87.5625,-190.0,-962.0,54.0,-2.0,-1.0,12.0,0.6875,0.3125,-1.375,93082.0,0x683f
1679503082.667053,8686.0,3402.0,467.0,324.1875,-11.0,87.5,-192.0,-961.0,48.0,-3.0,2.0,8.0,0.5625,0.3125,-0.5625,93082.0,0x683f
1679503082.730249,8756.0,3537.0,460.0,324.1875,-11.0,87.5,-185.0,-959.0,48.0,0.0,-1.0,4.0,-0.25,-0.375,0.0625,93082.0,0x683f
1679503082.7926881,8924.0,3566.0,595.0,324.125,-11.0,87.5,-188.0,-968.0,48.0,1.0,-4.0,8.0,-0.9375,-1.0,0.4375,93079.25,0x683f
1679503082.859692,8939.0,3651.0,445.0,324.0,-11.0625,87.5,-177.0,-968.0,58.0,10.0,-7.0,16.0,-0.3125,-0.1875,0.625,93079.25,0x683f
1679503082.924306,9233.0,3770.0,689.0,324.0,-11.0625,87.5,-183.0,-967.0,48.0,5.0,-6.0,7.0,-0.625,-1.3125,0.625,93079.25,0x683f
1679503082.9912589,8571.0,3272.0,793.0,324.0,-11.0625,87.5,-178.0,-963.0,55.0,7.0,-2.0,7.0,0.0,0.625,0.4375,93079.25,0x683f
1679503083.060576,8650.0,3305.0,528.0,324.0,-11.0625,87.4375,-182.0,-965.0,51.0,7.0,0.0,9.0,0.0,-0.3125,-0.4375,93079.25,0x683f
1679503083.130802,8625.0,3267.0,730.0,323.9375,-11.0625,87.4375,-184.0,-964.0,50.0,1.0,-3.0,8.0,-0.5625,0.0625,0.0,93078.0,0x683f
1679503083.1948092,9055.0,3629.0,474.0,323.9375,-11.0625,87.4375,-181.0,-967.0,48.0,7.0,-5.0,6.0,0.125,0.5625,0.0,93078.0,0x683f
1679503083.263084,9137.0,3606.0,682.0,323.9375,-11.0625,87.4375,-182.0,-966.0,51.0,7.0,-4.0,10.0,0.0625,0.375,0.125,93078.0,0x683f
1679503083.329612,9106.0,3667.0,478.0,324.0,-11.0,87.4375,-182.0,-967.0,49.0,7.0,-2.0,6.0,0.375,0.75,0.4375,93078.0,0x683f
1679503083.402998,8657.0,3243.0,735.0,324.0625,-11.0,87.4375,-180.0,-966.0,51.0,2.0,-3.0,6.0,0.0625,1.5625,0.1875,93078.0,0x683f
1679503083.468669,9015.0,3627.0,652.0,324.125,-11.0,87.4375,-184.0,-965.0,54.0,2.0,-3.0,11.0,-0.3125,0.75,0.5,93078.0,0x683f
1679503083.532667,8594.0,3318.0,348.0,324.125,-11.0,87.4375,-183.0,-964.0,50.0,4.0,-3.0,8.0,-0.125,0.6875,0.3125,93081.25,0x683f
1679503083.596023,8943.0,3574.0,674.0,324.125,-11.0,87.4375,-180.0,-965.0,53.0,7.0,-3.0,10.0,-0.25,0.8125,0.375,93081.25,0x683f
1679503083.65961,8592.0,3280.0,774.0,324.125,-11.0,87.4375,-178.0,-962.0,50.0,9.0,0.0,8.0,-0.4375,0.0,0.125,93081.25,0x683f
1679503083.7251682,8650.0,3283.0,536.0,324.1875,-11.0,87.4375,-187.0,-966.0,49.0,0.0,-5.0,7.0,-0.1875,-1.125,-0.6875,93081.25,0x683f
1679503083.7908978,8622.0,3289.0,790.0,324.1875,-11.0,87.375,-189.0,-963.0,55.0,0.0,-1.0,9.0,0.4375,-0.125,-0.0625,93081.25,0x683f
1679503083.854968,8735.0,3279.0,805.0,324.1875,-11.0,87.375,-187.0,-965.0,47.0,0.0,-3.0,3.0,0.1875,-0.0625,-0.3125,93081.25,0x683f
1679503083.9194639,8499.0,3331.0,374.0,324.1875,-11.0,87.375,-183.0,-958.0,49.0,8.0,2.0,7.0,0.25,-1.0625,-0.1875,93086.75,0x683f
1679503083.981916,8567.0,3311.0,572.0,324.1875,-11.0,87.375,-186.0,-969.0,45.0,0.0,-7.0,1.0,-0.4375,-0.75,-0.5625,93086.75,0x683f
1679503084.044829,8764.0,3353.0,802.0,324.125,-11.0,87.4375,-183.0,-964.0,56.0,4.0,-3.0,13.0,-0.75,-0.6875,-0.125,93086.75,0x683f
1679503084.111531,9168.0,3606.0,824.0,324.125,-11.0,87.4375,-188.0,-964.0,57.0,4.0,-5.0,19.0,0.8125,-1.0625,0.1875,93086.75,0x683f
1679503084.1835918,8459.0,3303.0,373.0,324.125,-11.0,87.3125,-170.0,-969.0,59.0,13.0,-14.0,26.0,2.9375,2.125,1.75,93086.75,0x683f
1679503084.2479959,9383.0,3747.0,675.0,324.25,-11.1875,86.9375,-157.0,-990.0,93.0,39.0,-30.0,58.0,6.0625,5.3125,3.5625,93086.75,0x683f
1679503084.311994,9084.0,3716.0,457.0,324.6875,-11.4375,86.5625,-130.0,-989.0,144.0,65.0,-30.0,85.0,15.3125,24.0,4.9375,93080.5,0x683f
1679503084.376359,8736.0,3381.0,728.0,327.0,-11.25,85.1875,-120.0,-1006.0,139.0,77.0,-39.0,53.0,24.4375,38.375,3.0,93080.5,0x683f
1679503084.4411619,8548.0,3293.0,784.0,330.0,-11.1875,83.875,-111.0,-995.0,96.0,79.0,-39.0,-8.0,31.3125,54.125,4.875,93080.5,0x683f
