1675371213.438007,11987.0,2440.0,2392.0,265.625,-5.25,-75.9375,-38.0,-15.0,-10.0,0x684a
1675371213.574241,10875.0,12429.0,1952.0,135.4375,-6.0625,108.625,16.0,-3.0,6.0,0x683f
1675371213.7008462,12040.0,2579.0,2403.0,265.5,-5.75,-76.25,-14.0,-9.0,4.0,0x684a
1675371213.822984,10799.0,12449.0,2087.0,134.875,-6.125,108.625,4.0,5.0,-6.0,0x683f
1675371213.9349031,9689.0,4743.0,1389.0,266.375,-5.8125,-76.625,-8.0,-9.0,0.0,0x684a
1675371214.055625,10807.0,12452.0,2109.0,134.1875,-6.25,108.75,-3.0,2.0,-1.0,0x683f
1675371214.168183,9688.0,4737.0,1342.0,266.5,-5.5,-76.875,-11.0,-15.0,0.0,0x684a
1675371214.280681,8784.0,4699.0,538.0,134.1875,-6.1875,108.75,-7.0,2.0,7.0,0x683f
1675371214.394169,9721.0,4758.0,1417.0,266.3125,-5.625,-77.25,-6.0,-9.0,5.0,0x684a
1675371214.508894,8955.0,4831.0,841.0,134.125,-6.0625,108.75,3.0,-3.0,-1.0,0x683f
1675371214.622335,9683.0,4773.0,1182.0,266.375,-5.75,-77.3125,-11.0,-13.0,-4.0,0x684a
1675371214.7366002,8874.0,4814.0,730.0,134.3125,-5.9375,108.5625,-9.0,2.0,-2.0,0x683f
1675371214.849132,9749.0,4691.0,1371.0,266.375,-5.75,-77.3125,-10.0,-10.0,-11.0,0x684a
1675371214.960191,8841.0,4779.0,682.0,133.8125,-5.9375,108.5625,4.0,0.0,-5.0,0x683f
1675371215.074723,9742.0,4693.0,1461.0,266.3125,-5.5,-77.125,-10.0,-9.0,-2.0,0x684a
1675371215.187118,8799.0,4756.0,538.0,133.4375,-5.9375,108.5,-2.0,4.0,5.0,0x683f
1675371215.298628,9689.0,4731.0,1291.0,266.375,-5.5,-76.75,-14.0,-15.0,-2.0,0x684a
1675371215.409042,8779.0,4692.0,428.0,133.125,-6.0,108.5625,4.0,3.0,-2.0,0x683f
1675371215.520722,9861.0,4638.0,1385.0,266.625,-5.5,-76.5,-10.0,-9.0,-6.0,0x684a
1675371215.6333911,8894.0,4773.0,696.0,133.375,-5.9375,108.5,1.0,2.0,-8.0,0x683f
1675371215.748286,9917.0,4578.0,1410.0,266.6875,-5.5625,-76.5625,-10.0,-8.0,3.0,0x684a
1675371215.859394,8827.0,4721.0,602.0,132.9375,-5.9375,108.5,11.0,1.0,-7.0,0x683f
1675371215.971911,10010.0,4473.0,1395.0,266.4375,-5.75,-76.75,-11.0,-9.0,-16.0,0x684a
1675371216.08246,8820.0,4646.0,501.0,133.0,-6.0,108.5,-1.0,1.0,0.0,0x683f
1675371216.195301,10031.0,4508.0,1558.0,266.4375,-5.9375,-76.75,-12.0,-8.0,1.0,0x684a
1675371216.30588,8833.0,4708.0,508.0,132.8125,-6.0,108.5,0.0,1.0,-8.0,0x683f
1675371216.416333,9840.0,4635.0,1425.0,266.6875,-6.0,-76.875,-9.0,-11.0,-2.0,0x684a
1675371216.5274482,8850.0,4708.0,578.0,132.5625,-6.0625,108.5,9.0,1.0,3.0,0x683f
1675371216.640511,9955.0,4508.0,1460.0,266.8125,-5.875,-76.9375,-8.0,-7.0,10.0,0x684a
1675371216.7533078,8865.0,4715.0,603.0,132.4375,-6.125,108.5,6.0,2.0,-6.0,0x683f
1675371216.867109,9682.0,4821.0,1294.0,266.6875,-6.0625,-77.125,0.0,-13.0,13.0,0x684a
1675371216.9762518,8889.0,4799.0,693.0,132.375,-6.125,108.5,3.0,5.0,-6.0,0x683f
1675371217.090409,9988.0,4532.0,1593.0,266.625,-5.9375,-76.9375,-9.0,-11.0,1.0,0x684a
1675371217.2007759,8823.0,4722.0,562.0,132.1875,-6.1875,108.4375,3.0,0.0,-2.0,0x683f
1675371217.316391,9842.0,4599.0,1459.0,266.8125,-5.75,-76.75,-15.0,-11.0,-3.0,0x684a
1675371217.430474,8764.0,4680.0,476.0,132.0625,-6.1875,108.4375,0.0,2.0,-7.0,0x683f
1675371217.5461361,9936.0,4541.0,1539.0,266.75,-5.625,-76.625,-7.0,-11.0,-4.0,0x684a
1675371217.661332,8815.0,4736.0,562.0,131.8125,-6.1875,108.4375,9.0,4.0,-13.0,0x683f
1675371217.776321,9950.0,4526.0,1581.0,266.625,-5.5625,-76.3125,-8.0,-11.0,-2.0,0x684a
1675371217.890433,8837.0,4689.0,544.0,131.6875,-6.25,108.4375,0.0,3.0,-12.0,0x683f
1675371218.016746,10190.0,4292.0,1482.0,266.5,-5.6875,-76.25,-14.0,-10.0,-16.0,0x684a
1675371218.130904,8897.0,4777.0,710.0,131.6875,-6.3125,108.375,12.0,-1.0,-12.0,0x683f
1675371218.245232,10089.0,4386.0,1220.0,267.1875,-5.8125,-75.5,-4.0,-12.0,-3.0,0x684a
1675371218.360076,8876.0,4807.0,729.0,132.1875,-6.375,108.375,-7.0,10.0,4.0,0x683f
1675371218.473574,9996.0,4459.0,1403.0,267.4375,-5.8125,-75.9375,-18.0,-3.0,-3.0,0x684a
1675371218.5849988,8847.0,4788.0,720.0,131.75,-6.3125,108.6875,-55.0,-4.0,22.0,0x683f
1675371218.695712,9839.0,4589.0,1458.0,266.5,-6.25,-75.75,5.0,1.0,-28.0,0x684a
1675371218.805712,8992.0,4746.0,749.0,120.1875,-12.375,96.625,-161.0,-58.0,-113.0,0x683f
1675371218.918816,9758.0,4707.0,1454.0,262.875,-7.75,-75.625,-28.0,-26.0,-10.0,0x684a
1675371219.029417,9270.0,4530.0,700.0,107.4375,-33.125,106.9375,312.0,44.0,-79.0,0x683f
1675371219.144161,9847.0,4739.0,1504.0,255.3125,-7.625,-78.1875,-22.0,-19.0,-1.0,0x684a
1675371219.258254,9421.0,4497.0,743.0,130.1875,-25.0625,129.1875,271.0,-291.0,33.0,0x683f
1675371219.374784,10059.0,4596.0,1257.0,239.125,-1.3125,-81.375,-7.0,-1.0,2.0,0x684a
1675371219.4870331,9527.0,4674.0,851.0,36.8125,-7.375,140.625,-228.0,-38.0,182.0,0x683f
1675371219.601214,10068.0,4572.0,1306.0,229.4375,3.5,-83.375,-19.0,22.0,-27.0,0x684a
1675371219.7144902,9415.0,4780.0,792.0,37.9375,-5.6875,142.375,33.0,0.0,35.0,0x683f
1675371219.828546,10024.0,4580.0,1430.0,235.1875,2.0,-81.4375,-62.0,-2.0,0.0,0x684a
1675371219.942055,9378.0,4527.0,561.0,34.625,-6.625,138.6875,-87.0,-182.0,104.0,0x683f
1675371220.054388,9691.0,4487.0,1047.0,247.0,-1.6875,-79.6875,-23.0,-16.0,-27.0,0x684a
1675371220.1654022,9153.0,4566.0,839.0,163.125,-14.5,130.5625,29.0,-92.0,-62.0,0x683f
1675371220.280135,9754.0,4390.0,1066.0,264.4375,-5.5,-79.25,5.0,-16.0,-2.0,0x684a
1675371220.395475,8815.0,4528.0,483.0,127.5,-35.125,122.8125,-24.0,-18.0,-90.0,0x683f
1675371220.5071008,9827.0,4459.0,1097.0,281.125,-5.8125,-77.4375,36.0,-20.0,-20.0,0x684a
1675371220.6171641,8920.0,4641.0,771.0,107.125,-57.0,141.1875,255.0,272.0,-217.0,0x683f
1675371220.731972,9394.0,4578.0,729.0,286.875,-4.5,-75.9375,-42.0,-24.0,-18.0,0x684a
1675371220.8465579,8916.0,4483.0,4083.0,106.0625,-64.0625,146.6875,-76.0,-223.0,23.0,0x683f
1675371220.963878,9599.0,4755.0,1207.0,287.75,-3.5,-75.75,80.0,-51.0,59.0,0x684a
1675371221.075876,8924.0,4631.0,636.0,116.5,-82.625,27.5,99.0,461.0,-654.0,0x683f
1675371221.191442,9540.0,4900.0,733.0,283.0625,-2.875,-76.5,81.0,-11.0,34.0,0x684a
1675371221.307085,8999.0,4652.0,316.0,41.875,-74.1875,-64.0,-174.0,205.0,95.0,0x683f
1675371221.425899,9726.0,4928.0,255.0,273.3125,-3.6875,-77.6875,-51.0,-12.0,56.0,0x684a
1675371221.549696,9545.0,4693.0,746.0,4.375,-48.4375,-59.625,64.0,-154.0,-46.0,0x683f
1675371221.6653068,9806.0,4624.0,349.0,254.5,-4.5625,-79.6875,-32.0,-30.0,-12.0,0x684a
1675371221.779718,9762.0,4567.0,442.0,23.8125,-64.75,-36.375,-112.0,-437.0,-201.0,0x683f
1675371221.8953128,9602.0,5244.0,253.0,238.1875,-5.25,-83.5,-34.0,-75.0,-31.0,0x684a
1675371222.0080378,9775.0,4218.0,528.0,32.4375,-79.3125,-10.375,99.0,-198.0,-41.0,0x683f
1675371222.121789,9820.0,4598.0,1039.0,223.1875,-1.8125,-82.25,-19.0,-6.0,-74.0,0x684a
1675371222.2366168,9926.0,4635.0,159.0,26.75,-78.9375,-59.125,-358.0,-13.0,4.0,0x683f
1675371222.3500721,9933.0,4878.0,569.0,219.375,-0.75,-80.6875,10.0,1.0,-43.0,0x684a
1675371222.462846,10082.0,4198.0,753.0,25.3125,-76.625,-58.625,-4.0,-21.0,-52.0,0x683f
1675371222.576854,9685.0,5069.0,609.0,220.25,-1.25,-81.25,0.0,9.0,-9.0,0x684a
1675371222.707262,10022.0,4178.0,668.0,25.125,-77.3125,-59.25,-55.0,-204.0,-34.0,0x683f
1675371222.8228211,9752.0,5043.0,624.0,223.9375,-1.875,-82.3125,-25.0,40.0,5.0,0x684a
1675371222.936109,9672.0,4315.0,517.0,25.5625,-82.75,-102.625,21.0,-134.0,-114.0,0x683f
1675371223.047837,9853.0,4887.0,786.0,238.5625,-6.5625,-80.875,-23.0,-24.0,17.0,0x684a
1675371223.163538,9326.0,4647.0,191.0,20.0,-73.375,-122.0625,126.0,-112.0,28.0,0x683f
1675371223.278006,9721.0,4602.0,593.0,259.75,-9.375,-77.6875,-63.0,-35.0,27.0,0x684a
1675371223.387562,9168.0,4743.0,604.0,359.625,-65.375,-97.0625,-42.0,-126.0,170.0,0x683f
1675371223.5011442,9686.0,4872.0,878.0,272.8125,-6.375,-76.6875,-37.0,19.0,-67.0,0x684a
1675371223.611543,8733.0,4577.0,982.0,48.5625,-69.5,143.8125,-436.0,262.0,-143.0,0x683f
1675371223.737327,9544.0,4571.0,1047.0,281.75,-5.25,-78.9375,-24.0,18.0,-40.0,0x684a
1675371223.847886,8846.0,4326.0,936.0,121.6875,-61.0,131.375,101.0,-12.0,-297.0,0x683f
1675371223.9618719,9518.0,4548.0,991.0,283.5,-3.5625,-78.3125,19.0,6.0,26.0,0x684a
1675371224.075542,8823.0,4244.0,823.0,91.25,-66.6875,144.1875,206.0,-317.0,-118.0,0x683f
1675371224.1887202,9604.0,4531.0,884.0,277.9375,-3.6875,-77.1875,-27.0,0.0,8.0,0x684a
1675371224.299885,8806.0,4473.0,3873.0,76.75,-62.875,148.125,149.0,41.0,-122.0,0x683f
1675371224.413362,9809.0,4265.0,800.0,278.9375,-6.25,-76.8125,-1.0,-22.0,-2.0,0x684a
1675371224.528296,9084.0,4452.0,3917.0,70.5625,-55.625,137.125,-82.0,130.0,-65.0,0x683f
1675371224.641248,9909.0,4505.0,754.0,276.375,-6.875,-77.0,2.0,-9.0,-2.0,0x684a
1675371224.753234,9086.0,4415.0,761.0,77.9375,-54.75,111.6875,85.0,121.0,76.0,0x683f
1675371224.868118,9733.0,4436.0,928.0,267.3125,-7.625,-78.25,-15.0,-1.0,-18.0,0x684a
1675371224.979116,9651.0,4186.0,662.0,42.6875,-66.875,119.25,27.0,-21.0,67.0,0x683f
1675371225.0942972,9988.0,4547.0,1569.0,258.875,-7.6875,-78.75,-32.0,-24.0,-19.0,0x684a
1675371225.210098,9615.0,4514.0,965.0,32.875,-71.375,113.8125,-12.0,-243.0,51.0,0x683f
1675371225.322556,9852.0,4696.0,1677.0,255.125,-7.9375,-78.8125,-42.0,-15.0,-24.0,0x684a
1675371225.437254,9259.0,4345.0,687.0,28.1875,-71.5625,115.0,399.0,-294.0,89.0,0x683f
1675371225.5475452,9867.0,4460.0,945.0,258.0625,-7.8125,-78.8125,-11.0,-10.0,-6.0,0x684a
1675371225.65887,9106.0,4390.0,447.0,67.4375,-33.25,100.25,-495.0,-398.0,-276.0,0x683f
1675371225.7721758,9846.0,4560.0,1312.0,261.0625,-7.8125,-78.1875,-11.0,1.0,4.0,0x684a
1675371225.887331,8743.0,4656.0,320.0,111.25,-9.25,107.4375,24.0,131.0,-21.0,0x683f
1675371225.999546,10189.0,4405.0,1552.0,262.125,-7.1875,-77.0625,-13.0,13.0,-16.0,0x684a
1675371226.112988,8774.0,4647.0,265.0,139.25,-2.875,109.0625,30.0,-79.0,-25.0,0x683f
1675371226.226878,10228.0,4463.0,1650.0,262.625,-7.0,-76.3125,-8.0,-25.0,-26.0,0x684a
1675371226.337996,8750.0,4689.0,293.0,135.6875,-3.5,109.75,-35.0,7.0,-22.0,0x683f
1675371226.452085,10201.0,4483.0,1689.0,262.75,-7.5625,-76.0,-14.0,-8.0,-7.0,0x684a
1675371226.562486,8743.0,4637.0,331.0,131.0,-4.1875,110.5,-7.0,0.0,-21.0,0x683f
1675371226.676159,10153.0,4434.0,1529.0,262.1875,-8.0,-76.5,-11.0,-14.0,-13.0,0x684a
1675371226.787477,8717.0,4626.0,306.0,129.1875,-4.5625,111.0,3.0,11.0,-11.0,0x683f
1675371226.9025102,10086.0,4480.0,1449.0,262.4375,-8.0,-76.625,0.0,-9.0,4.0,0x684a
1675371227.0453382,8653.0,4519.0,186.0,130.4375,-4.5625,110.125,-15.0,26.0,-12.0,0x683f
1675371227.162552,9885.0,4647.0,1499.0,263.125,-7.8125,-77.125,-9.0,-8.0,2.0,0x684a
1675371227.276277,8713.0,4564.0,267.0,128.4375,-4.5,110.75,-12.0,-1.0,0.0,0x683f
1675371227.390203,10186.0,4445.0,1614.0,264.1875,-7.6875,-77.4375,-5.0,-13.0,-2.0,0x684a
1675371227.501079,8726.0,4619.0,339.0,127.0625,-4.6875,110.5,-13.0,11.0,-6.0,0x683f
1675371227.614076,9921.0,4652.0,1484.0,264.125,-7.75,-77.625,-13.0,-8.0,-5.0,0x684a
1675371227.7276428,8694.0,4588.0,341.0,125.0,-5.0,110.8125,9.0,-12.0,-18.0,0x683f
1675371227.839468,9997.0,4545.0,1547.0,264.4375,-7.8125,-77.75,-15.0,-13.0,-7.0,0x684a
1675371227.9491022,8695.0,4600.0,329.0,123.5625,-5.0625,110.9375,-3.0,2.0,0.0,0x683f
1675371228.0626419,10052.0,4553.0,1650.0,264.4375,-7.6875,-77.75,-15.0,-7.0,-22.0,0x684a
1675371228.177717,8714.0,4596.0,316.0,122.25,-5.1875,111.0625,3.0,0.0,-2.0,0x683f
1675371228.292037,10057.0,4506.0,1579.0,264.125,-7.5,-77.75,-14.0,-13.0,3.0,0x684a
1675371228.406901,8734.0,4572.0,360.0,121.4375,-5.25,111.1875,4.0,1.0,-11.0,0x683f
1675371228.521054,10089.0,4550.0,1716.0,264.125,-7.25,-78.0625,-8.0,-9.0,-2.0,0x684a
1675371228.632763,8753.0,4598.0,338.0,121.3125,-5.1875,111.3125,-15.0,5.0,-4.0,0x683f
1675371228.74848,10041.0,4534.0,1648.0,264.125,-7.25,-77.875,-2.0,-9.0,-13.0,0x684a
1675371228.863283,8739.0,4582.0,343.0,120.375,-5.1875,111.25,13.0,2.0,-10.0,0x683f
1675371228.980512,10010.0,4514.0,1638.0,263.875,-7.25,-77.5,-11.0,-16.0,-4.0,0x684a
1675371229.0917382,8732.0,4657.0,325.0,119.5625,-5.1875,111.375,0.0,3.0,-3.0,0x683f
1675371229.204263,10025.0,4454.0,1543.0,263.4375,-6.875,-77.1875,-14.0,-15.0,-13.0,0x684a
1675371229.3181,8728.0,4610.0,315.0,119.0,-5.3125,111.5,0.0,4.0,-4.0,0x683f
1675371229.4307358,9978.0,4499.0,1652.0,263.25,-6.625,-77.0,-1.0,-19.0,4.0,0x684a
1675371229.541883,8730.0,4652.0,384.0,118.1875,-5.375,111.5,13.0,0.0,-6.0,0x683f
1675371229.656845,10053.0,4406.0,1487.0,263.0,-6.75,-76.5625,-7.0,-16.0,-4.0,0x684a
1675371229.7694368,8733.0,4621.0,418.0,117.25,-5.25,111.4375,10.0,6.0,-7.0,0x683f
1675371229.881422,9700.0,4765.0,1404.0,263.0,-6.875,-76.25,-5.0,-15.0,-4.0,0x684a
1675371229.99329,8745.0,4635.0,318.0,117.1875,-5.3125,111.5,7.0,2.0,0.0,0x683f
1675371230.10716,9991.0,4532.0,1494.0,263.375,-7.125,-76.3125,-7.0,-14.0,-12.0,0x684a
1675371230.218812,8724.0,4635.0,343.0,117.125,-5.375,111.5,-7.0,0.0,-5.0,0x683f
1675371230.330118,9966.0,4532.0,1441.0,263.75,-7.3125,-76.5625,-14.0,-9.0,-14.0,0x684a
1675371230.440599,8844.0,4723.0,536.0,116.8125,-5.4375,111.5,6.0,3.0,-10.0,0x683f
1675371230.554164,9898.0,4630.0,1550.0,263.625,-7.3125,-76.5625,-8.0,-11.0,-2.0,0x684a
1675371230.667953,8786.0,4662.0,405.0,116.4375,-5.4375,111.6875,5.0,7.0,-9.0,0x683f
1675371230.7809641,9994.0,4559.0,1508.0,263.875,-7.125,-76.6875,-11.0,-10.0,-1.0,0x684a
1675371230.8917718,8875.0,4753.0,590.0,116.25,-5.4375,111.6875,16.0,0.0,-3.0,0x683f
1675371231.0058749,9990.0,4566.0,1541.0,264.1875,-7.0625,-77.0,-16.0,-6.0,0.0,0x684a
1675371231.119526,8830.0,4732.0,566.0,116.0625,-5.4375,111.5625,1.0,9.0,-5.0,0x683f
1675371231.232865,9968.0,4535.0,1488.0,263.625,-7.0,-76.6875,-16.0,-12.0,-9.0,0x684a
1675371231.345618,8755.0,4624.0,430.0,115.8125,-5.5,111.625,16.0,4.0,-12.0,0x683f
1675371231.459054,10019.0,4623.0,1417.0,264.1875,-7.0625,-76.1875,-6.0,-8.0,11.0,0x684a
1675371231.570478,8848.0,4720.0,603.0,115.875,-5.4375,111.8125,-2.0,0.0,-9.0,0x683f
1675371231.683143,10019.0,4476.0,1392.0,264.5625,-7.0,-76.375,0.0,-25.0,-5.0,0x684a
1675371231.794631,8804.0,4604.0,4083.0,115.125,-5.3125,111.875,-167.0,-31.0,41.0,0x683f
1675371231.909255,10084.0,4530.0,1822.0,261.5,-7.625,-77.5,-16.0,1.0,-9.0,0x684a
1675371232.0210938,9118.0,4751.0,916.0,100.8125,-12.625,85.625,-125.0,186.0,-183.0,0x683f
1675371232.13487,9850.0,4876.0,1420.0,255.8125,-6.625,-79.3125,-19.0,-33.0,1.0,0x684a
1675371232.246861,9269.0,4776.0,360.0,96.625,-31.0625,115.875,239.0,-10.0,39.0,0x683f
1675371232.360088,9894.0,4708.0,1611.0,244.1875,-2.125,-80.375,-4.0,-20.0,-12.0,0x684a
1675371232.4742222,9361.0,4715.0,536.0,137.625,-17.875,134.5625,-96.0,19.0,26.0,0x683f
1675371232.586231,9802.0,4540.0,862.0,228.875,3.3125,-81.0625,-1.0,36.0,-16.0,0x684a
1675371232.701387,9338.0,4553.0,434.0,25.1875,-7.5,141.3125,-297.0,-208.0,192.0,0x683f
1675371232.81874,9967.0,4631.0,1393.0,225.0625,5.625,-80.4375,-59.0,-6.0,36.0,0x684a
1675371232.932008,9340.0,4677.0,411.0,15.6875,-5.3125,146.3125,-198.0,-412.0,277.0,0x683f
1675371233.046832,9952.0,4340.0,1160.0,231.1875,2.0625,-79.375,-52.0,-15.0,-54.0,0x684a
1675371233.159565,9176.0,4524.0,637.0,151.75,-11.4375,135.125,-186.0,-46.0,20.0,0x683f
1675371233.274812,9429.0,4761.0,692.0,251.8125,-6.5625,-79.3125,-34.0,-38.0,-23.0,0x684a
1675371233.386456,8890.0,4612.0,722.0,122.25,-27.8125,121.875,-34.0,-82.0,-134.0,0x683f
1675371233.499609,9712.0,4272.0,738.0,269.0625,-8.4375,-78.5625,39.0,-22.0,-20.0,0x684a
1675371233.612308,8925.0,4461.0,3860.0,95.1875,-52.875,131.9375,365.0,96.0,-105.0,0x683f
1675371233.727256,9621.0,4642.0,1161.0,278.1875,-7.25,-76.625,-2.0,-34.0,34.0,0x684a
1675371233.8409832,8852.0,4420.0,3957.0,101.3125,-61.875,140.125,-139.0,-182.0,138.0,0x683f
1675371233.9532712,9566.0,4874.0,208.0,280.5625,-7.75,-77.125,121.0,-94.0,22.0,0x684a
1675371234.063952,8790.0,4613.0,633.0,129.4375,-51.75,88.125,-909.0,232.0,-729.0,0x683f
1675371234.1770298,9894.0,4697.0,829.0,272.125,-5.375,-78.5,15.0,3.0,25.0,0x684a
1675371234.2903318,9219.0,4878.0,564.0,21.9375,-84.0,3.625,-22.0,-153.0,118.0,0x683f
1675371234.4022,9564.0,4878.0,414.0,259.25,-3.8125,-80.0,3.0,-9.0,64.0,0x684a
1675371234.513974,9779.0,4552.0,930.0,357.0625,-56.25,-54.0625,93.0,-241.0,-376.0,0x683f
1675371234.62779,9922.0,4695.0,1189.0,242.6875,-7.0,-82.6875,-48.0,-65.0,-12.0,0x684a
1675371234.741399,10031.0,4406.0,407.0,12.875,-54.5,-11.5625,70.0,-348.0,111.0,0x683f
1675371234.857072,9864.0,5037.0,383.0,222.375,-3.8125,-84.125,11.0,-73.0,-108.0,0x684a
1675371234.96971,9842.0,4566.0,-133.0,13.6875,-74.125,-19.6875,-130.0,-130.0,-129.0,0x683f
1675371235.082231,9748.0,4875.0,605.0,207.5625,-1.4375,-80.6875,-17.0,43.0,-71.0,0x684a
1675371235.19501,9803.0,4580.0,-113.0,10.0,-68.625,-27.625,48.0,-24.0,-84.0,0x683f
1675371235.308813,9790.0,4829.0,651.0,208.1875,-1.875,-80.625,-24.0,-14.0,36.0,0x684a
1675371235.424543,10010.0,4150.0,442.0,10.3125,-69.4375,-28.4375,8.0,-18.0,-14.0,0x683f
1675371235.537753,9660.0,4994.0,296.0,207.5625,-1.875,-80.5,-2.0,5.0,-14.0,0x684a
1675371235.651128,9922.0,4210.0,386.0,9.5625,-69.6875,-25.625,-94.0,-152.0,-12.0,0x683f
1675371235.764967,10130.0,4972.0,291.0,211.875,-4.4375,-82.5,-21.0,7.0,-82.0,0x684a
1675371235.878624,9604.0,4783.0,174.0,10.375,-76.8125,-20.0,238.0,-454.0,134.0,0x683f
1675371235.9966662,9418.0,5018.0,573.0,232.0625,-8.625,-80.6875,19.0,-76.0,-59.0,0x684a
1675371236.111219,9109.0,4660.0,155.0,357.4375,-66.0625,-109.6875,176.0,80.0,-10.0,0x683f
1675371236.227943,9812.0,4771.0,1265.0,257.75,-7.9375,-77.25,-18.0,-81.0,-65.0,0x684a
1675371236.341883,8862.0,4534.0,492.0,8.5625,-89.0,0.9375,-269.0,-54.0,160.0,0x683f
1675371236.4559538,9331.0,4740.0,535.0,273.4375,-6.5,-77.0,42.0,15.0,-21.0,0x684a
1675371236.565414,8799.0,4492.0,3780.0,115.375,-52.8125,110.4375,-865.0,107.0,-1097.0,0x683f
1675371236.6780422,9509.0,4493.0,621.0,278.9375,-6.25,-77.25,-14.0,43.0,25.0,0x684a
1675371236.790118,8889.0,4382.0,871.0,69.75,-69.75,150.4375,158.0,-407.0,-434.0,0x683f
1675371236.903421,9690.0,4578.0,995.0,277.5,-7.25,-77.6875,-23.0,-26.0,19.0,0x684a
1675371237.015101,8978.0,4446.0,973.0,60.125,-72.25,151.0625,86.0,146.0,-63.0,0x683f
1675371237.127985,9514.0,4731.0,1091.0,273.25,-7.5625,-77.375,10.0,-12.0,-1.0,0x684a
1675371237.241411,8945.0,4440.0,4108.0,55.75,-62.5,126.75,-341.0,33.0,-55.0,0x683f
1675371237.353732,9366.0,4696.0,731.0,268.25,-7.875,-77.625,9.0,-3.0,-24.0,0x684a
1675371237.4679968,9300.0,4422.0,852.0,31.125,-69.9375,108.5625,-12.0,56.0,-17.0,0x683f
1675371237.5779781,9825.0,4380.0,856.0,259.0625,-6.875,-77.5,12.0,0.0,18.0,0x684a
1675371237.690517,9422.0,4513.0,631.0,6.25,-77.3125,66.625,81.0,-176.0,25.0,0x683f
1675371237.80574,9825.0,4799.0,1869.0,249.375,-6.5,-77.5,-36.0,-20.0,-9.0,0x684a
1675371237.917803,9294.0,4726.0,827.0,4.9375,-73.375,50.4375,87.0,-272.0,72.0,0x683f
1675371238.028178,9770.0,4757.0,1551.0,245.25,-6.875,-77.5,-52.0,0.0,-27.0,0x684a
1675371238.140386,9391.0,4509.0,1034.0,2.5,-71.5625,47.5625,472.0,-400.0,46.0,0x683f
1675371238.257226,9993.0,4281.0,995.0,248.75,-7.25,-77.9375,-16.0,14.0,-14.0,0x684a
1675371238.371308,9068.0,4519.0,587.0,32.5,-44.875,107.125,-283.0,-344.0,-436.0,0x683f
1675371238.4973462,9810.0,4761.0,1630.0,254.25,-7.4375,-76.8125,-43.0,25.0,-25.0,0x684a
1675371238.610878,8883.0,4598.0,420.0,89.5,-21.9375,101.8125,-377.0,421.0,-262.0,0x683f
1675371238.725618,9869.0,4272.0,948.0,257.25,-7.0,-75.75,1.0,6.0,0.0,0x684a
1675371238.840725,8721.0,4665.0,269.0,122.0,-4.75,112.0,-213.0,-157.0,-18.0,0x683f
1675371238.9556842,9643.0,4490.0,892.0,254.1875,-6.25,-75.8125,-21.0,-14.0,21.0,0x684a
1675371239.068928,8678.0,4613.0,230.0,123.125,-1.3125,113.0,11.0,-8.0,30.0,0x683f
1675371239.183064,9797.0,4833.0,1480.0,253.0625,-6.3125,-76.3125,-7.0,-16.0,12.0,0x684a
1675371239.295124,8762.0,4623.0,405.0,121.0,-3.0,115.4375,-90.0,-8.0,-35.0,0x683f
1675371239.409427,9820.0,4688.0,1617.0,253.375,-6.4375,-76.375,-3.0,-17.0,-8.0,0x684a
1675371239.519935,8740.0,4614.0,228.0,120.3125,-3.375,115.125,-10.0,3.0,18.0,0x683f
1675371239.632083,9754.0,4655.0,988.0,253.9375,-6.3125,-76.625,-7.0,-9.0,0.0,0x684a
1675371239.7442188,8698.0,4605.0,270.0,119.9375,-3.875,114.6875,-19.0,-6.0,11.0,0x683f
1675371239.859905,9777.0,4248.0,841.0,254.375,-6.0625,-76.875,11.0,-4.0,-5.0,0x684a
1675371239.97095,8722.0,4581.0,266.0,120.625,-3.875,114.625,-17.0,-3.0,6.0,0x683f
1675371240.0848,9833.0,4242.0,924.0,254.8125,-6.0625,-76.875,0.0,-10.0,9.0,0x684a
1675371240.197942,8717.0,4582.0,300.0,119.9375,-4.125,114.5,-14.0,9.0,0.0,0x683f
1675371240.309336,9845.0,4292.0,841.0,255.25,-6.0,-76.75,-10.0,-11.0,-5.0,0x684a
1675371240.4203641,8737.0,4595.0,238.0,120.0,-4.25,114.125,5.0,2.0,1.0,0x683f
1675371240.532734,10014.0,4520.0,1696.0,256.5,-5.9375,-76.6875,-1.0,-8.0,-17.0,0x684a
1675371240.645235,8834.0,4707.0,492.0,120.25,-4.3125,114.0625,-6.0,-7.0,4.0,0x683f
1675371240.758794,9896.0,4547.0,1047.0,257.5,-6.0625,-76.8125,-9.0,-8.0,1.0,0x684a
1675371240.8716822,8766.0,4553.0,339.0,120.1875,-4.3125,114.0,-9.0,3.0,7.0,0x683f
1675371240.984298,9596.0,4742.0,1016.0,258.625,-6.1875,-76.6875,-14.0,-16.0,-5.0,0x684a
1675371241.094325,8923.0,4805.0,776.0,119.125,-4.4375,114.1875,11.0,-1.0,-4.0,0x683f
1675371241.206958,9746.0,4856.0,1532.0,259.5,-6.0,-76.5,-12.0,-10.0,-2.0,0x684a
1675371241.318214,8902.0,4798.0,688.0,119.4375,-4.4375,114.1875,-6.0,6.0,4.0,0x683f
1675371241.430953,9606.0,4836.0,827.0,261.5,-5.875,-76.1875,2.0,-12.0,3.0,0x684a
1675371241.54071,8857.0,4847.0,699.0,119.4375,-4.375,114.1875,10.0,6.0,5.0,0x683f
1675371241.651947,9763.0,4832.0,1491.0,262.5625,-6.0625,-76.125,-4.0,-7.0,8.0,0x684a
1675371241.7628841,8892.0,4850.0,733.0,119.25,-4.5,114.1875,-8.0,8.0,0.0,0x683f
1675371241.87632,9699.0,4565.0,1113.0,263.5625,-6.1875,-76.25,-7.0,-12.0,2.0,0x684a
1675371241.989554,8881.0,4822.0,665.0,118.875,-4.6875,114.3125,7.0,1.0,2.0,0x683f
1675371242.104457,9722.0,4527.0,1156.0,264.6875,-6.3125,-76.375,-11.0,-8.0,13.0,0x684a
1675371242.216029,8911.0,4848.0,717.0,118.4375,-4.75,114.3125,6.0,-1.0,-3.0,0x683f
1675371242.330474,9714.0,4838.0,1515.0,265.25,-6.5625,-76.9375,-11.0,-18.0,-15.0,0x684a
1675371242.442826,8852.0,4686.0,545.0,118.1875,-4.8125,114.25,8.0,4.0,-2.0,0x683f
1675371242.555399,9683.0,4871.0,1470.0,265.3125,-6.4375,-77.5,-9.0,-5.0,3.0,0x684a
1675371242.670769,8858.0,4714.0,492.0,117.9375,-4.8125,114.375,8.0,0.0,-7.0,0x683f
1675371242.7824,9702.0,4772.0,1614.0,265.5625,-6.1875,-77.625,-9.0,-10.0,-5.0,0x684a
1675371242.896569,8806.0,4733.0,528.0,117.75,-4.8125,114.3125,2.0,1.0,5.0,0x683f
1675371243.0085492,9770.0,4748.0,1690.0,265.875,-6.125,-77.5625,-21.0,-12.0,-15.0,0x684a
1675371243.120348,8782.0,4725.0,501.0,118.0,-4.8125,114.125,4.0,4.0,-1.0,0x683f
1675371243.2495701,9899.0,4667.0,1752.0,266.375,-6.5,-77.5,-12.0,-8.0,-3.0,0x684a
1675371243.3619,8827.0,4705.0,559.0,118.25,-4.8125,113.8125,9.0,0.0,-6.0,0x683f
1675371243.473894,9763.0,4782.0,1680.0,267.1875,-6.5,-77.25,-12.0,-12.0,-2.0,0x684a
1675371243.586486,8779.0,4597.0,408.0,117.8125,-4.9375,113.75,2.0,7.0,2.0,0x683f
1675371243.700259,9878.0,4759.0,1526.0,267.875,-6.375,-76.875,-4.0,-10.0,11.0,0x684a
1675371243.8111758,8738.0,4576.0,362.0,117.4375,-5.0,113.6875,9.0,2.0,-1.0,0x683f
1675371243.922855,9779.0,4700.0,1086.0,268.125,-6.4375,-76.5625,-4.0,-6.0,-11.0,0x684a
1675371244.031254,8733.0,4622.0,387.0,117.25,-5.1875,113.6875,0.0,0.0,0.0,0x683f
1675371244.143695,9897.0,4314.0,1004.0,268.875,-6.5,-76.0625,-7.0,-20.0,53.0,0x684a
1675371244.25426,8729.0,4631.0,371.0,117.0,-5.4375,113.5,4.0,4.0,15.0,0x683f
1675371244.3677518,9894.0,4347.0,1094.0,269.625,-6.5,-76.25,-24.0,3.0,-17.0,0x684a
1675371244.4778738,8710.0,4608.0,360.0,117.5,-5.3125,113.5625,14.0,-9.0,-3.0,0x683f
1675371244.591456,9910.0,4351.0,1162.0,271.125,-6.375,-74.6875,0.0,-18.0,-4.0,0x684a
1675371244.702877,8921.0,4823.0,698.0,118.625,-5.25,113.375,-5.0,15.0,26.0,0x683f
1675371244.816978,9668.0,4539.0,1176.0,272.125,-7.0,-74.25,-13.0,-16.0,10.0,0x684a
1675371244.928567,8997.0,4645.0,705.0,107.875,-11.5,101.125,-298.0,-54.0,-160.0,0x683f
1675371245.0400589,9868.0,4473.0,1058.0,270.5625,-7.0625,-75.375,-5.0,-32.0,16.0,0x684a
1675371245.150223,9109.0,4593.0,533.0,68.3125,-14.8125,55.6875,226.0,4.0,-197.0,0x683f
1675371245.262658,9997.0,4798.0,1286.0,264.0,-5.5,-77.875,12.0,-63.0,27.0,0x684a
1675371245.374903,9464.0,4555.0,700.0,82.25,-35.6875,112.875,337.0,37.0,133.0,0x683f
1675371245.486588,9930.0,4503.0,1044.0,249.75,-0.0625,-80.5625,2.0,-42.0,16.0,0x684a
1675371245.598206,9528.0,4752.0,1137.0,16.8125,-14.625,145.625,-295.0,77.0,-160.0,0x683f
1675371245.712534,9921.0,4590.0,1287.0,238.0,5.0625,-82.1875,-16.0,49.0,-33.0,0x684a
1675371245.825939,9493.0,4776.0,598.0,23.0625,-11.25,146.4375,176.0,-102.0,18.0,0x683f
1675371245.9422588,10246.0,4411.0,1590.0,239.75,4.1875,-80.5625,-47.0,-16.0,33.0,0x684a
1675371246.053708,9356.0,4675.0,427.0,14.8125,-9.6875,146.0,5.0,-387.0,308.0,0x683f
1675371246.167497,10133.0,4555.0,1630.0,244.5,0.0,-77.0,-30.0,-20.0,-63.0,0x684a
1675371246.281312,9401.0,4612.0,881.0,142.625,-15.3125,136.3125,-115.0,-72.0,-3.0,0x683f
1675371246.396682,9683.0,4433.0,932.0,263.0625,-5.3125,-76.8125,-15.0,-15.0,-12.0,0x684a
1675371246.510029,9127.0,4485.0,568.0,119.25,-27.4375,123.375,40.0,-50.0,-105.0,0x683f
1675371246.622509,9376.0,4625.0,310.0,281.25,-7.0625,-78.25,44.0,5.0,3.0,0x684a
1675371246.733078,8914.0,4534.0,637.0,98.4375,-47.3125,128.125,185.0,197.0,-264.0,0x683f
1675371246.848147,9603.0,4473.0,805.0,291.1875,-6.0625,-76.5,-5.0,8.0,9.0,0x684a
1675371246.960923,8973.0,4388.0,3832.0,99.625,-57.0,132.5,46.0,-252.0,14.0,0x683f
1675371247.072913,9486.0,4468.0,553.0,298.0,-5.3125,-76.3125,23.0,-26.0,22.0,0x684a
1675371247.1876612,8863.0,4500.0,767.0,104.625,-75.5,58.5,3.0,-53.0,-339.0,0x683f
1675371247.301356,9767.0,4554.0,1066.0,297.25,-4.1875,-76.0,48.0,2.0,-6.0,0x684a
1675371247.415264,8997.0,5068.0,293.0,40.125,-76.625,-6.0625,-133.0,-29.0,-22.0,0x683f
1675371247.531614,9459.0,4683.0,472.0,292.4375,-4.625,-77.375,16.0,-26.0,51.0,0x684a
1675371247.644206,9739.0,4522.0,1068.0,354.8125,-44.4375,-37.1875,115.0,-218.0,-166.0,0x683f
1675371247.761096,9720.0,4581.0,581.0,272.75,-4.0,-78.875,-35.0,-36.0,55.0,0x684a
1675371247.873572,9944.0,4517.0,510.0,7.8125,-50.0,-25.1875,266.0,-263.0,-101.0,0x683f
1675371247.9894788,9588.0,4950.0,808.0,249.0,-3.8125,-83.5625,-6.0,-32.0,0.0,0x684a
1675371248.103255,9957.0,4700.0,209.0,14.3125,-67.625,-7.375,-19.0,-221.0,-29.0,0x683f
1675371248.219105,9639.0,5230.0,631.0,227.25,-0.25,-81.9375,-75.0,-32.0,-113.0,0x684a
1675371248.347471,9933.0,4286.0,452.0,11.25,-68.3125,-24.875,16.0,-110.0,-15.0,0x683f
1675371248.461596,9986.0,4968.0,837.0,218.75,3.5625,-80.5625,5.0,19.0,-79.0,0x684a
1675371248.5739799,9827.0,4602.0,28.0,8.9375,-65.0625,-26.6875,32.0,-25.0,-79.0,0x683f
1675371248.686613,9977.0,5030.0,832.0,220.0,3.0,-81.75,6.0,-7.0,-30.0,0x684a
1675371248.798603,9764.0,4536.0,-51.0,8.8125,-65.25,-26.4375,-22.0,-34.0,-56.0,0x683f
1675371248.911998,9849.0,5248.0,936.0,220.1875,1.375,-82.8125,-18.0,19.0,-60.0,0x684a
1675371249.024249,9361.0,5048.0,-378.0,11.625,-68.25,-17.6875,43.0,-400.0,101.0,0x683f
1675371249.138178,9702.0,5002.0,322.0,234.3125,-4.4375,-83.0625,-34.0,-10.0,50.0,0x684a
1675371249.2512221,9408.0,4598.0,633.0,359.75,-69.125,-53.8125,26.0,-460.0,-697.0,0x683f
1675371249.363255,9756.0,4744.0,676.0,256.5,-7.875,-78.625,-46.0,-39.0,-42.0,0x684a
1675371249.476991,9316.0,4525.0,520.0,351.8125,-53.125,-58.375,-187.0,85.0,27.0,0x683f
1675371249.591129,9498.0,4444.0,667.0,279.1875,-3.5625,-77.9375,3.0,-24.0,42.0,0x684a
1675371249.704514,9122.0,4627.0,3933.0,359.75,-58.375,-56.4375,-12.0,13.0,-36.0,0x683f
1675371249.821547,9655.0,4444.0,599.0,286.375,-1.6875,-79.5625,105.0,-21.0,-31.0,0x684a
1675371249.933275,8924.0,4488.0,3825.0,72.75,-75.25,-81.1875,-253.0,-59.0,-669.0,0x683f
1675371250.048637,9379.0,4338.0,466.0,290.875,-3.5625,-79.5625,27.0,-48.0,66.0,0x684a
1675371250.162781,8877.0,4417.0,977.0,54.875,-81.375,-150.8125,59.0,-35.0,-357.0,0x683f
1675371250.278332,9330.0,4490.0,861.0,285.5625,-4.5,-78.8125,-15.0,4.0,0.0,0x684a
1675371250.389781,8952.0,4548.0,1182.0,40.625,-84.0,-175.75,-33.0,140.0,-252.0,0x683f
1675371250.501417,9488.0,4773.0,860.0,282.875,-6.4375,-77.875,-17.0,-15.0,-5.0,0x684a
1675371250.616129,9044.0,4578.0,3677.0,21.9375,-85.4375,-3.375,28.0,-29.0,-77.0,0x683f
1675371250.731797,10011.0,4463.0,1458.0,277.75,-7.125,-77.375,-45.0,-18.0,7.0,0x684a
1675371250.842797,9333.0,4395.0,976.0,7.625,-79.1875,-18.625,17.0,-40.0,-59.0,0x683f
1675371250.957587,9951.0,4532.0,1435.0,270.625,-7.125,-77.0625,-21.0,-8.0,4.0,0x684a
1675371251.0744052,9392.0,4482.0,804.0,0.75,-77.75,-8.8125,-56.0,-97.0,-107.0,0x683f
1675371251.196259,9841.0,4409.0,1052.0,264.875,-6.9375,-77.3125,-10.0,-9.0,-17.0,0x684a
1675371251.3157241,9531.0,4478.0,929.0,359.4375,-76.75,-3.625,-3.0,-224.0,-189.0,0x683f
1675371251.4424498,9674.0,4599.0,1082.0,264.0,-6.75,-77.5,0.0,-25.0,17.0,0x684a
1675371251.555072,9164.0,4578.0,904.0,12.125,-63.8125,63.625,292.0,-223.0,-217.0,0x683f
1675371251.668755,9958.0,4516.0,1289.0,267.8125,-6.625,-77.25,-21.0,-6.0,-1.0,0x684a
1675371251.782397,8896.0,4504.0,431.0,77.4375,-17.4375,94.0625,-375.0,-138.0,-325.0,0x683f
1675371251.899564,9732.0,4657.0,1227.0,269.6875,-6.625,-77.0625,-3.0,-2.0,-17.0,0x684a
1675371252.0108118,8610.0,4580.0,216.0,115.375,-7.4375,109.0625,155.0,-392.0,295.0,0x683f
1675371252.122747,9740.0,4629.0,1217.0,269.0,-6.0,-77.3125,1.0,-14.0,40.0,0x684a
1675371252.232491,8640.0,4512.0,157.0,122.3125,-6.0,109.5625,-1.0,-29.0,-9.0,0x683f
1675371252.346904,9859.0,4638.0,1294.0,269.0,-6.3125,-77.1875,-10.0,-9.0,2.0,0x684a
1675371252.458962,8643.0,4428.0,78.0,122.0625,-6.375,110.0625,42.0,13.0,-47.0,0x683f
1675371252.5733938,9980.0,4508.0,1298.0,268.875,-6.6875,-77.125,-19.0,-13.0,-9.0,0x684a
1675371252.686024,8602.0,4521.0,203.0,123.5625,-6.125,111.0625,9.0,22.0,-27.0,0x683f
1675371252.7972622,9771.0,4692.0,1233.0,269.125,-6.4375,-76.9375,-6.0,-13.0,-16.0,0x684a
1675371252.9104042,8600.0,4497.0,177.0,125.5625,-6.0,111.8125,12.0,9.0,-15.0,0x683f
1675371253.021423,9928.0,4506.0,1141.0,269.0,-6.125,-76.9375,-2.0,-11.0,-1.0,0x684a
1675371253.132329,8768.0,4520.0,317.0,126.8125,-6.0,112.4375,-5.0,7.0,-19.0,0x683f
1675371253.246576,9708.0,4652.0,1111.0,268.6875,-5.8125,-76.875,-4.0,-12.0,3.0,0x684a
1675371253.361838,8681.0,4598.0,331.0,128.125,-6.0625,112.8125,11.0,6.0,-11.0,0x683f
1675371253.47547,9706.0,4768.0,1054.0,269.375,-5.8125,-76.625,-8.0,-10.0,0.0,0x684a
1675371253.5925992,8786.0,4447.0,319.0,129.625,-5.9375,112.9375,8.0,7.0,-16.0,0x683f
1675371253.705461,9785.0,4664.0,1307.0,269.5,-5.6875,-76.5,-6.0,-11.0,-19.0,0x684a
1675371253.81792,8759.0,4533.0,246.0,131.5625,-5.8125,113.0,18.0,4.0,-12.0,0x683f
1675371253.932556,9784.0,4785.0,1228.0,269.25,-5.625,-76.625,-7.0,-14.0,1.0,0x684a
1675371254.044972,8916.0,4585.0,407.0,133.5,-5.5,113.125,3.0,-1.0,-12.0,0x683f
1675371254.159376,9732.0,4896.0,1188.0,269.0625,-5.5625,-76.5,-9.0,-14.0,-8.0,0x684a
1675371254.272015,8857.0,4658.0,467.0,134.6875,-5.5,113.25,9.0,1.0,-6.0,0x683f
1675371254.3829088,9672.0,4949.0,1146.0,268.9375,-5.3125,-76.3125,-7.0,-15.0,-3.0,0x684a
1675371254.498723,8830.0,4777.0,514.0,135.9375,-5.375,113.5625,2.0,4.0,-14.0,0x683f
1675371254.615061,9699.0,4934.0,1206.0,268.8125,-5.0625,-76.25,-19.0,-10.0,-15.0,0x684a
1675371254.7282329,8845.0,4799.0,634.0,137.4375,-5.25,113.6875,12.0,7.0,-16.0,0x683f
1675371254.8405519,9759.0,4902.0,1290.0,269.1875,-5.0,-76.3125,-9.0,-12.0,-2.0,0x684a
1675371254.952031,8848.0,4810.0,565.0,138.6875,-5.3125,113.8125,1.0,12.0,-9.0,0x683f
1675371255.064566,9738.0,4923.0,1305.0,269.75,-5.0625,-76.5,-11.0,-6.0,0.0,0x684a
1675371255.177145,8891.0,4774.0,584.0,139.5,-5.375,113.9375,5.0,8.0,-6.0,0x683f
1675371255.290547,9763.0,4921.0,1226.0,270.1875,-5.0625,-76.5,-10.0,-13.0,-2.0,0x684a
1675371255.402766,8770.0,4639.0,419.0,140.5625,-5.4375,113.9375,-2.0,6.0,-15.0,0x683f
1675371255.51659,9729.0,4858.0,969.0,270.5625,-5.1875,-76.5,-12.0,-15.0,8.0,0x684a
1675371255.6284318,8813.0,4619.0,444.0,141.3125,-5.5,114.0,0.0,4.0,-5.0,0x683f
1675371255.741195,9708.0,4900.0,1032.0,270.625,-5.1875,-76.5,-16.0,-11.0,3.0,0x684a
1675371255.852683,8932.0,4766.0,697.0,142.375,-5.5,114.0625,4.0,4.0,-8.0,0x683f
1675371255.9665549,9508.0,4699.0,528.0,271.1875,-5.3125,-76.4375,-14.0,-12.0,-8.0,0x684a
1675371256.0775769,8853.0,4566.0,456.0,142.8125,-5.5625,114.0,-2.0,7.0,-9.0,0x683f
1675371256.1920052,9673.0,4673.0,1013.0,271.1875,-5.125,-76.4375,-14.0,-11.0,-1.0,0x684a
1675371256.305151,8887.0,4756.0,680.0,143.3125,-5.625,114.0625,11.0,4.0,-14.0,0x683f
1675371256.421469,9729.0,4817.0,1304.0,270.875,-5.25,-76.5625,-5.0,-12.0,-3.0,0x684a
1675371256.5328681,8827.0,4675.0,445.0,144.4375,-5.5625,114.0625,9.0,5.0,-7.0,0x683f
1675371256.646366,9784.0,4822.0,1576.0,271.1875,-5.0625,-76.625,-9.0,-8.0,0.0,0x684a
1675371256.761855,8908.0,4735.0,617.0,145.1875,-5.5625,114.125,11.0,4.0,-3.0,0x683f
1675371256.875463,9768.0,4905.0,1418.0,271.4375,-4.875,-76.0625,-11.0,-14.0,-16.0,0x684a
1675371256.988401,8932.0,4695.0,595.0,146.1875,-5.4375,113.9375,1.0,8.0,-2.0,0x683f
1675371257.098592,9772.0,4872.0,1542.0,271.3125,-4.875,-75.8125,-9.0,-14.0,0.0,0x684a
1675371257.2139678,8864.0,4763.0,591.0,146.5,-5.5,113.9375,5.0,3.0,-8.0,0x683f
1675371257.327955,9636.0,4472.0,955.0,271.75,-4.8125,-75.4375,-8.0,-9.0,-12.0,0x684a
1675371257.455352,8802.0,4540.0,437.0,146.5625,-5.5625,114.0,7.0,8.0,-7.0,0x683f
1675371257.569002,9650.0,4464.0,994.0,272.6875,-5.375,-75.3125,-8.0,-12.0,19.0,0x684a
1675371257.682256,8798.0,4757.0,637.0,147.5,-5.75,114.0625,4.0,7.0,-4.0,0x683f
1675371257.794633,9637.0,4595.0,785.0,273.25,-5.625,-75.625,-6.0,-9.0,0.0,0x684a
1675371257.908318,8928.0,4723.0,625.0,148.4375,-5.5625,113.9375,-6.0,7.0,-8.0,0x683f
1675371258.024597,9563.0,4699.0,618.0,273.25,-5.625,-75.9375,-2.0,-4.0,0.0,0x684a
1675371258.136906,8809.0,4628.0,419.0,149.1875,-5.25,113.9375,-34.0,5.0,-6.0,0x683f
1675371258.2532039,9741.0,4872.0,1566.0,271.75,-5.75,-76.25,32.0,-42.0,-11.0,0x684a
1675371258.3643441,8755.0,4416.0,296.0,134.8125,-16.375,99.3125,-206.0,83.0,-231.0,0x683f
1675371258.477847,9818.0,4693.0,1543.0,266.25,-5.25,-77.75,-18.0,-24.0,-10.0,0x684a
1675371258.589383,9387.0,4648.0,428.0,120.75,-32.75,114.1875,236.0,121.0,-46.0,0x683f
1675371258.7043278,10196.0,4335.0,1455.0,256.4375,-3.8125,-78.25,-8.0,-16.0,-37.0,0x684a
1675371258.816731,9422.0,4710.0,599.0,167.125,-17.375,137.375,7.0,-115.0,-13.0,0x683f
1675371258.929374,9988.0,4483.0,1209.0,240.0,2.75,-80.75,15.0,41.0,-36.0,0x684a
1675371259.0422919,9370.0,4526.0,604.0,52.875,-9.5625,141.625,109.0,-67.0,1.0,0x683f
1675371259.1551628,9879.0,4658.0,1363.0,239.4375,3.4375,-80.6875,0.0,-7.0,66.0,0x684a
1675371259.267617,9206.0,4523.0,-6.0,47.125,-9.75,145.125,72.0,-119.0,18.0,0x683f
1675371259.3795562,9918.0,4296.0,799.0,244.6875,1.25,-79.3125,-11.0,18.0,-2.0,0x684a
1675371259.491502,9211.0,4584.0,696.0,41.0,-13.8125,139.5,-89.0,-141.0,83.0,0x683f
1675371259.603499,9893.0,4365.0,1104.0,259.375,-4.375,-78.1875,-22.0,-36.0,-20.0,0x684a
1675371259.7161732,8837.0,4361.0,452.0,163.125,-21.8125,127.1875,-12.0,-54.0,-67.0,0x683f
1675371259.8332841,9261.0,4410.0,521.0,277.3125,-7.3125,-79.125,17.0,-21.0,4.0,0x684a
1675371259.943993,8883.0,4383.0,723.0,133.75,-42.0625,132.875,-2.0,-62.0,-99.0,0x683f
1675371260.0571609,9640.0,4639.0,730.0,291.3125,-7.9375,-78.375,-10.0,-38.0,-10.0,0x684a
1675371260.169798,8987.0,4578.0,3992.0,118.0625,-71.875,145.75,470.0,201.0,132.0,0x683f
1675371260.283023,9484.0,4766.0,631.0,296.1875,-7.3125,-77.125,-51.0,-8.0,41.0,0x684a
1675371260.396131,8988.0,4614.0,3794.0,126.5,-76.375,145.25,-652.0,-1138.0,-307.0,0x683f
1675371260.50963,9677.0,4720.0,830.0,296.25,-5.8125,-76.5625,-19.0,-56.0,-74.0,0x684a
1675371260.6205618,8948.0,4880.0,716.0,75.0,-36.75,-77.375,799.0,-234.0,-628.0,0x683f
1675371260.731997,9578.0,4805.0,717.0,293.6875,-4.9375,-77.3125,20.0,-17.0,49.0,0x684a
1675371260.845412,9398.0,4745.0,793.0,25.125,-39.0,-63.375,11.0,169.0,-13.0,0x683f
1675371260.957967,9605.0,4959.0,590.0,274.9375,-5.75,-80.625,23.0,-26.0,23.0,0x684a
1675371261.071508,9734.0,4447.0,513.0,32.0625,-53.8125,-54.1875,-29.0,-476.0,-257.0,0x683f
1675371261.185129,9795.0,5119.0,123.0,248.125,-3.3125,-84.8125,-17.0,-12.0,-37.0,0x684a
1675371261.297632,10047.0,4429.0,709.0,40.625,-71.25,-15.5,-79.0,-324.0,-78.0,0x683f
1675371261.411466,9676.0,5426.0,160.0,229.4375,-1.125,-85.6875,-29.0,3.0,-53.0,0x684a
1675371261.52366,9759.0,4690.0,19.0,36.75,-72.8125,-29.875,-120.0,-227.0,-186.0,0x683f
1675371261.6374369,9894.0,5312.0,386.0,220.0,2.0,-83.4375,-20.0,46.0,-70.0,0x684a
1675371261.756255,9792.0,4682.0,-54.0,34.9375,-69.4375,-32.0625,-30.0,-10.0,-51.0,0x683f
1675371261.872664,10018.0,5150.0,689.0,220.75,1.0,-83.3125,-10.0,-8.0,-2.0,0x684a
1675371261.987833,9950.0,4644.0,73.0,34.625,-69.6875,-33.3125,-12.0,-68.0,1.0,0x683f
1675371262.102271,9610.0,5191.0,1070.0,222.75,0.3125,-84.25,20.0,39.0,22.0,0x684a
1675371262.229179,9569.0,4665.0,-46.0,39.5625,-74.4375,-36.375,67.0,-313.0,55.0,0x683f
1675371262.345139,9766.0,4990.0,513.0,237.75,-5.5,-83.3125,-5.0,-28.0,6.0,0x684a
1675371262.459327,9455.0,4793.0,946.0,38.25,-73.0,-67.3125,-182.0,155.0,-103.0,0x683f
1675371262.57117,9555.0,4849.0,713.0,259.625,-8.75,-80.875,-45.0,-6.0,103.0,0x684a
1675371262.682414,9377.0,4689.0,780.0,28.4375,-68.25,-65.0,251.0,108.0,37.0,0x683f
1675371262.794433,9686.0,4391.0,705.0,272.25,-5.9375,-78.5,-37.0,-132.0,22.0,0x684a
1675371262.905838,8691.0,4567.0,516.0,76.625,-70.8125,69.75,-415.0,97.0,88.0,0x683f
1675371263.019208,9687.0,4616.0,714.0,274.9375,-3.25,-79.4375,21.0,10.0,19.0,0x684a
1675371263.127858,8911.0,4378.0,1083.0,154.8125,-54.3125,101.0,-240.0,-129.0,-672.0,0x683f
1675371263.2427142,9540.0,4689.0,498.0,275.8125,-1.8125,-80.25,-3.0,0.0,5.0,0x684a
1675371263.352971,8764.0,4290.0,844.0,114.875,-60.375,138.6875,88.0,-1454.0,728.0,0x683f
1675371263.465539,9413.0,4829.0,499.0,274.8125,-2.25,-79.0625,-61.0,-1.0,23.0,0x684a
1675371263.577864,8814.0,4426.0,3739.0,100.375,-58.125,130.0,107.0,105.0,-151.0,0x683f
1675371263.6933398,9562.0,4822.0,603.0,276.0,-3.75,-77.75,12.0,-12.0,-17.0,0x684a
1675371263.805084,8836.0,4411.0,4009.0,90.3125,-52.0625,129.4375,-44.0,182.0,-102.0,0x683f
1675371263.93313,9587.0,4392.0,494.0,275.6875,-5.25,-77.375,-7.0,5.0,3.0,0x684a
1675371264.044951,9145.0,4386.0,3853.0,97.3125,-45.375,124.5,25.0,-107.0,16.0,0x683f
1675371264.1575701,9881.0,4632.0,1491.0,267.9375,-6.0,-76.6875,-12.0,-7.0,-16.0,0x684a
1675371264.270349,9347.0,4449.0,599.0,110.75,-34.25,133.3125,54.0,8.0,17.0,0x683f
1675371264.384924,9663.0,4846.0,1168.0,259.4375,-5.875,-77.1875,-12.0,-9.0,-24.0,0x684a
1675371264.4978108,9327.0,4347.0,436.0,119.9375,-27.625,142.25,87.0,-46.0,131.0,0x683f
1675371264.6077492,9821.0,4744.0,1456.0,256.375,-5.4375,-77.375,-15.0,-24.0,5.0,0x684a
1675371264.719999,9321.0,4499.0,904.0,96.3125,-35.25,143.8125,184.0,-102.0,204.0,0x683f
1675371264.8338182,9999.0,4427.0,1467.0,257.8125,-5.5,-77.375,20.0,-15.0,-7.0,0x684a
1675371264.94678,8963.0,4744.0,813.0,109.3125,-24.3125,96.625,337.0,-126.0,-298.0,0x683f
1675371265.05686,9714.0,4470.0,930.0,260.0,-5.4375,-77.25,-19.0,-6.0,-6.0,0x684a
1675371265.169438,8734.0,4543.0,476.0,143.375,-1.625,105.4375,-383.0,-186.0,230.0,0x683f
1675371265.286006,9877.0,4644.0,1269.0,264.125,-4.9375,-76.75,17.0,-23.0,-17.0,0x684a
1675371265.401535,8833.0,4696.0,4164.0,152.1875,-3.875,109.5,-18.0,-111.0,14.0,0x683f
1675371265.512118,9909.0,4569.0,1471.0,266.3125,-5.0,-77.0625,-6.0,-11.0,-4.0,0x684a
1675371265.62456,8849.0,4688.0,656.0,150.875,-4.0625,109.6875,-20.0,7.0,-24.0,0x683f
1675371265.737327,10025.0,4572.0,1145.0,267.5,-5.75,-77.0625,-12.0,-10.0,-5.0,0x684a
1675371265.846983,8734.0,4604.0,472.0,150.125,-4.3125,110.375,-4.0,9.0,-18.0,0x683f
1675371265.961847,10104.0,4484.0,1379.0,267.9375,-6.0625,-77.0625,-10.0,-15.0,-10.0,0x684a
1675371266.0759108,8708.0,4611.0,341.0,149.8125,-4.4375,110.5,-5.0,14.0,-15.0,0x683f
1675371266.1899378,9917.0,4641.0,1228.0,268.5625,-6.0625,-77.0625,-7.0,-5.0,-5.0,0x684a
1675371266.304569,8764.0,4587.0,4409.0,149.0625,-4.6875,110.5,-2.0,9.0,-4.0,0x683f
1675371266.418973,10194.0,4373.0,1187.0,268.875,-6.125,-77.0625,-10.0,-13.0,8.0,0x684a
1675371266.5300648,8732.0,4550.0,387.0,148.3125,-5.0,110.625,-16.0,13.0,-15.0,0x683f
1675371266.645108,10048.0,4567.0,1355.0,269.625,-6.125,-76.9375,-4.0,-9.0,1.0,0x684a
1675371266.7612312,8759.0,4616.0,423.0,147.375,-5.3125,111.125,-21.0,5.0,-8.0,0x683f
1675371266.87582,10049.0,4497.0,1474.0,270.25,-6.0625,-76.6875,0.0,-18.0,0.0,0x684a
1675371266.986217,8857.0,4590.0,498.0,146.1875,-5.5,111.25,-1.0,7.0,0.0,0x683f
1675371267.1020749,9910.0,4589.0,1516.0,270.125,-6.125,-76.5,-5.0,-13.0,-7.0,0x684a
1675371267.21344,8785.0,4694.0,496.0,145.4375,-5.5625,111.4375,16.0,9.0,-20.0,0x683f
1675371267.324908,9895.0,4653.0,1310.0,269.875,-5.875,-76.1875,-9.0,-6.0,0.0,0x684a
1675371267.4348009,8820.0,4516.0,380.0,145.5625,-5.375,111.9375,2.0,4.0,-9.0,0x683f
1675371267.54913,9704.0,4710.0,1307.0,270.5625,-5.6875,-76.3125,-8.0,-5.0,-10.0,0x684a
1675371267.6611168,8755.0,4646.0,423.0,146.25,-5.25,111.9375,-5.0,7.0,-19.0,0x683f
1675371267.77598,9707.0,4688.0,1303.0,271.25,-5.8125,-76.4375,-4.0,-12.0,0.0,0x684a
1675371267.887775,8803.0,4569.0,444.0,146.3125,-5.125,111.875,4.0,2.0,-11.0,0x683f
1675371268.0006971,9726.0,4668.0,1252.0,272.0625,-6.125,-76.375,-13.0,-13.0,-4.0,0x684a
1675371268.113358,8796.0,4605.0,485.0,146.125,-5.1875,111.8125,3.0,4.0,-8.0,0x683f
1675371268.229234,10000.0,4420.0,1291.0,272.6875,-6.1875,-76.375,-8.0,-10.0,0.0,0x684a
1675371268.342963,8769.0,4585.0,398.0,146.3125,-5.1875,111.875,-1.0,4.0,-4.0,0x683f
1675371268.4557,9832.0,4536.0,1292.0,272.75,-6.1875,-76.375,-10.0,-1.0,-1.0,0x684a
1675371268.566338,8765.0,4592.0,365.0,146.25,-5.25,111.875,9.0,5.0,-2.0,0x683f
1675371268.681194,9670.0,4644.0,1193.0,272.9375,-6.375,-76.5625,-10.0,-9.0,2.0,0x684a
1675371268.793495,8824.0,4606.0,356.0,146.3125,-5.3125,111.875,6.0,1.0,-4.0,0x683f
1675371268.9077818,9717.0,4654.0,1309.0,273.25,-6.3125,-76.625,-7.0,-10.0,0.0,0x684a
1675371269.021908,8872.0,4553.0,359.0,146.6875,-5.375,111.875,-3.0,6.0,-4.0,0x683f
1675371269.134496,9682.0,4805.0,1146.0,273.875,-6.3125,-76.625,-10.0,-13.0,-7.0,0x684a
1675371269.247551,8756.0,4657.0,380.0,146.8125,-5.4375,111.75,-2.0,3.0,-10.0,0x683f
1675371269.360131,9696.0,4847.0,1213.0,273.8125,-6.3125,-76.6875,-14.0,-9.0,-2.0,0x684a
1675371269.476425,8775.0,4585.0,434.0,147.1875,-5.4375,111.6875,-4.0,5.0,-5.0,0x683f
1675371269.5899048,9705.0,4858.0,1280.0,274.0,-6.25,-76.9375,-15.0,-9.0,-5.0,0x684a
1675371269.70558,8742.0,4570.0,399.0,147.25,-5.4375,111.6875,-1.0,7.0,-7.0,0x683f
1675371269.822643,9895.0,4694.0,1398.0,274.125,-6.125,-76.9375,-13.0,-9.0,4.0,0x684a
1675371269.936765,8786.0,4548.0,405.0,147.8125,-5.5,111.75,-4.0,6.0,-7.0,0x683f
1675371270.050462,9710.0,4844.0,1359.0,274.3125,-6.0625,-76.9375,-8.0,-15.0,-2.0,0x684a
1675371270.165667,8837.0,4521.0,449.0,147.9375,-5.5625,111.625,-4.0,5.0,-9.0,0x683f
1675371270.277705,9723.0,4858.0,1402.0,274.125,-6.0625,-76.5,-7.0,-13.0,0.0,0x684a
1675371270.390319,8849.0,4536.0,484.0,147.9375,-5.625,111.6875,0.0,3.0,-11.0,0x683f
1675371270.5044138,9884.0,4444.0,1228.0,275.0,-6.3125,-76.0625,-12.0,-18.0,10.0,0x684a
1675371270.616488,8784.0,4495.0,329.0,148.1875,-5.6875,111.8125,6.0,-1.0,-16.0,0x683f
1675371270.7288342,9662.0,4590.0,836.0,276.0625,-6.125,-76.0,-19.0,-12.0,-1.0,0x684a
1675371270.839225,8714.0,4561.0,365.0,149.25,-5.5,111.8125,-8.0,17.0,-25.0,0x683f
1675371270.9505951,9647.0,4822.0,878.0,275.3125,-6.25,-76.125,10.0,-4.0,-7.0,0x684a
1675371271.061105,8736.0,4550.0,453.0,150.4375,-4.8125,111.8125,-50.0,18.0,10.0,0x683f
1675371271.174453,9775.0,4866.0,1427.0,273.625,-6.625,-75.3125,2.0,-24.0,11.0,0x684a
1675371271.2868328,8937.0,4689.0,722.0,134.0,-10.8125,100.5625,-255.0,61.0,-177.0,0x683f
1675371271.399596,9784.0,4944.0,1121.0,267.875,-6.5,-75.8125,-10.0,-72.0,-18.0,0x684a
1675371271.51161,9339.0,4607.0,705.0,124.625,-28.0625,112.6875,180.0,2.0,-24.0,0x683f
1675371271.6283112,9880.0,4698.0,1431.0,255.375,-3.0,-78.75,-21.0,-61.0,-13.0,0x684a
1675371271.742719,9501.0,4628.0,990.0,161.6875,-19.3125,133.8125,203.0,-240.0,136.0,0x683f
1675371271.8568718,9662.0,4423.0,729.0,239.0,4.625,-82.5625,2.0,107.0,-56.0,0x684a
1675371271.968,9337.0,4621.0,370.0,54.625,-8.5625,143.25,-119.0,-33.0,88.0,0x683f
1675371272.0806358,9904.0,4664.0,1516.0,237.1875,3.9375,-82.0,65.0,20.0,152.0,0x684a
1675371272.1960478,9412.0,4496.0,259.0,45.25,-10.375,145.5,183.0,-479.0,277.0,0x683f
1675371272.310795,10076.0,4517.0,1558.0,241.0625,0.25,-76.875,-53.0,-19.0,-44.0,0x684a
1675371272.422359,9357.0,4773.0,587.0,37.25,-14.0625,136.8125,-96.0,-111.0,-28.0,0x683f
1675371272.5382998,9753.0,4886.0,1361.0,258.4375,-5.5,-76.625,-23.0,-19.0,-14.0,0x684a
1675371272.651476,9116.0,4699.0,866.0,159.75,-22.4375,124.25,-45.0,-58.0,-48.0,0x683f
1675371272.765097,9589.0,4569.0,326.0,279.0625,-7.75,-76.75,9.0,-25.0,-3.0,0x684a
1675371272.8787572,8924.0,4598.0,665.0,135.125,-43.6875,126.0,-83.0,154.0,-225.0,0x683f
1675371272.9914088,9616.0,4487.0,810.0,293.25,-8.375,-75.75,14.0,-36.0,-8.0,0x684a
1675371273.107212,8933.0,4463.0,3847.0,128.8125,-58.75,139.625,38.0,-269.0,-71.0,0x683f
1675371273.2181308,9442.0,4367.0,968.0,299.1875,-7.5,-75.8125,17.0,-14.0,48.0,0x684a
1675371273.3298628,8799.0,4624.0,3843.0,132.75,-65.875,112.25,358.0,-290.0,-381.0,0x683f
1675371273.440214,9550.0,4621.0,730.0,295.0,-4.9375,-76.3125,-2.0,57.0,-45.0,0x684a
1675371273.551898,8914.0,4691.0,147.0,110.0625,-58.875,88.6875,-737.0,-60.0,-164.0,0x683f
1675371273.664364,9523.0,4639.0,556.0,287.1875,-2.9375,-79.0625,25.0,1.0,49.0,0x684a
1675371273.778389,9326.0,4550.0,468.0,27.25,-61.9375,-52.9375,218.0,67.0,-146.0,0x683f
1675371273.893294,9632.0,5350.0,247.0,268.375,-3.3125,-81.0,-29.0,-20.0,62.0,0x684a
1675371274.0088441,9824.0,4327.0,441.0,32.75,-59.6875,-37.9375,439.0,-367.0,-94.0,0x683f
1675371274.122985,9533.0,5185.0,98.0,243.875,-3.9375,-84.125,-9.0,-26.0,5.0,0x684a
1675371274.235883,9996.0,4781.0,108.0,45.6875,-71.0625,-1.5,-171.0,-304.0,-94.0,0x683f
1675371274.3467698,9987.0,4917.0,769.0,223.9375,-0.375,-82.1875,-24.0,-2.0,-89.0,0x684a
1675371274.459311,9937.0,4448.0,228.0,41.125,-72.5625,-15.5625,-230.0,-112.0,-24.0,0x683f
1675371274.5735219,9819.0,4805.0,423.0,218.8125,1.5625,-80.6875,20.0,2.0,-64.0,0x684a
1675371274.687011,9646.0,4606.0,-149.0,39.875,-71.0625,-17.1875,-28.0,-28.0,-74.0,0x683f
1675371274.8016,9738.0,4946.0,290.0,219.0,1.9375,-81.0,4.0,3.0,-22.0,0x684a
1675371274.916203,9757.0,4760.0,-284.0,39.625,-71.4375,-17.5625,41.0,-23.0,-24.0,0x683f
1675371275.027764,9652.0,5034.0,504.0,216.25,1.625,-80.9375,31.0,1.0,-53.0,0x684a
1675371275.1422741,9500.0,4792.0,-126.0,39.5625,-72.875,-17.625,-123.0,-348.0,36.0,0x683f
1675371275.25759,9885.0,4655.0,893.0,227.125,-3.0,-81.6875,-30.0,-20.0,-107.0,0x684a
1675371275.371605,9464.0,4676.0,401.0,31.6875,-70.8125,-82.9375,43.0,-448.0,-220.0,0x683f
1675371275.486759,9686.0,4662.0,253.0,255.1875,-6.5625,-79.75,-27.0,-46.0,48.0,0x684a
1675371275.598606,9192.0,4693.0,793.0,18.25,-58.125,-79.875,292.0,172.0,104.0,0x683f
1675371275.712224,9861.0,4699.0,1013.0,276.0625,-4.875,-76.0,10.0,-18.0,-124.0,0x684a
1675371275.826483,8832.0,4566.0,613.0,57.25,-85.1875,179.875,-325.0,183.0,17.0,0x683f
1675371275.938787,9290.0,4548.0,736.0,284.25,-2.5625,-78.375,100.0,51.0,-12.0,0x684a
1675371276.053094,8789.0,4278.0,657.0,148.25,-59.0,102.3125,113.0,82.0,-508.0,0x683f
1675371276.167976,9481.0,4682.0,1062.0,284.3125,-2.8125,-78.75,-3.0,-4.0,26.0,0x684a
1675371276.2791328,8764.0,4327.0,685.0,127.1875,-60.25,135.4375,-2.0,-534.0,-219.0,0x683f
1675371276.3914812,9657.0,4640.0,1101.0,281.4375,-3.5,-78.3125,-3.0,1.0,-1.0,0x684a
1675371276.503537,8781.0,4484.0,4013.0,111.0625,-58.5625,133.6875,145.0,-46.0,-82.0,0x683f
1675371276.618195,9584.0,4674.0,1019.0,282.5625,-5.875,-78.1875,-8.0,2.0,18.0,0x684a
1675371276.7294238,8944.0,4507.0,887.0,113.875,-54.9375,119.625,-152.0,133.0,-81.0,0x683f
1675371276.8439639,9446.0,4640.0,1092.0,278.8125,-6.6875,-78.125,-16.0,-15.0,-9.0,0x684a
1675371276.9607308,9210.0,4451.0,3926.0,95.6875,-59.1875,109.75,30.0,-22.0,-35.0,0x683f
1675371277.0748212,9722.0,4475.0,1147.0,270.875,-6.1875,-77.5625,-24.0,-3.0,0.0,0x684a
1675371277.187606,9700.0,4483.0,1048.0,69.625,-67.8125,117.125,60.0,-96.0,30.0,0x683f
1675371277.301398,9586.0,4611.0,926.0,264.3125,-6.25,-76.5,-1.0,-25.0,8.0,0x684a
1675371277.418664,9633.0,4442.0,1046.0,65.8125,-69.6875,115.25,35.0,-171.0,-13.0,0x683f
1675371277.53153,9562.0,4700.0,600.0,260.875,-5.9375,-76.4375,-17.0,-10.0,-8.0,0x684a
1675371277.648138,9331.0,4574.0,973.0,59.8125,-66.5625,114.1875,281.0,-132.0,46.0,0x683f
1675371277.762281,9720.0,4373.0,895.0,263.625,-5.625,-77.125,0.0,-12.0,14.0,0x684a
1675371277.873482,9129.0,4547.0,696.0,94.6875,-26.75,94.9375,-121.0,-155.0,-258.0,0x683f
1675371277.984252,9849.0,4752.0,1100.0,268.5625,-4.875,-76.8125,0.0,-11.0,-9.0,0x684a
1675371278.097196,8804.0,4603.0,459.0,135.8125,-5.625,106.8125,-270.0,-215.0,18.0,0x683f
1675371278.2112389,9827.0,4349.0,591.0,270.9375,-4.5,-76.75,25.0,-18.0,-1.0,0x684a
1675371278.3205838,8807.0,4572.0,426.0,147.5,-5.5625,110.25,-9.0,32.0,-13.0,0x683f
1675371278.435062,10132.0,4380.0,1059.0,272.0,-5.1875,-76.8125,-1.0,-4.0,6.0,0x684a
1675371278.5444841,8752.0,4626.0,418.0,146.3125,-5.4375,110.75,-6.0,11.0,-29.0,0x683f
1675371278.657928,9828.0,4691.0,1060.0,270.4375,-6.125,-77.3125,-22.0,-8.0,6.0,0x684a
1675371278.770707,8800.0,4615.0,493.0,143.625,-5.375,111.125,-6.0,14.0,-21.0,0x683f
1675371278.884094,9729.0,4789.0,1192.0,269.625,-6.4375,-76.6875,-12.0,-6.0,13.0,0x684a
1675371278.9967191,8870.0,4573.0,545.0,141.0,-5.5625,111.5,-8.0,3.0,-17.0,0x683f
1675371279.1109602,9697.0,4848.0,1244.0,269.0,-6.4375,-76.5625,-10.0,-20.0,-16.0,0x684a
1675371279.2233212,8794.0,4525.0,458.0,139.0,-5.75,111.75,-9.0,11.0,-19.0,0x683f
1675371279.33515,9646.0,4927.0,1091.0,266.375,-6.4375,-76.4375,-5.0,-14.0,9.0,0x684a
1675371279.447787,8850.0,4514.0,518.0,135.8125,-6.0,111.9375,-5.0,5.0,-26.0,0x683f
1675371279.5597508,9704.0,4704.0,1353.0,264.375,-6.4375,-76.4375,-10.0,-14.0,0.0,0x684a
1675371279.67232,8852.0,4555.0,486.0,133.125,-6.0,112.1875,-9.0,8.0,-10.0,0x683f
1675371279.78526,9652.0,4764.0,1103.0,261.25,-6.1875,-76.75,-18.0,-25.0,-12.0,0x684a
1675371279.897838,8771.0,4550.0,496.0,130.25,-6.0,112.3125,4.0,14.0,-6.0,0x683f
1675371280.010175,9638.0,4914.0,1092.0,258.6875,-6.125,-77.0,-5.0,-13.0,0.0,0x684a
1675371280.119803,8815.0,4611.0,497.0,127.8125,-6.0625,112.6875,2.0,1.0,-13.0,0x683f
1675371280.235497,9927.0,4676.0,1126.0,255.9375,-5.875,-77.25,-3.0,-12.0,1.0,0x684a
1675371280.349053,8858.0,4492.0,398.0,125.625,-6.1875,112.8125,-10.0,11.0,-8.0,0x683f
1675371280.466209,9581.0,4847.0,878.0,254.75,-5.75,-77.4375,-3.0,-11.0,-9.0,0x684a
1675371280.577578,8822.0,4521.0,426.0,124.3125,-6.125,112.75,-4.0,5.0,-7.0,0x683f
1675371280.68924,9623.0,4733.0,1021.0,253.125,-5.8125,-77.625,-11.0,-10.0,-4.0,0x684a
1675371280.800682,8765.0,4529.0,414.0,122.3125,-6.1875,112.6875,0.0,5.0,-1.0,0x683f
1675371280.913559,9628.0,4614.0,1147.0,250.875,-5.625,-77.4375,-12.0,-7.0,0.0,0x684a
1675371281.030059,8831.0,4592.0,470.0,120.8125,-6.0625,112.9375,10.0,7.0,-9.0,0x683f
1675371281.143245,9646.0,4802.0,963.0,249.4375,-5.4375,-77.5625,-10.0,-10.0,-6.0,0x684a
1675371281.2621691,8811.0,4612.0,512.0,119.3125,-5.875,113.125,-4.0,4.0,-8.0,0x683f
1675371281.38857,9528.0,4696.0,1039.0,247.875,-5.1875,-77.5625,-17.0,-11.0,-12.0,0x684a
1675371281.50299,8836.0,4593.0,527.0,117.625,-5.8125,113.1875,15.0,2.0,-16.0,0x683f
1675371281.616467,9844.0,4528.0,1043.0,246.4375,-5.125,-77.4375,-12.0,-11.0,-6.0,0x684a
1675371281.730575,8802.0,4607.0,527.0,116.875,-5.8125,113.3125,1.0,1.0,-13.0,0x683f
1675371281.8453891,9903.0,4384.0,1207.0,246.25,-5.0625,-77.5625,-12.0,-9.0,0.0,0x684a
1675371281.959064,8792.0,4593.0,539.0,116.5,-5.875,113.375,-4.0,10.0,-3.0,0x683f
1675371282.073897,9888.0,4378.0,1124.0,245.5,-5.0,-77.5625,-20.0,-9.0,3.0,0x684a
1675371282.186832,8816.0,4605.0,479.0,116.6875,-5.8125,113.375,3.0,2.0,-6.0,0x683f
1675371282.300044,9781.0,4510.0,1221.0,244.625,-5.1875,-77.6875,-14.0,-12.0,-4.0,0x684a
1675371282.410028,8813.0,4637.0,422.0,116.25,-5.875,113.375,0.0,5.0,-4.0,0x683f
1675371282.522838,9613.0,4722.0,1011.0,244.0625,-5.3125,-77.75,-15.0,-9.0,-2.0,0x684a
1675371282.63455,8805.0,4627.0,468.0,115.8125,-5.9375,113.3125,-2.0,6.0,-5.0,0x683f
1675371282.748193,9798.0,4563.0,1227.0,244.0,-5.375,-77.75,-9.0,-5.0,14.0,0x684a
1675371282.8579898,8824.0,4604.0,454.0,115.4375,-5.9375,113.25,3.0,0.0,1.0,0x683f
1675371282.972996,9671.0,4780.0,1119.0,243.5,-5.5625,-77.6875,-13.0,-11.0,0.0,0x684a
1675371283.086237,8798.0,4591.0,485.0,115.3125,-6.125,113.1875,-1.0,6.0,-1.0,0x683f
1675371283.198742,9663.0,4871.0,1073.0,243.5,-5.625,-77.5,-16.0,-13.0,3.0,0x684a
1675371283.312625,8847.0,4548.0,439.0,115.0,-6.25,113.125,-2.0,0.0,-5.0,0x683f
1675371283.426778,9653.0,4885.0,1062.0,243.1875,-5.75,-77.25,-17.0,-14.0,-18.0,0x684a
1675371283.538661,8817.0,4567.0,472.0,114.0,-6.375,113.125,-1.0,2.0,-2.0,0x683f
1675371283.651671,9952.0,4609.0,1426.0,242.0625,-5.9375,-76.875,-16.0,-11.0,-26.0,0x684a
1675371283.764645,8897.0,4516.0,409.0,113.5,-6.625,113.125,10.0,0.0,0.0,0x683f
1675371283.879314,9991.0,4463.0,1380.0,243.3125,-5.375,-76.5625,-19.0,-4.0,10.0,0x684a
1675371283.993471,8987.0,4631.0,690.0,115.5,-6.6875,113.25,40.0,-4.0,11.0,0x683f
1675371284.103916,10029.0,4340.0,1351.0,248.0625,-5.1875,-78.5,-17.0,-23.0,-2.0,0x684a
1675371284.218487,8755.0,4742.0,798.0,119.3125,-8.1875,114.4375,31.0,-89.0,23.0,0x683f
1675371284.362682,9743.0,4309.0,999.0,259.4375,-3.125,-81.375,-123.0,-18.0,7.0,0x684a
1675371284.475422,8801.0,4706.0,892.0,135.25,-12.0625,109.875,-81.0,98.0,37.0,0x683f
1675371284.5878909,9465.0,4287.0,1013.0,283.3125,-2.5625,-80.125,-121.0,-56.0,-6.0,0x684a
1675371284.699785,8551.0,4581.0,498.0,157.5,-13.0,106.0,101.0,-52.0,115.0,0x683f
1675371284.8114948,9032.0,3947.0,614.0,299.5,-0.25,-74.6875,10.0,43.0,-31.0,0x684a
1675371284.929237,8612.0,4632.0,699.0,176.625,-11.4375,115.375,151.0,-66.0,-184.0,0x683f
1675371285.041286,8274.0,3512.0,127.0,325.25,-2.8125,-72.25,-33.0,-55.0,-113.0,0x684a
1675371285.1535842,8530.0,4840.0,860.0,211.5,-6.0,119.5,64.0,40.0,-67.0,0x683f
1675371285.266146,8221.0,4018.0,647.0,355.3125,-3.75,-76.6875,2.0,-93.0,1.0,0x684a
1675371285.379277,8159.0,5202.0,207.0,244.625,-1.25,121.5,-293.0,-191.0,-28.0,0x683f
1675371285.49106,8390.0,4436.0,3507.0,14.0,-4.875,-80.9375,-138.0,199.0,65.0,0x684a
1675371285.6024032,8090.0,5059.0,154.0,261.875,-4.6875,112.875,275.0,62.0,252.0,0x683f
1675371285.713429,8023.0,4634.0,992.0,35.25,-5.375,-78.25,-109.0,-94.0,247.0,0x684a
1675371285.824569,8129.0,5002.0,307.0,266.8125,-17.8125,107.5,-47.0,180.0,101.0,0x683f
1675371285.93779,7646.0,4658.0,547.0,53.875,-2.4375,-78.9375,-160.0,-14.0,91.0,0x684a
1675371286.049877,8095.0,4792.0,774.0,276.9375,-14.375,110.4375,-202.0,-385.0,197.0,0x683f
1675371286.16238,7585.0,4882.0,824.0,64.0625,-1.6875,-74.8125,61.0,-217.0,-122.0,0x684a
1675371286.276953,8006.0,5003.0,733.0,287.9375,-7.875,112.5625,-112.0,-81.0,-27.0,0x683f
1675371286.3894138,7474.0,4979.0,742.0,66.5,-9.3125,-76.1875,42.0,-108.0,-76.0,0x684a
1675371286.501778,7778.0,5017.0,573.0,295.875,-1.875,112.4375,-83.0,26.0,16.0,0x683f
1675371286.6123211,6917.0,4723.0,477.0,72.9375,-12.0,-76.6875,28.0,141.0,0.0,0x684a
1675371286.7220721,7729.0,5282.0,508.0,304.6875,-2.625,109.6875,-457.0,-217.0,-87.0,0x683f
1675371286.8320372,6813.0,5167.0,526.0,86.0,-16.5,-67.75,98.0,-111.0,-169.0,0x684a
1675371286.944404,7268.0,5105.0,650.0,277.0,-21.5625,105.6875,-41.0,115.0,-111.0,0x683f
1675371287.05758,6827.0,5340.0,748.0,75.1875,-9.1875,-72.375,63.0,-99.0,-16.0,0x684a
1675371287.170454,7032.0,5094.0,866.0,259.125,-20.1875,106.9375,-349.0,-33.0,-215.0,0x683f
1675371287.281549,6541.0,4870.0,725.0,57.1875,-7.1875,-74.9375,77.0,205.0,95.0,0x684a
1675371287.39153,6563.0,5536.0,327.0,241.875,-19.5,111.5,554.0,56.0,-79.0,0x683f
1675371287.504719,6333.0,4680.0,851.0,36.625,-13.75,-75.625,292.0,-110.0,-57.0,0x684a
1675371287.61923,6047.0,5459.0,244.0,244.0,-4.875,109.5,178.0,108.0,-60.0,0x683f
1675371287.731714,6090.0,4487.0,456.0,18.5625,-13.5625,-81.5,34.0,124.0,23.0,0x684a
1675371287.842562,6141.0,5146.0,713.0,246.875,-0.5625,109.125,-149.0,-263.0,-348.0,0x683f
1675371287.9558342,5926.0,4402.0,909.0,15.3125,-14.5625,-78.125,125.0,-144.0,-245.0,0x684a
1675371288.070432,5989.0,5148.0,777.0,221.875,-17.5,104.875,144.0,1.0,10.0,0x683f
1675371288.185243,6034.0,4446.0,1005.0,12.0625,-8.75,-76.75,50.0,-106.0,-33.0,0x684a
1675371288.294535,5996.0,4652.0,790.0,198.25,-24.125,105.875,63.0,-128.0,176.0,0x683f
1675371288.407871,5715.0,3897.0,910.0,0.125,-4.6875,-77.5625,-40.0,397.0,58.0,0x684a
1675371288.5199628,5757.0,4607.0,308.0,186.9375,-24.1875,112.75,547.0,-14.0,254.0,0x683f
1675371288.630423,5577.0,3648.0,825.0,354.0625,-11.3125,-72.25,132.0,-56.0,-99.0,0x684a
1675371288.741678,5383.0,4224.0,381.0,192.6875,-10.25,110.625,121.0,116.0,25.0,0x683f
1675371288.854651,5613.0,3675.0,998.0,341.4375,-12.0625,-77.3125,73.0,-5.0,49.0,0x684a
1675371288.96982,5445.0,4187.0,398.0,203.4375,-3.125,112.5625,-120.0,-172.0,-292.0,0x683f
1675371289.0809972,5278.0,3277.0,1112.0,344.5,-14.9375,-78.5,-122.0,80.0,-47.0,0x684a
1675371289.191594,5304.0,4006.0,202.0,198.5,-12.875,105.375,518.0,29.0,152.0,0x683f
1675371289.3047838,5214.0,2899.0,943.0,351.1875,-5.9375,-76.375,-90.0,17.0,207.0,0x684a
1675371289.419949,5255.0,3530.0,506.0,182.125,-26.8125,106.875,322.0,143.0,130.0,0x683f
1675371289.532911,5474.0,2896.0,981.0,353.0625,-0.875,-77.0625,-168.0,19.0,27.0,0x684a
1675371289.6464279,5424.0,3328.0,275.0,182.75,-23.125,110.3125,173.0,-164.0,172.0,0x683f
1675371289.760413,5402.0,2303.0,1352.0,349.0,0.875,-73.0,26.0,-426.0,-205.0,0x684a
1675371289.875776,5334.0,3224.0,138.0,189.5,-14.0,112.5,53.0,-37.0,-350.0,0x683f
1675371289.991432,5270.0,2471.0,586.0,354.375,-8.125,-73.625,24.0,-95.0,-238.0,0x684a
1675371290.10488,5371.0,3153.0,237.0,211.875,-6.625,114.75,-71.0,-23.0,27.0,0x683f
1675371290.218633,4792.0,2093.0,907.0,6.0,-8.75,-75.8125,-175.0,340.0,49.0,0x684a
1675371290.3300061,4912.0,3071.0,444.0,227.25,-8.0625,109.9375,-163.0,-4.0,62.0,0x683f
1675371290.443925,4148.0,2509.0,907.0,21.3125,-6.9375,-70.8125,37.0,2.0,-324.0,0x684a
1675371290.5556211,4628.0,2631.0,642.0,219.375,-25.4375,109.875,-215.0,282.0,22.0,0x683f
1675371290.667656,3754.0,2361.0,288.0,28.375,-0.75,-74.5625,-130.0,-59.0,-23.0,0x684a
1675371290.7807941,4512.0,2701.0,257.0,216.5,-22.6875,110.625,-405.0,0.0,142.0,0x683f
1675371290.892883,3390.0,2613.0,139.0,23.875,1.3125,-71.75,16.0,-353.0,-85.0,0x684a
1675371291.005057,4310.0,2474.0,312.0,208.625,-21.8125,110.375,300.0,-178.0,-169.0,0x683f
1675371291.134619,3944.0,2239.0,1155.0,23.0,-5.75,-71.375,-38.0,-195.0,-228.0,0x684a
1675371291.247013,4143.0,2582.0,466.0,232.5625,-10.625,115.4375,106.0,-63.0,58.0,0x683f
1675371291.3599072,2691.0,2792.0,-2.0,37.5625,-7.25,-73.3125,-62.0,110.0,52.0,0x684a
1675371291.474066,4052.0,2708.0,319.0,259.125,-11.9375,112.875,57.0,-61.0,143.0,0x683f
1675371291.588524,2996.0,3213.0,-316.0,61.125,-2.5,-71.875,-98.0,25.0,-179.0,0x684a
1675371291.699806,4182.0,2574.0,469.0,267.1875,-25.6875,109.6875,182.0,227.0,199.0,0x683f
1675371291.811091,3494.0,2576.0,477.0,84.4375,3.3125,-75.0,-262.0,41.0,2.0,0x684a
1675371291.9233458,3969.0,2739.0,125.0,291.625,-18.5,116.9375,-146.0,-248.0,404.0,0x683f
1675371292.038899,3730.0,2624.0,845.0,103.4375,4.625,-72.8125,-32.0,-72.0,-203.0,0x684a
1675371292.1524422,4100.0,2748.0,411.0,311.625,-13.8125,121.0,71.0,-194.0,-141.0,0x683f
1675371292.264216,3789.0,2953.0,251.0,130.1875,2.1875,-76.0,-138.0,22.0,-68.0,0x684a
1675371292.376221,4156.0,2814.0,246.0,7.25,-3.625,122.375,-243.0,88.0,6.0,0x683f
1675371292.489059,4464.0,3099.0,449.0,168.1875,-3.8125,-81.6875,-51.0,103.0,114.0,0x684a
1675371292.60238,4245.0,2429.0,632.0,57.75,0.8125,116.4375,-258.0,-40.0,37.0,0x683f
1675371292.715243,4437.0,3037.0,430.0,199.75,-5.9375,-76.6875,-234.0,2.0,-251.0,0x684a
1675371292.831226,4232.0,2555.0,437.0,77.5625,-14.125,104.8125,-398.0,265.0,153.0,0x683f
1675371292.945868,4881.0,2910.0,118.0,224.75,-2.125,-80.3125,-149.0,-101.0,219.0,0x684a
1675371293.061197,4211.0,2711.0,277.0,92.0,-12.25,103.5625,-521.0,-245.0,172.0,0x683f
1675371293.173395,5018.0,2755.0,173.0,233.5625,0.1875,-79.25,-74.0,-244.0,-20.0,0x684a
1675371293.286697,4137.0,2204.0,253.0,100.6875,-10.0,107.875,277.0,126.0,-96.0,0x683f
1675371293.400701,5042.0,2615.0,423.0,248.5625,-8.4375,-77.1875,52.0,-85.0,2.0,0x684a
1675371293.5159712,4469.0,2233.0,423.0,126.5,-5.0625,109.1875,-193.0,88.0,-86.0,0x683f
1675371293.63029,5157.0,2792.0,745.0,260.9375,-9.4375,-79.625,93.0,58.0,64.0,0x684a
1675371293.743328,4673.0,2602.0,414.0,139.625,-5.25,106.1875,-290.0,-335.0,-294.0,0x683f
1675371293.8584461,5469.0,2487.0,605.0,274.8125,-10.625,-74.75,122.0,-29.0,-264.0,0x684a
1675371293.9717,5042.0,2385.0,406.0,118.9375,-21.5,101.625,-137.0,112.0,-329.0,0x683f
1675371294.0857012,5435.0,2773.0,831.0,266.4375,-3.75,-75.75,83.0,-72.0,-74.0,0x684a
1675371294.1971478,5323.0,2502.0,349.0,96.3125,-21.6875,104.25,-178.0,34.0,-201.0,0x683f
1675371294.31014,5814.0,2586.0,500.0,239.8125,-1.0625,-77.875,103.0,314.0,21.0,0x684a
1675371294.422413,5570.0,2617.0,398.0,67.1875,-22.875,109.375,331.0,38.0,169.0,0x683f
1675371294.536441,6000.0,2989.0,766.0,213.625,-3.5625,-72.375,158.0,85.0,-145.0,0x684a
1675371294.6468658,5929.0,2892.0,491.0,55.5,-11.75,109.75,121.0,180.0,80.0,0x683f
1675371294.759618,6051.0,3355.0,573.0,190.5,-9.5,-77.75,62.0,-27.0,69.0,0x684a
1675371294.872524,6060.0,2798.0,65.0,63.25,0.25,111.875,-150.0,-73.0,-169.0,0x683f
1675371294.9842932,6032.0,3649.0,2.0,184.4375,-12.625,-80.875,86.0,110.0,7.0,0x684a
1675371295.0994549,6129.0,3173.0,457.0,64.4375,-5.25,103.0,25.0,270.0,177.0,0x683f
1675371295.213595,5979.0,4021.0,579.0,182.0,-6.9375,-77.3125,-89.0,-26.0,117.0,0x684a
1675371295.325272,6293.0,3584.0,601.0,47.75,-19.75,104.875,9.0,269.0,43.0,0x683f
1675371295.4386492,6146.0,4244.0,454.0,181.75,-1.8125,-79.6875,-92.0,-42.0,73.0,0x684a
1675371295.549869,6406.0,3891.0,578.0,41.5625,-18.1875,107.9375,-154.0,-161.0,59.0,0x683f
1675371295.666506,6689.0,4636.0,461.0,177.125,1.875,-77.9375,24.0,-257.0,-80.0,0x684a
1675371295.782537,6433.0,3849.0,470.0,41.5,-13.1875,112.625,-96.0,-20.0,-163.0,0x683f
1675371295.895985,6576.0,4616.0,733.0,177.5625,-8.25,-78.625,82.0,-201.0,-49.0,0x684a
1675371296.013189,6638.0,4061.0,719.0,54.9375,-2.9375,114.25,-83.0,-94.0,54.0,0x683f
1675371296.124394,6761.0,4807.0,603.0,178.0,-8.8125,-79.75,-54.0,407.0,41.0,0x684a
1675371296.236002,6588.0,4276.0,769.0,69.8125,-5.5625,107.375,-103.0,93.0,288.0,0x683f
1675371296.347894,7085.0,5228.0,788.0,187.75,-6.125,-75.0,-18.0,-22.0,-199.0,0x684a
1675371296.460429,6551.0,4496.0,397.0,59.9375,-24.0625,106.5,25.0,265.0,48.0,0x683f
1675371296.57499,7151.0,5264.0,518.0,192.375,0.375,-78.3125,-140.0,-48.0,55.0,0x684a
1675371296.68576,6888.0,4614.0,476.0,55.25,-20.5,106.875,30.0,-5.0,299.0,0x683f
1675371296.79877,6752.0,4957.0,879.0,191.375,2.6875,-74.5,31.0,-36.0,-181.0,0x684a
1675371296.9128609,6905.0,4664.0,509.0,66.25,-13.5,112.6875,-163.0,-177.0,-157.0,0x683f
1675371297.0259929,7795.0,5472.0,1014.0,199.5625,-4.3125,-78.375,-38.0,-119.0,-85.0,0x684a
1675371297.137352,7096.0,4679.0,756.0,100.75,-3.9375,114.75,-201.0,-42.0,27.0,0x683f
1675371297.250325,8299.0,5460.0,1067.0,213.625,-7.0625,-81.1875,-131.0,444.0,124.0,0x684a
1675371297.364345,7187.0,4525.0,489.0,114.5,-7.0625,105.125,477.0,187.0,438.0,0x683f
1675371297.4792562,8552.0,5542.0,750.0,230.25,-6.0625,-76.5,34.0,-53.0,-29.0,0x684a
1675371297.593467,7458.0,4590.0,519.0,106.5625,-21.25,104.375,34.0,144.0,102.0,0x683f
1675371297.706998,8194.0,5122.0,984.0,234.4375,0.4375,-81.25,-132.0,-13.0,59.0,0x684a
1675371297.8198059,7693.0,4732.0,755.0,101.375,-20.0,106.0625,1.0,-364.0,144.0,0x683f
1675371297.936627,8671.0,5216.0,728.0,232.625,2.6875,-77.5625,89.0,152.0,-230.0,0x684a
1675371298.049897,7906.0,4805.0,753.0,108.625,-13.25,111.0,-112.0,-4.0,-255.0,0x683f
1675371298.1653461,8831.0,5323.0,974.0,238.1875,-6.4375,-77.625,27.0,-132.0,-80.0,0x684a
1675371298.277219,7970.0,4889.0,665.0,128.8125,-5.5625,112.75,-143.0,30.0,26.0,0x683f
1675371298.391082,9623.0,5198.0,944.0,242.0,-8.625,-79.5,-39.0,393.0,32.0,0x684a
1675371298.503885,8281.0,4870.0,603.0,134.9375,-8.125,106.3125,69.0,103.0,194.0,0x683f
1675371298.61634,10228.0,4483.0,862.0,247.3125,-9.875,-73.6875,124.0,-138.0,-193.0,0x684a
1675371298.728318,8456.0,4822.0,737.0,116.8125,-23.375,102.0,121.0,26.0,26.0,0x683f
1675371298.839873,10383.0,4645.0,1067.0,242.9375,-3.0625,-75.8125,-58.0,-91.0,20.0,0x684a
1675371298.950565,8646.0,4776.0,645.0,110.9375,-24.0625,102.875,-129.0,-36.0,13.0,0x683f
1675371299.062894,10006.0,4569.0,1023.0,238.4375,-0.3125,-76.375,42.0,196.0,71.0,0x684a
1675371299.173631,8906.0,4642.0,813.0,107.6875,-25.75,106.25,387.0,101.0,131.0,0x683f
1675371299.2872078,9861.0,4682.0,1507.0,239.0625,-3.375,-74.5,87.0,17.0,-112.0,0x684a
1675371299.4001322,8834.0,4603.0,476.0,114.75,-17.375,107.8125,195.0,42.0,72.0,0x683f
1675371299.514364,9685.0,4472.0,919.0,238.75,-5.625,-77.4375,32.0,58.0,-179.0,0x684a
1675371299.626156,8855.0,4555.0,476.0,126.1875,-14.5625,110.0625,-43.0,5.0,-158.0,0x683f
1675371299.738084,9715.0,4523.0,1049.0,252.25,-8.5625,-75.4375,125.0,-46.0,-216.0,0x684a
1675371299.853607,8909.0,4572.0,603.0,129.4375,-12.3125,109.1875,10.0,9.0,-75.0,0x683f
1675371299.967537,9640.0,4547.0,1114.0,250.5625,-8.6875,-77.375,12.0,-15.0,-51.0,0x684a
1675371300.081567,9022.0,4694.0,723.0,128.375,-11.125,108.4375,6.0,32.0,-55.0,0x683f
1675371300.196609,9611.0,4559.0,1031.0,255.1875,-9.1875,-75.75,9.0,-42.0,-27.0,0x684a
1675371300.3125088,8982.0,4648.0,675.0,134.3125,-10.8125,109.1875,-29.0,-20.0,-8.0,0x683f
1675371300.426215,9889.0,4352.0,1007.0,255.5,-9.0,-77.3125,-12.0,-10.0,-8.0,0x684a
1675371300.5415711,8955.0,4604.0,575.0,134.8125,-10.5625,108.6875,-9.0,0.0,-31.0,0x683f
1675371300.65244,9887.0,4361.0,940.0,256.5625,-9.0625,-77.875,6.0,-3.0,-4.0,0x684a
1675371300.766977,8905.0,4559.0,447.0,134.875,-10.0,108.25,10.0,6.0,-1.0,0x683f
1675371300.879083,9882.0,4413.0,829.0,255.6875,-8.6875,-78.25,1.0,-6.0,-5.0,0x684a
1675371300.992185,8926.0,4562.0,463.0,134.6875,-10.0625,108.125,-5.0,5.0,-5.0,0x683f
1675371301.103694,9699.0,4547.0,731.0,256.625,-8.6875,-78.125,-2.0,-9.0,-1.0,0x684a
1675371301.216949,8918.0,4599.0,521.0,134.5625,-9.9375,108.125,-9.0,15.0,-1.0,0x683f
1675371301.330719,9777.0,4497.0,925.0,257.5625,-8.625,-78.0625,-8.0,-14.0,-7.0,0x684a
1675371301.444298,8939.0,4566.0,562.0,132.875,-10.125,108.0625,-14.0,6.0,-3.0,0x683f
1675371301.559427,9760.0,4561.0,793.0,256.9375,-8.25,-78.1875,-3.0,-11.0,5.0,0x684a
1675371301.6704829,8968.0,4575.0,511.0,131.6875,-10.375,108.0625,3.0,3.0,0.0,0x683f
1675371301.785268,9767.0,4612.0,967.0,257.625,-7.9375,-77.625,-4.0,-6.0,2.0,0x684a
1675371301.8992,8849.0,4484.0,342.0,129.4375,-10.6875,108.5625,24.0,7.0,-3.0,0x683f
1675371302.0149262,9691.0,4663.0,1256.0,258.875,-8.0625,-76.9375,-4.0,-12.0,3.0,0x684a
1675371302.126533,8834.0,4484.0,416.0,128.9375,-10.9375,108.3125,0.0,11.0,-10.0,0x683f
1675371302.2425961,9766.0,4673.0,1399.0,259.5,-7.6875,-76.625,2.0,-7.0,8.0,0x684a
1675371302.371472,8862.0,4525.0,458.0,128.625,-11.1875,108.5,5.0,-5.0,-1.0,0x683f
1675371302.4843771,9725.0,4658.0,1524.0,260.125,-7.5625,-76.75,-16.0,-5.0,-4.0,0x684a
1675371302.597068,8911.0,4601.0,589.0,128.4375,-10.875,108.625,-20.0,-13.0,-9.0,0x683f
1675371302.708041,9654.0,4682.0,1312.0,260.375,-7.5,-77.625,-12.0,-3.0,-15.0,0x684a
1675371302.817516,8861.0,4554.0,369.0,127.5,-10.625,108.375,5.0,2.0,3.0,0x683f
1675371302.92664,9556.0,4709.0,1070.0,259.9375,-7.4375,-78.3125,-11.0,-4.0,6.0,0x684a
1675371303.0379012,8892.0,4602.0,493.0,127.125,-10.4375,108.6875,6.0,-1.0,-17.0,0x683f
1675371303.1478221,9625.0,4612.0,1268.0,260.625,-7.125,-79.0,3.0,-8.0,-4.0,0x684a
1675371303.258312,8861.0,4530.0,438.0,126.875,-10.3125,108.6875,-24.0,1.0,-3.0,0x683f
1675371303.370982,9606.0,4623.0,1204.0,261.5625,-7.1875,-79.375,-6.0,-4.0,11.0,0x684a
1675371303.483747,8949.0,4679.0,634.0,126.1875,-10.375,108.625,-2.0,11.0,-5.0,0x683f
1675371303.596642,9655.0,4597.0,1283.0,262.0,-7.0625,-79.375,-3.0,-9.0,-1.0,0x684a
1675371303.708396,8995.0,4690.0,670.0,125.1875,-10.5625,108.8125,-3.0,-2.0,-8.0,0x683f
1675371303.823891,9520.0,4571.0,750.0,262.1875,-6.625,-78.8125,5.0,-12.0,0.0,0x684a
1675371303.934585,8865.0,4532.0,435.0,124.0625,-10.75,109.0625,-3.0,2.0,-3.0,0x683f
1675371304.0419421,9572.0,4674.0,996.0,262.4375,-6.5625,-78.125,6.0,-20.0,-11.0,0x684a
1675371304.151946,8929.0,4600.0,526.0,123.25,-10.875,109.0,2.0,-2.0,1.0,0x683f
1675371304.26243,9569.0,4814.0,907.0,262.6875,-6.625,-77.75,-15.0,-7.0,-1.0,0x684a
1675371304.369131,8879.0,4504.0,400.0,122.0625,-10.9375,108.75,-7.0,9.0,-11.0,0x683f
1675371304.477952,9543.0,4664.0,1000.0,263.0625,-6.6875,-77.3125,-3.0,-11.0,-2.0,0x684a
1675371304.5874581,8881.0,4492.0,420.0,121.1875,-11.0,108.8125,10.0,-4.0,0.0,0x683f
1675371304.697205,9606.0,4574.0,1164.0,263.5625,-6.8125,-77.375,-14.0,-3.0,14.0,0x684a
1675371304.8221812,8919.0,4545.0,547.0,120.6875,-10.9375,108.8125,4.0,-2.0,-7.0,0x683f
1675371304.932506,9574.0,4656.0,1150.0,263.9375,-7.0625,-77.6875,-12.0,-12.0,-14.0,0x684a
1675371305.057448,8985.0,4644.0,714.0,120.3125,-10.9375,108.8125,-3.0,6.0,0.0,0x683f
1675371305.166507,9580.0,4776.0,1046.0,264.0625,-7.125,-77.8125,-2.0,-9.0,5.0,0x684a
1675371305.273304,8988.0,4653.0,705.0,120.6875,-10.9375,108.9375,7.0,7.0,-12.0,0x683f
1675371305.383564,9591.0,4755.0,1062.0,264.0625,-7.125,-78.1875,-3.0,-10.0,-11.0,0x684a
1675371305.4929368,8906.0,4590.0,604.0,120.5,-11.0,109.0,-1.0,2.0,-4.0,0x683f
1675371305.603316,9634.0,4669.0,1349.0,264.1875,-7.0625,-78.5,-9.0,-13.0,0.0,0x684a
1675371305.7114828,8870.0,4496.0,422.0,120.625,-11.0,108.875,0.0,3.0,-14.0,0x683f
1675371305.820689,9583.0,4862.0,1010.0,264.125,-7.125,-78.625,-6.0,-18.0,-4.0,0x684a
1675371305.928148,8891.0,4606.0,515.0,120.4375,-11.0,108.875,-3.0,2.0,-11.0,0x683f
1675371306.036834,9629.0,4646.0,1229.0,263.875,-6.9375,-78.8125,-10.0,-11.0,0.0,0x684a
1675371306.143968,8859.0,4466.0,385.0,120.375,-11.0,108.875,-2.0,3.0,-1.0,0x683f
1675371306.2538009,9613.0,4637.0,1263.0,264.5625,-6.9375,-78.8125,-6.0,-13.0,-3.0,0x684a
1675371306.3619049,9009.0,4630.0,621.0,120.1875,-10.875,108.8125,5.0,0.0,-1.0,0x683f
1675371306.4699378,9591.0,4661.0,1173.0,264.6875,-7.0,-79.0,-15.0,-11.0,-15.0,0x684a
1675371306.577452,8889.0,4548.0,469.0,120.3125,-10.6875,108.75,-3.0,3.0,-9.0,0x683f
1675371306.68609,9610.0,4635.0,1266.0,265.0,-6.9375,-78.875,-19.0,6.0,-14.0,0x684a
1675371306.793062,8952.0,4626.0,593.0,119.9375,-10.6875,108.5625,-7.0,-3.0,3.0,0x683f
1675371306.9019158,9684.0,4825.0,1272.0,266.0,-6.625,-77.6875,-14.0,-4.0,-22.0,0x684a
1675371307.008899,8874.0,4513.0,425.0,119.1875,-10.875,108.5,30.0,2.0,-3.0,0x683f
1675371307.119552,9623.0,4842.0,1028.0,267.5,-6.75,-76.8125,-12.0,-12.0,4.0,0x684a
1675371307.227813,8921.0,4578.0,523.0,119.25,-10.9375,108.5,0.0,0.0,-15.0,0x683f
1675371307.336737,9620.0,4799.0,968.0,267.8125,-6.625,-76.375,-5.0,-11.0,5.0,0x684a
1675371307.443525,8919.0,4480.0,425.0,119.125,-11.0625,108.5625,9.0,-1.0,-6.0,0x683f
1675371307.5519109,9660.0,4758.0,1133.0,268.1875,-6.625,-76.3125,-9.0,-16.0,4.0,0x684a
1675371307.663616,8849.0,4507.0,399.0,119.0,-11.0625,108.625,1.0,1.0,-13.0,0x683f
1675371307.7725198,9664.0,4858.0,1090.0,268.375,-6.6875,-76.125,-4.0,-15.0,-5.0,0x684a
1675371307.879478,8948.0,4597.0,611.0,118.9375,-11.0625,108.625,-6.0,2.0,5.0,0x683f
1675371307.9911711,9688.0,4797.0,1179.0,268.375,-6.75,-76.25,-14.0,-13.0,-6.0,0x684a
1675371308.102276,8992.0,4687.0,729.0,119.0,-11.0,108.625,5.0,2.0,-8.0,0x683f
1675371308.212864,9732.0,4643.0,1431.0,268.25,-6.75,-76.3125,-13.0,-11.0,-4.0,0x684a
1675371308.323366,8986.0,4701.0,649.0,118.9375,-11.0625,108.6875,2.0,0.0,-5.0,0x683f
1675371308.432437,9655.0,4782.0,1162.0,268.25,-6.75,-76.4375,-16.0,-7.0,12.0,0x684a
1675371308.543138,8976.0,4650.0,713.0,117.9375,-11.125,108.75,5.0,-6.0,1.0,0x683f
1675371308.652139,9621.0,4791.0,1171.0,268.3125,-6.625,-76.625,-8.0,-15.0,-9.0,0x684a
1675371308.759011,8995.0,4668.0,681.0,118.125,-11.25,108.6875,2.0,8.0,-4.0,0x683f
1675371308.8682141,9666.0,4800.0,1186.0,268.4375,-6.625,-76.75,-8.0,-13.0,2.0,0x684a
1675371308.974556,9010.0,4649.0,699.0,117.625,-11.3125,108.75,-8.0,1.0,-7.0,0x683f
1675371309.082701,9686.0,4664.0,1335.0,268.25,-6.5,-76.8125,-5.0,-13.0,0.0,0x684a
1675371309.193387,9024.0,4659.0,643.0,117.5,-11.25,108.75,8.0,4.0,-11.0,0x683f
1675371309.301124,9675.0,4761.0,1180.0,268.25,-6.375,-76.5625,-7.0,-12.0,0.0,0x684a
1675371309.4083,9001.0,4624.0,661.0,117.6875,-11.25,108.6875,-3.0,4.0,-9.0,0x683f
1675371309.5172632,9696.0,4660.0,1312.0,268.0,-6.4375,-76.375,-12.0,-12.0,2.0,0x684a
1675371309.6251972,8979.0,4672.0,745.0,117.3125,-11.3125,108.5625,10.0,8.0,-5.0,0x683f
1675371309.732716,9674.0,4606.0,1236.0,268.0,-6.375,-75.9375,-11.0,-15.0,-3.0,0x684a
1675371309.841488,8960.0,4643.0,761.0,117.0625,-11.375,108.5625,5.0,3.0,-7.0,0x683f
1675371309.951742,9682.0,4595.0,1247.0,268.25,-6.375,-75.3125,-5.0,-10.0,8.0,0x684a
1675371310.059316,8999.0,4671.0,714.0,116.9375,-11.4375,108.5,11.0,-11.0,-19.0,0x683f
1675371310.17042,9698.0,4750.0,1174.0,268.375,-6.875,-75.5,-16.0,-9.0,-33.0,0x684a
1675371310.2784572,8896.0,4564.0,529.0,118.4375,-11.125,108.25,43.0,-4.0,-10.0,0x683f
1675371310.3904278,9974.0,4413.0,1144.0,270.3125,-7.0625,-76.6875,-8.0,-38.0,-59.0,0x684a
1675371310.497408,8874.0,4819.0,722.0,121.75,-11.9375,105.8125,166.0,-56.0,9.0,0x683f
1675371310.6063402,9742.0,4351.0,752.0,275.625,-4.4375,-82.6875,-77.0,15.0,-29.0,0x684a
1675371310.715151,8597.0,4657.0,559.0,137.125,-10.75,101.4375,-63.0,25.0,-95.0,0x683f
1675371310.824447,9653.0,4558.0,716.0,294.3125,-5.8125,-83.375,-80.0,47.0,-117.0,0x684a
1675371310.932312,8380.0,4929.0,374.0,157.125,-10.875,95.5625,-54.0,17.0,-13.0,0x683f
1675371311.040097,9551.0,4039.0,582.0,321.5,-7.875,-77.375,-120.0,-13.0,-171.0,0x684a
1675371311.149367,8450.0,4883.0,747.0,159.6875,-22.3125,84.3125,51.0,-1.0,37.0,0x683f
1675371311.257337,8546.0,4674.0,809.0,345.6875,-4.875,-74.4375,-140.0,-60.0,-138.0,0x684a
1675371311.3662012,8222.0,5143.0,781.0,177.125,-34.0,94.8125,29.0,-188.0,-116.0,0x683f
1675371311.474432,8451.0,5049.0,1282.0,12.3125,-5.3125,-76.125,148.0,48.0,120.0,0x684a
1675371311.584749,8304.0,5189.0,725.0,214.875,-34.0625,127.125,-242.0,363.0,9.0,0x683f
1675371311.692866,8060.0,5057.0,880.0,40.4375,-9.6875,-78.1875,116.0,-4.0,89.0,0x684a
1675371311.803134,7984.0,5297.0,874.0,189.1875,-45.0,147.8125,217.0,-353.0,273.0,0x683f
1675371311.910382,7629.0,5108.0,477.0,59.6875,-11.375,-81.0625,-157.0,380.0,45.0,0x684a
1675371312.0195892,7548.0,5550.0,518.0,218.1875,-48.1875,86.375,632.0,-219.0,-160.0,0x683f
1675371312.129142,7428.0,4873.0,739.0,76.1875,-15.375,-73.5625,186.0,-21.0,-90.0,0x684a
1675371312.236727,7736.0,5524.0,729.0,281.5,-14.4375,71.9375,61.0,-92.0,-640.0,0x683f
1675371312.344022,7019.0,5498.0,220.0,70.75,-1.375,-76.875,-226.0,37.0,83.0,0x684a
1675371312.453604,7639.0,5367.0,732.0,322.4375,-9.875,78.8125,-885.0,86.0,-550.0,0x683f
1675371312.561145,6663.0,5410.0,336.0,62.25,2.375,-77.4375,154.0,82.0,-186.0,0x684a
1675371312.6701162,6857.0,5918.0,503.0,279.75,-3.9375,97.0625,-54.0,-552.0,-123.0,0x683f
1675371312.77858,6688.0,5143.0,668.0,63.25,-8.125,-74.5,127.0,-234.0,-12.0,0x684a
1675371312.899905,6667.0,5449.0,875.0,222.875,-40.625,78.1875,626.0,-311.0,-320.0,0x683f
1675371313.009603,6648.0,5496.0,838.0,62.625,-9.5625,-76.6875,108.0,201.0,6.0,0x684a
1675371313.118968,6535.0,5393.0,743.0,216.125,-63.625,86.3125,286.0,-287.0,3.0,0x683f
1675371313.228502,6152.0,5579.0,872.0,64.3125,-7.875,-71.5,12.0,-97.0,-152.0,0x684a
1675371313.335841,6639.0,5437.0,910.0,284.8125,-23.75,92.5,-246.0,-72.0,-507.0,0x683f
1675371313.44342,6089.0,5437.0,855.0,61.3125,3.9375,-77.8125,-171.0,-6.0,117.0,0x684a
1675371313.55197,6600.0,5550.0,712.0,328.625,-15.5,89.3125,-609.0,116.0,-443.0,0x683f
1675371313.65965,5850.0,5563.0,903.0,62.625,4.0,-75.5625,-84.0,-91.0,-131.0,0x684a
1675371313.768481,5992.0,5625.0,979.0,291.3125,-33.5,101.1875,25.0,-586.0,-14.0,0x683f
1675371313.875848,5621.0,5731.0,1126.0,80.0625,-4.5625,-73.375,-38.0,-126.0,-68.0,0x684a
1675371313.984725,5703.0,5647.0,1143.0,224.9375,-67.25,86.0625,453.0,-309.0,223.0,0x683f
1675371314.0929909,5408.0,5818.0,1092.0,96.875,-9.5,-75.875,-7.0,177.0,-24.0,0x684a
1675371314.200307,5680.0,5721.0,1064.0,217.375,-32.25,-169.25,-340.0,-104.0,-534.0,0x683f
1675371314.308522,5531.0,5493.0,1363.0,109.1875,-13.375,-70.4375,95.0,5.0,-171.0,0x684a
1675371314.4168499,5561.0,6020.0,1044.0,233.1875,-80.875,156.75,487.0,71.0,-811.0,0x683f
1675371314.5264351,5431.0,5836.0,1160.0,102.9375,1.9375,-74.75,-130.0,-101.0,-88.0,0x684a
1675371314.635977,5390.0,6256.0,928.0,236.625,-8.8125,6.4375,112.0,-233.0,284.0,0x683f
1675371314.744697,5029.0,5962.0,1211.0,101.125,-0.6875,-75.0625,68.0,-7.0,-109.0,0x684a
1675371314.85445,5032.0,6569.0,693.0,247.4375,-67.5,138.875,211.0,43.0,-1260.0,0x683f
1675371314.962098,4646.0,6543.0,1008.0,102.625,-5.9375,-78.125,115.0,-106.0,-108.0,0x684a
1675371315.0743308,5287.0,6293.0,1149.0,242.6875,-15.875,-179.25,-269.0,-347.0,-140.0,0x683f
1675371315.184972,4994.0,6083.0,1309.0,102.4375,-2.6875,-79.0625,-47.0,100.0,-113.0,0x684a
1675371315.326498,5090.0,6516.0,747.0,244.3125,-22.625,-10.875,253.0,-74.0,131.0,0x683f
1675371315.43814,4899.0,6135.0,1273.0,96.25,3.25,-84.5625,-124.0,9.0,-134.0,0x684a
1675371315.547112,5000.0,6654.0,766.0,251.875,-23.75,9.9375,37.0,117.0,-130.0,0x683f
1675371315.6590002,4928.0,6193.0,1327.0,95.625,2.375,-84.0,-27.0,10.0,-126.0,0x684a
1675371315.7694888,4912.0,6677.0,693.0,271.0625,-30.25,24.625,-146.0,-426.0,-79.0,0x683f
1675371315.878599,4811.0,6286.0,1240.0,101.1875,2.4375,-83.25,14.0,75.0,-199.0,0x684a
1675371315.9866052,5010.0,6668.0,726.0,268.5,-27.375,21.875,-12.0,-144.0,25.0,0x683f
1675371316.097861,4894.0,6349.0,1272.0,122.25,-1.1875,-83.125,5.0,13.0,-49.0,0x684a
1675371316.206794,5018.0,6637.0,600.0,274.4375,-26.25,21.25,-61.0,-118.0,-87.0,0x683f
1675371316.3153322,4883.0,6339.0,1273.0,117.4375,2.0625,-86.0625,-16.0,-4.0,-20.0,0x684a
1675371316.426924,5031.0,6657.0,661.0,266.3125,-28.5,23.125,32.0,-148.0,50.0,0x683f
1675371316.541774,4904.0,6353.0,1187.0,116.625,2.5,-86.6875,-17.0,-5.0,2.0,0x684a
1675371316.650371,5042.0,6642.0,591.0,273.375,-25.75,20.3125,43.0,-29.0,-11.0,0x683f
1675371316.780556,4908.0,6375.0,1121.0,119.75,1.1875,-86.0625,-10.0,-9.0,-47.0,0x684a
1675371316.889664,5020.0,6695.0,633.0,273.75,-27.1875,21.875,103.0,-100.0,-33.0,0x683f
1675371316.998602,4928.0,6338.0,1116.0,117.4375,2.375,-87.1875,-4.0,-10.0,-5.0,0x684a
1675371317.108449,5097.0,6693.0,843.0,282.5625,-27.0625,20.9375,4.0,-11.0,33.0,0x683f
1675371317.21639,4905.0,6347.0,1143.0,119.125,1.8125,-86.8125,-12.0,-4.0,-17.0,0x684a
1675371317.326941,5108.0,6745.0,1069.0,283.4375,-26.875,21.25,23.0,-69.0,-1.0,0x683f
1675371317.4364958,4879.0,6336.0,1129.0,119.125,1.9375,-86.875,-15.0,-9.0,1.0,0x684a
1675371317.545345,5137.0,6761.0,1043.0,287.0,-26.9375,21.5625,29.0,-20.0,6.0,0x683f
1675371317.6539562,4915.0,6309.0,1169.0,118.375,2.125,-86.9375,-23.0,0.0,-4.0,0x684a
